ISO-10303-21;
HEADER;
FILE_DESCRIPTION(('Open CASCADE Model'),'2;1');
FILE_NAME('Open CASCADE Shape Model','2026-10-10T12:45:57',('Author'),(
    'Open CASCADE'),'Open CASCADE STEP processor 7.9','Open CASCADE 7.9'
  ,'Unknown');
FILE_SCHEMA(('AUTOMOTIVE_DESIGN { 1 0 10303 214 1 1 1 1 }'));
ENDSEC;
DATA;
#1 = APPLICATION_PROTOCOL_DEFINITION('international standard',
  'automotive_design',2000,#2);
#2 = APPLICATION_CONTEXT(
  'core data for automotive mechanical design processes');
#3 = SHAPE_DEFINITION_REPRESENTATION(#4,#10);
#4 = PRODUCT_DEFINITION_SHAPE('','',#5);
#5 = PRODUCT_DEFINITION('design','',#6,#9);
#6 = PRODUCT_DEFINITION_FORMATION('','',#7);
#7 = PRODUCT('FLOWER stick prototype, fixed (on the mentor''s robot)',
  'FLOWER stick prototype, fixed (on the mentor''s robot)','',(#8));
#8 = PRODUCT_CONTEXT('',#2,'mechanical');
#9 = PRODUCT_DEFINITION_CONTEXT('part definition',#2,'design');
#10 = SHAPE_REPRESENTATION('',(#11,#15,#19,#23,#27,#31,#35,#39,#43,#47,
    #51,#55,#59),#63);
#11 = AXIS2_PLACEMENT_3D('',#12,#13,#14);
#12 = CARTESIAN_POINT('',(0.,0.,0.));
#13 = DIRECTION('',(0.,0.,1.));
#14 = DIRECTION('',(1.,0.,-0.));
#15 = AXIS2_PLACEMENT_3D('',#16,#17,#18);
#16 = CARTESIAN_POINT('',(0.,0.,0.));
#17 = DIRECTION('',(0.,0.,1.));
#18 = DIRECTION('',(1.,0.,-0.));
#19 = AXIS2_PLACEMENT_3D('',#20,#21,#22);
#20 = CARTESIAN_POINT('',(0.,0.,0.));
#21 = DIRECTION('',(0.,0.,1.));
#22 = DIRECTION('',(1.,0.,-0.));
#23 = AXIS2_PLACEMENT_3D('',#24,#25,#26);
#24 = CARTESIAN_POINT('',(0.,0.,0.));
#25 = DIRECTION('',(0.,0.,1.));
#26 = DIRECTION('',(1.,0.,-0.));
#27 = AXIS2_PLACEMENT_3D('',#28,#29,#30);
#28 = CARTESIAN_POINT('',(0.,0.,0.));
#29 = DIRECTION('',(0.,0.,1.));
#30 = DIRECTION('',(1.,0.,-0.));
#31 = AXIS2_PLACEMENT_3D('',#32,#33,#34);
#32 = CARTESIAN_POINT('',(0.,0.,0.));
#33 = DIRECTION('',(0.,0.,1.));
#34 = DIRECTION('',(1.,0.,-0.));
#35 = AXIS2_PLACEMENT_3D('',#36,#37,#38);
#36 = CARTESIAN_POINT('',(0.,0.,0.));
#37 = DIRECTION('',(0.,0.,1.));
#38 = DIRECTION('',(1.,0.,-0.));
#39 = AXIS2_PLACEMENT_3D('',#40,#41,#42);
#40 = CARTESIAN_POINT('',(0.,0.,0.));
#41 = DIRECTION('',(0.,0.,1.));
#42 = DIRECTION('',(1.,0.,-0.));
#43 = AXIS2_PLACEMENT_3D('',#44,#45,#46);
#44 = CARTESIAN_POINT('',(0.,0.,0.));
#45 = DIRECTION('',(0.,0.,1.));
#46 = DIRECTION('',(1.,0.,-0.));
#47 = AXIS2_PLACEMENT_3D('',#48,#49,#50);
#48 = CARTESIAN_POINT('',(0.,0.,0.));
#49 = DIRECTION('',(0.,0.,1.));
#50 = DIRECTION('',(1.,0.,-0.));
#51 = AXIS2_PLACEMENT_3D('',#52,#53,#54);
#52 = CARTESIAN_POINT('',(0.,0.,0.));
#53 = DIRECTION('',(0.,0.,1.));
#54 = DIRECTION('',(1.,0.,-0.));
#55 = AXIS2_PLACEMENT_3D('',#56,#57,#58);
#56 = CARTESIAN_POINT('',(0.,0.,0.));
#57 = DIRECTION('',(0.,0.,1.));
#58 = DIRECTION('',(1.,0.,-0.));
#59 = AXIS2_PLACEMENT_3D('',#60,#61,#62);
#60 = CARTESIAN_POINT('',(0.,0.,0.));
#61 = DIRECTION('',(0.,0.,1.));
#62 = DIRECTION('',(1.,0.,-0.));
#63 = ( GEOMETRIC_REPRESENTATION_CONTEXT(3) 
GLOBAL_UNCERTAINTY_ASSIGNED_CONTEXT((#67)) GLOBAL_UNIT_ASSIGNED_CONTEXT(
(#64,#65,#66)) REPRESENTATION_CONTEXT('Context #1',
  '3D Context with UNIT and UNCERTAINTY') );
#64 = ( LENGTH_UNIT() NAMED_UNIT(*) SI_UNIT(.MILLI.,.METRE.) );
#65 = ( NAMED_UNIT(*) PLANE_ANGLE_UNIT() SI_UNIT($,.RADIAN.) );
#66 = ( NAMED_UNIT(*) SI_UNIT($,.STERADIAN.) SOLID_ANGLE_UNIT() );
#67 = UNCERTAINTY_MEASURE_WITH_UNIT(LENGTH_MEASURE(2.E-06),#64,
  'distance_accuracy_value','confusion accuracy');
#68 = PRODUCT_RELATED_PRODUCT_CATEGORY('part',$,(#7));
#69 = SHAPE_DEFINITION_REPRESENTATION(#70,#76);
#70 = PRODUCT_DEFINITION_SHAPE('','',#71);
#71 = PRODUCT_DEFINITION('design','',#72,#75);
#72 = PRODUCT_DEFINITION_FORMATION('','',#73);
#73 = PRODUCT('plate_A_L','plate_A_L','',(#74));
#74 = PRODUCT_CONTEXT('',#2,'mechanical');
#75 = PRODUCT_DEFINITION_CONTEXT('part definition',#2,'design');
#76 = ADVANCED_BREP_SHAPE_REPRESENTATION('',(#11,#77),#371);
#77 = MANIFOLD_SOLID_BREP('',#78);
#78 = CLOSED_SHELL('',(#79,#187,#275,#316,#357,#364));
#79 = ADVANCED_FACE('',(#80),#93,.F.);
#80 = FACE_BOUND('',#81,.F.);
#81 = EDGE_LOOP('',(#82,#114,#139,#164));
#82 = ORIENTED_EDGE('',*,*,#83,.F.);
#83 = EDGE_CURVE('',#84,#86,#88,.T.);
#84 = VERTEX_POINT('',#85);
#85 = CARTESIAN_POINT('',(76.254,-115.358,128.558));
#86 = VERTEX_POINT('',#87);
#87 = CARTESIAN_POINT('',(76.254,-59.358,128.558));
#88 = SURFACE_CURVE('',#89,(#92,#103),.PCURVE_S1.);
#89 = B_SPLINE_CURVE_WITH_KNOTS('',1,(#90,#91),.UNSPECIFIED.,.F.,.F.,(2,
    2),(0.,2.204724409449),.PIECEWISE_BEZIER_KNOTS.);
#90 = CARTESIAN_POINT('',(76.254,-115.358,128.558));
#91 = CARTESIAN_POINT('',(76.254,-59.358,128.558));
#92 = PCURVE('',#93,#98);
#93 = B_SPLINE_SURFACE_WITH_KNOTS('',1,1,(
    (#94,#95)
    ,(#96,#97
    )),.UNSPECIFIED.,.F.,.F.,.F.,(2,2),(2,2),(0.,2.204724409449),(
    -9.842519685039E-02,0.),.PIECEWISE_BEZIER_KNOTS.);
#94 = CARTESIAN_POINT('',(78.754,-115.358,128.558));
#95 = CARTESIAN_POINT('',(76.254,-115.358,128.558));
#96 = CARTESIAN_POINT('',(78.754,-59.358,128.558));
#97 = CARTESIAN_POINT('',(76.254,-59.358,128.558));
#98 = DEFINITIONAL_REPRESENTATION('',(#99),#102);
#99 = B_SPLINE_CURVE_WITH_KNOTS('',1,(#100,#101),.UNSPECIFIED.,.F.,.F.,(
    2,2),(0.,2.204724409449),.PIECEWISE_BEZIER_KNOTS.);
#100 = CARTESIAN_POINT('',(0.,0.));
#101 = CARTESIAN_POINT('',(2.204724409449,0.));
#102 = ( GEOMETRIC_REPRESENTATION_CONTEXT(2) 
PARAMETRIC_REPRESENTATION_CONTEXT() REPRESENTATION_CONTEXT('2D SPACE',''
  ) );
#103 = PCURVE('',#104,#109);
#104 = B_SPLINE_SURFACE_WITH_KNOTS('',1,1,(
    (#105,#106)
    ,(#107,#108
    )),.UNSPECIFIED.,.F.,.F.,.F.,(2,2),(2,2),(0.,2.204724409449),(0.,
    2.204724409449),.PIECEWISE_BEZIER_KNOTS.);
#105 = CARTESIAN_POINT('',(76.254,-115.358,128.558));
#106 = CARTESIAN_POINT('',(76.254,-115.358,184.558));
#107 = CARTESIAN_POINT('',(76.254,-59.358,128.558));
#108 = CARTESIAN_POINT('',(76.254,-59.358,184.558));
#109 = DEFINITIONAL_REPRESENTATION('',(#110),#113);
#110 = B_SPLINE_CURVE_WITH_KNOTS('',1,(#111,#112),.UNSPECIFIED.,.F.,.F.,
  (2,2),(0.,2.204724409449),.PIECEWISE_BEZIER_KNOTS.);
#111 = CARTESIAN_POINT('',(0.,0.));
#112 = CARTESIAN_POINT('',(2.204724409449,0.));
#113 = ( GEOMETRIC_REPRESENTATION_CONTEXT(2) 
PARAMETRIC_REPRESENTATION_CONTEXT() REPRESENTATION_CONTEXT('2D SPACE',''
  ) );
#114 = ORIENTED_EDGE('',*,*,#115,.T.);
#115 = EDGE_CURVE('',#84,#116,#118,.T.);
#116 = VERTEX_POINT('',#117);
#117 = CARTESIAN_POINT('',(78.754,-115.358,128.558));
#118 = SURFACE_CURVE('',#119,(#122,#128),.PCURVE_S1.);
#119 = B_SPLINE_CURVE_WITH_KNOTS('',1,(#120,#121),.UNSPECIFIED.,.F.,.F.,
  (2,2),(0.,9.842519685039E-02),.PIECEWISE_BEZIER_KNOTS.);
#120 = CARTESIAN_POINT('',(76.254,-115.358,128.558));
#121 = CARTESIAN_POINT('',(78.754,-115.358,128.558));
#122 = PCURVE('',#93,#123);
#123 = DEFINITIONAL_REPRESENTATION('',(#124),#127);
#124 = B_SPLINE_CURVE_WITH_KNOTS('',1,(#125,#126),.UNSPECIFIED.,.F.,.F.,
  (2,2),(0.,9.842519685039E-02),.PIECEWISE_BEZIER_KNOTS.);
#125 = CARTESIAN_POINT('',(0.,0.));
#126 = CARTESIAN_POINT('',(0.,-9.842519685039E-02));
#127 = ( GEOMETRIC_REPRESENTATION_CONTEXT(2) 
PARAMETRIC_REPRESENTATION_CONTEXT() REPRESENTATION_CONTEXT('2D SPACE',''
  ) );
#128 = PCURVE('',#129,#134);
#129 = B_SPLINE_SURFACE_WITH_KNOTS('',1,1,(
    (#130,#131)
    ,(#132,#133
    )),.UNSPECIFIED.,.F.,.F.,.F.,(2,2),(2,2),(0.,2.204724409449),(0.,
    9.842519685039E-02),.PIECEWISE_BEZIER_KNOTS.);
#130 = CARTESIAN_POINT('',(76.254,-115.358,128.558));
#131 = CARTESIAN_POINT('',(78.754,-115.358,128.558));
#132 = CARTESIAN_POINT('',(76.254,-115.358,184.558));
#133 = CARTESIAN_POINT('',(78.754,-115.358,184.558));
#134 = DEFINITIONAL_REPRESENTATION('',(#135),#138);
#135 = B_SPLINE_CURVE_WITH_KNOTS('',1,(#136,#137),.UNSPECIFIED.,.F.,.F.,
  (2,2),(0.,9.842519685039E-02),.PIECEWISE_BEZIER_KNOTS.);
#136 = CARTESIAN_POINT('',(0.,0.));
#137 = CARTESIAN_POINT('',(0.,9.842519685039E-02));
#138 = ( GEOMETRIC_REPRESENTATION_CONTEXT(2) 
PARAMETRIC_REPRESENTATION_CONTEXT() REPRESENTATION_CONTEXT('2D SPACE',''
  ) );
#139 = ORIENTED_EDGE('',*,*,#140,.T.);
#140 = EDGE_CURVE('',#116,#141,#143,.T.);
#141 = VERTEX_POINT('',#142);
#142 = CARTESIAN_POINT('',(78.754,-59.358,128.558));
#143 = SURFACE_CURVE('',#144,(#147,#153),.PCURVE_S1.);
#144 = B_SPLINE_CURVE_WITH_KNOTS('',1,(#145,#146),.UNSPECIFIED.,.F.,.F.,
  (2,2),(0.,2.204724409449),.PIECEWISE_BEZIER_KNOTS.);
#145 = CARTESIAN_POINT('',(78.754,-115.358,128.558));
#146 = CARTESIAN_POINT('',(78.754,-59.358,128.558));
#147 = PCURVE('',#93,#148);
#148 = DEFINITIONAL_REPRESENTATION('',(#149),#152);
#149 = B_SPLINE_CURVE_WITH_KNOTS('',1,(#150,#151),.UNSPECIFIED.,.F.,.F.,
  (2,2),(0.,2.204724409449),.PIECEWISE_BEZIER_KNOTS.);
#150 = CARTESIAN_POINT('',(0.,-9.842519685039E-02));
#151 = CARTESIAN_POINT('',(2.204724409449,-9.842519685039E-02));
#152 = ( GEOMETRIC_REPRESENTATION_CONTEXT(2) 
PARAMETRIC_REPRESENTATION_CONTEXT() REPRESENTATION_CONTEXT('2D SPACE',''
  ) );
#153 = PCURVE('',#154,#159);
#154 = B_SPLINE_SURFACE_WITH_KNOTS('',1,1,(
    (#155,#156)
    ,(#157,#158
    )),.UNSPECIFIED.,.F.,.F.,.F.,(2,2),(2,2),(0.,2.204724409449),(0.,
    2.204724409449),.PIECEWISE_BEZIER_KNOTS.);
#155 = CARTESIAN_POINT('',(78.754,-115.358,128.558));
#156 = CARTESIAN_POINT('',(78.754,-115.358,184.558));
#157 = CARTESIAN_POINT('',(78.754,-59.358,128.558));
#158 = CARTESIAN_POINT('',(78.754,-59.358,184.558));
#159 = DEFINITIONAL_REPRESENTATION('',(#160),#163);
#160 = B_SPLINE_CURVE_WITH_KNOTS('',1,(#161,#162),.UNSPECIFIED.,.F.,.F.,
  (2,2),(0.,2.204724409449),.PIECEWISE_BEZIER_KNOTS.);
#161 = CARTESIAN_POINT('',(0.,0.));
#162 = CARTESIAN_POINT('',(2.204724409449,0.));
#163 = ( GEOMETRIC_REPRESENTATION_CONTEXT(2) 
PARAMETRIC_REPRESENTATION_CONTEXT() REPRESENTATION_CONTEXT('2D SPACE',''
  ) );
#164 = ORIENTED_EDGE('',*,*,#165,.F.);
#165 = EDGE_CURVE('',#86,#141,#166,.T.);
#166 = SURFACE_CURVE('',#167,(#170,#176),.PCURVE_S1.);
#167 = B_SPLINE_CURVE_WITH_KNOTS('',1,(#168,#169),.UNSPECIFIED.,.F.,.F.,
  (2,2),(0.,9.842519685039E-02),.PIECEWISE_BEZIER_KNOTS.);
#168 = CARTESIAN_POINT('',(76.254,-59.358,128.558));
#169 = CARTESIAN_POINT('',(78.754,-59.358,128.558));
#170 = PCURVE('',#93,#171);
#171 = DEFINITIONAL_REPRESENTATION('',(#172),#175);
#172 = B_SPLINE_CURVE_WITH_KNOTS('',1,(#173,#174),.UNSPECIFIED.,.F.,.F.,
  (2,2),(0.,9.842519685039E-02),.PIECEWISE_BEZIER_KNOTS.);
#173 = CARTESIAN_POINT('',(2.204724409449,0.));
#174 = CARTESIAN_POINT('',(2.204724409449,-9.842519685039E-02));
#175 = ( GEOMETRIC_REPRESENTATION_CONTEXT(2) 
PARAMETRIC_REPRESENTATION_CONTEXT() REPRESENTATION_CONTEXT('2D SPACE',''
  ) );
#176 = PCURVE('',#177,#182);
#177 = B_SPLINE_SURFACE_WITH_KNOTS('',1,1,(
    (#178,#179)
    ,(#180,#181
    )),.UNSPECIFIED.,.F.,.F.,.F.,(2,2),(2,2),(0.,2.204724409449),(0.,
    9.842519685039E-02),.PIECEWISE_BEZIER_KNOTS.);
#178 = CARTESIAN_POINT('',(76.254,-59.358,128.558));
#179 = CARTESIAN_POINT('',(78.754,-59.358,128.558));
#180 = CARTESIAN_POINT('',(76.254,-59.358,184.558));
#181 = CARTESIAN_POINT('',(78.754,-59.358,184.558));
#182 = DEFINITIONAL_REPRESENTATION('',(#183),#186);
#183 = B_SPLINE_CURVE_WITH_KNOTS('',1,(#184,#185),.UNSPECIFIED.,.F.,.F.,
  (2,2),(0.,9.842519685039E-02),.PIECEWISE_BEZIER_KNOTS.);
#184 = CARTESIAN_POINT('',(0.,0.));
#185 = CARTESIAN_POINT('',(0.,9.842519685039E-02));
#186 = ( GEOMETRIC_REPRESENTATION_CONTEXT(2) 
PARAMETRIC_REPRESENTATION_CONTEXT() REPRESENTATION_CONTEXT('2D SPACE',''
  ) );
#187 = ADVANCED_FACE('',(#188),#201,.T.);
#188 = FACE_BOUND('',#189,.T.);
#189 = EDGE_LOOP('',(#190,#217,#237,#257));
#190 = ORIENTED_EDGE('',*,*,#191,.F.);
#191 = EDGE_CURVE('',#192,#194,#196,.T.);
#192 = VERTEX_POINT('',#193);
#193 = CARTESIAN_POINT('',(76.254,-115.358,184.558));
#194 = VERTEX_POINT('',#195);
#195 = CARTESIAN_POINT('',(76.254,-59.358,184.558));
#196 = SURFACE_CURVE('',#197,(#200,#211),.PCURVE_S1.);
#197 = B_SPLINE_CURVE_WITH_KNOTS('',1,(#198,#199),.UNSPECIFIED.,.F.,.F.,
  (2,2),(0.,2.204724409449),.PIECEWISE_BEZIER_KNOTS.);
#198 = CARTESIAN_POINT('',(76.254,-115.358,184.558));
#199 = CARTESIAN_POINT('',(76.254,-59.358,184.558));
#200 = PCURVE('',#201,#206);
#201 = B_SPLINE_SURFACE_WITH_KNOTS('',1,1,(
    (#202,#203)
    ,(#204,#205
    )),.UNSPECIFIED.,.F.,.F.,.F.,(2,2),(2,2),(0.,2.204724409449),(
    -9.842519685039E-02,0.),.PIECEWISE_BEZIER_KNOTS.);
#202 = CARTESIAN_POINT('',(78.754,-115.358,184.558));
#203 = CARTESIAN_POINT('',(76.254,-115.358,184.558));
#204 = CARTESIAN_POINT('',(78.754,-59.358,184.558));
#205 = CARTESIAN_POINT('',(76.254,-59.358,184.558));
#206 = DEFINITIONAL_REPRESENTATION('',(#207),#210);
#207 = B_SPLINE_CURVE_WITH_KNOTS('',1,(#208,#209),.UNSPECIFIED.,.F.,.F.,
  (2,2),(0.,2.204724409449),.PIECEWISE_BEZIER_KNOTS.);
#208 = CARTESIAN_POINT('',(0.,0.));
#209 = CARTESIAN_POINT('',(2.204724409449,0.));
#210 = ( GEOMETRIC_REPRESENTATION_CONTEXT(2) 
PARAMETRIC_REPRESENTATION_CONTEXT() REPRESENTATION_CONTEXT('2D SPACE',''
  ) );
#211 = PCURVE('',#104,#212);
#212 = DEFINITIONAL_REPRESENTATION('',(#213),#216);
#213 = B_SPLINE_CURVE_WITH_KNOTS('',1,(#214,#215),.UNSPECIFIED.,.F.,.F.,
  (2,2),(0.,2.204724409449),.PIECEWISE_BEZIER_KNOTS.);
#214 = CARTESIAN_POINT('',(0.,2.204724409449));
#215 = CARTESIAN_POINT('',(2.204724409449,2.204724409449));
#216 = ( GEOMETRIC_REPRESENTATION_CONTEXT(2) 
PARAMETRIC_REPRESENTATION_CONTEXT() REPRESENTATION_CONTEXT('2D SPACE',''
  ) );
#217 = ORIENTED_EDGE('',*,*,#218,.T.);
#218 = EDGE_CURVE('',#192,#219,#221,.T.);
#219 = VERTEX_POINT('',#220);
#220 = CARTESIAN_POINT('',(78.754,-115.358,184.558));
#221 = SURFACE_CURVE('',#222,(#225,#231),.PCURVE_S1.);
#222 = B_SPLINE_CURVE_WITH_KNOTS('',1,(#223,#224),.UNSPECIFIED.,.F.,.F.,
  (2,2),(0.,9.842519685039E-02),.PIECEWISE_BEZIER_KNOTS.);
#223 = CARTESIAN_POINT('',(76.254,-115.358,184.558));
#224 = CARTESIAN_POINT('',(78.754,-115.358,184.558));
#225 = PCURVE('',#201,#226);
#226 = DEFINITIONAL_REPRESENTATION('',(#227),#230);
#227 = B_SPLINE_CURVE_WITH_KNOTS('',1,(#228,#229),.UNSPECIFIED.,.F.,.F.,
  (2,2),(0.,9.842519685039E-02),.PIECEWISE_BEZIER_KNOTS.);
#228 = CARTESIAN_POINT('',(0.,0.));
#229 = CARTESIAN_POINT('',(0.,-9.842519685039E-02));
#230 = ( GEOMETRIC_REPRESENTATION_CONTEXT(2) 
PARAMETRIC_REPRESENTATION_CONTEXT() REPRESENTATION_CONTEXT('2D SPACE',''
  ) );
#231 = PCURVE('',#129,#232);
#232 = DEFINITIONAL_REPRESENTATION('',(#233),#236);
#233 = B_SPLINE_CURVE_WITH_KNOTS('',1,(#234,#235),.UNSPECIFIED.,.F.,.F.,
  (2,2),(0.,9.842519685039E-02),.PIECEWISE_BEZIER_KNOTS.);
#234 = CARTESIAN_POINT('',(2.204724409449,0.));
#235 = CARTESIAN_POINT('',(2.204724409449,9.842519685039E-02));
#236 = ( GEOMETRIC_REPRESENTATION_CONTEXT(2) 
PARAMETRIC_REPRESENTATION_CONTEXT() REPRESENTATION_CONTEXT('2D SPACE',''
  ) );
#237 = ORIENTED_EDGE('',*,*,#238,.T.);
#238 = EDGE_CURVE('',#219,#239,#241,.T.);
#239 = VERTEX_POINT('',#240);
#240 = CARTESIAN_POINT('',(78.754,-59.358,184.558));
#241 = SURFACE_CURVE('',#242,(#245,#251),.PCURVE_S1.);
#242 = B_SPLINE_CURVE_WITH_KNOTS('',1,(#243,#244),.UNSPECIFIED.,.F.,.F.,
  (2,2),(0.,2.204724409449),.PIECEWISE_BEZIER_KNOTS.);
#243 = CARTESIAN_POINT('',(78.754,-115.358,184.558));
#244 = CARTESIAN_POINT('',(78.754,-59.358,184.558));
#245 = PCURVE('',#201,#246);
#246 = DEFINITIONAL_REPRESENTATION('',(#247),#250);
#247 = B_SPLINE_CURVE_WITH_KNOTS('',1,(#248,#249),.UNSPECIFIED.,.F.,.F.,
  (2,2),(0.,2.204724409449),.PIECEWISE_BEZIER_KNOTS.);
#248 = CARTESIAN_POINT('',(0.,-9.842519685039E-02));
#249 = CARTESIAN_POINT('',(2.204724409449,-9.842519685039E-02));
#250 = ( GEOMETRIC_REPRESENTATION_CONTEXT(2) 
PARAMETRIC_REPRESENTATION_CONTEXT() REPRESENTATION_CONTEXT('2D SPACE',''
  ) );
#251 = PCURVE('',#154,#252);
#252 = DEFINITIONAL_REPRESENTATION('',(#253),#256);
#253 = B_SPLINE_CURVE_WITH_KNOTS('',1,(#254,#255),.UNSPECIFIED.,.F.,.F.,
  (2,2),(0.,2.204724409449),.PIECEWISE_BEZIER_KNOTS.);
#254 = CARTESIAN_POINT('',(0.,2.204724409449));
#255 = CARTESIAN_POINT('',(2.204724409449,2.204724409449));
#256 = ( GEOMETRIC_REPRESENTATION_CONTEXT(2) 
PARAMETRIC_REPRESENTATION_CONTEXT() REPRESENTATION_CONTEXT('2D SPACE',''
  ) );
#257 = ORIENTED_EDGE('',*,*,#258,.F.);
#258 = EDGE_CURVE('',#194,#239,#259,.T.);
#259 = SURFACE_CURVE('',#260,(#263,#269),.PCURVE_S1.);
#260 = B_SPLINE_CURVE_WITH_KNOTS('',1,(#261,#262),.UNSPECIFIED.,.F.,.F.,
  (2,2),(0.,9.842519685039E-02),.PIECEWISE_BEZIER_KNOTS.);
#261 = CARTESIAN_POINT('',(76.254,-59.358,184.558));
#262 = CARTESIAN_POINT('',(78.754,-59.358,184.558));
#263 = PCURVE('',#201,#264);
#264 = DEFINITIONAL_REPRESENTATION('',(#265),#268);
#265 = B_SPLINE_CURVE_WITH_KNOTS('',1,(#266,#267),.UNSPECIFIED.,.F.,.F.,
  (2,2),(0.,9.842519685039E-02),.PIECEWISE_BEZIER_KNOTS.);
#266 = CARTESIAN_POINT('',(2.204724409449,0.));
#267 = CARTESIAN_POINT('',(2.204724409449,-9.842519685039E-02));
#268 = ( GEOMETRIC_REPRESENTATION_CONTEXT(2) 
PARAMETRIC_REPRESENTATION_CONTEXT() REPRESENTATION_CONTEXT('2D SPACE',''
  ) );
#269 = PCURVE('',#177,#270);
#270 = DEFINITIONAL_REPRESENTATION('',(#271),#274);
#271 = B_SPLINE_CURVE_WITH_KNOTS('',1,(#272,#273),.UNSPECIFIED.,.F.,.F.,
  (2,2),(0.,9.842519685039E-02),.PIECEWISE_BEZIER_KNOTS.);
#272 = CARTESIAN_POINT('',(2.204724409449,0.));
#273 = CARTESIAN_POINT('',(2.204724409449,9.842519685039E-02));
#274 = ( GEOMETRIC_REPRESENTATION_CONTEXT(2) 
PARAMETRIC_REPRESENTATION_CONTEXT() REPRESENTATION_CONTEXT('2D SPACE',''
  ) );
#275 = ADVANCED_FACE('',(#276),#104,.F.);
#276 = FACE_BOUND('',#277,.F.);
#277 = EDGE_LOOP('',(#278,#296,#297,#315));
#278 = ORIENTED_EDGE('',*,*,#279,.F.);
#279 = EDGE_CURVE('',#84,#192,#280,.T.);
#280 = SURFACE_CURVE('',#281,(#284,#290),.PCURVE_S1.);
#281 = B_SPLINE_CURVE_WITH_KNOTS('',1,(#282,#283),.UNSPECIFIED.,.F.,.F.,
  (2,2),(0.,2.204724409449),.PIECEWISE_BEZIER_KNOTS.);
#282 = CARTESIAN_POINT('',(76.254,-115.358,128.558));
#283 = CARTESIAN_POINT('',(76.254,-115.358,184.558));
#284 = PCURVE('',#104,#285);
#285 = DEFINITIONAL_REPRESENTATION('',(#286),#289);
#286 = B_SPLINE_CURVE_WITH_KNOTS('',1,(#287,#288),.UNSPECIFIED.,.F.,.F.,
  (2,2),(0.,2.204724409449),.PIECEWISE_BEZIER_KNOTS.);
#287 = CARTESIAN_POINT('',(0.,0.));
#288 = CARTESIAN_POINT('',(0.,2.204724409449));
#289 = ( GEOMETRIC_REPRESENTATION_CONTEXT(2) 
PARAMETRIC_REPRESENTATION_CONTEXT() REPRESENTATION_CONTEXT('2D SPACE',''
  ) );
#290 = PCURVE('',#129,#291);
#291 = DEFINITIONAL_REPRESENTATION('',(#292),#295);
#292 = B_SPLINE_CURVE_WITH_KNOTS('',1,(#293,#294),.UNSPECIFIED.,.F.,.F.,
  (2,2),(0.,2.204724409449),.PIECEWISE_BEZIER_KNOTS.);
#293 = CARTESIAN_POINT('',(0.,0.));
#294 = CARTESIAN_POINT('',(2.204724409449,0.));
#295 = ( GEOMETRIC_REPRESENTATION_CONTEXT(2) 
PARAMETRIC_REPRESENTATION_CONTEXT() REPRESENTATION_CONTEXT('2D SPACE',''
  ) );
#296 = ORIENTED_EDGE('',*,*,#83,.T.);
#297 = ORIENTED_EDGE('',*,*,#298,.T.);
#298 = EDGE_CURVE('',#86,#194,#299,.T.);
#299 = SURFACE_CURVE('',#300,(#303,#309),.PCURVE_S1.);
#300 = B_SPLINE_CURVE_WITH_KNOTS('',1,(#301,#302),.UNSPECIFIED.,.F.,.F.,
  (2,2),(0.,2.204724409449),.PIECEWISE_BEZIER_KNOTS.);
#301 = CARTESIAN_POINT('',(76.254,-59.358,128.558));
#302 = CARTESIAN_POINT('',(76.254,-59.358,184.558));
#303 = PCURVE('',#104,#304);
#304 = DEFINITIONAL_REPRESENTATION('',(#305),#308);
#305 = B_SPLINE_CURVE_WITH_KNOTS('',1,(#306,#307),.UNSPECIFIED.,.F.,.F.,
  (2,2),(0.,2.204724409449),.PIECEWISE_BEZIER_KNOTS.);
#306 = CARTESIAN_POINT('',(2.204724409449,0.));
#307 = CARTESIAN_POINT('',(2.204724409449,2.204724409449));
#308 = ( GEOMETRIC_REPRESENTATION_CONTEXT(2) 
PARAMETRIC_REPRESENTATION_CONTEXT() REPRESENTATION_CONTEXT('2D SPACE',''
  ) );
#309 = PCURVE('',#177,#310);
#310 = DEFINITIONAL_REPRESENTATION('',(#311),#314);
#311 = B_SPLINE_CURVE_WITH_KNOTS('',1,(#312,#313),.UNSPECIFIED.,.F.,.F.,
  (2,2),(0.,2.204724409449),.PIECEWISE_BEZIER_KNOTS.);
#312 = CARTESIAN_POINT('',(0.,0.));
#313 = CARTESIAN_POINT('',(2.204724409449,0.));
#314 = ( GEOMETRIC_REPRESENTATION_CONTEXT(2) 
PARAMETRIC_REPRESENTATION_CONTEXT() REPRESENTATION_CONTEXT('2D SPACE',''
  ) );
#315 = ORIENTED_EDGE('',*,*,#191,.F.);
#316 = ADVANCED_FACE('',(#317),#154,.T.);
#317 = FACE_BOUND('',#318,.T.);
#318 = EDGE_LOOP('',(#319,#337,#338,#356));
#319 = ORIENTED_EDGE('',*,*,#320,.F.);
#320 = EDGE_CURVE('',#116,#219,#321,.T.);
#321 = SURFACE_CURVE('',#322,(#325,#331),.PCURVE_S1.);
#322 = B_SPLINE_CURVE_WITH_KNOTS('',1,(#323,#324),.UNSPECIFIED.,.F.,.F.,
  (2,2),(0.,2.204724409449),.PIECEWISE_BEZIER_KNOTS.);
#323 = CARTESIAN_POINT('',(78.754,-115.358,128.558));
#324 = CARTESIAN_POINT('',(78.754,-115.358,184.558));
#325 = PCURVE('',#154,#326);
#326 = DEFINITIONAL_REPRESENTATION('',(#327),#330);
#327 = B_SPLINE_CURVE_WITH_KNOTS('',1,(#328,#329),.UNSPECIFIED.,.F.,.F.,
  (2,2),(0.,2.204724409449),.PIECEWISE_BEZIER_KNOTS.);
#328 = CARTESIAN_POINT('',(0.,0.));
#329 = CARTESIAN_POINT('',(0.,2.204724409449));
#330 = ( GEOMETRIC_REPRESENTATION_CONTEXT(2) 
PARAMETRIC_REPRESENTATION_CONTEXT() REPRESENTATION_CONTEXT('2D SPACE',''
  ) );
#331 = PCURVE('',#129,#332);
#332 = DEFINITIONAL_REPRESENTATION('',(#333),#336);
#333 = B_SPLINE_CURVE_WITH_KNOTS('',1,(#334,#335),.UNSPECIFIED.,.F.,.F.,
  (2,2),(0.,2.204724409449),.PIECEWISE_BEZIER_KNOTS.);
#334 = CARTESIAN_POINT('',(0.,9.842519685039E-02));
#335 = CARTESIAN_POINT('',(2.204724409449,9.842519685039E-02));
#336 = ( GEOMETRIC_REPRESENTATION_CONTEXT(2) 
PARAMETRIC_REPRESENTATION_CONTEXT() REPRESENTATION_CONTEXT('2D SPACE',''
  ) );
#337 = ORIENTED_EDGE('',*,*,#140,.T.);
#338 = ORIENTED_EDGE('',*,*,#339,.T.);
#339 = EDGE_CURVE('',#141,#239,#340,.T.);
#340 = SURFACE_CURVE('',#341,(#344,#350),.PCURVE_S1.);
#341 = B_SPLINE_CURVE_WITH_KNOTS('',1,(#342,#343),.UNSPECIFIED.,.F.,.F.,
  (2,2),(0.,2.204724409449),.PIECEWISE_BEZIER_KNOTS.);
#342 = CARTESIAN_POINT('',(78.754,-59.358,128.558));
#343 = CARTESIAN_POINT('',(78.754,-59.358,184.558));
#344 = PCURVE('',#154,#345);
#345 = DEFINITIONAL_REPRESENTATION('',(#346),#349);
#346 = B_SPLINE_CURVE_WITH_KNOTS('',1,(#347,#348),.UNSPECIFIED.,.F.,.F.,
  (2,2),(0.,2.204724409449),.PIECEWISE_BEZIER_KNOTS.);
#347 = CARTESIAN_POINT('',(2.204724409449,0.));
#348 = CARTESIAN_POINT('',(2.204724409449,2.204724409449));
#349 = ( GEOMETRIC_REPRESENTATION_CONTEXT(2) 
PARAMETRIC_REPRESENTATION_CONTEXT() REPRESENTATION_CONTEXT('2D SPACE',''
  ) );
#350 = PCURVE('',#177,#351);
#351 = DEFINITIONAL_REPRESENTATION('',(#352),#355);
#352 = B_SPLINE_CURVE_WITH_KNOTS('',1,(#353,#354),.UNSPECIFIED.,.F.,.F.,
  (2,2),(0.,2.204724409449),.PIECEWISE_BEZIER_KNOTS.);
#353 = CARTESIAN_POINT('',(0.,9.842519685039E-02));
#354 = CARTESIAN_POINT('',(2.204724409449,9.842519685039E-02));
#355 = ( GEOMETRIC_REPRESENTATION_CONTEXT(2) 
PARAMETRIC_REPRESENTATION_CONTEXT() REPRESENTATION_CONTEXT('2D SPACE',''
  ) );
#356 = ORIENTED_EDGE('',*,*,#238,.F.);
#357 = ADVANCED_FACE('',(#358),#129,.F.);
#358 = FACE_BOUND('',#359,.F.);
#359 = EDGE_LOOP('',(#360,#361,#362,#363));
#360 = ORIENTED_EDGE('',*,*,#115,.F.);
#361 = ORIENTED_EDGE('',*,*,#279,.T.);
#362 = ORIENTED_EDGE('',*,*,#218,.T.);
#363 = ORIENTED_EDGE('',*,*,#320,.F.);
#364 = ADVANCED_FACE('',(#365),#177,.T.);
#365 = FACE_BOUND('',#366,.T.);
#366 = EDGE_LOOP('',(#367,#368,#369,#370));
#367 = ORIENTED_EDGE('',*,*,#165,.F.);
#368 = ORIENTED_EDGE('',*,*,#298,.T.);
#369 = ORIENTED_EDGE('',*,*,#258,.T.);
#370 = ORIENTED_EDGE('',*,*,#339,.F.);
#371 = ( GEOMETRIC_REPRESENTATION_CONTEXT(3) 
GLOBAL_UNCERTAINTY_ASSIGNED_CONTEXT((#375)) GLOBAL_UNIT_ASSIGNED_CONTEXT
((#372,#373,#374)) REPRESENTATION_CONTEXT('Context #1',
  '3D Context with UNIT and UNCERTAINTY') );
#372 = ( LENGTH_UNIT() NAMED_UNIT(*) SI_UNIT(.MILLI.,.METRE.) );
#373 = ( NAMED_UNIT(*) PLANE_ANGLE_UNIT() SI_UNIT($,.RADIAN.) );
#374 = ( NAMED_UNIT(*) SI_UNIT($,.STERADIAN.) SOLID_ANGLE_UNIT() );
#375 = UNCERTAINTY_MEASURE_WITH_UNIT(LENGTH_MEASURE(2.E-06),#372,
  'distance_accuracy_value','confusion accuracy');
#376 = CONTEXT_DEPENDENT_SHAPE_REPRESENTATION(#377,#379);
#377 = ( REPRESENTATION_RELATIONSHIP('','',#76,#10) 
REPRESENTATION_RELATIONSHIP_WITH_TRANSFORMATION(#378) 
SHAPE_REPRESENTATION_RELATIONSHIP() );
#378 = ITEM_DEFINED_TRANSFORMATION('','',#11,#15);
#379 = PRODUCT_DEFINITION_SHAPE('Placement','Placement of an item',#380
  );
#380 = NEXT_ASSEMBLY_USAGE_OCCURRENCE('1','plate_A_L','',#5,#71,$);
#381 = PRODUCT_RELATED_PRODUCT_CATEGORY('part',$,(#73));
#382 = SHAPE_DEFINITION_REPRESENTATION(#383,#389);
#383 = PRODUCT_DEFINITION_SHAPE('','',#384);
#384 = PRODUCT_DEFINITION('design','',#385,#388);
#385 = PRODUCT_DEFINITION_FORMATION('','',#386);
#386 = PRODUCT('plate_B_L','plate_B_L','',(#387));
#387 = PRODUCT_CONTEXT('',#2,'mechanical');
#388 = PRODUCT_DEFINITION_CONTEXT('part definition',#2,'design');
#389 = ADVANCED_BREP_SHAPE_REPRESENTATION('',(#11,#390),#684);
#390 = MANIFOLD_SOLID_BREP('',#391);
#391 = CLOSED_SHELL('',(#392,#500,#588,#629,#670,#677));
#392 = ADVANCED_FACE('',(#393),#406,.F.);
#393 = FACE_BOUND('',#394,.F.);
#394 = EDGE_LOOP('',(#395,#427,#452,#477));
#395 = ORIENTED_EDGE('',*,*,#396,.F.);
#396 = EDGE_CURVE('',#397,#399,#401,.T.);
#397 = VERTEX_POINT('',#398);
#398 = CARTESIAN_POINT('',(78.754,-139.358,136.558));
#399 = VERTEX_POINT('',#400);
#400 = CARTESIAN_POINT('',(78.754,-99.358,136.558));
#401 = SURFACE_CURVE('',#402,(#405,#416),.PCURVE_S1.);
#402 = B_SPLINE_CURVE_WITH_KNOTS('',1,(#403,#404),.UNSPECIFIED.,.F.,.F.,
  (2,2),(0.,1.574803149606),.PIECEWISE_BEZIER_KNOTS.);
#403 = CARTESIAN_POINT('',(78.754,-139.358,136.558));
#404 = CARTESIAN_POINT('',(78.754,-99.358,136.558));
#405 = PCURVE('',#406,#411);
#406 = B_SPLINE_SURFACE_WITH_KNOTS('',1,1,(
    (#407,#408)
    ,(#409,#410
    )),.UNSPECIFIED.,.F.,.F.,.F.,(2,2),(2,2),(0.,1.574803149606),(
    -9.842519685039E-02,0.),.PIECEWISE_BEZIER_KNOTS.);
#407 = CARTESIAN_POINT('',(81.254,-139.358,136.558));
#408 = CARTESIAN_POINT('',(78.754,-139.358,136.558));
#409 = CARTESIAN_POINT('',(81.254,-99.358,136.558));
#410 = CARTESIAN_POINT('',(78.754,-99.358,136.558));
#411 = DEFINITIONAL_REPRESENTATION('',(#412),#415);
#412 = B_SPLINE_CURVE_WITH_KNOTS('',1,(#413,#414),.UNSPECIFIED.,.F.,.F.,
  (2,2),(0.,1.574803149606),.PIECEWISE_BEZIER_KNOTS.);
#413 = CARTESIAN_POINT('',(0.,0.));
#414 = CARTESIAN_POINT('',(1.574803149606,0.));
#415 = ( GEOMETRIC_REPRESENTATION_CONTEXT(2) 
PARAMETRIC_REPRESENTATION_CONTEXT() REPRESENTATION_CONTEXT('2D SPACE',''
  ) );
#416 = PCURVE('',#417,#422);
#417 = B_SPLINE_SURFACE_WITH_KNOTS('',1,1,(
    (#418,#419)
    ,(#420,#421
    )),.UNSPECIFIED.,.F.,.F.,.F.,(2,2),(2,2),(0.,1.574803149606),(0.,
    5.354330708661),.PIECEWISE_BEZIER_KNOTS.);
#418 = CARTESIAN_POINT('',(78.754,-139.358,136.558));
#419 = CARTESIAN_POINT('',(78.754,-139.358,272.558));
#420 = CARTESIAN_POINT('',(78.754,-99.358,136.558));
#421 = CARTESIAN_POINT('',(78.754,-99.358,272.558));
#422 = DEFINITIONAL_REPRESENTATION('',(#423),#426);
#423 = B_SPLINE_CURVE_WITH_KNOTS('',1,(#424,#425),.UNSPECIFIED.,.F.,.F.,
  (2,2),(0.,1.574803149606),.PIECEWISE_BEZIER_KNOTS.);
#424 = CARTESIAN_POINT('',(0.,0.));
#425 = CARTESIAN_POINT('',(1.574803149606,0.));
#426 = ( GEOMETRIC_REPRESENTATION_CONTEXT(2) 
PARAMETRIC_REPRESENTATION_CONTEXT() REPRESENTATION_CONTEXT('2D SPACE',''
  ) );
#427 = ORIENTED_EDGE('',*,*,#428,.T.);
#428 = EDGE_CURVE('',#397,#429,#431,.T.);
#429 = VERTEX_POINT('',#430);
#430 = CARTESIAN_POINT('',(81.254,-139.358,136.558));
#431 = SURFACE_CURVE('',#432,(#435,#441),.PCURVE_S1.);
#432 = B_SPLINE_CURVE_WITH_KNOTS('',1,(#433,#434),.UNSPECIFIED.,.F.,.F.,
  (2,2),(0.,9.842519685039E-02),.PIECEWISE_BEZIER_KNOTS.);
#433 = CARTESIAN_POINT('',(78.754,-139.358,136.558));
#434 = CARTESIAN_POINT('',(81.254,-139.358,136.558));
#435 = PCURVE('',#406,#436);
#436 = DEFINITIONAL_REPRESENTATION('',(#437),#440);
#437 = B_SPLINE_CURVE_WITH_KNOTS('',1,(#438,#439),.UNSPECIFIED.,.F.,.F.,
  (2,2),(0.,9.842519685039E-02),.PIECEWISE_BEZIER_KNOTS.);
#438 = CARTESIAN_POINT('',(0.,0.));
#439 = CARTESIAN_POINT('',(0.,-9.842519685039E-02));
#440 = ( GEOMETRIC_REPRESENTATION_CONTEXT(2) 
PARAMETRIC_REPRESENTATION_CONTEXT() REPRESENTATION_CONTEXT('2D SPACE',''
  ) );
#441 = PCURVE('',#442,#447);
#442 = B_SPLINE_SURFACE_WITH_KNOTS('',1,1,(
    (#443,#444)
    ,(#445,#446
    )),.UNSPECIFIED.,.F.,.F.,.F.,(2,2),(2,2),(0.,5.354330708661),(0.,
    9.842519685039E-02),.PIECEWISE_BEZIER_KNOTS.);
#443 = CARTESIAN_POINT('',(78.754,-139.358,136.558));
#444 = CARTESIAN_POINT('',(81.254,-139.358,136.558));
#445 = CARTESIAN_POINT('',(78.754,-139.358,272.558));
#446 = CARTESIAN_POINT('',(81.254,-139.358,272.558));
#447 = DEFINITIONAL_REPRESENTATION('',(#448),#451);
#448 = B_SPLINE_CURVE_WITH_KNOTS('',1,(#449,#450),.UNSPECIFIED.,.F.,.F.,
  (2,2),(0.,9.842519685039E-02),.PIECEWISE_BEZIER_KNOTS.);
#449 = CARTESIAN_POINT('',(0.,0.));
#450 = CARTESIAN_POINT('',(0.,9.842519685039E-02));
#451 = ( GEOMETRIC_REPRESENTATION_CONTEXT(2) 
PARAMETRIC_REPRESENTATION_CONTEXT() REPRESENTATION_CONTEXT('2D SPACE',''
  ) );
#452 = ORIENTED_EDGE('',*,*,#453,.T.);
#453 = EDGE_CURVE('',#429,#454,#456,.T.);
#454 = VERTEX_POINT('',#455);
#455 = CARTESIAN_POINT('',(81.254,-99.358,136.558));
#456 = SURFACE_CURVE('',#457,(#460,#466),.PCURVE_S1.);
#457 = B_SPLINE_CURVE_WITH_KNOTS('',1,(#458,#459),.UNSPECIFIED.,.F.,.F.,
  (2,2),(0.,1.574803149606),.PIECEWISE_BEZIER_KNOTS.);
#458 = CARTESIAN_POINT('',(81.254,-139.358,136.558));
#459 = CARTESIAN_POINT('',(81.254,-99.358,136.558));
#460 = PCURVE('',#406,#461);
#461 = DEFINITIONAL_REPRESENTATION('',(#462),#465);
#462 = B_SPLINE_CURVE_WITH_KNOTS('',1,(#463,#464),.UNSPECIFIED.,.F.,.F.,
  (2,2),(0.,1.574803149606),.PIECEWISE_BEZIER_KNOTS.);
#463 = CARTESIAN_POINT('',(0.,-9.842519685039E-02));
#464 = CARTESIAN_POINT('',(1.574803149606,-9.842519685039E-02));
#465 = ( GEOMETRIC_REPRESENTATION_CONTEXT(2) 
PARAMETRIC_REPRESENTATION_CONTEXT() REPRESENTATION_CONTEXT('2D SPACE',''
  ) );
#466 = PCURVE('',#467,#472);
#467 = B_SPLINE_SURFACE_WITH_KNOTS('',1,1,(
    (#468,#469)
    ,(#470,#471
    )),.UNSPECIFIED.,.F.,.F.,.F.,(2,2),(2,2),(0.,1.574803149606),(0.,
    5.354330708661),.PIECEWISE_BEZIER_KNOTS.);
#468 = CARTESIAN_POINT('',(81.254,-139.358,136.558));
#469 = CARTESIAN_POINT('',(81.254,-139.358,272.558));
#470 = CARTESIAN_POINT('',(81.254,-99.358,136.558));
#471 = CARTESIAN_POINT('',(81.254,-99.358,272.558));
#472 = DEFINITIONAL_REPRESENTATION('',(#473),#476);
#473 = B_SPLINE_CURVE_WITH_KNOTS('',1,(#474,#475),.UNSPECIFIED.,.F.,.F.,
  (2,2),(0.,1.574803149606),.PIECEWISE_BEZIER_KNOTS.);
#474 = CARTESIAN_POINT('',(0.,0.));
#475 = CARTESIAN_POINT('',(1.574803149606,0.));
#476 = ( GEOMETRIC_REPRESENTATION_CONTEXT(2) 
PARAMETRIC_REPRESENTATION_CONTEXT() REPRESENTATION_CONTEXT('2D SPACE',''
  ) );
#477 = ORIENTED_EDGE('',*,*,#478,.F.);
#478 = EDGE_CURVE('',#399,#454,#479,.T.);
#479 = SURFACE_CURVE('',#480,(#483,#489),.PCURVE_S1.);
#480 = B_SPLINE_CURVE_WITH_KNOTS('',1,(#481,#482),.UNSPECIFIED.,.F.,.F.,
  (2,2),(0.,9.842519685039E-02),.PIECEWISE_BEZIER_KNOTS.);
#481 = CARTESIAN_POINT('',(78.754,-99.358,136.558));
#482 = CARTESIAN_POINT('',(81.254,-99.358,136.558));
#483 = PCURVE('',#406,#484);
#484 = DEFINITIONAL_REPRESENTATION('',(#485),#488);
#485 = B_SPLINE_CURVE_WITH_KNOTS('',1,(#486,#487),.UNSPECIFIED.,.F.,.F.,
  (2,2),(0.,9.842519685039E-02),.PIECEWISE_BEZIER_KNOTS.);
#486 = CARTESIAN_POINT('',(1.574803149606,0.));
#487 = CARTESIAN_POINT('',(1.574803149606,-9.842519685039E-02));
#488 = ( GEOMETRIC_REPRESENTATION_CONTEXT(2) 
PARAMETRIC_REPRESENTATION_CONTEXT() REPRESENTATION_CONTEXT('2D SPACE',''
  ) );
#489 = PCURVE('',#490,#495);
#490 = B_SPLINE_SURFACE_WITH_KNOTS('',1,1,(
    (#491,#492)
    ,(#493,#494
    )),.UNSPECIFIED.,.F.,.F.,.F.,(2,2),(2,2),(0.,5.354330708661),(0.,
    9.842519685039E-02),.PIECEWISE_BEZIER_KNOTS.);
#491 = CARTESIAN_POINT('',(78.754,-99.358,136.558));
#492 = CARTESIAN_POINT('',(81.254,-99.358,136.558));
#493 = CARTESIAN_POINT('',(78.754,-99.358,272.558));
#494 = CARTESIAN_POINT('',(81.254,-99.358,272.558));
#495 = DEFINITIONAL_REPRESENTATION('',(#496),#499);
#496 = B_SPLINE_CURVE_WITH_KNOTS('',1,(#497,#498),.UNSPECIFIED.,.F.,.F.,
  (2,2),(0.,9.842519685039E-02),.PIECEWISE_BEZIER_KNOTS.);
#497 = CARTESIAN_POINT('',(0.,0.));
#498 = CARTESIAN_POINT('',(0.,9.842519685039E-02));
#499 = ( GEOMETRIC_REPRESENTATION_CONTEXT(2) 
PARAMETRIC_REPRESENTATION_CONTEXT() REPRESENTATION_CONTEXT('2D SPACE',''
  ) );
#500 = ADVANCED_FACE('',(#501),#514,.T.);
#501 = FACE_BOUND('',#502,.T.);
#502 = EDGE_LOOP('',(#503,#530,#550,#570));
#503 = ORIENTED_EDGE('',*,*,#504,.F.);
#504 = EDGE_CURVE('',#505,#507,#509,.T.);
#505 = VERTEX_POINT('',#506);
#506 = CARTESIAN_POINT('',(78.754,-139.358,272.558));
#507 = VERTEX_POINT('',#508);
#508 = CARTESIAN_POINT('',(78.754,-99.358,272.558));
#509 = SURFACE_CURVE('',#510,(#513,#524),.PCURVE_S1.);
#510 = B_SPLINE_CURVE_WITH_KNOTS('',1,(#511,#512),.UNSPECIFIED.,.F.,.F.,
  (2,2),(0.,1.574803149606),.PIECEWISE_BEZIER_KNOTS.);
#511 = CARTESIAN_POINT('',(78.754,-139.358,272.558));
#512 = CARTESIAN_POINT('',(78.754,-99.358,272.558));
#513 = PCURVE('',#514,#519);
#514 = B_SPLINE_SURFACE_WITH_KNOTS('',1,1,(
    (#515,#516)
    ,(#517,#518
    )),.UNSPECIFIED.,.F.,.F.,.F.,(2,2),(2,2),(0.,1.574803149606),(
    -9.842519685039E-02,0.),.PIECEWISE_BEZIER_KNOTS.);
#515 = CARTESIAN_POINT('',(81.254,-139.358,272.558));
#516 = CARTESIAN_POINT('',(78.754,-139.358,272.558));
#517 = CARTESIAN_POINT('',(81.254,-99.358,272.558));
#518 = CARTESIAN_POINT('',(78.754,-99.358,272.558));
#519 = DEFINITIONAL_REPRESENTATION('',(#520),#523);
#520 = B_SPLINE_CURVE_WITH_KNOTS('',1,(#521,#522),.UNSPECIFIED.,.F.,.F.,
  (2,2),(0.,1.574803149606),.PIECEWISE_BEZIER_KNOTS.);
#521 = CARTESIAN_POINT('',(0.,0.));
#522 = CARTESIAN_POINT('',(1.574803149606,0.));
#523 = ( GEOMETRIC_REPRESENTATION_CONTEXT(2) 
PARAMETRIC_REPRESENTATION_CONTEXT() REPRESENTATION_CONTEXT('2D SPACE',''
  ) );
#524 = PCURVE('',#417,#525);
#525 = DEFINITIONAL_REPRESENTATION('',(#526),#529);
#526 = B_SPLINE_CURVE_WITH_KNOTS('',1,(#527,#528),.UNSPECIFIED.,.F.,.F.,
  (2,2),(0.,1.574803149606),.PIECEWISE_BEZIER_KNOTS.);
#527 = CARTESIAN_POINT('',(0.,5.354330708661));
#528 = CARTESIAN_POINT('',(1.574803149606,5.354330708661));
#529 = ( GEOMETRIC_REPRESENTATION_CONTEXT(2) 
PARAMETRIC_REPRESENTATION_CONTEXT() REPRESENTATION_CONTEXT('2D SPACE',''
  ) );
#530 = ORIENTED_EDGE('',*,*,#531,.T.);
#531 = EDGE_CURVE('',#505,#532,#534,.T.);
#532 = VERTEX_POINT('',#533);
#533 = CARTESIAN_POINT('',(81.254,-139.358,272.558));
#534 = SURFACE_CURVE('',#535,(#538,#544),.PCURVE_S1.);
#535 = B_SPLINE_CURVE_WITH_KNOTS('',1,(#536,#537),.UNSPECIFIED.,.F.,.F.,
  (2,2),(0.,9.842519685039E-02),.PIECEWISE_BEZIER_KNOTS.);
#536 = CARTESIAN_POINT('',(78.754,-139.358,272.558));
#537 = CARTESIAN_POINT('',(81.254,-139.358,272.558));
#538 = PCURVE('',#514,#539);
#539 = DEFINITIONAL_REPRESENTATION('',(#540),#543);
#540 = B_SPLINE_CURVE_WITH_KNOTS('',1,(#541,#542),.UNSPECIFIED.,.F.,.F.,
  (2,2),(0.,9.842519685039E-02),.PIECEWISE_BEZIER_KNOTS.);
#541 = CARTESIAN_POINT('',(0.,0.));
#542 = CARTESIAN_POINT('',(0.,-9.842519685039E-02));
#543 = ( GEOMETRIC_REPRESENTATION_CONTEXT(2) 
PARAMETRIC_REPRESENTATION_CONTEXT() REPRESENTATION_CONTEXT('2D SPACE',''
  ) );
#544 = PCURVE('',#442,#545);
#545 = DEFINITIONAL_REPRESENTATION('',(#546),#549);
#546 = B_SPLINE_CURVE_WITH_KNOTS('',1,(#547,#548),.UNSPECIFIED.,.F.,.F.,
  (2,2),(0.,9.842519685039E-02),.PIECEWISE_BEZIER_KNOTS.);
#547 = CARTESIAN_POINT('',(5.354330708661,0.));
#548 = CARTESIAN_POINT('',(5.354330708661,9.842519685039E-02));
#549 = ( GEOMETRIC_REPRESENTATION_CONTEXT(2) 
PARAMETRIC_REPRESENTATION_CONTEXT() REPRESENTATION_CONTEXT('2D SPACE',''
  ) );
#550 = ORIENTED_EDGE('',*,*,#551,.T.);
#551 = EDGE_CURVE('',#532,#552,#554,.T.);
#552 = VERTEX_POINT('',#553);
#553 = CARTESIAN_POINT('',(81.254,-99.358,272.558));
#554 = SURFACE_CURVE('',#555,(#558,#564),.PCURVE_S1.);
#555 = B_SPLINE_CURVE_WITH_KNOTS('',1,(#556,#557),.UNSPECIFIED.,.F.,.F.,
  (2,2),(0.,1.574803149606),.PIECEWISE_BEZIER_KNOTS.);
#556 = CARTESIAN_POINT('',(81.254,-139.358,272.558));
#557 = CARTESIAN_POINT('',(81.254,-99.358,272.558));
#558 = PCURVE('',#514,#559);
#559 = DEFINITIONAL_REPRESENTATION('',(#560),#563);
#560 = B_SPLINE_CURVE_WITH_KNOTS('',1,(#561,#562),.UNSPECIFIED.,.F.,.F.,
  (2,2),(0.,1.574803149606),.PIECEWISE_BEZIER_KNOTS.);
#561 = CARTESIAN_POINT('',(0.,-9.842519685039E-02));
#562 = CARTESIAN_POINT('',(1.574803149606,-9.842519685039E-02));
#563 = ( GEOMETRIC_REPRESENTATION_CONTEXT(2) 
PARAMETRIC_REPRESENTATION_CONTEXT() REPRESENTATION_CONTEXT('2D SPACE',''
  ) );
#564 = PCURVE('',#467,#565);
#565 = DEFINITIONAL_REPRESENTATION('',(#566),#569);
#566 = B_SPLINE_CURVE_WITH_KNOTS('',1,(#567,#568),.UNSPECIFIED.,.F.,.F.,
  (2,2),(0.,1.574803149606),.PIECEWISE_BEZIER_KNOTS.);
#567 = CARTESIAN_POINT('',(0.,5.354330708661));
#568 = CARTESIAN_POINT('',(1.574803149606,5.354330708661));
#569 = ( GEOMETRIC_REPRESENTATION_CONTEXT(2) 
PARAMETRIC_REPRESENTATION_CONTEXT() REPRESENTATION_CONTEXT('2D SPACE',''
  ) );
#570 = ORIENTED_EDGE('',*,*,#571,.F.);
#571 = EDGE_CURVE('',#507,#552,#572,.T.);
#572 = SURFACE_CURVE('',#573,(#576,#582),.PCURVE_S1.);
#573 = B_SPLINE_CURVE_WITH_KNOTS('',1,(#574,#575),.UNSPECIFIED.,.F.,.F.,
  (2,2),(0.,9.842519685039E-02),.PIECEWISE_BEZIER_KNOTS.);
#574 = CARTESIAN_POINT('',(78.754,-99.358,272.558));
#575 = CARTESIAN_POINT('',(81.254,-99.358,272.558));
#576 = PCURVE('',#514,#577);
#577 = DEFINITIONAL_REPRESENTATION('',(#578),#581);
#578 = B_SPLINE_CURVE_WITH_KNOTS('',1,(#579,#580),.UNSPECIFIED.,.F.,.F.,
  (2,2),(0.,9.842519685039E-02),.PIECEWISE_BEZIER_KNOTS.);
#579 = CARTESIAN_POINT('',(1.574803149606,0.));
#580 = CARTESIAN_POINT('',(1.574803149606,-9.842519685039E-02));
#581 = ( GEOMETRIC_REPRESENTATION_CONTEXT(2) 
PARAMETRIC_REPRESENTATION_CONTEXT() REPRESENTATION_CONTEXT('2D SPACE',''
  ) );
#582 = PCURVE('',#490,#583);
#583 = DEFINITIONAL_REPRESENTATION('',(#584),#587);
#584 = B_SPLINE_CURVE_WITH_KNOTS('',1,(#585,#586),.UNSPECIFIED.,.F.,.F.,
  (2,2),(0.,9.842519685039E-02),.PIECEWISE_BEZIER_KNOTS.);
#585 = CARTESIAN_POINT('',(5.354330708661,0.));
#586 = CARTESIAN_POINT('',(5.354330708661,9.842519685039E-02));
#587 = ( GEOMETRIC_REPRESENTATION_CONTEXT(2) 
PARAMETRIC_REPRESENTATION_CONTEXT() REPRESENTATION_CONTEXT('2D SPACE',''
  ) );
#588 = ADVANCED_FACE('',(#589),#417,.F.);
#589 = FACE_BOUND('',#590,.F.);
#590 = EDGE_LOOP('',(#591,#609,#610,#628));
#591 = ORIENTED_EDGE('',*,*,#592,.F.);
#592 = EDGE_CURVE('',#397,#505,#593,.T.);
#593 = SURFACE_CURVE('',#594,(#597,#603),.PCURVE_S1.);
#594 = B_SPLINE_CURVE_WITH_KNOTS('',1,(#595,#596),.UNSPECIFIED.,.F.,.F.,
  (2,2),(0.,5.354330708661),.PIECEWISE_BEZIER_KNOTS.);
#595 = CARTESIAN_POINT('',(78.754,-139.358,136.558));
#596 = CARTESIAN_POINT('',(78.754,-139.358,272.558));
#597 = PCURVE('',#417,#598);
#598 = DEFINITIONAL_REPRESENTATION('',(#599),#602);
#599 = B_SPLINE_CURVE_WITH_KNOTS('',1,(#600,#601),.UNSPECIFIED.,.F.,.F.,
  (2,2),(0.,5.354330708661),.PIECEWISE_BEZIER_KNOTS.);
#600 = CARTESIAN_POINT('',(0.,0.));
#601 = CARTESIAN_POINT('',(0.,5.354330708661));
#602 = ( GEOMETRIC_REPRESENTATION_CONTEXT(2) 
PARAMETRIC_REPRESENTATION_CONTEXT() REPRESENTATION_CONTEXT('2D SPACE',''
  ) );
#603 = PCURVE('',#442,#604);
#604 = DEFINITIONAL_REPRESENTATION('',(#605),#608);
#605 = B_SPLINE_CURVE_WITH_KNOTS('',1,(#606,#607),.UNSPECIFIED.,.F.,.F.,
  (2,2),(0.,5.354330708661),.PIECEWISE_BEZIER_KNOTS.);
#606 = CARTESIAN_POINT('',(0.,0.));
#607 = CARTESIAN_POINT('',(5.354330708661,0.));
#608 = ( GEOMETRIC_REPRESENTATION_CONTEXT(2) 
PARAMETRIC_REPRESENTATION_CONTEXT() REPRESENTATION_CONTEXT('2D SPACE',''
  ) );
#609 = ORIENTED_EDGE('',*,*,#396,.T.);
#610 = ORIENTED_EDGE('',*,*,#611,.T.);
#611 = EDGE_CURVE('',#399,#507,#612,.T.);
#612 = SURFACE_CURVE('',#613,(#616,#622),.PCURVE_S1.);
#613 = B_SPLINE_CURVE_WITH_KNOTS('',1,(#614,#615),.UNSPECIFIED.,.F.,.F.,
  (2,2),(0.,5.354330708661),.PIECEWISE_BEZIER_KNOTS.);
#614 = CARTESIAN_POINT('',(78.754,-99.358,136.558));
#615 = CARTESIAN_POINT('',(78.754,-99.358,272.558));
#616 = PCURVE('',#417,#617);
#617 = DEFINITIONAL_REPRESENTATION('',(#618),#621);
#618 = B_SPLINE_CURVE_WITH_KNOTS('',1,(#619,#620),.UNSPECIFIED.,.F.,.F.,
  (2,2),(0.,5.354330708661),.PIECEWISE_BEZIER_KNOTS.);
#619 = CARTESIAN_POINT('',(1.574803149606,0.));
#620 = CARTESIAN_POINT('',(1.574803149606,5.354330708661));
#621 = ( GEOMETRIC_REPRESENTATION_CONTEXT(2) 
PARAMETRIC_REPRESENTATION_CONTEXT() REPRESENTATION_CONTEXT('2D SPACE',''
  ) );
#622 = PCURVE('',#490,#623);
#623 = DEFINITIONAL_REPRESENTATION('',(#624),#627);
#624 = B_SPLINE_CURVE_WITH_KNOTS('',1,(#625,#626),.UNSPECIFIED.,.F.,.F.,
  (2,2),(0.,5.354330708661),.PIECEWISE_BEZIER_KNOTS.);
#625 = CARTESIAN_POINT('',(0.,0.));
#626 = CARTESIAN_POINT('',(5.354330708661,0.));
#627 = ( GEOMETRIC_REPRESENTATION_CONTEXT(2) 
PARAMETRIC_REPRESENTATION_CONTEXT() REPRESENTATION_CONTEXT('2D SPACE',''
  ) );
#628 = ORIENTED_EDGE('',*,*,#504,.F.);
#629 = ADVANCED_FACE('',(#630),#467,.T.);
#630 = FACE_BOUND('',#631,.T.);
#631 = EDGE_LOOP('',(#632,#650,#651,#669));
#632 = ORIENTED_EDGE('',*,*,#633,.F.);
#633 = EDGE_CURVE('',#429,#532,#634,.T.);
#634 = SURFACE_CURVE('',#635,(#638,#644),.PCURVE_S1.);
#635 = B_SPLINE_CURVE_WITH_KNOTS('',1,(#636,#637),.UNSPECIFIED.,.F.,.F.,
  (2,2),(0.,5.354330708661),.PIECEWISE_BEZIER_KNOTS.);
#636 = CARTESIAN_POINT('',(81.254,-139.358,136.558));
#637 = CARTESIAN_POINT('',(81.254,-139.358,272.558));
#638 = PCURVE('',#467,#639);
#639 = DEFINITIONAL_REPRESENTATION('',(#640),#643);
#640 = B_SPLINE_CURVE_WITH_KNOTS('',1,(#641,#642),.UNSPECIFIED.,.F.,.F.,
  (2,2),(0.,5.354330708661),.PIECEWISE_BEZIER_KNOTS.);
#641 = CARTESIAN_POINT('',(0.,0.));
#642 = CARTESIAN_POINT('',(0.,5.354330708661));
#643 = ( GEOMETRIC_REPRESENTATION_CONTEXT(2) 
PARAMETRIC_REPRESENTATION_CONTEXT() REPRESENTATION_CONTEXT('2D SPACE',''
  ) );
#644 = PCURVE('',#442,#645);
#645 = DEFINITIONAL_REPRESENTATION('',(#646),#649);
#646 = B_SPLINE_CURVE_WITH_KNOTS('',1,(#647,#648),.UNSPECIFIED.,.F.,.F.,
  (2,2),(0.,5.354330708661),.PIECEWISE_BEZIER_KNOTS.);
#647 = CARTESIAN_POINT('',(0.,9.842519685039E-02));
#648 = CARTESIAN_POINT('',(5.354330708661,9.842519685039E-02));
#649 = ( GEOMETRIC_REPRESENTATION_CONTEXT(2) 
PARAMETRIC_REPRESENTATION_CONTEXT() REPRESENTATION_CONTEXT('2D SPACE',''
  ) );
#650 = ORIENTED_EDGE('',*,*,#453,.T.);
#651 = ORIENTED_EDGE('',*,*,#652,.T.);
#652 = EDGE_CURVE('',#454,#552,#653,.T.);
#653 = SURFACE_CURVE('',#654,(#657,#663),.PCURVE_S1.);
#654 = B_SPLINE_CURVE_WITH_KNOTS('',1,(#655,#656),.UNSPECIFIED.,.F.,.F.,
  (2,2),(0.,5.354330708661),.PIECEWISE_BEZIER_KNOTS.);
#655 = CARTESIAN_POINT('',(81.254,-99.358,136.558));
#656 = CARTESIAN_POINT('',(81.254,-99.358,272.558));
#657 = PCURVE('',#467,#658);
#658 = DEFINITIONAL_REPRESENTATION('',(#659),#662);
#659 = B_SPLINE_CURVE_WITH_KNOTS('',1,(#660,#661),.UNSPECIFIED.,.F.,.F.,
  (2,2),(0.,5.354330708661),.PIECEWISE_BEZIER_KNOTS.);
#660 = CARTESIAN_POINT('',(1.574803149606,0.));
#661 = CARTESIAN_POINT('',(1.574803149606,5.354330708661));
#662 = ( GEOMETRIC_REPRESENTATION_CONTEXT(2) 
PARAMETRIC_REPRESENTATION_CONTEXT() REPRESENTATION_CONTEXT('2D SPACE',''
  ) );
#663 = PCURVE('',#490,#664);
#664 = DEFINITIONAL_REPRESENTATION('',(#665),#668);
#665 = B_SPLINE_CURVE_WITH_KNOTS('',1,(#666,#667),.UNSPECIFIED.,.F.,.F.,
  (2,2),(0.,5.354330708661),.PIECEWISE_BEZIER_KNOTS.);
#666 = CARTESIAN_POINT('',(0.,9.842519685039E-02));
#667 = CARTESIAN_POINT('',(5.354330708661,9.842519685039E-02));
#668 = ( GEOMETRIC_REPRESENTATION_CONTEXT(2) 
PARAMETRIC_REPRESENTATION_CONTEXT() REPRESENTATION_CONTEXT('2D SPACE',''
  ) );
#669 = ORIENTED_EDGE('',*,*,#551,.F.);
#670 = ADVANCED_FACE('',(#671),#442,.F.);
#671 = FACE_BOUND('',#672,.F.);
#672 = EDGE_LOOP('',(#673,#674,#675,#676));
#673 = ORIENTED_EDGE('',*,*,#428,.F.);
#674 = ORIENTED_EDGE('',*,*,#592,.T.);
#675 = ORIENTED_EDGE('',*,*,#531,.T.);
#676 = ORIENTED_EDGE('',*,*,#633,.F.);
#677 = ADVANCED_FACE('',(#678),#490,.T.);
#678 = FACE_BOUND('',#679,.T.);
#679 = EDGE_LOOP('',(#680,#681,#682,#683));
#680 = ORIENTED_EDGE('',*,*,#478,.F.);
#681 = ORIENTED_EDGE('',*,*,#611,.T.);
#682 = ORIENTED_EDGE('',*,*,#571,.T.);
#683 = ORIENTED_EDGE('',*,*,#652,.F.);
#684 = ( GEOMETRIC_REPRESENTATION_CONTEXT(3) 
GLOBAL_UNCERTAINTY_ASSIGNED_CONTEXT((#688)) GLOBAL_UNIT_ASSIGNED_CONTEXT
((#685,#686,#687)) REPRESENTATION_CONTEXT('Context #1',
  '3D Context with UNIT and UNCERTAINTY') );
#685 = ( LENGTH_UNIT() NAMED_UNIT(*) SI_UNIT(.MILLI.,.METRE.) );
#686 = ( NAMED_UNIT(*) PLANE_ANGLE_UNIT() SI_UNIT($,.RADIAN.) );
#687 = ( NAMED_UNIT(*) SI_UNIT($,.STERADIAN.) SOLID_ANGLE_UNIT() );
#688 = UNCERTAINTY_MEASURE_WITH_UNIT(LENGTH_MEASURE(2.E-06),#685,
  'distance_accuracy_value','confusion accuracy');
#689 = CONTEXT_DEPENDENT_SHAPE_REPRESENTATION(#690,#692);
#690 = ( REPRESENTATION_RELATIONSHIP('','',#389,#10) 
REPRESENTATION_RELATIONSHIP_WITH_TRANSFORMATION(#691) 
SHAPE_REPRESENTATION_RELATIONSHIP() );
#691 = ITEM_DEFINED_TRANSFORMATION('','',#11,#19);
#692 = PRODUCT_DEFINITION_SHAPE('Placement','Placement of an item',#693
  );
#693 = NEXT_ASSEMBLY_USAGE_OCCURRENCE('2','plate_B_L','',#5,#384,$);
#694 = PRODUCT_RELATED_PRODUCT_CATEGORY('part',$,(#386));
#695 = SHAPE_DEFINITION_REPRESENTATION(#696,#702);
#696 = PRODUCT_DEFINITION_SHAPE('','',#697);
#697 = PRODUCT_DEFINITION('design','',#698,#701);
#698 = PRODUCT_DEFINITION_FORMATION('','',#699);
#699 = PRODUCT('hub_L','hub_L','',(#700));
#700 = PRODUCT_CONTEXT('',#2,'mechanical');
#701 = PRODUCT_DEFINITION_CONTEXT('part definition',#2,'design');
#702 = ADVANCED_BREP_SHAPE_REPRESENTATION('',(#11,#703),#832);
#703 = MANIFOLD_SOLID_BREP('',#704);
#704 = CLOSED_SHELL('',(#705,#824,#828));
#705 = ADVANCED_FACE('',(#706),#719,.T.);
#706 = FACE_BOUND('',#707,.T.);
#707 = EDGE_LOOP('',(#708,#747,#785,#786));
#708 = ORIENTED_EDGE('',*,*,#709,.T.);
#709 = EDGE_CURVE('',#710,#712,#714,.T.);
#710 = VERTEX_POINT('',#711);
#711 = CARTESIAN_POINT('',(56.754,-127.358,272.558));
#712 = VERTEX_POINT('',#713);
#713 = CARTESIAN_POINT('',(78.754,-127.358,272.558));
#714 = SEAM_CURVE('',#715,(#718,#740),.PCURVE_S1.);
#715 = B_SPLINE_CURVE_WITH_KNOTS('',1,(#716,#717),.UNSPECIFIED.,.F.,.F.,
  (2,2),(0.,0.866141732283),.PIECEWISE_BEZIER_KNOTS.);
#716 = CARTESIAN_POINT('',(56.754,-127.358,272.558));
#717 = CARTESIAN_POINT('',(78.754,-127.358,272.558));
#718 = PCURVE('',#719,#734);
#719 = ( BOUNDED_SURFACE() B_SPLINE_SURFACE(2,1,(
    (#720,#721)
    ,(#722,#723)
    ,(#724,#725)
    ,(#726,#727)
    ,(#728,#729)
    ,(#730,#731)
,(#732,#733
    )),.UNSPECIFIED.,.T.,.F.,.F.) B_SPLINE_SURFACE_WITH_KNOTS((1,2,2,2,2
    ,1),(2,2),(-2.094395102393,0.,2.094395102393,4.188790204786,
    6.28318530718,8.377580409573),(-0.866141732283,0.),.UNSPECIFIED.) 
GEOMETRIC_REPRESENTATION_ITEM() RATIONAL_B_SPLINE_SURFACE((
    (1.,1.)
    ,(0.5,0.5)
    ,(1.,1.)
    ,(0.5,0.5)
    ,(1.,1.)
    ,(0.5,0.5)
,(1.,1.))) REPRESENTATION_ITEM('') SURFACE() );
#720 = CARTESIAN_POINT('',(78.754,-127.358,272.558));
#721 = CARTESIAN_POINT('',(56.754,-127.358,272.558));
#722 = CARTESIAN_POINT('',(78.754,-106.5733903091,272.558));
#723 = CARTESIAN_POINT('',(56.754,-106.5733903091,272.558));
#724 = CARTESIAN_POINT('',(78.754,-116.9656951545,254.558));
#725 = CARTESIAN_POINT('',(56.754,-116.9656951545,254.558));
#726 = CARTESIAN_POINT('',(78.754,-127.358,236.558));
#727 = CARTESIAN_POINT('',(56.754,-127.358,236.558));
#728 = CARTESIAN_POINT('',(78.754,-137.7503048454,254.558));
#729 = CARTESIAN_POINT('',(56.754,-137.7503048454,254.558));
#730 = CARTESIAN_POINT('',(78.754,-148.1426096908,272.558));
#731 = CARTESIAN_POINT('',(56.754,-148.1426096908,272.558));
#732 = CARTESIAN_POINT('',(78.754,-127.358,272.558));
#733 = CARTESIAN_POINT('',(56.754,-127.358,272.558));
#734 = DEFINITIONAL_REPRESENTATION('',(#735),#739);
#735 = B_SPLINE_CURVE_WITH_KNOTS('',2,(#736,#737,#738),.UNSPECIFIED.,.F.
  ,.F.,(3,3),(0.,0.866141732283),.PIECEWISE_BEZIER_KNOTS.);
#736 = CARTESIAN_POINT('',(0.,0.));
#737 = CARTESIAN_POINT('',(0.,-0.433070866142));
#738 = CARTESIAN_POINT('',(0.,-0.866141732283));
#739 = ( GEOMETRIC_REPRESENTATION_CONTEXT(2) 
PARAMETRIC_REPRESENTATION_CONTEXT() REPRESENTATION_CONTEXT('2D SPACE',''
  ) );
#740 = PCURVE('',#719,#741);
#741 = DEFINITIONAL_REPRESENTATION('',(#742),#746);
#742 = B_SPLINE_CURVE_WITH_KNOTS('',2,(#743,#744,#745),.UNSPECIFIED.,.F.
  ,.F.,(3,3),(0.,0.866141732283),.PIECEWISE_BEZIER_KNOTS.);
#743 = CARTESIAN_POINT('',(6.28318530718,0.));
#744 = CARTESIAN_POINT('',(6.28318530718,-0.433070866142));
#745 = CARTESIAN_POINT('',(6.28318530718,-0.866141732283));
#746 = ( GEOMETRIC_REPRESENTATION_CONTEXT(2) 
PARAMETRIC_REPRESENTATION_CONTEXT() REPRESENTATION_CONTEXT('2D SPACE',''
  ) );
#747 = ORIENTED_EDGE('',*,*,#748,.T.);
#748 = EDGE_CURVE('',#712,#712,#749,.T.);
#749 = SURFACE_CURVE('',#750,(#758,#769),.PCURVE_S1.);
#750 = ( BOUNDED_CURVE() B_SPLINE_CURVE(2,(#751,#752,#753,#754,#755,#756
,#757),.UNSPECIFIED.,.T.,.F.) B_SPLINE_CURVE_WITH_KNOTS((1,2,2,2,2,1),(
    -2.094395102393,0.,2.094395102393,4.188790204786,6.28318530718,
8.377580409573),.UNSPECIFIED.) CURVE() GEOMETRIC_REPRESENTATION_ITEM() 
RATIONAL_B_SPLINE_CURVE((1.,0.5,1.,0.5,1.,0.5,1.)) REPRESENTATION_ITEM(
  '') );
#751 = CARTESIAN_POINT('',(78.754,-127.358,272.558));
#752 = CARTESIAN_POINT('',(78.754,-106.5733903091,272.558));
#753 = CARTESIAN_POINT('',(78.754,-116.9656951545,254.558));
#754 = CARTESIAN_POINT('',(78.754,-127.358,236.558));
#755 = CARTESIAN_POINT('',(78.754,-137.7503048454,254.558));
#756 = CARTESIAN_POINT('',(78.754,-148.1426096908,272.558));
#757 = CARTESIAN_POINT('',(78.754,-127.358,272.558));
#758 = PCURVE('',#719,#759);
#759 = DEFINITIONAL_REPRESENTATION('',(#760),#768);
#760 = B_SPLINE_CURVE_WITH_KNOTS('',2,(#761,#762,#763,#764,#765,#766,
    #767),.UNSPECIFIED.,.F.,.F.,(3,2,2,3),(0.,2.094395102393,
    4.188790204786,6.28318530718),.PIECEWISE_BEZIER_KNOTS.);
#761 = CARTESIAN_POINT('',(0.,-0.866141732283));
#762 = CARTESIAN_POINT('',(1.047197551197,-0.866141732283));
#763 = CARTESIAN_POINT('',(2.094395102393,-0.866141732283));
#764 = CARTESIAN_POINT('',(3.14159265359,-0.866141732283));
#765 = CARTESIAN_POINT('',(4.188790204786,-0.866141732283));
#766 = CARTESIAN_POINT('',(5.235987755983,-0.866141732283));
#767 = CARTESIAN_POINT('',(6.28318530718,-0.866141732283));
#768 = ( GEOMETRIC_REPRESENTATION_CONTEXT(2) 
PARAMETRIC_REPRESENTATION_CONTEXT() REPRESENTATION_CONTEXT('2D SPACE',''
  ) );
#769 = PCURVE('',#770,#775);
#770 = B_SPLINE_SURFACE_WITH_KNOTS('',1,1,(
    (#771,#772)
    ,(#773,#774
    )),.UNSPECIFIED.,.F.,.F.,.F.,(2,2),(2,2),(-0.472440944882,
    0.472440944882),(-0.472440944882,0.472440944882),
  .PIECEWISE_BEZIER_KNOTS.);
#771 = CARTESIAN_POINT('',(78.754,-115.358,248.558));
#772 = CARTESIAN_POINT('',(78.754,-115.358,272.558));
#773 = CARTESIAN_POINT('',(78.754,-139.358,248.558));
#774 = CARTESIAN_POINT('',(78.754,-139.358,272.558));
#775 = DEFINITIONAL_REPRESENTATION('',(#776),#784);
#776 = ( BOUNDED_CURVE() B_SPLINE_CURVE(2,(#777,#778,#779,#780,#781,#782
,#783),.UNSPECIFIED.,.T.,.F.) B_SPLINE_CURVE_WITH_KNOTS((1,2,2,2,2,1),(
    -2.094395102393,0.,2.094395102393,4.188790204786,6.28318530718,
8.377580409573),.UNSPECIFIED.) CURVE() GEOMETRIC_REPRESENTATION_ITEM() 
RATIONAL_B_SPLINE_CURVE((1.,0.5,1.,0.5,1.,0.5,1.)) REPRESENTATION_ITEM(
  '') );
#777 = CARTESIAN_POINT('',(1.110223024625E-16,0.472440944882));
#778 = CARTESIAN_POINT('',(-0.818291720111,0.472440944882));
#779 = CARTESIAN_POINT('',(-0.409145860056,-0.236220472441));
#780 = CARTESIAN_POINT('',(0.,-0.944881889764));
#781 = CARTESIAN_POINT('',(0.409145860056,-0.236220472441));
#782 = CARTESIAN_POINT('',(0.818291720111,0.472440944882));
#783 = CARTESIAN_POINT('',(1.110223024625E-16,0.472440944882));
#784 = ( GEOMETRIC_REPRESENTATION_CONTEXT(2) 
PARAMETRIC_REPRESENTATION_CONTEXT() REPRESENTATION_CONTEXT('2D SPACE',''
  ) );
#785 = ORIENTED_EDGE('',*,*,#709,.F.);
#786 = ORIENTED_EDGE('',*,*,#787,.F.);
#787 = EDGE_CURVE('',#710,#710,#788,.T.);
#788 = SURFACE_CURVE('',#789,(#797,#808),.PCURVE_S1.);
#789 = ( BOUNDED_CURVE() B_SPLINE_CURVE(2,(#790,#791,#792,#793,#794,#795
,#796),.UNSPECIFIED.,.T.,.F.) B_SPLINE_CURVE_WITH_KNOTS((1,2,2,2,2,1),(
    -2.094395102393,0.,2.094395102393,4.188790204786,6.28318530718,
8.377580409573),.UNSPECIFIED.) CURVE() GEOMETRIC_REPRESENTATION_ITEM() 
RATIONAL_B_SPLINE_CURVE((1.,0.5,1.,0.5,1.,0.5,1.)) REPRESENTATION_ITEM(
  '') );
#790 = CARTESIAN_POINT('',(56.754,-127.358,272.558));
#791 = CARTESIAN_POINT('',(56.754,-106.5733903091,272.558));
#792 = CARTESIAN_POINT('',(56.754,-116.9656951545,254.558));
#793 = CARTESIAN_POINT('',(56.754,-127.358,236.558));
#794 = CARTESIAN_POINT('',(56.754,-137.7503048454,254.558));
#795 = CARTESIAN_POINT('',(56.754,-148.1426096908,272.558));
#796 = CARTESIAN_POINT('',(56.754,-127.358,272.558));
#797 = PCURVE('',#719,#798);
#798 = DEFINITIONAL_REPRESENTATION('',(#799),#807);
#799 = B_SPLINE_CURVE_WITH_KNOTS('',2,(#800,#801,#802,#803,#804,#805,
    #806),.UNSPECIFIED.,.F.,.F.,(3,2,2,3),(0.,2.094395102393,
    4.188790204786,6.28318530718),.PIECEWISE_BEZIER_KNOTS.);
#800 = CARTESIAN_POINT('',(0.,0.));
#801 = CARTESIAN_POINT('',(1.047197551197,1.159585391746E-30));
#802 = CARTESIAN_POINT('',(2.094395102393,0.));
#803 = CARTESIAN_POINT('',(3.14159265359,-1.509771773957E-16));
#804 = CARTESIAN_POINT('',(4.188790204786,0.));
#805 = CARTESIAN_POINT('',(5.235987755983,6.292266108899E-16));
#806 = CARTESIAN_POINT('',(6.28318530718,0.));
#807 = ( GEOMETRIC_REPRESENTATION_CONTEXT(2) 
PARAMETRIC_REPRESENTATION_CONTEXT() REPRESENTATION_CONTEXT('2D SPACE',''
  ) );
#808 = PCURVE('',#809,#814);
#809 = B_SPLINE_SURFACE_WITH_KNOTS('',1,1,(
    (#810,#811)
    ,(#812,#813
    )),.UNSPECIFIED.,.F.,.F.,.F.,(2,2),(2,2),(-0.472440944882,
    0.472440944882),(-0.472440944882,0.472440944882),
  .PIECEWISE_BEZIER_KNOTS.);
#810 = CARTESIAN_POINT('',(56.754,-115.358,248.558));
#811 = CARTESIAN_POINT('',(56.754,-115.358,272.558));
#812 = CARTESIAN_POINT('',(56.754,-139.358,248.558));
#813 = CARTESIAN_POINT('',(56.754,-139.358,272.558));
#814 = DEFINITIONAL_REPRESENTATION('',(#815),#823);
#815 = ( BOUNDED_CURVE() B_SPLINE_CURVE(2,(#816,#817,#818,#819,#820,#821
,#822),.UNSPECIFIED.,.T.,.F.) B_SPLINE_CURVE_WITH_KNOTS((1,2,2,2,2,1),(
    -2.094395102393,0.,2.094395102393,4.188790204786,6.28318530718,
8.377580409573),.UNSPECIFIED.) CURVE() GEOMETRIC_REPRESENTATION_ITEM() 
RATIONAL_B_SPLINE_CURVE((1.,0.5,1.,0.5,1.,0.5,1.)) REPRESENTATION_ITEM(
  '') );
#816 = CARTESIAN_POINT('',(1.110223024625E-16,0.472440944882));
#817 = CARTESIAN_POINT('',(-0.818291720111,0.472440944882));
#818 = CARTESIAN_POINT('',(-0.409145860056,-0.236220472441));
#819 = CARTESIAN_POINT('',(0.,-0.944881889764));
#820 = CARTESIAN_POINT('',(0.409145860056,-0.236220472441));
#821 = CARTESIAN_POINT('',(0.818291720111,0.472440944882));
#822 = CARTESIAN_POINT('',(1.110223024625E-16,0.472440944882));
#823 = ( GEOMETRIC_REPRESENTATION_CONTEXT(2) 
PARAMETRIC_REPRESENTATION_CONTEXT() REPRESENTATION_CONTEXT('2D SPACE',''
  ) );
#824 = ADVANCED_FACE('',(#825),#809,.T.);
#825 = FACE_BOUND('',#826,.T.);
#826 = EDGE_LOOP('',(#827));
#827 = ORIENTED_EDGE('',*,*,#787,.T.);
#828 = ADVANCED_FACE('',(#829),#770,.F.);
#829 = FACE_BOUND('',#830,.F.);
#830 = EDGE_LOOP('',(#831));
#831 = ORIENTED_EDGE('',*,*,#748,.T.);
#832 = ( GEOMETRIC_REPRESENTATION_CONTEXT(3) 
GLOBAL_UNCERTAINTY_ASSIGNED_CONTEXT((#836)) GLOBAL_UNIT_ASSIGNED_CONTEXT
((#833,#834,#835)) REPRESENTATION_CONTEXT('Context #1',
  '3D Context with UNIT and UNCERTAINTY') );
#833 = ( LENGTH_UNIT() NAMED_UNIT(*) SI_UNIT(.MILLI.,.METRE.) );
#834 = ( NAMED_UNIT(*) PLANE_ANGLE_UNIT() SI_UNIT($,.RADIAN.) );
#835 = ( NAMED_UNIT(*) SI_UNIT($,.STERADIAN.) SOLID_ANGLE_UNIT() );
#836 = UNCERTAINTY_MEASURE_WITH_UNIT(LENGTH_MEASURE(2.E-06),#833,
  'distance_accuracy_value','confusion accuracy');
#837 = CONTEXT_DEPENDENT_SHAPE_REPRESENTATION(#838,#840);
#838 = ( REPRESENTATION_RELATIONSHIP('','',#702,#10) 
REPRESENTATION_RELATIONSHIP_WITH_TRANSFORMATION(#839) 
SHAPE_REPRESENTATION_RELATIONSHIP() );
#839 = ITEM_DEFINED_TRANSFORMATION('','',#11,#23);
#840 = PRODUCT_DEFINITION_SHAPE('Placement','Placement of an item',#841
  );
#841 = NEXT_ASSEMBLY_USAGE_OCCURRENCE('3','hub_L','',#5,#697,$);
#842 = PRODUCT_RELATED_PRODUCT_CATEGORY('part',$,(#699));
#843 = SHAPE_DEFINITION_REPRESENTATION(#844,#850);
#844 = PRODUCT_DEFINITION_SHAPE('','',#845);
#845 = PRODUCT_DEFINITION('design','',#846,#849);
#846 = PRODUCT_DEFINITION_FORMATION('','',#847);
#847 = PRODUCT('screws_L','screws_L','',(#848));
#848 = PRODUCT_CONTEXT('',#2,'mechanical');
#849 = PRODUCT_DEFINITION_CONTEXT('part definition',#2,'design');
#850 = SHAPE_REPRESENTATION('',(#11,#851,#1508,#2165,#2701,#3237,#3773,
    #4309,#4559,#4809,#5059),#5309);
#851 = MANIFOLD_SOLID_BREP('',#852);
#852 = CLOSED_SHELL('',(#853,#972,#1028,#1032,#1097,#1203,#1270,#1313,
    #1356,#1380,#1439,#1504));
#853 = ADVANCED_FACE('',(#854),#867,.T.);
#854 = FACE_BOUND('',#855,.T.);
#855 = EDGE_LOOP('',(#856,#895,#933,#934));
#856 = ORIENTED_EDGE('',*,*,#857,.T.);
#857 = EDGE_CURVE('',#858,#860,#862,.T.);
#858 = VERTEX_POINT('',#859);
#859 = CARTESIAN_POINT('',(78.754,-63.358,136.058));
#860 = VERTEX_POINT('',#861);
#861 = CARTESIAN_POINT('',(82.754,-63.358,136.058));
#862 = SEAM_CURVE('',#863,(#866,#888),.PCURVE_S1.);
#863 = B_SPLINE_CURVE_WITH_KNOTS('',1,(#864,#865),.UNSPECIFIED.,.F.,.F.,
  (2,2),(0.,0.157480314961),.PIECEWISE_BEZIER_KNOTS.);
#864 = CARTESIAN_POINT('',(78.754,-63.358,136.058));
#865 = CARTESIAN_POINT('',(82.754,-63.358,136.058));
#866 = PCURVE('',#867,#882);
#867 = ( BOUNDED_SURFACE() B_SPLINE_SURFACE(2,1,(
    (#868,#869)
    ,(#870,#871)
    ,(#872,#873)
    ,(#874,#875)
    ,(#876,#877)
    ,(#878,#879)
,(#880,#881
    )),.UNSPECIFIED.,.T.,.F.,.F.) B_SPLINE_SURFACE_WITH_KNOTS((1,2,2,2,2
    ,1),(2,2),(-2.094395102393,0.,2.094395102393,4.188790204786,
    6.28318530718,8.377580409573),(-0.157480314961,0.),.UNSPECIFIED.) 
GEOMETRIC_REPRESENTATION_ITEM() RATIONAL_B_SPLINE_SURFACE((
    (1.,1.)
    ,(0.5,0.5)
    ,(1.,1.)
    ,(0.5,0.5)
    ,(1.,1.)
    ,(0.5,0.5)
,(1.,1.))) REPRESENTATION_ITEM('') SURFACE() );
#868 = CARTESIAN_POINT('',(82.754,-63.358,136.058));
#869 = CARTESIAN_POINT('',(78.754,-63.358,136.058));
#870 = CARTESIAN_POINT('',(82.754,-57.2958221735,136.058));
#871 = CARTESIAN_POINT('',(78.754,-57.2958221735,136.058));
#872 = CARTESIAN_POINT('',(82.754,-60.32691108675,130.808));
#873 = CARTESIAN_POINT('',(78.754,-60.32691108675,130.808));
#874 = CARTESIAN_POINT('',(82.754,-63.358,125.558));
#875 = CARTESIAN_POINT('',(78.754,-63.358,125.558));
#876 = CARTESIAN_POINT('',(82.754,-66.38908891324,130.808));
#877 = CARTESIAN_POINT('',(78.754,-66.38908891324,130.808));
#878 = CARTESIAN_POINT('',(82.754,-69.42017782649,136.058));
#879 = CARTESIAN_POINT('',(78.754,-69.42017782649,136.058));
#880 = CARTESIAN_POINT('',(82.754,-63.358,136.058));
#881 = CARTESIAN_POINT('',(78.754,-63.358,136.058));
#882 = DEFINITIONAL_REPRESENTATION('',(#883),#887);
#883 = B_SPLINE_CURVE_WITH_KNOTS('',2,(#884,#885,#886),.UNSPECIFIED.,.F.
  ,.F.,(3,3),(0.,0.157480314961),.PIECEWISE_BEZIER_KNOTS.);
#884 = CARTESIAN_POINT('',(0.,0.));
#885 = CARTESIAN_POINT('',(0.,-7.874015748031E-02));
#886 = CARTESIAN_POINT('',(0.,-0.157480314961));
#887 = ( GEOMETRIC_REPRESENTATION_CONTEXT(2) 
PARAMETRIC_REPRESENTATION_CONTEXT() REPRESENTATION_CONTEXT('2D SPACE',''
  ) );
#888 = PCURVE('',#867,#889);
#889 = DEFINITIONAL_REPRESENTATION('',(#890),#894);
#890 = B_SPLINE_CURVE_WITH_KNOTS('',2,(#891,#892,#893),.UNSPECIFIED.,.F.
  ,.F.,(3,3),(0.,0.157480314961),.PIECEWISE_BEZIER_KNOTS.);
#891 = CARTESIAN_POINT('',(6.28318530718,0.));
#892 = CARTESIAN_POINT('',(6.28318530718,-7.874015748031E-02));
#893 = CARTESIAN_POINT('',(6.28318530718,-0.157480314961));
#894 = ( GEOMETRIC_REPRESENTATION_CONTEXT(2) 
PARAMETRIC_REPRESENTATION_CONTEXT() REPRESENTATION_CONTEXT('2D SPACE',''
  ) );
#895 = ORIENTED_EDGE('',*,*,#896,.T.);
#896 = EDGE_CURVE('',#860,#860,#897,.T.);
#897 = SURFACE_CURVE('',#898,(#906,#917),.PCURVE_S1.);
#898 = ( BOUNDED_CURVE() B_SPLINE_CURVE(2,(#899,#900,#901,#902,#903,#904
,#905),.UNSPECIFIED.,.T.,.F.) B_SPLINE_CURVE_WITH_KNOTS((1,2,2,2,2,1),(
    -2.094395102393,0.,2.094395102393,4.188790204786,6.28318530718,
8.377580409573),.UNSPECIFIED.) CURVE() GEOMETRIC_REPRESENTATION_ITEM() 
RATIONAL_B_SPLINE_CURVE((1.,0.5,1.,0.5,1.,0.5,1.)) REPRESENTATION_ITEM(
  '') );
#899 = CARTESIAN_POINT('',(82.754,-63.358,136.058));
#900 = CARTESIAN_POINT('',(82.754,-57.2958221735,136.058));
#901 = CARTESIAN_POINT('',(82.754,-60.32691108675,130.808));
#902 = CARTESIAN_POINT('',(82.754,-63.358,125.558));
#903 = CARTESIAN_POINT('',(82.754,-66.38908891324,130.808));
#904 = CARTESIAN_POINT('',(82.754,-69.42017782649,136.058));
#905 = CARTESIAN_POINT('',(82.754,-63.358,136.058));
#906 = PCURVE('',#867,#907);
#907 = DEFINITIONAL_REPRESENTATION('',(#908),#916);
#908 = B_SPLINE_CURVE_WITH_KNOTS('',2,(#909,#910,#911,#912,#913,#914,
    #915),.UNSPECIFIED.,.F.,.F.,(3,2,2,3),(0.,2.094395102393,
    4.188790204786,6.28318530718),.PIECEWISE_BEZIER_KNOTS.);
#909 = CARTESIAN_POINT('',(0.,-0.157480314961));
#910 = CARTESIAN_POINT('',(1.047197551197,-0.157480314961));
#911 = CARTESIAN_POINT('',(2.094395102393,-0.157480314961));
#912 = CARTESIAN_POINT('',(3.14159265359,-0.157480314961));
#913 = CARTESIAN_POINT('',(4.188790204786,-0.157480314961));
#914 = CARTESIAN_POINT('',(5.235987755983,-0.157480314961));
#915 = CARTESIAN_POINT('',(6.28318530718,-0.157480314961));
#916 = ( GEOMETRIC_REPRESENTATION_CONTEXT(2) 
PARAMETRIC_REPRESENTATION_CONTEXT() REPRESENTATION_CONTEXT('2D SPACE',''
  ) );
#917 = PCURVE('',#918,#923);
#918 = B_SPLINE_SURFACE_WITH_KNOTS('',1,1,(
    (#919,#920)
    ,(#921,#922
    )),.UNSPECIFIED.,.F.,.F.,.F.,(2,2),(2,2),(-0.137795275591,
    0.137795275591),(-0.137795275591,0.137795275591),
  .PIECEWISE_BEZIER_KNOTS.);
#919 = CARTESIAN_POINT('',(82.754,-59.858,129.058));
#920 = CARTESIAN_POINT('',(82.754,-59.858,136.058));
#921 = CARTESIAN_POINT('',(82.754,-66.858,129.058));
#922 = CARTESIAN_POINT('',(82.754,-66.858,136.058));
#923 = DEFINITIONAL_REPRESENTATION('',(#924),#932);
#924 = ( BOUNDED_CURVE() B_SPLINE_CURVE(2,(#925,#926,#927,#928,#929,#930
,#931),.UNSPECIFIED.,.T.,.F.) B_SPLINE_CURVE_WITH_KNOTS((1,2,2,2,2,1),(
    -2.094395102393,0.,2.094395102393,4.188790204786,6.28318530718,
8.377580409573),.UNSPECIFIED.) CURVE() GEOMETRIC_REPRESENTATION_ITEM() 
RATIONAL_B_SPLINE_CURVE((1.,0.5,1.,0.5,1.,0.5,1.)) REPRESENTATION_ITEM(
  '') );
#925 = CARTESIAN_POINT('',(8.881784197001E-16,0.137795275591));
#926 = CARTESIAN_POINT('',(-0.238668418366,0.137795275591));
#927 = CARTESIAN_POINT('',(-0.119334209183,-6.889763779528E-02));
#928 = CARTESIAN_POINT('',(8.881784197001E-16,-0.275590551181));
#929 = CARTESIAN_POINT('',(0.119334209183,-6.889763779528E-02));
#930 = CARTESIAN_POINT('',(0.238668418366,0.137795275591));
#931 = CARTESIAN_POINT('',(8.881784197001E-16,0.137795275591));
#932 = ( GEOMETRIC_REPRESENTATION_CONTEXT(2) 
PARAMETRIC_REPRESENTATION_CONTEXT() REPRESENTATION_CONTEXT('2D SPACE',''
  ) );
#933 = ORIENTED_EDGE('',*,*,#857,.F.);
#934 = ORIENTED_EDGE('',*,*,#935,.F.);
#935 = EDGE_CURVE('',#858,#858,#936,.T.);
#936 = SURFACE_CURVE('',#937,(#945,#956),.PCURVE_S1.);
#937 = ( BOUNDED_CURVE() B_SPLINE_CURVE(2,(#938,#939,#940,#941,#942,#943
,#944),.UNSPECIFIED.,.T.,.F.) B_SPLINE_CURVE_WITH_KNOTS((1,2,2,2,2,1),(
    -2.094395102393,0.,2.094395102393,4.188790204786,6.28318530718,
8.377580409573),.UNSPECIFIED.) CURVE() GEOMETRIC_REPRESENTATION_ITEM() 
RATIONAL_B_SPLINE_CURVE((1.,0.5,1.,0.5,1.,0.5,1.)) REPRESENTATION_ITEM(
  '') );
#938 = CARTESIAN_POINT('',(78.754,-63.358,136.058));
#939 = CARTESIAN_POINT('',(78.754,-57.2958221735,136.058));
#940 = CARTESIAN_POINT('',(78.754,-60.32691108675,130.808));
#941 = CARTESIAN_POINT('',(78.754,-63.358,125.558));
#942 = CARTESIAN_POINT('',(78.754,-66.38908891324,130.808));
#943 = CARTESIAN_POINT('',(78.754,-69.42017782649,136.058));
#944 = CARTESIAN_POINT('',(78.754,-63.358,136.058));
#945 = PCURVE('',#867,#946);
#946 = DEFINITIONAL_REPRESENTATION('',(#947),#955);
#947 = B_SPLINE_CURVE_WITH_KNOTS('',2,(#948,#949,#950,#951,#952,#953,
    #954),.UNSPECIFIED.,.F.,.F.,(3,2,2,3),(0.,2.094395102393,
    4.188790204786,6.28318530718),.PIECEWISE_BEZIER_KNOTS.);
#948 = CARTESIAN_POINT('',(0.,0.));
#949 = CARTESIAN_POINT('',(1.047197551197,-3.448087409241E-15));
#950 = CARTESIAN_POINT('',(2.094395102393,0.));
#951 = CARTESIAN_POINT('',(3.14159265359,-2.052188299495E-15));
#952 = CARTESIAN_POINT('',(4.188790204786,-8.881784197001E-16));
#953 = CARTESIAN_POINT('',(5.235987755983,-2.530437732989E-15));
#954 = CARTESIAN_POINT('',(6.28318530718,0.));
#955 = ( GEOMETRIC_REPRESENTATION_CONTEXT(2) 
PARAMETRIC_REPRESENTATION_CONTEXT() REPRESENTATION_CONTEXT('2D SPACE',''
  ) );
#956 = PCURVE('',#957,#962);
#957 = B_SPLINE_SURFACE_WITH_KNOTS('',1,1,(
    (#958,#959)
    ,(#960,#961
    )),.UNSPECIFIED.,.F.,.F.,.F.,(2,2),(2,2),(-0.137795275591,
    0.137795275591),(-0.137795275591,0.137795275591),
  .PIECEWISE_BEZIER_KNOTS.);
#958 = CARTESIAN_POINT('',(78.754,-59.858,129.058));
#959 = CARTESIAN_POINT('',(78.754,-59.858,136.058));
#960 = CARTESIAN_POINT('',(78.754,-66.858,129.058));
#961 = CARTESIAN_POINT('',(78.754,-66.858,136.058));
#962 = DEFINITIONAL_REPRESENTATION('',(#963),#971);
#963 = ( BOUNDED_CURVE() B_SPLINE_CURVE(2,(#964,#965,#966,#967,#968,#969
,#970),.UNSPECIFIED.,.T.,.F.) B_SPLINE_CURVE_WITH_KNOTS((1,2,2,2,2,1),(
    -2.094395102393,0.,2.094395102393,4.188790204786,6.28318530718,
8.377580409573),.UNSPECIFIED.) CURVE() GEOMETRIC_REPRESENTATION_ITEM() 
RATIONAL_B_SPLINE_CURVE((1.,0.5,1.,0.5,1.,0.5,1.)) REPRESENTATION_ITEM(
  '') );
#964 = CARTESIAN_POINT('',(8.881784197001E-16,0.137795275591));
#965 = CARTESIAN_POINT('',(-0.238668418366,0.137795275591));
#966 = CARTESIAN_POINT('',(-0.119334209183,-6.889763779528E-02));
#967 = CARTESIAN_POINT('',(8.881784197001E-16,-0.275590551181));
#968 = CARTESIAN_POINT('',(0.119334209183,-6.889763779528E-02));
#969 = CARTESIAN_POINT('',(0.238668418366,0.137795275591));
#970 = CARTESIAN_POINT('',(8.881784197001E-16,0.137795275591));
#971 = ( GEOMETRIC_REPRESENTATION_CONTEXT(2) 
PARAMETRIC_REPRESENTATION_CONTEXT() REPRESENTATION_CONTEXT('2D SPACE',''
  ) );
#972 = ADVANCED_FACE('',(#973,#976),#957,.T.);
#973 = FACE_BOUND('',#974,.T.);
#974 = EDGE_LOOP('',(#975));
#975 = ORIENTED_EDGE('',*,*,#935,.T.);
#976 = FACE_BOUND('',#977,.T.);
#977 = EDGE_LOOP('',(#978));
#978 = ORIENTED_EDGE('',*,*,#979,.F.);
#979 = EDGE_CURVE('',#980,#980,#982,.T.);
#980 = VERTEX_POINT('',#981);
#981 = CARTESIAN_POINT('',(78.754,-63.358,134.558));
#982 = SURFACE_CURVE('',#983,(#991,#1002),.PCURVE_S1.);
#983 = ( BOUNDED_CURVE() B_SPLINE_CURVE(2,(#984,#985,#986,#987,#988,#989
,#990),.UNSPECIFIED.,.T.,.F.) B_SPLINE_CURVE_WITH_KNOTS((1,2,2,2,2,1),(
    -2.094395102393,0.,2.094395102393,4.188790204786,6.28318530718,
8.377580409573),.UNSPECIFIED.) CURVE() GEOMETRIC_REPRESENTATION_ITEM() 
RATIONAL_B_SPLINE_CURVE((1.,0.5,1.,0.5,1.,0.5,1.)) REPRESENTATION_ITEM(
  '') );
#984 = CARTESIAN_POINT('',(78.754,-63.358,134.558));
#985 = CARTESIAN_POINT('',(78.754,-59.89389838486,134.558));
#986 = CARTESIAN_POINT('',(78.754,-61.62594919243,131.558));
#987 = CARTESIAN_POINT('',(78.754,-63.358,128.558));
#988 = CARTESIAN_POINT('',(78.754,-65.09005080756,131.558));
#989 = CARTESIAN_POINT('',(78.754,-66.82210161513,134.558));
#990 = CARTESIAN_POINT('',(78.754,-63.358,134.558));
#991 = PCURVE('',#957,#992);
#992 = DEFINITIONAL_REPRESENTATION('',(#993),#1001);
#993 = ( BOUNDED_CURVE() B_SPLINE_CURVE(2,(#994,#995,#996,#997,#998,#999
,#1000),.UNSPECIFIED.,.T.,.F.) B_SPLINE_CURVE_WITH_KNOTS((1,2,2,2,2,1),(
    -2.094395102393,0.,2.094395102393,4.188790204786,6.28318530718,
8.377580409573),.UNSPECIFIED.) CURVE() GEOMETRIC_REPRESENTATION_ITEM() 
RATIONAL_B_SPLINE_CURVE((1.,0.5,1.,0.5,1.,0.5,1.)) REPRESENTATION_ITEM(
  '') );
#994 = CARTESIAN_POINT('',(8.881784197001E-16,7.874015748031E-02));
#995 = CARTESIAN_POINT('',(-0.136381953352,7.874015748031E-02));
#996 = CARTESIAN_POINT('',(-6.819097667594E-02,-3.937007874016E-02));
#997 = CARTESIAN_POINT('',(8.881784197001E-16,-0.157480314961));
#998 = CARTESIAN_POINT('',(6.819097667594E-02,-3.937007874016E-02));
#999 = CARTESIAN_POINT('',(0.136381953352,7.874015748031E-02));
#1000 = CARTESIAN_POINT('',(8.881784197001E-16,7.874015748031E-02));
#1001 = ( GEOMETRIC_REPRESENTATION_CONTEXT(2) 
PARAMETRIC_REPRESENTATION_CONTEXT() REPRESENTATION_CONTEXT('2D SPACE',''
  ) );
#1002 = PCURVE('',#1003,#1018);
#1003 = ( BOUNDED_SURFACE() B_SPLINE_SURFACE(2,1,(
    (#1004,#1005)
    ,(#1006,#1007)
    ,(#1008,#1009)
    ,(#1010,#1011)
    ,(#1012,#1013)
    ,(#1014,#1015)
    ,(#1016,#1017
)),.UNSPECIFIED.,.T.,.F.,.F.) B_SPLINE_SURFACE_WITH_KNOTS((1,2,2,2,2,1),
  (2,2),(-2.094395102393,0.,2.094395102393,4.188790204786,6.28318530718,
    8.377580409573),(-0.403700787402,-0.196850393701),.UNSPECIFIED.) 
GEOMETRIC_REPRESENTATION_ITEM() RATIONAL_B_SPLINE_SURFACE((
    (1.,1.)
    ,(0.5,0.5)
    ,(1.,1.)
    ,(0.5,0.5)
    ,(1.,1.)
    ,(0.5,0.5)
,(1.,1.))) REPRESENTATION_ITEM('') SURFACE() );
#1004 = CARTESIAN_POINT('',(78.754,-63.358,134.558));
#1005 = CARTESIAN_POINT('',(73.5,-63.358,134.558));
#1006 = CARTESIAN_POINT('',(78.754,-59.89389838486,134.558));
#1007 = CARTESIAN_POINT('',(73.5,-59.89389838486,134.558));
#1008 = CARTESIAN_POINT('',(78.754,-61.62594919243,131.558));
#1009 = CARTESIAN_POINT('',(73.5,-61.62594919243,131.558));
#1010 = CARTESIAN_POINT('',(78.754,-63.358,128.558));
#1011 = CARTESIAN_POINT('',(73.5,-63.358,128.558));
#1012 = CARTESIAN_POINT('',(78.754,-65.09005080756,131.558));
#1013 = CARTESIAN_POINT('',(73.5,-65.09005080756,131.558));
#1014 = CARTESIAN_POINT('',(78.754,-66.82210161513,134.558));
#1015 = CARTESIAN_POINT('',(73.5,-66.82210161513,134.558));
#1016 = CARTESIAN_POINT('',(78.754,-63.358,134.558));
#1017 = CARTESIAN_POINT('',(73.5,-63.358,134.558));
#1018 = DEFINITIONAL_REPRESENTATION('',(#1019),#1027);
#1019 = B_SPLINE_CURVE_WITH_KNOTS('',2,(#1020,#1021,#1022,#1023,#1024,
    #1025,#1026),.UNSPECIFIED.,.F.,.F.,(3,2,2,3),(0.,2.094395102393,
    4.188790204786,6.28318530718),.PIECEWISE_BEZIER_KNOTS.);
#1020 = CARTESIAN_POINT('',(0.,-0.403700787402));
#1021 = CARTESIAN_POINT('',(1.047197551197,-0.403700787402));
#1022 = CARTESIAN_POINT('',(2.094395102393,-0.403700787402));
#1023 = CARTESIAN_POINT('',(3.14159265359,-0.403700787402));
#1024 = CARTESIAN_POINT('',(4.188790204786,-0.403700787402));
#1025 = CARTESIAN_POINT('',(5.235987755983,-0.403700787402));
#1026 = CARTESIAN_POINT('',(6.28318530718,-0.403700787402));
#1027 = ( GEOMETRIC_REPRESENTATION_CONTEXT(2) 
PARAMETRIC_REPRESENTATION_CONTEXT() REPRESENTATION_CONTEXT('2D SPACE',''
  ) );
#1028 = ADVANCED_FACE('',(#1029),#918,.F.);
#1029 = FACE_BOUND('',#1030,.F.);
#1030 = EDGE_LOOP('',(#1031));
#1031 = ORIENTED_EDGE('',*,*,#896,.T.);
#1032 = ADVANCED_FACE('',(#1033),#1003,.T.);
#1033 = FACE_BOUND('',#1034,.T.);
#1034 = EDGE_LOOP('',(#1035,#1075,#1095,#1096));
#1035 = ORIENTED_EDGE('',*,*,#1036,.F.);
#1036 = EDGE_CURVE('',#1037,#1037,#1039,.T.);
#1037 = VERTEX_POINT('',#1038);
#1038 = CARTESIAN_POINT('',(73.5,-63.358,134.558));
#1039 = SURFACE_CURVE('',#1040,(#1048,#1059),.PCURVE_S1.);
#1040 = ( BOUNDED_CURVE() B_SPLINE_CURVE(2,(#1041,#1042,#1043,#1044,
#1045,#1046,#1047),.UNSPECIFIED.,.T.,.F.) B_SPLINE_CURVE_WITH_KNOTS((1,2
    ,2,2,2,1),(-2.094395102393,0.,2.094395102393,4.188790204786,
6.28318530718,8.377580409573),.UNSPECIFIED.) CURVE() 
GEOMETRIC_REPRESENTATION_ITEM() RATIONAL_B_SPLINE_CURVE((1.,0.5,1.,0.5,
1.,0.5,1.)) REPRESENTATION_ITEM('') );
#1041 = CARTESIAN_POINT('',(73.5,-63.358,134.558));
#1042 = CARTESIAN_POINT('',(73.5,-59.89389838486,134.558));
#1043 = CARTESIAN_POINT('',(73.5,-61.62594919243,131.558));
#1044 = CARTESIAN_POINT('',(73.5,-63.358,128.558));
#1045 = CARTESIAN_POINT('',(73.5,-65.09005080756,131.558));
#1046 = CARTESIAN_POINT('',(73.5,-66.82210161513,134.558));
#1047 = CARTESIAN_POINT('',(73.5,-63.358,134.558));
#1048 = PCURVE('',#1003,#1049);
#1049 = DEFINITIONAL_REPRESENTATION('',(#1050),#1058);
#1050 = B_SPLINE_CURVE_WITH_KNOTS('',2,(#1051,#1052,#1053,#1054,#1055,
    #1056,#1057),.UNSPECIFIED.,.F.,.F.,(3,2,2,3),(0.,2.094395102393,
    4.188790204786,6.28318530718),.PIECEWISE_BEZIER_KNOTS.);
#1051 = CARTESIAN_POINT('',(0.,-0.196850393701));
#1052 = CARTESIAN_POINT('',(1.047197551197,-0.196850393701));
#1053 = CARTESIAN_POINT('',(2.094395102393,-0.196850393701));
#1054 = CARTESIAN_POINT('',(3.14159265359,-0.196850393701));
#1055 = CARTESIAN_POINT('',(4.188790204786,-0.196850393701));
#1056 = CARTESIAN_POINT('',(5.235987755983,-0.196850393701));
#1057 = CARTESIAN_POINT('',(6.28318530718,-0.196850393701));
#1058 = ( GEOMETRIC_REPRESENTATION_CONTEXT(2) 
PARAMETRIC_REPRESENTATION_CONTEXT() REPRESENTATION_CONTEXT('2D SPACE',''
  ) );
#1059 = PCURVE('',#1060,#1065);
#1060 = B_SPLINE_SURFACE_WITH_KNOTS('',1,1,(
    (#1061,#1062)
    ,(#1063,#1064
    )),.UNSPECIFIED.,.F.,.F.,.F.,(2,2),(2,2),(0.,0.275590551181),(0.,
    0.318897637795),.PIECEWISE_BEZIER_KNOTS.);
#1061 = CARTESIAN_POINT('',(73.5,-66.858,128.508));
#1062 = CARTESIAN_POINT('',(73.5,-66.858,136.608));
#1063 = CARTESIAN_POINT('',(73.5,-59.858,128.508));
#1064 = CARTESIAN_POINT('',(73.5,-59.858,136.608));
#1065 = DEFINITIONAL_REPRESENTATION('',(#1066),#1074);
#1066 = ( BOUNDED_CURVE() B_SPLINE_CURVE(2,(#1067,#1068,#1069,#1070,
#1071,#1072,#1073),.UNSPECIFIED.,.T.,.F.) B_SPLINE_CURVE_WITH_KNOTS((1,2
    ,2,2,2,1),(-2.094395102393,0.,2.094395102393,4.188790204786,
6.28318530718,8.377580409573),.UNSPECIFIED.) CURVE() 
GEOMETRIC_REPRESENTATION_ITEM() RATIONAL_B_SPLINE_CURVE((1.,0.5,1.,0.5,
1.,0.5,1.)) REPRESENTATION_ITEM('') );
#1067 = CARTESIAN_POINT('',(0.137795275591,0.238188976378));
#1068 = CARTESIAN_POINT('',(0.274177228942,0.238188976378));
#1069 = CARTESIAN_POINT('',(0.205986252266,0.120078740157));
#1070 = CARTESIAN_POINT('',(0.137795275591,1.968503937008E-03));
#1071 = CARTESIAN_POINT('',(6.960429891461E-02,0.120078740157));
#1072 = CARTESIAN_POINT('',(1.413322238671E-03,0.238188976378));
#1073 = CARTESIAN_POINT('',(0.137795275591,0.238188976378));
#1074 = ( GEOMETRIC_REPRESENTATION_CONTEXT(2) 
PARAMETRIC_REPRESENTATION_CONTEXT() REPRESENTATION_CONTEXT('2D SPACE',''
  ) );
#1075 = ORIENTED_EDGE('',*,*,#1076,.T.);
#1076 = EDGE_CURVE('',#1037,#980,#1077,.T.);
#1077 = SEAM_CURVE('',#1078,(#1081,#1088),.PCURVE_S1.);
#1078 = B_SPLINE_CURVE_WITH_KNOTS('',1,(#1079,#1080),.UNSPECIFIED.,.F.,
  .F.,(2,2),(0.196850393701,0.403700787402),.PIECEWISE_BEZIER_KNOTS.);
#1079 = CARTESIAN_POINT('',(73.5,-63.358,134.558));
#1080 = CARTESIAN_POINT('',(78.754,-63.358,134.558));
#1081 = PCURVE('',#1003,#1082);
#1082 = DEFINITIONAL_REPRESENTATION('',(#1083),#1087);
#1083 = B_SPLINE_CURVE_WITH_KNOTS('',2,(#1084,#1085,#1086),
  .UNSPECIFIED.,.F.,.F.,(3,3),(0.196850393701,0.403700787402),
  .PIECEWISE_BEZIER_KNOTS.);
#1084 = CARTESIAN_POINT('',(6.28318530718,-0.196850393701));
#1085 = CARTESIAN_POINT('',(6.28318530718,-0.300275590551));
#1086 = CARTESIAN_POINT('',(6.28318530718,-0.403700787402));
#1087 = ( GEOMETRIC_REPRESENTATION_CONTEXT(2) 
PARAMETRIC_REPRESENTATION_CONTEXT() REPRESENTATION_CONTEXT('2D SPACE',''
  ) );
#1088 = PCURVE('',#1003,#1089);
#1089 = DEFINITIONAL_REPRESENTATION('',(#1090),#1094);
#1090 = B_SPLINE_CURVE_WITH_KNOTS('',2,(#1091,#1092,#1093),
  .UNSPECIFIED.,.F.,.F.,(3,3),(0.196850393701,0.403700787402),
  .PIECEWISE_BEZIER_KNOTS.);
#1091 = CARTESIAN_POINT('',(0.,-0.196850393701));
#1092 = CARTESIAN_POINT('',(8.881784197001E-16,-0.300275590551));
#1093 = CARTESIAN_POINT('',(0.,-0.403700787402));
#1094 = ( GEOMETRIC_REPRESENTATION_CONTEXT(2) 
PARAMETRIC_REPRESENTATION_CONTEXT() REPRESENTATION_CONTEXT('2D SPACE',''
  ) );
#1095 = ORIENTED_EDGE('',*,*,#979,.T.);
#1096 = ORIENTED_EDGE('',*,*,#1076,.F.);
#1097 = ADVANCED_FACE('',(#1098,#1200),#1060,.T.);
#1098 = FACE_BOUND('',#1099,.T.);
#1099 = EDGE_LOOP('',(#1100,#1127,#1152,#1177));
#1100 = ORIENTED_EDGE('',*,*,#1101,.F.);
#1101 = EDGE_CURVE('',#1102,#1104,#1106,.T.);
#1102 = VERTEX_POINT('',#1103);
#1103 = CARTESIAN_POINT('',(73.5,-66.858,128.508));
#1104 = VERTEX_POINT('',#1105);
#1105 = CARTESIAN_POINT('',(73.5,-66.858,136.608));
#1106 = SURFACE_CURVE('',#1107,(#1110,#1116),.PCURVE_S1.);
#1107 = B_SPLINE_CURVE_WITH_KNOTS('',1,(#1108,#1109),.UNSPECIFIED.,.F.,
  .F.,(2,2),(0.,0.318897637795),.PIECEWISE_BEZIER_KNOTS.);
#1108 = CARTESIAN_POINT('',(73.5,-66.858,128.508));
#1109 = CARTESIAN_POINT('',(73.5,-66.858,136.608));
#1110 = PCURVE('',#1060,#1111);
#1111 = DEFINITIONAL_REPRESENTATION('',(#1112),#1115);
#1112 = B_SPLINE_CURVE_WITH_KNOTS('',1,(#1113,#1114),.UNSPECIFIED.,.F.,
  .F.,(2,2),(0.,0.318897637795),.PIECEWISE_BEZIER_KNOTS.);
#1113 = CARTESIAN_POINT('',(0.,0.));
#1114 = CARTESIAN_POINT('',(0.,0.318897637795));
#1115 = ( GEOMETRIC_REPRESENTATION_CONTEXT(2) 
PARAMETRIC_REPRESENTATION_CONTEXT() REPRESENTATION_CONTEXT('2D SPACE',''
  ) );
#1116 = PCURVE('',#1117,#1122);
#1117 = B_SPLINE_SURFACE_WITH_KNOTS('',1,1,(
    (#1118,#1119)
    ,(#1120,#1121
    )),.UNSPECIFIED.,.F.,.F.,.F.,(2,2),(2,2),(0.,0.318897637795),(0.,
    0.185039370079),.PIECEWISE_BEZIER_KNOTS.);
#1118 = CARTESIAN_POINT('',(68.8,-66.858,128.508));
#1119 = CARTESIAN_POINT('',(73.5,-66.858,128.508));
#1120 = CARTESIAN_POINT('',(68.8,-66.858,136.608));
#1121 = CARTESIAN_POINT('',(73.5,-66.858,136.608));
#1122 = DEFINITIONAL_REPRESENTATION('',(#1123),#1126);
#1123 = B_SPLINE_CURVE_WITH_KNOTS('',1,(#1124,#1125),.UNSPECIFIED.,.F.,
  .F.,(2,2),(0.,0.318897637795),.PIECEWISE_BEZIER_KNOTS.);
#1124 = CARTESIAN_POINT('',(0.,0.185039370079));
#1125 = CARTESIAN_POINT('',(0.318897637795,0.185039370079));
#1126 = ( GEOMETRIC_REPRESENTATION_CONTEXT(2) 
PARAMETRIC_REPRESENTATION_CONTEXT() REPRESENTATION_CONTEXT('2D SPACE',''
  ) );
#1127 = ORIENTED_EDGE('',*,*,#1128,.T.);
#1128 = EDGE_CURVE('',#1102,#1129,#1131,.T.);
#1129 = VERTEX_POINT('',#1130);
#1130 = CARTESIAN_POINT('',(73.5,-59.858,128.508));
#1131 = SURFACE_CURVE('',#1132,(#1135,#1141),.PCURVE_S1.);
#1132 = B_SPLINE_CURVE_WITH_KNOTS('',1,(#1133,#1134),.UNSPECIFIED.,.F.,
  .F.,(2,2),(0.,0.275590551181),.PIECEWISE_BEZIER_KNOTS.);
#1133 = CARTESIAN_POINT('',(73.5,-66.858,128.508));
#1134 = CARTESIAN_POINT('',(73.5,-59.858,128.508));
#1135 = PCURVE('',#1060,#1136);
#1136 = DEFINITIONAL_REPRESENTATION('',(#1137),#1140);
#1137 = B_SPLINE_CURVE_WITH_KNOTS('',1,(#1138,#1139),.UNSPECIFIED.,.F.,
  .F.,(2,2),(0.,0.275590551181),.PIECEWISE_BEZIER_KNOTS.);
#1138 = CARTESIAN_POINT('',(0.,0.));
#1139 = CARTESIAN_POINT('',(0.275590551181,0.));
#1140 = ( GEOMETRIC_REPRESENTATION_CONTEXT(2) 
PARAMETRIC_REPRESENTATION_CONTEXT() REPRESENTATION_CONTEXT('2D SPACE',''
  ) );
#1141 = PCURVE('',#1142,#1147);
#1142 = B_SPLINE_SURFACE_WITH_KNOTS('',1,1,(
    (#1143,#1144)
    ,(#1145,#1146
    )),.UNSPECIFIED.,.F.,.F.,.F.,(2,2),(2,2),(0.,0.275590551181),(
    -0.185039370079,0.),.PIECEWISE_BEZIER_KNOTS.);
#1143 = CARTESIAN_POINT('',(73.5,-66.858,128.508));
#1144 = CARTESIAN_POINT('',(68.8,-66.858,128.508));
#1145 = CARTESIAN_POINT('',(73.5,-59.858,128.508));
#1146 = CARTESIAN_POINT('',(68.8,-59.858,128.508));
#1147 = DEFINITIONAL_REPRESENTATION('',(#1148),#1151);
#1148 = B_SPLINE_CURVE_WITH_KNOTS('',1,(#1149,#1150),.UNSPECIFIED.,.F.,
  .F.,(2,2),(0.,0.275590551181),.PIECEWISE_BEZIER_KNOTS.);
#1149 = CARTESIAN_POINT('',(0.,-0.185039370079));
#1150 = CARTESIAN_POINT('',(0.275590551181,-0.185039370079));
#1151 = ( GEOMETRIC_REPRESENTATION_CONTEXT(2) 
PARAMETRIC_REPRESENTATION_CONTEXT() REPRESENTATION_CONTEXT('2D SPACE',''
  ) );
#1152 = ORIENTED_EDGE('',*,*,#1153,.T.);
#1153 = EDGE_CURVE('',#1129,#1154,#1156,.T.);
#1154 = VERTEX_POINT('',#1155);
#1155 = CARTESIAN_POINT('',(73.5,-59.858,136.608));
#1156 = SURFACE_CURVE('',#1157,(#1160,#1166),.PCURVE_S1.);
#1157 = B_SPLINE_CURVE_WITH_KNOTS('',1,(#1158,#1159),.UNSPECIFIED.,.F.,
  .F.,(2,2),(0.,0.318897637795),.PIECEWISE_BEZIER_KNOTS.);
#1158 = CARTESIAN_POINT('',(73.5,-59.858,128.508));
#1159 = CARTESIAN_POINT('',(73.5,-59.858,136.608));
#1160 = PCURVE('',#1060,#1161);
#1161 = DEFINITIONAL_REPRESENTATION('',(#1162),#1165);
#1162 = B_SPLINE_CURVE_WITH_KNOTS('',1,(#1163,#1164),.UNSPECIFIED.,.F.,
  .F.,(2,2),(0.,0.318897637795),.PIECEWISE_BEZIER_KNOTS.);
#1163 = CARTESIAN_POINT('',(0.275590551181,0.));
#1164 = CARTESIAN_POINT('',(0.275590551181,0.318897637795));
#1165 = ( GEOMETRIC_REPRESENTATION_CONTEXT(2) 
PARAMETRIC_REPRESENTATION_CONTEXT() REPRESENTATION_CONTEXT('2D SPACE',''
  ) );
#1166 = PCURVE('',#1167,#1172);
#1167 = B_SPLINE_SURFACE_WITH_KNOTS('',1,1,(
    (#1168,#1169)
    ,(#1170,#1171
    )),.UNSPECIFIED.,.F.,.F.,.F.,(2,2),(2,2),(0.,0.318897637795),(0.,
    0.185039370079),.PIECEWISE_BEZIER_KNOTS.);
#1168 = CARTESIAN_POINT('',(68.8,-59.858,128.508));
#1169 = CARTESIAN_POINT('',(73.5,-59.858,128.508));
#1170 = CARTESIAN_POINT('',(68.8,-59.858,136.608));
#1171 = CARTESIAN_POINT('',(73.5,-59.858,136.608));
#1172 = DEFINITIONAL_REPRESENTATION('',(#1173),#1176);
#1173 = B_SPLINE_CURVE_WITH_KNOTS('',1,(#1174,#1175),.UNSPECIFIED.,.F.,
  .F.,(2,2),(0.,0.318897637795),.PIECEWISE_BEZIER_KNOTS.);
#1174 = CARTESIAN_POINT('',(0.,0.185039370079));
#1175 = CARTESIAN_POINT('',(0.318897637795,0.185039370079));
#1176 = ( GEOMETRIC_REPRESENTATION_CONTEXT(2) 
PARAMETRIC_REPRESENTATION_CONTEXT() REPRESENTATION_CONTEXT('2D SPACE',''
  ) );
#1177 = ORIENTED_EDGE('',*,*,#1178,.F.);
#1178 = EDGE_CURVE('',#1104,#1154,#1179,.T.);
#1179 = SURFACE_CURVE('',#1180,(#1183,#1189),.PCURVE_S1.);
#1180 = B_SPLINE_CURVE_WITH_KNOTS('',1,(#1181,#1182),.UNSPECIFIED.,.F.,
  .F.,(2,2),(0.,0.275590551181),.PIECEWISE_BEZIER_KNOTS.);
#1181 = CARTESIAN_POINT('',(73.5,-66.858,136.608));
#1182 = CARTESIAN_POINT('',(73.5,-59.858,136.608));
#1183 = PCURVE('',#1060,#1184);
#1184 = DEFINITIONAL_REPRESENTATION('',(#1185),#1188);
#1185 = B_SPLINE_CURVE_WITH_KNOTS('',1,(#1186,#1187),.UNSPECIFIED.,.F.,
  .F.,(2,2),(0.,0.275590551181),.PIECEWISE_BEZIER_KNOTS.);
#1186 = CARTESIAN_POINT('',(0.,0.318897637795));
#1187 = CARTESIAN_POINT('',(0.275590551181,0.318897637795));
#1188 = ( GEOMETRIC_REPRESENTATION_CONTEXT(2) 
PARAMETRIC_REPRESENTATION_CONTEXT() REPRESENTATION_CONTEXT('2D SPACE',''
  ) );
#1189 = PCURVE('',#1190,#1195);
#1190 = B_SPLINE_SURFACE_WITH_KNOTS('',1,1,(
    (#1191,#1192)
    ,(#1193,#1194
    )),.UNSPECIFIED.,.F.,.F.,.F.,(2,2),(2,2),(0.,0.275590551181),(
    -0.185039370079,0.),.PIECEWISE_BEZIER_KNOTS.);
#1191 = CARTESIAN_POINT('',(73.5,-66.858,136.608));
#1192 = CARTESIAN_POINT('',(68.8,-66.858,136.608));
#1193 = CARTESIAN_POINT('',(73.5,-59.858,136.608));
#1194 = CARTESIAN_POINT('',(68.8,-59.858,136.608));
#1195 = DEFINITIONAL_REPRESENTATION('',(#1196),#1199);
#1196 = B_SPLINE_CURVE_WITH_KNOTS('',1,(#1197,#1198),.UNSPECIFIED.,.F.,
  .F.,(2,2),(0.,0.275590551181),.PIECEWISE_BEZIER_KNOTS.);
#1197 = CARTESIAN_POINT('',(0.,-0.185039370079));
#1198 = CARTESIAN_POINT('',(0.275590551181,-0.185039370079));
#1199 = ( GEOMETRIC_REPRESENTATION_CONTEXT(2) 
PARAMETRIC_REPRESENTATION_CONTEXT() REPRESENTATION_CONTEXT('2D SPACE',''
  ) );
#1200 = FACE_BOUND('',#1201,.T.);
#1201 = EDGE_LOOP('',(#1202));
#1202 = ORIENTED_EDGE('',*,*,#1036,.T.);
#1203 = ADVANCED_FACE('',(#1204),#1117,.F.);
#1204 = FACE_BOUND('',#1205,.F.);
#1205 = EDGE_LOOP('',(#1206,#1226,#1251,#1269));
#1206 = ORIENTED_EDGE('',*,*,#1207,.F.);
#1207 = EDGE_CURVE('',#1208,#1102,#1210,.T.);
#1208 = VERTEX_POINT('',#1209);
#1209 = CARTESIAN_POINT('',(68.8,-66.858,128.508));
#1210 = SURFACE_CURVE('',#1211,(#1214,#1220),.PCURVE_S1.);
#1211 = B_SPLINE_CURVE_WITH_KNOTS('',1,(#1212,#1213),.UNSPECIFIED.,.F.,
  .F.,(2,2),(0.,0.185039370079),.PIECEWISE_BEZIER_KNOTS.);
#1212 = CARTESIAN_POINT('',(68.8,-66.858,128.508));
#1213 = CARTESIAN_POINT('',(73.5,-66.858,128.508));
#1214 = PCURVE('',#1117,#1215);
#1215 = DEFINITIONAL_REPRESENTATION('',(#1216),#1219);
#1216 = B_SPLINE_CURVE_WITH_KNOTS('',1,(#1217,#1218),.UNSPECIFIED.,.F.,
  .F.,(2,2),(0.,0.185039370079),.PIECEWISE_BEZIER_KNOTS.);
#1217 = CARTESIAN_POINT('',(0.,0.));
#1218 = CARTESIAN_POINT('',(0.,0.185039370079));
#1219 = ( GEOMETRIC_REPRESENTATION_CONTEXT(2) 
PARAMETRIC_REPRESENTATION_CONTEXT() REPRESENTATION_CONTEXT('2D SPACE',''
  ) );
#1220 = PCURVE('',#1142,#1221);
#1221 = DEFINITIONAL_REPRESENTATION('',(#1222),#1225);
#1222 = B_SPLINE_CURVE_WITH_KNOTS('',1,(#1223,#1224),.UNSPECIFIED.,.F.,
  .F.,(2,2),(0.,0.185039370079),.PIECEWISE_BEZIER_KNOTS.);
#1223 = CARTESIAN_POINT('',(0.,0.));
#1224 = CARTESIAN_POINT('',(0.,-0.185039370079));
#1225 = ( GEOMETRIC_REPRESENTATION_CONTEXT(2) 
PARAMETRIC_REPRESENTATION_CONTEXT() REPRESENTATION_CONTEXT('2D SPACE',''
  ) );
#1226 = ORIENTED_EDGE('',*,*,#1227,.T.);
#1227 = EDGE_CURVE('',#1208,#1228,#1230,.T.);
#1228 = VERTEX_POINT('',#1229);
#1229 = CARTESIAN_POINT('',(68.8,-66.858,136.608));
#1230 = SURFACE_CURVE('',#1231,(#1234,#1240),.PCURVE_S1.);
#1231 = B_SPLINE_CURVE_WITH_KNOTS('',1,(#1232,#1233),.UNSPECIFIED.,.F.,
  .F.,(2,2),(0.,0.318897637795),.PIECEWISE_BEZIER_KNOTS.);
#1232 = CARTESIAN_POINT('',(68.8,-66.858,128.508));
#1233 = CARTESIAN_POINT('',(68.8,-66.858,136.608));
#1234 = PCURVE('',#1117,#1235);
#1235 = DEFINITIONAL_REPRESENTATION('',(#1236),#1239);
#1236 = B_SPLINE_CURVE_WITH_KNOTS('',1,(#1237,#1238),.UNSPECIFIED.,.F.,
  .F.,(2,2),(0.,0.318897637795),.PIECEWISE_BEZIER_KNOTS.);
#1237 = CARTESIAN_POINT('',(0.,0.));
#1238 = CARTESIAN_POINT('',(0.318897637795,0.));
#1239 = ( GEOMETRIC_REPRESENTATION_CONTEXT(2) 
PARAMETRIC_REPRESENTATION_CONTEXT() REPRESENTATION_CONTEXT('2D SPACE',''
  ) );
#1240 = PCURVE('',#1241,#1246);
#1241 = B_SPLINE_SURFACE_WITH_KNOTS('',1,1,(
    (#1242,#1243)
    ,(#1244,#1245
    )),.UNSPECIFIED.,.F.,.F.,.F.,(2,2),(2,2),(0.,0.275590551181),(0.,
    0.318897637795),.PIECEWISE_BEZIER_KNOTS.);
#1242 = CARTESIAN_POINT('',(68.8,-66.858,128.508));
#1243 = CARTESIAN_POINT('',(68.8,-66.858,136.608));
#1244 = CARTESIAN_POINT('',(68.8,-59.858,128.508));
#1245 = CARTESIAN_POINT('',(68.8,-59.858,136.608));
#1246 = DEFINITIONAL_REPRESENTATION('',(#1247),#1250);
#1247 = B_SPLINE_CURVE_WITH_KNOTS('',1,(#1248,#1249),.UNSPECIFIED.,.F.,
  .F.,(2,2),(0.,0.318897637795),.PIECEWISE_BEZIER_KNOTS.);
#1248 = CARTESIAN_POINT('',(0.,0.));
#1249 = CARTESIAN_POINT('',(0.,0.318897637795));
#1250 = ( GEOMETRIC_REPRESENTATION_CONTEXT(2) 
PARAMETRIC_REPRESENTATION_CONTEXT() REPRESENTATION_CONTEXT('2D SPACE',''
  ) );
#1251 = ORIENTED_EDGE('',*,*,#1252,.T.);
#1252 = EDGE_CURVE('',#1228,#1104,#1253,.T.);
#1253 = SURFACE_CURVE('',#1254,(#1257,#1263),.PCURVE_S1.);
#1254 = B_SPLINE_CURVE_WITH_KNOTS('',1,(#1255,#1256),.UNSPECIFIED.,.F.,
  .F.,(2,2),(0.,0.185039370079),.PIECEWISE_BEZIER_KNOTS.);
#1255 = CARTESIAN_POINT('',(68.8,-66.858,136.608));
#1256 = CARTESIAN_POINT('',(73.5,-66.858,136.608));
#1257 = PCURVE('',#1117,#1258);
#1258 = DEFINITIONAL_REPRESENTATION('',(#1259),#1262);
#1259 = B_SPLINE_CURVE_WITH_KNOTS('',1,(#1260,#1261),.UNSPECIFIED.,.F.,
  .F.,(2,2),(0.,0.185039370079),.PIECEWISE_BEZIER_KNOTS.);
#1260 = CARTESIAN_POINT('',(0.318897637795,0.));
#1261 = CARTESIAN_POINT('',(0.318897637795,0.185039370079));
#1262 = ( GEOMETRIC_REPRESENTATION_CONTEXT(2) 
PARAMETRIC_REPRESENTATION_CONTEXT() REPRESENTATION_CONTEXT('2D SPACE',''
  ) );
#1263 = PCURVE('',#1190,#1264);
#1264 = DEFINITIONAL_REPRESENTATION('',(#1265),#1268);
#1265 = B_SPLINE_CURVE_WITH_KNOTS('',1,(#1266,#1267),.UNSPECIFIED.,.F.,
  .F.,(2,2),(0.,0.185039370079),.PIECEWISE_BEZIER_KNOTS.);
#1266 = CARTESIAN_POINT('',(0.,0.));
#1267 = CARTESIAN_POINT('',(0.,-0.185039370079));
#1268 = ( GEOMETRIC_REPRESENTATION_CONTEXT(2) 
PARAMETRIC_REPRESENTATION_CONTEXT() REPRESENTATION_CONTEXT('2D SPACE',''
  ) );
#1269 = ORIENTED_EDGE('',*,*,#1101,.F.);
#1270 = ADVANCED_FACE('',(#1271),#1190,.T.);
#1271 = FACE_BOUND('',#1272,.T.);
#1272 = EDGE_LOOP('',(#1273,#1293,#1294,#1295));
#1273 = ORIENTED_EDGE('',*,*,#1274,.F.);
#1274 = EDGE_CURVE('',#1228,#1275,#1277,.T.);
#1275 = VERTEX_POINT('',#1276);
#1276 = CARTESIAN_POINT('',(68.8,-59.858,136.608));
#1277 = SURFACE_CURVE('',#1278,(#1281,#1287),.PCURVE_S1.);
#1278 = B_SPLINE_CURVE_WITH_KNOTS('',1,(#1279,#1280),.UNSPECIFIED.,.F.,
  .F.,(2,2),(0.,0.275590551181),.PIECEWISE_BEZIER_KNOTS.);
#1279 = CARTESIAN_POINT('',(68.8,-66.858,136.608));
#1280 = CARTESIAN_POINT('',(68.8,-59.858,136.608));
#1281 = PCURVE('',#1190,#1282);
#1282 = DEFINITIONAL_REPRESENTATION('',(#1283),#1286);
#1283 = B_SPLINE_CURVE_WITH_KNOTS('',1,(#1284,#1285),.UNSPECIFIED.,.F.,
  .F.,(2,2),(0.,0.275590551181),.PIECEWISE_BEZIER_KNOTS.);
#1284 = CARTESIAN_POINT('',(0.,0.));
#1285 = CARTESIAN_POINT('',(0.275590551181,0.));
#1286 = ( GEOMETRIC_REPRESENTATION_CONTEXT(2) 
PARAMETRIC_REPRESENTATION_CONTEXT() REPRESENTATION_CONTEXT('2D SPACE',''
  ) );
#1287 = PCURVE('',#1241,#1288);
#1288 = DEFINITIONAL_REPRESENTATION('',(#1289),#1292);
#1289 = B_SPLINE_CURVE_WITH_KNOTS('',1,(#1290,#1291),.UNSPECIFIED.,.F.,
  .F.,(2,2),(0.,0.275590551181),.PIECEWISE_BEZIER_KNOTS.);
#1290 = CARTESIAN_POINT('',(0.,0.318897637795));
#1291 = CARTESIAN_POINT('',(0.275590551181,0.318897637795));
#1292 = ( GEOMETRIC_REPRESENTATION_CONTEXT(2) 
PARAMETRIC_REPRESENTATION_CONTEXT() REPRESENTATION_CONTEXT('2D SPACE',''
  ) );
#1293 = ORIENTED_EDGE('',*,*,#1252,.T.);
#1294 = ORIENTED_EDGE('',*,*,#1178,.T.);
#1295 = ORIENTED_EDGE('',*,*,#1296,.F.);
#1296 = EDGE_CURVE('',#1275,#1154,#1297,.T.);
#1297 = SURFACE_CURVE('',#1298,(#1301,#1307),.PCURVE_S1.);
#1298 = B_SPLINE_CURVE_WITH_KNOTS('',1,(#1299,#1300),.UNSPECIFIED.,.F.,
  .F.,(2,2),(0.,0.185039370079),.PIECEWISE_BEZIER_KNOTS.);
#1299 = CARTESIAN_POINT('',(68.8,-59.858,136.608));
#1300 = CARTESIAN_POINT('',(73.5,-59.858,136.608));
#1301 = PCURVE('',#1190,#1302);
#1302 = DEFINITIONAL_REPRESENTATION('',(#1303),#1306);
#1303 = B_SPLINE_CURVE_WITH_KNOTS('',1,(#1304,#1305),.UNSPECIFIED.,.F.,
  .F.,(2,2),(0.,0.185039370079),.PIECEWISE_BEZIER_KNOTS.);
#1304 = CARTESIAN_POINT('',(0.275590551181,0.));
#1305 = CARTESIAN_POINT('',(0.275590551181,-0.185039370079));
#1306 = ( GEOMETRIC_REPRESENTATION_CONTEXT(2) 
PARAMETRIC_REPRESENTATION_CONTEXT() REPRESENTATION_CONTEXT('2D SPACE',''
  ) );
#1307 = PCURVE('',#1167,#1308);
#1308 = DEFINITIONAL_REPRESENTATION('',(#1309),#1312);
#1309 = B_SPLINE_CURVE_WITH_KNOTS('',1,(#1310,#1311),.UNSPECIFIED.,.F.,
  .F.,(2,2),(0.,0.185039370079),.PIECEWISE_BEZIER_KNOTS.);
#1310 = CARTESIAN_POINT('',(0.318897637795,0.));
#1311 = CARTESIAN_POINT('',(0.318897637795,0.185039370079));
#1312 = ( GEOMETRIC_REPRESENTATION_CONTEXT(2) 
PARAMETRIC_REPRESENTATION_CONTEXT() REPRESENTATION_CONTEXT('2D SPACE',''
  ) );
#1313 = ADVANCED_FACE('',(#1314),#1142,.F.);
#1314 = FACE_BOUND('',#1315,.F.);
#1315 = EDGE_LOOP('',(#1316,#1336,#1337,#1338));
#1316 = ORIENTED_EDGE('',*,*,#1317,.F.);
#1317 = EDGE_CURVE('',#1208,#1318,#1320,.T.);
#1318 = VERTEX_POINT('',#1319);
#1319 = CARTESIAN_POINT('',(68.8,-59.858,128.508));
#1320 = SURFACE_CURVE('',#1321,(#1324,#1330),.PCURVE_S1.);
#1321 = B_SPLINE_CURVE_WITH_KNOTS('',1,(#1322,#1323),.UNSPECIFIED.,.F.,
  .F.,(2,2),(0.,0.275590551181),.PIECEWISE_BEZIER_KNOTS.);
#1322 = CARTESIAN_POINT('',(68.8,-66.858,128.508));
#1323 = CARTESIAN_POINT('',(68.8,-59.858,128.508));
#1324 = PCURVE('',#1142,#1325);
#1325 = DEFINITIONAL_REPRESENTATION('',(#1326),#1329);
#1326 = B_SPLINE_CURVE_WITH_KNOTS('',1,(#1327,#1328),.UNSPECIFIED.,.F.,
  .F.,(2,2),(0.,0.275590551181),.PIECEWISE_BEZIER_KNOTS.);
#1327 = CARTESIAN_POINT('',(0.,0.));
#1328 = CARTESIAN_POINT('',(0.275590551181,0.));
#1329 = ( GEOMETRIC_REPRESENTATION_CONTEXT(2) 
PARAMETRIC_REPRESENTATION_CONTEXT() REPRESENTATION_CONTEXT('2D SPACE',''
  ) );
#1330 = PCURVE('',#1241,#1331);
#1331 = DEFINITIONAL_REPRESENTATION('',(#1332),#1335);
#1332 = B_SPLINE_CURVE_WITH_KNOTS('',1,(#1333,#1334),.UNSPECIFIED.,.F.,
  .F.,(2,2),(0.,0.275590551181),.PIECEWISE_BEZIER_KNOTS.);
#1333 = CARTESIAN_POINT('',(0.,0.));
#1334 = CARTESIAN_POINT('',(0.275590551181,0.));
#1335 = ( GEOMETRIC_REPRESENTATION_CONTEXT(2) 
PARAMETRIC_REPRESENTATION_CONTEXT() REPRESENTATION_CONTEXT('2D SPACE',''
  ) );
#1336 = ORIENTED_EDGE('',*,*,#1207,.T.);
#1337 = ORIENTED_EDGE('',*,*,#1128,.T.);
#1338 = ORIENTED_EDGE('',*,*,#1339,.F.);
#1339 = EDGE_CURVE('',#1318,#1129,#1340,.T.);
#1340 = SURFACE_CURVE('',#1341,(#1344,#1350),.PCURVE_S1.);
#1341 = B_SPLINE_CURVE_WITH_KNOTS('',1,(#1342,#1343),.UNSPECIFIED.,.F.,
  .F.,(2,2),(0.,0.185039370079),.PIECEWISE_BEZIER_KNOTS.);
#1342 = CARTESIAN_POINT('',(68.8,-59.858,128.508));
#1343 = CARTESIAN_POINT('',(73.5,-59.858,128.508));
#1344 = PCURVE('',#1142,#1345);
#1345 = DEFINITIONAL_REPRESENTATION('',(#1346),#1349);
#1346 = B_SPLINE_CURVE_WITH_KNOTS('',1,(#1347,#1348),.UNSPECIFIED.,.F.,
  .F.,(2,2),(0.,0.185039370079),.PIECEWISE_BEZIER_KNOTS.);
#1347 = CARTESIAN_POINT('',(0.275590551181,0.));
#1348 = CARTESIAN_POINT('',(0.275590551181,-0.185039370079));
#1349 = ( GEOMETRIC_REPRESENTATION_CONTEXT(2) 
PARAMETRIC_REPRESENTATION_CONTEXT() REPRESENTATION_CONTEXT('2D SPACE',''
  ) );
#1350 = PCURVE('',#1167,#1351);
#1351 = DEFINITIONAL_REPRESENTATION('',(#1352),#1355);
#1352 = B_SPLINE_CURVE_WITH_KNOTS('',1,(#1353,#1354),.UNSPECIFIED.,.F.,
  .F.,(2,2),(0.,0.185039370079),.PIECEWISE_BEZIER_KNOTS.);
#1353 = CARTESIAN_POINT('',(0.,0.));
#1354 = CARTESIAN_POINT('',(0.,0.185039370079));
#1355 = ( GEOMETRIC_REPRESENTATION_CONTEXT(2) 
PARAMETRIC_REPRESENTATION_CONTEXT() REPRESENTATION_CONTEXT('2D SPACE',''
  ) );
#1356 = ADVANCED_FACE('',(#1357),#1167,.T.);
#1357 = FACE_BOUND('',#1358,.T.);
#1358 = EDGE_LOOP('',(#1359,#1360,#1378,#1379));
#1359 = ORIENTED_EDGE('',*,*,#1339,.F.);
#1360 = ORIENTED_EDGE('',*,*,#1361,.T.);
#1361 = EDGE_CURVE('',#1318,#1275,#1362,.T.);
#1362 = SURFACE_CURVE('',#1363,(#1366,#1372),.PCURVE_S1.);
#1363 = B_SPLINE_CURVE_WITH_KNOTS('',1,(#1364,#1365),.UNSPECIFIED.,.F.,
  .F.,(2,2),(0.,0.318897637795),.PIECEWISE_BEZIER_KNOTS.);
#1364 = CARTESIAN_POINT('',(68.8,-59.858,128.508));
#1365 = CARTESIAN_POINT('',(68.8,-59.858,136.608));
#1366 = PCURVE('',#1167,#1367);
#1367 = DEFINITIONAL_REPRESENTATION('',(#1368),#1371);
#1368 = B_SPLINE_CURVE_WITH_KNOTS('',1,(#1369,#1370),.UNSPECIFIED.,.F.,
  .F.,(2,2),(0.,0.318897637795),.PIECEWISE_BEZIER_KNOTS.);
#1369 = CARTESIAN_POINT('',(0.,0.));
#1370 = CARTESIAN_POINT('',(0.318897637795,0.));
#1371 = ( GEOMETRIC_REPRESENTATION_CONTEXT(2) 
PARAMETRIC_REPRESENTATION_CONTEXT() REPRESENTATION_CONTEXT('2D SPACE',''
  ) );
#1372 = PCURVE('',#1241,#1373);
#1373 = DEFINITIONAL_REPRESENTATION('',(#1374),#1377);
#1374 = B_SPLINE_CURVE_WITH_KNOTS('',1,(#1375,#1376),.UNSPECIFIED.,.F.,
  .F.,(2,2),(0.,0.318897637795),.PIECEWISE_BEZIER_KNOTS.);
#1375 = CARTESIAN_POINT('',(0.275590551181,0.));
#1376 = CARTESIAN_POINT('',(0.275590551181,0.318897637795));
#1377 = ( GEOMETRIC_REPRESENTATION_CONTEXT(2) 
PARAMETRIC_REPRESENTATION_CONTEXT() REPRESENTATION_CONTEXT('2D SPACE',''
  ) );
#1378 = ORIENTED_EDGE('',*,*,#1296,.T.);
#1379 = ORIENTED_EDGE('',*,*,#1153,.F.);
#1380 = ADVANCED_FACE('',(#1381,#1387),#1241,.F.);
#1381 = FACE_BOUND('',#1382,.F.);
#1382 = EDGE_LOOP('',(#1383,#1384,#1385,#1386));
#1383 = ORIENTED_EDGE('',*,*,#1227,.F.);
#1384 = ORIENTED_EDGE('',*,*,#1317,.T.);
#1385 = ORIENTED_EDGE('',*,*,#1361,.T.);
#1386 = ORIENTED_EDGE('',*,*,#1274,.F.);
#1387 = FACE_BOUND('',#1388,.F.);
#1388 = EDGE_LOOP('',(#1389));
#1389 = ORIENTED_EDGE('',*,*,#1390,.T.);
#1390 = EDGE_CURVE('',#1391,#1391,#1393,.T.);
#1391 = VERTEX_POINT('',#1392);
#1392 = CARTESIAN_POINT('',(68.8,-63.358,134.558));
#1393 = SURFACE_CURVE('',#1394,(#1402,#1413),.PCURVE_S1.);
#1394 = ( BOUNDED_CURVE() B_SPLINE_CURVE(2,(#1395,#1396,#1397,#1398,
#1399,#1400,#1401),.UNSPECIFIED.,.T.,.F.) B_SPLINE_CURVE_WITH_KNOTS((1,2
    ,2,2,2,1),(-2.094395102393,0.,2.094395102393,4.188790204786,
6.28318530718,8.377580409573),.UNSPECIFIED.) CURVE() 
GEOMETRIC_REPRESENTATION_ITEM() RATIONAL_B_SPLINE_CURVE((1.,0.5,1.,0.5,
1.,0.5,1.)) REPRESENTATION_ITEM('') );
#1395 = CARTESIAN_POINT('',(68.8,-63.358,134.558));
#1396 = CARTESIAN_POINT('',(68.8,-59.89389838486,134.558));
#1397 = CARTESIAN_POINT('',(68.8,-61.62594919243,131.558));
#1398 = CARTESIAN_POINT('',(68.8,-63.358,128.558));
#1399 = CARTESIAN_POINT('',(68.8,-65.09005080756,131.558));
#1400 = CARTESIAN_POINT('',(68.8,-66.82210161513,134.558));
#1401 = CARTESIAN_POINT('',(68.8,-63.358,134.558));
#1402 = PCURVE('',#1241,#1403);
#1403 = DEFINITIONAL_REPRESENTATION('',(#1404),#1412);
#1404 = ( BOUNDED_CURVE() B_SPLINE_CURVE(2,(#1405,#1406,#1407,#1408,
#1409,#1410,#1411),.UNSPECIFIED.,.T.,.F.) B_SPLINE_CURVE_WITH_KNOTS((1,2
    ,2,2,2,1),(-2.094395102393,0.,2.094395102393,4.188790204786,
6.28318530718,8.377580409573),.UNSPECIFIED.) CURVE() 
GEOMETRIC_REPRESENTATION_ITEM() RATIONAL_B_SPLINE_CURVE((1.,0.5,1.,0.5,
1.,0.5,1.)) REPRESENTATION_ITEM('') );
#1405 = CARTESIAN_POINT('',(0.137795275591,0.238188976378));
#1406 = CARTESIAN_POINT('',(0.274177228942,0.238188976378));
#1407 = CARTESIAN_POINT('',(0.205986252266,0.120078740157));
#1408 = CARTESIAN_POINT('',(0.137795275591,1.968503937008E-03));
#1409 = CARTESIAN_POINT('',(6.960429891461E-02,0.120078740157));
#1410 = CARTESIAN_POINT('',(1.413322238671E-03,0.238188976378));
#1411 = CARTESIAN_POINT('',(0.137795275591,0.238188976378));
#1412 = ( GEOMETRIC_REPRESENTATION_CONTEXT(2) 
PARAMETRIC_REPRESENTATION_CONTEXT() REPRESENTATION_CONTEXT('2D SPACE',''
  ) );
#1413 = PCURVE('',#1414,#1429);
#1414 = ( BOUNDED_SURFACE() B_SPLINE_SURFACE(2,1,(
    (#1415,#1416)
    ,(#1417,#1418)
    ,(#1419,#1420)
    ,(#1421,#1422)
    ,(#1423,#1424)
    ,(#1425,#1426)
    ,(#1427,#1428
)),.UNSPECIFIED.,.T.,.F.,.F.) B_SPLINE_SURFACE_WITH_KNOTS((1,2,2,2,2,1),
  (2,2),(-2.094395102393,0.,2.094395102393,4.188790204786,6.28318530718,
    8.377580409573),(-1.181102362205E-02,0.),.UNSPECIFIED.) 
GEOMETRIC_REPRESENTATION_ITEM() RATIONAL_B_SPLINE_SURFACE((
    (1.,1.)
    ,(0.5,0.5)
    ,(1.,1.)
    ,(0.5,0.5)
    ,(1.,1.)
    ,(0.5,0.5)
,(1.,1.))) REPRESENTATION_ITEM('') SURFACE() );
#1415 = CARTESIAN_POINT('',(68.8,-63.358,134.558));
#1416 = CARTESIAN_POINT('',(68.5,-63.358,134.558));
#1417 = CARTESIAN_POINT('',(68.8,-59.89389838486,134.558));
#1418 = CARTESIAN_POINT('',(68.5,-59.89389838486,134.558));
#1419 = CARTESIAN_POINT('',(68.8,-61.62594919243,131.558));
#1420 = CARTESIAN_POINT('',(68.5,-61.62594919243,131.558));
#1421 = CARTESIAN_POINT('',(68.8,-63.358,128.558));
#1422 = CARTESIAN_POINT('',(68.5,-63.358,128.558));
#1423 = CARTESIAN_POINT('',(68.8,-65.09005080756,131.558));
#1424 = CARTESIAN_POINT('',(68.5,-65.09005080756,131.558));
#1425 = CARTESIAN_POINT('',(68.8,-66.82210161513,134.558));
#1426 = CARTESIAN_POINT('',(68.5,-66.82210161513,134.558));
#1427 = CARTESIAN_POINT('',(68.8,-63.358,134.558));
#1428 = CARTESIAN_POINT('',(68.5,-63.358,134.558));
#1429 = DEFINITIONAL_REPRESENTATION('',(#1430),#1438);
#1430 = B_SPLINE_CURVE_WITH_KNOTS('',2,(#1431,#1432,#1433,#1434,#1435,
    #1436,#1437),.UNSPECIFIED.,.F.,.F.,(3,2,2,3),(0.,2.094395102393,
    4.188790204786,6.28318530718),.PIECEWISE_BEZIER_KNOTS.);
#1431 = CARTESIAN_POINT('',(0.,-1.181102362205E-02));
#1432 = CARTESIAN_POINT('',(1.047197551197,-1.181102362205E-02));
#1433 = CARTESIAN_POINT('',(2.094395102393,-1.181102362205E-02));
#1434 = CARTESIAN_POINT('',(3.14159265359,-1.181102362205E-02));
#1435 = CARTESIAN_POINT('',(4.188790204786,-1.181102362205E-02));
#1436 = CARTESIAN_POINT('',(5.235987755983,-1.181102362205E-02));
#1437 = CARTESIAN_POINT('',(6.28318530718,-1.181102362205E-02));
#1438 = ( GEOMETRIC_REPRESENTATION_CONTEXT(2) 
PARAMETRIC_REPRESENTATION_CONTEXT() REPRESENTATION_CONTEXT('2D SPACE',''
  ) );
#1439 = ADVANCED_FACE('',(#1440),#1414,.T.);
#1440 = FACE_BOUND('',#1441,.T.);
#1441 = EDGE_LOOP('',(#1442,#1482,#1502,#1503));
#1442 = ORIENTED_EDGE('',*,*,#1443,.F.);
#1443 = EDGE_CURVE('',#1444,#1444,#1446,.T.);
#1444 = VERTEX_POINT('',#1445);
#1445 = CARTESIAN_POINT('',(68.5,-63.358,134.558));
#1446 = SURFACE_CURVE('',#1447,(#1455,#1466),.PCURVE_S1.);
#1447 = ( BOUNDED_CURVE() B_SPLINE_CURVE(2,(#1448,#1449,#1450,#1451,
#1452,#1453,#1454),.UNSPECIFIED.,.T.,.F.) B_SPLINE_CURVE_WITH_KNOTS((1,2
    ,2,2,2,1),(-2.094395102393,0.,2.094395102393,4.188790204786,
6.28318530718,8.377580409573),.UNSPECIFIED.) CURVE() 
GEOMETRIC_REPRESENTATION_ITEM() RATIONAL_B_SPLINE_CURVE((1.,0.5,1.,0.5,
1.,0.5,1.)) REPRESENTATION_ITEM('') );
#1448 = CARTESIAN_POINT('',(68.5,-63.358,134.558));
#1449 = CARTESIAN_POINT('',(68.5,-59.89389838486,134.558));
#1450 = CARTESIAN_POINT('',(68.5,-61.62594919243,131.558));
#1451 = CARTESIAN_POINT('',(68.5,-63.358,128.558));
#1452 = CARTESIAN_POINT('',(68.5,-65.09005080756,131.558));
#1453 = CARTESIAN_POINT('',(68.5,-66.82210161513,134.558));
#1454 = CARTESIAN_POINT('',(68.5,-63.358,134.558));
#1455 = PCURVE('',#1414,#1456);
#1456 = DEFINITIONAL_REPRESENTATION('',(#1457),#1465);
#1457 = B_SPLINE_CURVE_WITH_KNOTS('',2,(#1458,#1459,#1460,#1461,#1462,
    #1463,#1464),.UNSPECIFIED.,.F.,.F.,(3,2,2,3),(0.,2.094395102393,
    4.188790204786,6.28318530718),.PIECEWISE_BEZIER_KNOTS.);
#1458 = CARTESIAN_POINT('',(0.,0.));
#1459 = CARTESIAN_POINT('',(1.047197551197,-3.424103810695E-16));
#1460 = CARTESIAN_POINT('',(2.094395102393,0.));
#1461 = CARTESIAN_POINT('',(3.14159265359,-2.243621503168E-15));
#1462 = CARTESIAN_POINT('',(4.188790204786,-8.881784197001E-16));
#1463 = CARTESIAN_POINT('',(5.235987755983,2.328289141132E-16));
#1464 = CARTESIAN_POINT('',(6.28318530718,0.));
#1465 = ( GEOMETRIC_REPRESENTATION_CONTEXT(2) 
PARAMETRIC_REPRESENTATION_CONTEXT() REPRESENTATION_CONTEXT('2D SPACE',''
  ) );
#1466 = PCURVE('',#1467,#1472);
#1467 = B_SPLINE_SURFACE_WITH_KNOTS('',1,1,(
    (#1468,#1469)
    ,(#1470,#1471
    )),.UNSPECIFIED.,.F.,.F.,.F.,(2,2),(2,2),(-7.874015748032E-02,
    7.874015748031E-02),(-7.874015748031E-02,7.874015748032E-02),
  .PIECEWISE_BEZIER_KNOTS.);
#1468 = CARTESIAN_POINT('',(68.5,-61.358,130.558));
#1469 = CARTESIAN_POINT('',(68.5,-61.358,134.558));
#1470 = CARTESIAN_POINT('',(68.5,-65.358,130.558));
#1471 = CARTESIAN_POINT('',(68.5,-65.358,134.558));
#1472 = DEFINITIONAL_REPRESENTATION('',(#1473),#1481);
#1473 = ( BOUNDED_CURVE() B_SPLINE_CURVE(2,(#1474,#1475,#1476,#1477,
#1478,#1479,#1480),.UNSPECIFIED.,.T.,.F.) B_SPLINE_CURVE_WITH_KNOTS((1,2
    ,2,2,2,1),(-2.094395102393,0.,2.094395102393,4.188790204786,
6.28318530718,8.377580409573),.UNSPECIFIED.) CURVE() 
GEOMETRIC_REPRESENTATION_ITEM() RATIONAL_B_SPLINE_CURVE((1.,0.5,1.,0.5,
1.,0.5,1.)) REPRESENTATION_ITEM('') );
#1474 = CARTESIAN_POINT('',(-4.440892098501E-16,7.874015748032E-02));
#1475 = CARTESIAN_POINT('',(-0.136381953352,7.874015748032E-02));
#1476 = CARTESIAN_POINT('',(-6.819097667594E-02,-3.937007874016E-02));
#1477 = CARTESIAN_POINT('',(-4.440892098501E-16,-0.157480314961));
#1478 = CARTESIAN_POINT('',(6.819097667594E-02,-3.937007874016E-02));
#1479 = CARTESIAN_POINT('',(0.136381953352,7.874015748032E-02));
#1480 = CARTESIAN_POINT('',(-4.440892098501E-16,7.874015748032E-02));
#1481 = ( GEOMETRIC_REPRESENTATION_CONTEXT(2) 
PARAMETRIC_REPRESENTATION_CONTEXT() REPRESENTATION_CONTEXT('2D SPACE',''
  ) );
#1482 = ORIENTED_EDGE('',*,*,#1483,.T.);
#1483 = EDGE_CURVE('',#1444,#1391,#1484,.T.);
#1484 = SEAM_CURVE('',#1485,(#1488,#1495),.PCURVE_S1.);
#1485 = B_SPLINE_CURVE_WITH_KNOTS('',1,(#1486,#1487),.UNSPECIFIED.,.F.,
  .F.,(2,2),(0.,1.181102362205E-02),.PIECEWISE_BEZIER_KNOTS.);
#1486 = CARTESIAN_POINT('',(68.5,-63.358,134.558));
#1487 = CARTESIAN_POINT('',(68.8,-63.358,134.558));
#1488 = PCURVE('',#1414,#1489);
#1489 = DEFINITIONAL_REPRESENTATION('',(#1490),#1494);
#1490 = B_SPLINE_CURVE_WITH_KNOTS('',2,(#1491,#1492,#1493),
  .UNSPECIFIED.,.F.,.F.,(3,3),(0.,1.181102362205E-02),
  .PIECEWISE_BEZIER_KNOTS.);
#1491 = CARTESIAN_POINT('',(6.28318530718,0.));
#1492 = CARTESIAN_POINT('',(6.28318530718,-5.905511811023E-03));
#1493 = CARTESIAN_POINT('',(6.28318530718,-1.181102362205E-02));
#1494 = ( GEOMETRIC_REPRESENTATION_CONTEXT(2) 
PARAMETRIC_REPRESENTATION_CONTEXT() REPRESENTATION_CONTEXT('2D SPACE',''
  ) );
#1495 = PCURVE('',#1414,#1496);
#1496 = DEFINITIONAL_REPRESENTATION('',(#1497),#1501);
#1497 = B_SPLINE_CURVE_WITH_KNOTS('',2,(#1498,#1499,#1500),
  .UNSPECIFIED.,.F.,.F.,(3,3),(0.,1.181102362205E-02),
  .PIECEWISE_BEZIER_KNOTS.);
#1498 = CARTESIAN_POINT('',(0.,0.));
#1499 = CARTESIAN_POINT('',(8.881784197001E-16,-5.905511811023E-03));
#1500 = CARTESIAN_POINT('',(0.,-1.181102362205E-02));
#1501 = ( GEOMETRIC_REPRESENTATION_CONTEXT(2) 
PARAMETRIC_REPRESENTATION_CONTEXT() REPRESENTATION_CONTEXT('2D SPACE',''
  ) );
#1502 = ORIENTED_EDGE('',*,*,#1390,.T.);
#1503 = ORIENTED_EDGE('',*,*,#1483,.F.);
#1504 = ADVANCED_FACE('',(#1505),#1467,.T.);
#1505 = FACE_BOUND('',#1506,.T.);
#1506 = EDGE_LOOP('',(#1507));
#1507 = ORIENTED_EDGE('',*,*,#1443,.T.);
#1508 = MANIFOLD_SOLID_BREP('',#1509);
#1509 = CLOSED_SHELL('',(#1510,#1629,#1685,#1689,#1754,#1860,#1927,#1970
    ,#2013,#2037,#2096,#2161));
#1510 = ADVANCED_FACE('',(#1511),#1524,.T.);
#1511 = FACE_BOUND('',#1512,.T.);
#1512 = EDGE_LOOP('',(#1513,#1552,#1590,#1591));
#1513 = ORIENTED_EDGE('',*,*,#1514,.T.);
#1514 = EDGE_CURVE('',#1515,#1517,#1519,.T.);
#1515 = VERTEX_POINT('',#1516);
#1516 = CARTESIAN_POINT('',(78.754,-63.358,168.058));
#1517 = VERTEX_POINT('',#1518);
#1518 = CARTESIAN_POINT('',(82.754,-63.358,168.058));
#1519 = SEAM_CURVE('',#1520,(#1523,#1545),.PCURVE_S1.);
#1520 = B_SPLINE_CURVE_WITH_KNOTS('',1,(#1521,#1522),.UNSPECIFIED.,.F.,
  .F.,(2,2),(0.,0.157480314961),.PIECEWISE_BEZIER_KNOTS.);
#1521 = CARTESIAN_POINT('',(78.754,-63.358,168.058));
#1522 = CARTESIAN_POINT('',(82.754,-63.358,168.058));
#1523 = PCURVE('',#1524,#1539);
#1524 = ( BOUNDED_SURFACE() B_SPLINE_SURFACE(2,1,(
    (#1525,#1526)
    ,(#1527,#1528)
    ,(#1529,#1530)
    ,(#1531,#1532)
    ,(#1533,#1534)
    ,(#1535,#1536)
    ,(#1537,#1538
)),.UNSPECIFIED.,.T.,.F.,.F.) B_SPLINE_SURFACE_WITH_KNOTS((1,2,2,2,2,1),
  (2,2),(-2.094395102393,0.,2.094395102393,4.188790204786,6.28318530718,
    8.377580409573),(-0.157480314961,0.),.UNSPECIFIED.) 
GEOMETRIC_REPRESENTATION_ITEM() RATIONAL_B_SPLINE_SURFACE((
    (1.,1.)
    ,(0.5,0.5)
    ,(1.,1.)
    ,(0.5,0.5)
    ,(1.,1.)
    ,(0.5,0.5)
,(1.,1.))) REPRESENTATION_ITEM('') SURFACE() );
#1525 = CARTESIAN_POINT('',(82.754,-63.358,168.058));
#1526 = CARTESIAN_POINT('',(78.754,-63.358,168.058));
#1527 = CARTESIAN_POINT('',(82.754,-57.2958221735,168.058));
#1528 = CARTESIAN_POINT('',(78.754,-57.2958221735,168.058));
#1529 = CARTESIAN_POINT('',(82.754,-60.32691108675,162.808));
#1530 = CARTESIAN_POINT('',(78.754,-60.32691108675,162.808));
#1531 = CARTESIAN_POINT('',(82.754,-63.358,157.558));
#1532 = CARTESIAN_POINT('',(78.754,-63.358,157.558));
#1533 = CARTESIAN_POINT('',(82.754,-66.38908891324,162.808));
#1534 = CARTESIAN_POINT('',(78.754,-66.38908891324,162.808));
#1535 = CARTESIAN_POINT('',(82.754,-69.42017782649,168.058));
#1536 = CARTESIAN_POINT('',(78.754,-69.42017782649,168.058));
#1537 = CARTESIAN_POINT('',(82.754,-63.358,168.058));
#1538 = CARTESIAN_POINT('',(78.754,-63.358,168.058));
#1539 = DEFINITIONAL_REPRESENTATION('',(#1540),#1544);
#1540 = B_SPLINE_CURVE_WITH_KNOTS('',2,(#1541,#1542,#1543),
  .UNSPECIFIED.,.F.,.F.,(3,3),(0.,0.157480314961),
  .PIECEWISE_BEZIER_KNOTS.);
#1541 = CARTESIAN_POINT('',(0.,0.));
#1542 = CARTESIAN_POINT('',(0.,-7.874015748031E-02));
#1543 = CARTESIAN_POINT('',(0.,-0.157480314961));
#1544 = ( GEOMETRIC_REPRESENTATION_CONTEXT(2) 
PARAMETRIC_REPRESENTATION_CONTEXT() REPRESENTATION_CONTEXT('2D SPACE',''
  ) );
#1545 = PCURVE('',#1524,#1546);
#1546 = DEFINITIONAL_REPRESENTATION('',(#1547),#1551);
#1547 = B_SPLINE_CURVE_WITH_KNOTS('',2,(#1548,#1549,#1550),
  .UNSPECIFIED.,.F.,.F.,(3,3),(0.,0.157480314961),
  .PIECEWISE_BEZIER_KNOTS.);
#1548 = CARTESIAN_POINT('',(6.28318530718,0.));
#1549 = CARTESIAN_POINT('',(6.28318530718,-7.874015748031E-02));
#1550 = CARTESIAN_POINT('',(6.28318530718,-0.157480314961));
#1551 = ( GEOMETRIC_REPRESENTATION_CONTEXT(2) 
PARAMETRIC_REPRESENTATION_CONTEXT() REPRESENTATION_CONTEXT('2D SPACE',''
  ) );
#1552 = ORIENTED_EDGE('',*,*,#1553,.T.);
#1553 = EDGE_CURVE('',#1517,#1517,#1554,.T.);
#1554 = SURFACE_CURVE('',#1555,(#1563,#1574),.PCURVE_S1.);
#1555 = ( BOUNDED_CURVE() B_SPLINE_CURVE(2,(#1556,#1557,#1558,#1559,
#1560,#1561,#1562),.UNSPECIFIED.,.T.,.F.) B_SPLINE_CURVE_WITH_KNOTS((1,2
    ,2,2,2,1),(-2.094395102393,0.,2.094395102393,4.188790204786,
6.28318530718,8.377580409573),.UNSPECIFIED.) CURVE() 
GEOMETRIC_REPRESENTATION_ITEM() RATIONAL_B_SPLINE_CURVE((1.,0.5,1.,0.5,
1.,0.5,1.)) REPRESENTATION_ITEM('') );
#1556 = CARTESIAN_POINT('',(82.754,-63.358,168.058));
#1557 = CARTESIAN_POINT('',(82.754,-57.2958221735,168.058));
#1558 = CARTESIAN_POINT('',(82.754,-60.32691108675,162.808));
#1559 = CARTESIAN_POINT('',(82.754,-63.358,157.558));
#1560 = CARTESIAN_POINT('',(82.754,-66.38908891324,162.808));
#1561 = CARTESIAN_POINT('',(82.754,-69.42017782649,168.058));
#1562 = CARTESIAN_POINT('',(82.754,-63.358,168.058));
#1563 = PCURVE('',#1524,#1564);
#1564 = DEFINITIONAL_REPRESENTATION('',(#1565),#1573);
#1565 = B_SPLINE_CURVE_WITH_KNOTS('',2,(#1566,#1567,#1568,#1569,#1570,
    #1571,#1572),.UNSPECIFIED.,.F.,.F.,(3,2,2,3),(0.,2.094395102393,
    4.188790204786,6.28318530718),.PIECEWISE_BEZIER_KNOTS.);
#1566 = CARTESIAN_POINT('',(0.,-0.157480314961));
#1567 = CARTESIAN_POINT('',(1.047197551197,-0.157480314961));
#1568 = CARTESIAN_POINT('',(2.094395102393,-0.157480314961));
#1569 = CARTESIAN_POINT('',(3.14159265359,-0.157480314961));
#1570 = CARTESIAN_POINT('',(4.188790204786,-0.157480314961));
#1571 = CARTESIAN_POINT('',(5.235987755983,-0.157480314961));
#1572 = CARTESIAN_POINT('',(6.28318530718,-0.157480314961));
#1573 = ( GEOMETRIC_REPRESENTATION_CONTEXT(2) 
PARAMETRIC_REPRESENTATION_CONTEXT() REPRESENTATION_CONTEXT('2D SPACE',''
  ) );
#1574 = PCURVE('',#1575,#1580);
#1575 = B_SPLINE_SURFACE_WITH_KNOTS('',1,1,(
    (#1576,#1577)
    ,(#1578,#1579
    )),.UNSPECIFIED.,.F.,.F.,.F.,(2,2),(2,2),(-0.137795275591,
    0.137795275591),(-0.137795275591,0.137795275591),
  .PIECEWISE_BEZIER_KNOTS.);
#1576 = CARTESIAN_POINT('',(82.754,-59.858,161.058));
#1577 = CARTESIAN_POINT('',(82.754,-59.858,168.058));
#1578 = CARTESIAN_POINT('',(82.754,-66.858,161.058));
#1579 = CARTESIAN_POINT('',(82.754,-66.858,168.058));
#1580 = DEFINITIONAL_REPRESENTATION('',(#1581),#1589);
#1581 = ( BOUNDED_CURVE() B_SPLINE_CURVE(2,(#1582,#1583,#1584,#1585,
#1586,#1587,#1588),.UNSPECIFIED.,.T.,.F.) B_SPLINE_CURVE_WITH_KNOTS((1,2
    ,2,2,2,1),(-2.094395102393,0.,2.094395102393,4.188790204786,
6.28318530718,8.377580409573),.UNSPECIFIED.) CURVE() 
GEOMETRIC_REPRESENTATION_ITEM() RATIONAL_B_SPLINE_CURVE((1.,0.5,1.,0.5,
1.,0.5,1.)) REPRESENTATION_ITEM('') );
#1582 = CARTESIAN_POINT('',(8.881784197001E-16,0.137795275591));
#1583 = CARTESIAN_POINT('',(-0.238668418366,0.137795275591));
#1584 = CARTESIAN_POINT('',(-0.119334209183,-6.889763779528E-02));
#1585 = CARTESIAN_POINT('',(8.881784197001E-16,-0.275590551181));
#1586 = CARTESIAN_POINT('',(0.119334209183,-6.889763779528E-02));
#1587 = CARTESIAN_POINT('',(0.238668418366,0.137795275591));
#1588 = CARTESIAN_POINT('',(8.881784197001E-16,0.137795275591));
#1589 = ( GEOMETRIC_REPRESENTATION_CONTEXT(2) 
PARAMETRIC_REPRESENTATION_CONTEXT() REPRESENTATION_CONTEXT('2D SPACE',''
  ) );
#1590 = ORIENTED_EDGE('',*,*,#1514,.F.);
#1591 = ORIENTED_EDGE('',*,*,#1592,.F.);
#1592 = EDGE_CURVE('',#1515,#1515,#1593,.T.);
#1593 = SURFACE_CURVE('',#1594,(#1602,#1613),.PCURVE_S1.);
#1594 = ( BOUNDED_CURVE() B_SPLINE_CURVE(2,(#1595,#1596,#1597,#1598,
#1599,#1600,#1601),.UNSPECIFIED.,.T.,.F.) B_SPLINE_CURVE_WITH_KNOTS((1,2
    ,2,2,2,1),(-2.094395102393,0.,2.094395102393,4.188790204786,
6.28318530718,8.377580409573),.UNSPECIFIED.) CURVE() 
GEOMETRIC_REPRESENTATION_ITEM() RATIONAL_B_SPLINE_CURVE((1.,0.5,1.,0.5,
1.,0.5,1.)) REPRESENTATION_ITEM('') );
#1595 = CARTESIAN_POINT('',(78.754,-63.358,168.058));
#1596 = CARTESIAN_POINT('',(78.754,-57.2958221735,168.058));
#1597 = CARTESIAN_POINT('',(78.754,-60.32691108675,162.808));
#1598 = CARTESIAN_POINT('',(78.754,-63.358,157.558));
#1599 = CARTESIAN_POINT('',(78.754,-66.38908891324,162.808));
#1600 = CARTESIAN_POINT('',(78.754,-69.42017782649,168.058));
#1601 = CARTESIAN_POINT('',(78.754,-63.358,168.058));
#1602 = PCURVE('',#1524,#1603);
#1603 = DEFINITIONAL_REPRESENTATION('',(#1604),#1612);
#1604 = B_SPLINE_CURVE_WITH_KNOTS('',2,(#1605,#1606,#1607,#1608,#1609,
    #1610,#1611),.UNSPECIFIED.,.F.,.F.,(3,2,2,3),(0.,2.094395102393,
    4.188790204786,6.28318530718),.PIECEWISE_BEZIER_KNOTS.);
#1605 = CARTESIAN_POINT('',(0.,0.));
#1606 = CARTESIAN_POINT('',(1.047197551197,-2.818860798351E-15));
#1607 = CARTESIAN_POINT('',(2.094395102393,0.));
#1608 = CARTESIAN_POINT('',(3.14159265359,-2.052188299495E-15));
#1609 = CARTESIAN_POINT('',(4.188790204786,-8.881784197001E-16));
#1610 = CARTESIAN_POINT('',(5.235987755983,-2.530437732989E-15));
#1611 = CARTESIAN_POINT('',(6.28318530718,0.));
#1612 = ( GEOMETRIC_REPRESENTATION_CONTEXT(2) 
PARAMETRIC_REPRESENTATION_CONTEXT() REPRESENTATION_CONTEXT('2D SPACE',''
  ) );
#1613 = PCURVE('',#1614,#1619);
#1614 = B_SPLINE_SURFACE_WITH_KNOTS('',1,1,(
    (#1615,#1616)
    ,(#1617,#1618
    )),.UNSPECIFIED.,.F.,.F.,.F.,(2,2),(2,2),(-0.137795275591,
    0.137795275591),(-0.137795275591,0.137795275591),
  .PIECEWISE_BEZIER_KNOTS.);
#1615 = CARTESIAN_POINT('',(78.754,-59.858,161.058));
#1616 = CARTESIAN_POINT('',(78.754,-59.858,168.058));
#1617 = CARTESIAN_POINT('',(78.754,-66.858,161.058));
#1618 = CARTESIAN_POINT('',(78.754,-66.858,168.058));
#1619 = DEFINITIONAL_REPRESENTATION('',(#1620),#1628);
#1620 = ( BOUNDED_CURVE() B_SPLINE_CURVE(2,(#1621,#1622,#1623,#1624,
#1625,#1626,#1627),.UNSPECIFIED.,.T.,.F.) B_SPLINE_CURVE_WITH_KNOTS((1,2
    ,2,2,2,1),(-2.094395102393,0.,2.094395102393,4.188790204786,
6.28318530718,8.377580409573),.UNSPECIFIED.) CURVE() 
GEOMETRIC_REPRESENTATION_ITEM() RATIONAL_B_SPLINE_CURVE((1.,0.5,1.,0.5,
1.,0.5,1.)) REPRESENTATION_ITEM('') );
#1621 = CARTESIAN_POINT('',(8.881784197001E-16,0.137795275591));
#1622 = CARTESIAN_POINT('',(-0.238668418366,0.137795275591));
#1623 = CARTESIAN_POINT('',(-0.119334209183,-6.889763779528E-02));
#1624 = CARTESIAN_POINT('',(8.881784197001E-16,-0.275590551181));
#1625 = CARTESIAN_POINT('',(0.119334209183,-6.889763779528E-02));
#1626 = CARTESIAN_POINT('',(0.238668418366,0.137795275591));
#1627 = CARTESIAN_POINT('',(8.881784197001E-16,0.137795275591));
#1628 = ( GEOMETRIC_REPRESENTATION_CONTEXT(2) 
PARAMETRIC_REPRESENTATION_CONTEXT() REPRESENTATION_CONTEXT('2D SPACE',''
  ) );
#1629 = ADVANCED_FACE('',(#1630,#1633),#1614,.T.);
#1630 = FACE_BOUND('',#1631,.T.);
#1631 = EDGE_LOOP('',(#1632));
#1632 = ORIENTED_EDGE('',*,*,#1592,.T.);
#1633 = FACE_BOUND('',#1634,.T.);
#1634 = EDGE_LOOP('',(#1635));
#1635 = ORIENTED_EDGE('',*,*,#1636,.F.);
#1636 = EDGE_CURVE('',#1637,#1637,#1639,.T.);
#1637 = VERTEX_POINT('',#1638);
#1638 = CARTESIAN_POINT('',(78.754,-63.358,166.558));
#1639 = SURFACE_CURVE('',#1640,(#1648,#1659),.PCURVE_S1.);
#1640 = ( BOUNDED_CURVE() B_SPLINE_CURVE(2,(#1641,#1642,#1643,#1644,
#1645,#1646,#1647),.UNSPECIFIED.,.T.,.F.) B_SPLINE_CURVE_WITH_KNOTS((1,2
    ,2,2,2,1),(-2.094395102393,0.,2.094395102393,4.188790204786,
6.28318530718,8.377580409573),.UNSPECIFIED.) CURVE() 
GEOMETRIC_REPRESENTATION_ITEM() RATIONAL_B_SPLINE_CURVE((1.,0.5,1.,0.5,
1.,0.5,1.)) REPRESENTATION_ITEM('') );
#1641 = CARTESIAN_POINT('',(78.754,-63.358,166.558));
#1642 = CARTESIAN_POINT('',(78.754,-59.89389838486,166.558));
#1643 = CARTESIAN_POINT('',(78.754,-61.62594919243,163.558));
#1644 = CARTESIAN_POINT('',(78.754,-63.358,160.558));
#1645 = CARTESIAN_POINT('',(78.754,-65.09005080756,163.558));
#1646 = CARTESIAN_POINT('',(78.754,-66.82210161513,166.558));
#1647 = CARTESIAN_POINT('',(78.754,-63.358,166.558));
#1648 = PCURVE('',#1614,#1649);
#1649 = DEFINITIONAL_REPRESENTATION('',(#1650),#1658);
#1650 = ( BOUNDED_CURVE() B_SPLINE_CURVE(2,(#1651,#1652,#1653,#1654,
#1655,#1656,#1657),.UNSPECIFIED.,.T.,.F.) B_SPLINE_CURVE_WITH_KNOTS((1,2
    ,2,2,2,1),(-2.094395102393,0.,2.094395102393,4.188790204786,
6.28318530718,8.377580409573),.UNSPECIFIED.) CURVE() 
GEOMETRIC_REPRESENTATION_ITEM() RATIONAL_B_SPLINE_CURVE((1.,0.5,1.,0.5,
1.,0.5,1.)) REPRESENTATION_ITEM('') );
#1651 = CARTESIAN_POINT('',(8.881784197001E-16,7.874015748031E-02));
#1652 = CARTESIAN_POINT('',(-0.136381953352,7.874015748031E-02));
#1653 = CARTESIAN_POINT('',(-6.819097667594E-02,-3.937007874016E-02));
#1654 = CARTESIAN_POINT('',(8.881784197001E-16,-0.157480314961));
#1655 = CARTESIAN_POINT('',(6.819097667594E-02,-3.937007874016E-02));
#1656 = CARTESIAN_POINT('',(0.136381953352,7.874015748031E-02));
#1657 = CARTESIAN_POINT('',(8.881784197001E-16,7.874015748031E-02));
#1658 = ( GEOMETRIC_REPRESENTATION_CONTEXT(2) 
PARAMETRIC_REPRESENTATION_CONTEXT() REPRESENTATION_CONTEXT('2D SPACE',''
  ) );
#1659 = PCURVE('',#1660,#1675);
#1660 = ( BOUNDED_SURFACE() B_SPLINE_SURFACE(2,1,(
    (#1661,#1662)
    ,(#1663,#1664)
    ,(#1665,#1666)
    ,(#1667,#1668)
    ,(#1669,#1670)
    ,(#1671,#1672)
    ,(#1673,#1674
)),.UNSPECIFIED.,.T.,.F.,.F.) B_SPLINE_SURFACE_WITH_KNOTS((1,2,2,2,2,1),
  (2,2),(-2.094395102393,0.,2.094395102393,4.188790204786,6.28318530718,
    8.377580409573),(-0.403700787402,-0.196850393701),.UNSPECIFIED.) 
GEOMETRIC_REPRESENTATION_ITEM() RATIONAL_B_SPLINE_SURFACE((
    (1.,1.)
    ,(0.5,0.5)
    ,(1.,1.)
    ,(0.5,0.5)
    ,(1.,1.)
    ,(0.5,0.5)
,(1.,1.))) REPRESENTATION_ITEM('') SURFACE() );
#1661 = CARTESIAN_POINT('',(78.754,-63.358,166.558));
#1662 = CARTESIAN_POINT('',(73.5,-63.358,166.558));
#1663 = CARTESIAN_POINT('',(78.754,-59.89389838486,166.558));
#1664 = CARTESIAN_POINT('',(73.5,-59.89389838486,166.558));
#1665 = CARTESIAN_POINT('',(78.754,-61.62594919243,163.558));
#1666 = CARTESIAN_POINT('',(73.5,-61.62594919243,163.558));
#1667 = CARTESIAN_POINT('',(78.754,-63.358,160.558));
#1668 = CARTESIAN_POINT('',(73.5,-63.358,160.558));
#1669 = CARTESIAN_POINT('',(78.754,-65.09005080756,163.558));
#1670 = CARTESIAN_POINT('',(73.5,-65.09005080756,163.558));
#1671 = CARTESIAN_POINT('',(78.754,-66.82210161513,166.558));
#1672 = CARTESIAN_POINT('',(73.5,-66.82210161513,166.558));
#1673 = CARTESIAN_POINT('',(78.754,-63.358,166.558));
#1674 = CARTESIAN_POINT('',(73.5,-63.358,166.558));
#1675 = DEFINITIONAL_REPRESENTATION('',(#1676),#1684);
#1676 = B_SPLINE_CURVE_WITH_KNOTS('',2,(#1677,#1678,#1679,#1680,#1681,
    #1682,#1683),.UNSPECIFIED.,.F.,.F.,(3,2,2,3),(0.,2.094395102393,
    4.188790204786,6.28318530718),.PIECEWISE_BEZIER_KNOTS.);
#1677 = CARTESIAN_POINT('',(0.,-0.403700787402));
#1678 = CARTESIAN_POINT('',(1.047197551197,-0.403700787402));
#1679 = CARTESIAN_POINT('',(2.094395102393,-0.403700787402));
#1680 = CARTESIAN_POINT('',(3.14159265359,-0.403700787402));
#1681 = CARTESIAN_POINT('',(4.188790204786,-0.403700787402));
#1682 = CARTESIAN_POINT('',(5.235987755983,-0.403700787402));
#1683 = CARTESIAN_POINT('',(6.28318530718,-0.403700787402));
#1684 = ( GEOMETRIC_REPRESENTATION_CONTEXT(2) 
PARAMETRIC_REPRESENTATION_CONTEXT() REPRESENTATION_CONTEXT('2D SPACE',''
  ) );
#1685 = ADVANCED_FACE('',(#1686),#1575,.F.);
#1686 = FACE_BOUND('',#1687,.F.);
#1687 = EDGE_LOOP('',(#1688));
#1688 = ORIENTED_EDGE('',*,*,#1553,.T.);
#1689 = ADVANCED_FACE('',(#1690),#1660,.T.);
#1690 = FACE_BOUND('',#1691,.T.);
#1691 = EDGE_LOOP('',(#1692,#1732,#1752,#1753));
#1692 = ORIENTED_EDGE('',*,*,#1693,.F.);
#1693 = EDGE_CURVE('',#1694,#1694,#1696,.T.);
#1694 = VERTEX_POINT('',#1695);
#1695 = CARTESIAN_POINT('',(73.5,-63.358,166.558));
#1696 = SURFACE_CURVE('',#1697,(#1705,#1716),.PCURVE_S1.);
#1697 = ( BOUNDED_CURVE() B_SPLINE_CURVE(2,(#1698,#1699,#1700,#1701,
#1702,#1703,#1704),.UNSPECIFIED.,.T.,.F.) B_SPLINE_CURVE_WITH_KNOTS((1,2
    ,2,2,2,1),(-2.094395102393,0.,2.094395102393,4.188790204786,
6.28318530718,8.377580409573),.UNSPECIFIED.) CURVE() 
GEOMETRIC_REPRESENTATION_ITEM() RATIONAL_B_SPLINE_CURVE((1.,0.5,1.,0.5,
1.,0.5,1.)) REPRESENTATION_ITEM('') );
#1698 = CARTESIAN_POINT('',(73.5,-63.358,166.558));
#1699 = CARTESIAN_POINT('',(73.5,-59.89389838486,166.558));
#1700 = CARTESIAN_POINT('',(73.5,-61.62594919243,163.558));
#1701 = CARTESIAN_POINT('',(73.5,-63.358,160.558));
#1702 = CARTESIAN_POINT('',(73.5,-65.09005080756,163.558));
#1703 = CARTESIAN_POINT('',(73.5,-66.82210161513,166.558));
#1704 = CARTESIAN_POINT('',(73.5,-63.358,166.558));
#1705 = PCURVE('',#1660,#1706);
#1706 = DEFINITIONAL_REPRESENTATION('',(#1707),#1715);
#1707 = B_SPLINE_CURVE_WITH_KNOTS('',2,(#1708,#1709,#1710,#1711,#1712,
    #1713,#1714),.UNSPECIFIED.,.F.,.F.,(3,2,2,3),(0.,2.094395102393,
    4.188790204786,6.28318530718),.PIECEWISE_BEZIER_KNOTS.);
#1708 = CARTESIAN_POINT('',(0.,-0.196850393701));
#1709 = CARTESIAN_POINT('',(1.047197551197,-0.196850393701));
#1710 = CARTESIAN_POINT('',(2.094395102393,-0.196850393701));
#1711 = CARTESIAN_POINT('',(3.14159265359,-0.196850393701));
#1712 = CARTESIAN_POINT('',(4.188790204786,-0.196850393701));
#1713 = CARTESIAN_POINT('',(5.235987755983,-0.196850393701));
#1714 = CARTESIAN_POINT('',(6.28318530718,-0.196850393701));
#1715 = ( GEOMETRIC_REPRESENTATION_CONTEXT(2) 
PARAMETRIC_REPRESENTATION_CONTEXT() REPRESENTATION_CONTEXT('2D SPACE',''
  ) );
#1716 = PCURVE('',#1717,#1722);
#1717 = B_SPLINE_SURFACE_WITH_KNOTS('',1,1,(
    (#1718,#1719)
    ,(#1720,#1721
    )),.UNSPECIFIED.,.F.,.F.,.F.,(2,2),(2,2),(0.,0.275590551181),(0.,
    0.318897637795),.PIECEWISE_BEZIER_KNOTS.);
#1718 = CARTESIAN_POINT('',(73.5,-66.858,160.508));
#1719 = CARTESIAN_POINT('',(73.5,-66.858,168.608));
#1720 = CARTESIAN_POINT('',(73.5,-59.858,160.508));
#1721 = CARTESIAN_POINT('',(73.5,-59.858,168.608));
#1722 = DEFINITIONAL_REPRESENTATION('',(#1723),#1731);
#1723 = ( BOUNDED_CURVE() B_SPLINE_CURVE(2,(#1724,#1725,#1726,#1727,
#1728,#1729,#1730),.UNSPECIFIED.,.T.,.F.) B_SPLINE_CURVE_WITH_KNOTS((1,2
    ,2,2,2,1),(-2.094395102393,0.,2.094395102393,4.188790204786,
6.28318530718,8.377580409573),.UNSPECIFIED.) CURVE() 
GEOMETRIC_REPRESENTATION_ITEM() RATIONAL_B_SPLINE_CURVE((1.,0.5,1.,0.5,
1.,0.5,1.)) REPRESENTATION_ITEM('') );
#1724 = CARTESIAN_POINT('',(0.137795275591,0.238188976378));
#1725 = CARTESIAN_POINT('',(0.274177228942,0.238188976378));
#1726 = CARTESIAN_POINT('',(0.205986252266,0.120078740157));
#1727 = CARTESIAN_POINT('',(0.137795275591,1.968503937008E-03));
#1728 = CARTESIAN_POINT('',(6.960429891461E-02,0.120078740157));
#1729 = CARTESIAN_POINT('',(1.413322238671E-03,0.238188976378));
#1730 = CARTESIAN_POINT('',(0.137795275591,0.238188976378));
#1731 = ( GEOMETRIC_REPRESENTATION_CONTEXT(2) 
PARAMETRIC_REPRESENTATION_CONTEXT() REPRESENTATION_CONTEXT('2D SPACE',''
  ) );
#1732 = ORIENTED_EDGE('',*,*,#1733,.T.);
#1733 = EDGE_CURVE('',#1694,#1637,#1734,.T.);
#1734 = SEAM_CURVE('',#1735,(#1738,#1745),.PCURVE_S1.);
#1735 = B_SPLINE_CURVE_WITH_KNOTS('',1,(#1736,#1737),.UNSPECIFIED.,.F.,
  .F.,(2,2),(0.196850393701,0.403700787402),.PIECEWISE_BEZIER_KNOTS.);
#1736 = CARTESIAN_POINT('',(73.5,-63.358,166.558));
#1737 = CARTESIAN_POINT('',(78.754,-63.358,166.558));
#1738 = PCURVE('',#1660,#1739);
#1739 = DEFINITIONAL_REPRESENTATION('',(#1740),#1744);
#1740 = B_SPLINE_CURVE_WITH_KNOTS('',2,(#1741,#1742,#1743),
  .UNSPECIFIED.,.F.,.F.,(3,3),(0.196850393701,0.403700787402),
  .PIECEWISE_BEZIER_KNOTS.);
#1741 = CARTESIAN_POINT('',(6.28318530718,-0.196850393701));
#1742 = CARTESIAN_POINT('',(6.28318530718,-0.300275590551));
#1743 = CARTESIAN_POINT('',(6.28318530718,-0.403700787402));
#1744 = ( GEOMETRIC_REPRESENTATION_CONTEXT(2) 
PARAMETRIC_REPRESENTATION_CONTEXT() REPRESENTATION_CONTEXT('2D SPACE',''
  ) );
#1745 = PCURVE('',#1660,#1746);
#1746 = DEFINITIONAL_REPRESENTATION('',(#1747),#1751);
#1747 = B_SPLINE_CURVE_WITH_KNOTS('',2,(#1748,#1749,#1750),
  .UNSPECIFIED.,.F.,.F.,(3,3),(0.196850393701,0.403700787402),
  .PIECEWISE_BEZIER_KNOTS.);
#1748 = CARTESIAN_POINT('',(0.,-0.196850393701));
#1749 = CARTESIAN_POINT('',(8.881784197001E-16,-0.300275590551));
#1750 = CARTESIAN_POINT('',(0.,-0.403700787402));
#1751 = ( GEOMETRIC_REPRESENTATION_CONTEXT(2) 
PARAMETRIC_REPRESENTATION_CONTEXT() REPRESENTATION_CONTEXT('2D SPACE',''
  ) );
#1752 = ORIENTED_EDGE('',*,*,#1636,.T.);
#1753 = ORIENTED_EDGE('',*,*,#1733,.F.);
#1754 = ADVANCED_FACE('',(#1755,#1857),#1717,.T.);
#1755 = FACE_BOUND('',#1756,.T.);
#1756 = EDGE_LOOP('',(#1757,#1784,#1809,#1834));
#1757 = ORIENTED_EDGE('',*,*,#1758,.F.);
#1758 = EDGE_CURVE('',#1759,#1761,#1763,.T.);
#1759 = VERTEX_POINT('',#1760);
#1760 = CARTESIAN_POINT('',(73.5,-66.858,160.508));
#1761 = VERTEX_POINT('',#1762);
#1762 = CARTESIAN_POINT('',(73.5,-66.858,168.608));
#1763 = SURFACE_CURVE('',#1764,(#1767,#1773),.PCURVE_S1.);
#1764 = B_SPLINE_CURVE_WITH_KNOTS('',1,(#1765,#1766),.UNSPECIFIED.,.F.,
  .F.,(2,2),(0.,0.318897637795),.PIECEWISE_BEZIER_KNOTS.);
#1765 = CARTESIAN_POINT('',(73.5,-66.858,160.508));
#1766 = CARTESIAN_POINT('',(73.5,-66.858,168.608));
#1767 = PCURVE('',#1717,#1768);
#1768 = DEFINITIONAL_REPRESENTATION('',(#1769),#1772);
#1769 = B_SPLINE_CURVE_WITH_KNOTS('',1,(#1770,#1771),.UNSPECIFIED.,.F.,
  .F.,(2,2),(0.,0.318897637795),.PIECEWISE_BEZIER_KNOTS.);
#1770 = CARTESIAN_POINT('',(0.,0.));
#1771 = CARTESIAN_POINT('',(0.,0.318897637795));
#1772 = ( GEOMETRIC_REPRESENTATION_CONTEXT(2) 
PARAMETRIC_REPRESENTATION_CONTEXT() REPRESENTATION_CONTEXT('2D SPACE',''
  ) );
#1773 = PCURVE('',#1774,#1779);
#1774 = B_SPLINE_SURFACE_WITH_KNOTS('',1,1,(
    (#1775,#1776)
    ,(#1777,#1778
    )),.UNSPECIFIED.,.F.,.F.,.F.,(2,2),(2,2),(0.,0.318897637795),(0.,
    0.185039370079),.PIECEWISE_BEZIER_KNOTS.);
#1775 = CARTESIAN_POINT('',(68.8,-66.858,160.508));
#1776 = CARTESIAN_POINT('',(73.5,-66.858,160.508));
#1777 = CARTESIAN_POINT('',(68.8,-66.858,168.608));
#1778 = CARTESIAN_POINT('',(73.5,-66.858,168.608));
#1779 = DEFINITIONAL_REPRESENTATION('',(#1780),#1783);
#1780 = B_SPLINE_CURVE_WITH_KNOTS('',1,(#1781,#1782),.UNSPECIFIED.,.F.,
  .F.,(2,2),(0.,0.318897637795),.PIECEWISE_BEZIER_KNOTS.);
#1781 = CARTESIAN_POINT('',(0.,0.185039370079));
#1782 = CARTESIAN_POINT('',(0.318897637795,0.185039370079));
#1783 = ( GEOMETRIC_REPRESENTATION_CONTEXT(2) 
PARAMETRIC_REPRESENTATION_CONTEXT() REPRESENTATION_CONTEXT('2D SPACE',''
  ) );
#1784 = ORIENTED_EDGE('',*,*,#1785,.T.);
#1785 = EDGE_CURVE('',#1759,#1786,#1788,.T.);
#1786 = VERTEX_POINT('',#1787);
#1787 = CARTESIAN_POINT('',(73.5,-59.858,160.508));
#1788 = SURFACE_CURVE('',#1789,(#1792,#1798),.PCURVE_S1.);
#1789 = B_SPLINE_CURVE_WITH_KNOTS('',1,(#1790,#1791),.UNSPECIFIED.,.F.,
  .F.,(2,2),(0.,0.275590551181),.PIECEWISE_BEZIER_KNOTS.);
#1790 = CARTESIAN_POINT('',(73.5,-66.858,160.508));
#1791 = CARTESIAN_POINT('',(73.5,-59.858,160.508));
#1792 = PCURVE('',#1717,#1793);
#1793 = DEFINITIONAL_REPRESENTATION('',(#1794),#1797);
#1794 = B_SPLINE_CURVE_WITH_KNOTS('',1,(#1795,#1796),.UNSPECIFIED.,.F.,
  .F.,(2,2),(0.,0.275590551181),.PIECEWISE_BEZIER_KNOTS.);
#1795 = CARTESIAN_POINT('',(0.,0.));
#1796 = CARTESIAN_POINT('',(0.275590551181,0.));
#1797 = ( GEOMETRIC_REPRESENTATION_CONTEXT(2) 
PARAMETRIC_REPRESENTATION_CONTEXT() REPRESENTATION_CONTEXT('2D SPACE',''
  ) );
#1798 = PCURVE('',#1799,#1804);
#1799 = B_SPLINE_SURFACE_WITH_KNOTS('',1,1,(
    (#1800,#1801)
    ,(#1802,#1803
    )),.UNSPECIFIED.,.F.,.F.,.F.,(2,2),(2,2),(0.,0.275590551181),(
    -0.185039370079,0.),.PIECEWISE_BEZIER_KNOTS.);
#1800 = CARTESIAN_POINT('',(73.5,-66.858,160.508));
#1801 = CARTESIAN_POINT('',(68.8,-66.858,160.508));
#1802 = CARTESIAN_POINT('',(73.5,-59.858,160.508));
#1803 = CARTESIAN_POINT('',(68.8,-59.858,160.508));
#1804 = DEFINITIONAL_REPRESENTATION('',(#1805),#1808);
#1805 = B_SPLINE_CURVE_WITH_KNOTS('',1,(#1806,#1807),.UNSPECIFIED.,.F.,
  .F.,(2,2),(0.,0.275590551181),.PIECEWISE_BEZIER_KNOTS.);
#1806 = CARTESIAN_POINT('',(0.,-0.185039370079));
#1807 = CARTESIAN_POINT('',(0.275590551181,-0.185039370079));
#1808 = ( GEOMETRIC_REPRESENTATION_CONTEXT(2) 
PARAMETRIC_REPRESENTATION_CONTEXT() REPRESENTATION_CONTEXT('2D SPACE',''
  ) );
#1809 = ORIENTED_EDGE('',*,*,#1810,.T.);
#1810 = EDGE_CURVE('',#1786,#1811,#1813,.T.);
#1811 = VERTEX_POINT('',#1812);
#1812 = CARTESIAN_POINT('',(73.5,-59.858,168.608));
#1813 = SURFACE_CURVE('',#1814,(#1817,#1823),.PCURVE_S1.);
#1814 = B_SPLINE_CURVE_WITH_KNOTS('',1,(#1815,#1816),.UNSPECIFIED.,.F.,
  .F.,(2,2),(0.,0.318897637795),.PIECEWISE_BEZIER_KNOTS.);
#1815 = CARTESIAN_POINT('',(73.5,-59.858,160.508));
#1816 = CARTESIAN_POINT('',(73.5,-59.858,168.608));
#1817 = PCURVE('',#1717,#1818);
#1818 = DEFINITIONAL_REPRESENTATION('',(#1819),#1822);
#1819 = B_SPLINE_CURVE_WITH_KNOTS('',1,(#1820,#1821),.UNSPECIFIED.,.F.,
  .F.,(2,2),(0.,0.318897637795),.PIECEWISE_BEZIER_KNOTS.);
#1820 = CARTESIAN_POINT('',(0.275590551181,0.));
#1821 = CARTESIAN_POINT('',(0.275590551181,0.318897637795));
#1822 = ( GEOMETRIC_REPRESENTATION_CONTEXT(2) 
PARAMETRIC_REPRESENTATION_CONTEXT() REPRESENTATION_CONTEXT('2D SPACE',''
  ) );
#1823 = PCURVE('',#1824,#1829);
#1824 = B_SPLINE_SURFACE_WITH_KNOTS('',1,1,(
    (#1825,#1826)
    ,(#1827,#1828
    )),.UNSPECIFIED.,.F.,.F.,.F.,(2,2),(2,2),(0.,0.318897637795),(0.,
    0.185039370079),.PIECEWISE_BEZIER_KNOTS.);
#1825 = CARTESIAN_POINT('',(68.8,-59.858,160.508));
#1826 = CARTESIAN_POINT('',(73.5,-59.858,160.508));
#1827 = CARTESIAN_POINT('',(68.8,-59.858,168.608));
#1828 = CARTESIAN_POINT('',(73.5,-59.858,168.608));
#1829 = DEFINITIONAL_REPRESENTATION('',(#1830),#1833);
#1830 = B_SPLINE_CURVE_WITH_KNOTS('',1,(#1831,#1832),.UNSPECIFIED.,.F.,
  .F.,(2,2),(0.,0.318897637795),.PIECEWISE_BEZIER_KNOTS.);
#1831 = CARTESIAN_POINT('',(0.,0.185039370079));
#1832 = CARTESIAN_POINT('',(0.318897637795,0.185039370079));
#1833 = ( GEOMETRIC_REPRESENTATION_CONTEXT(2) 
PARAMETRIC_REPRESENTATION_CONTEXT() REPRESENTATION_CONTEXT('2D SPACE',''
  ) );
#1834 = ORIENTED_EDGE('',*,*,#1835,.F.);
#1835 = EDGE_CURVE('',#1761,#1811,#1836,.T.);
#1836 = SURFACE_CURVE('',#1837,(#1840,#1846),.PCURVE_S1.);
#1837 = B_SPLINE_CURVE_WITH_KNOTS('',1,(#1838,#1839),.UNSPECIFIED.,.F.,
  .F.,(2,2),(0.,0.275590551181),.PIECEWISE_BEZIER_KNOTS.);
#1838 = CARTESIAN_POINT('',(73.5,-66.858,168.608));
#1839 = CARTESIAN_POINT('',(73.5,-59.858,168.608));
#1840 = PCURVE('',#1717,#1841);
#1841 = DEFINITIONAL_REPRESENTATION('',(#1842),#1845);
#1842 = B_SPLINE_CURVE_WITH_KNOTS('',1,(#1843,#1844),.UNSPECIFIED.,.F.,
  .F.,(2,2),(0.,0.275590551181),.PIECEWISE_BEZIER_KNOTS.);
#1843 = CARTESIAN_POINT('',(0.,0.318897637795));
#1844 = CARTESIAN_POINT('',(0.275590551181,0.318897637795));
#1845 = ( GEOMETRIC_REPRESENTATION_CONTEXT(2) 
PARAMETRIC_REPRESENTATION_CONTEXT() REPRESENTATION_CONTEXT('2D SPACE',''
  ) );
#1846 = PCURVE('',#1847,#1852);
#1847 = B_SPLINE_SURFACE_WITH_KNOTS('',1,1,(
    (#1848,#1849)
    ,(#1850,#1851
    )),.UNSPECIFIED.,.F.,.F.,.F.,(2,2),(2,2),(0.,0.275590551181),(
    -0.185039370079,0.),.PIECEWISE_BEZIER_KNOTS.);
#1848 = CARTESIAN_POINT('',(73.5,-66.858,168.608));
#1849 = CARTESIAN_POINT('',(68.8,-66.858,168.608));
#1850 = CARTESIAN_POINT('',(73.5,-59.858,168.608));
#1851 = CARTESIAN_POINT('',(68.8,-59.858,168.608));
#1852 = DEFINITIONAL_REPRESENTATION('',(#1853),#1856);
#1853 = B_SPLINE_CURVE_WITH_KNOTS('',1,(#1854,#1855),.UNSPECIFIED.,.F.,
  .F.,(2,2),(0.,0.275590551181),.PIECEWISE_BEZIER_KNOTS.);
#1854 = CARTESIAN_POINT('',(0.,-0.185039370079));
#1855 = CARTESIAN_POINT('',(0.275590551181,-0.185039370079));
#1856 = ( GEOMETRIC_REPRESENTATION_CONTEXT(2) 
PARAMETRIC_REPRESENTATION_CONTEXT() REPRESENTATION_CONTEXT('2D SPACE',''
  ) );
#1857 = FACE_BOUND('',#1858,.T.);
#1858 = EDGE_LOOP('',(#1859));
#1859 = ORIENTED_EDGE('',*,*,#1693,.T.);
#1860 = ADVANCED_FACE('',(#1861),#1774,.F.);
#1861 = FACE_BOUND('',#1862,.F.);
#1862 = EDGE_LOOP('',(#1863,#1883,#1908,#1926));
#1863 = ORIENTED_EDGE('',*,*,#1864,.F.);
#1864 = EDGE_CURVE('',#1865,#1759,#1867,.T.);
#1865 = VERTEX_POINT('',#1866);
#1866 = CARTESIAN_POINT('',(68.8,-66.858,160.508));
#1867 = SURFACE_CURVE('',#1868,(#1871,#1877),.PCURVE_S1.);
#1868 = B_SPLINE_CURVE_WITH_KNOTS('',1,(#1869,#1870),.UNSPECIFIED.,.F.,
  .F.,(2,2),(0.,0.185039370079),.PIECEWISE_BEZIER_KNOTS.);
#1869 = CARTESIAN_POINT('',(68.8,-66.858,160.508));
#1870 = CARTESIAN_POINT('',(73.5,-66.858,160.508));
#1871 = PCURVE('',#1774,#1872);
#1872 = DEFINITIONAL_REPRESENTATION('',(#1873),#1876);
#1873 = B_SPLINE_CURVE_WITH_KNOTS('',1,(#1874,#1875),.UNSPECIFIED.,.F.,
  .F.,(2,2),(0.,0.185039370079),.PIECEWISE_BEZIER_KNOTS.);
#1874 = CARTESIAN_POINT('',(0.,0.));
#1875 = CARTESIAN_POINT('',(0.,0.185039370079));
#1876 = ( GEOMETRIC_REPRESENTATION_CONTEXT(2) 
PARAMETRIC_REPRESENTATION_CONTEXT() REPRESENTATION_CONTEXT('2D SPACE',''
  ) );
#1877 = PCURVE('',#1799,#1878);
#1878 = DEFINITIONAL_REPRESENTATION('',(#1879),#1882);
#1879 = B_SPLINE_CURVE_WITH_KNOTS('',1,(#1880,#1881),.UNSPECIFIED.,.F.,
  .F.,(2,2),(0.,0.185039370079),.PIECEWISE_BEZIER_KNOTS.);
#1880 = CARTESIAN_POINT('',(0.,0.));
#1881 = CARTESIAN_POINT('',(0.,-0.185039370079));
#1882 = ( GEOMETRIC_REPRESENTATION_CONTEXT(2) 
PARAMETRIC_REPRESENTATION_CONTEXT() REPRESENTATION_CONTEXT('2D SPACE',''
  ) );
#1883 = ORIENTED_EDGE('',*,*,#1884,.T.);
#1884 = EDGE_CURVE('',#1865,#1885,#1887,.T.);
#1885 = VERTEX_POINT('',#1886);
#1886 = CARTESIAN_POINT('',(68.8,-66.858,168.608));
#1887 = SURFACE_CURVE('',#1888,(#1891,#1897),.PCURVE_S1.);
#1888 = B_SPLINE_CURVE_WITH_KNOTS('',1,(#1889,#1890),.UNSPECIFIED.,.F.,
  .F.,(2,2),(0.,0.318897637795),.PIECEWISE_BEZIER_KNOTS.);
#1889 = CARTESIAN_POINT('',(68.8,-66.858,160.508));
#1890 = CARTESIAN_POINT('',(68.8,-66.858,168.608));
#1891 = PCURVE('',#1774,#1892);
#1892 = DEFINITIONAL_REPRESENTATION('',(#1893),#1896);
#1893 = B_SPLINE_CURVE_WITH_KNOTS('',1,(#1894,#1895),.UNSPECIFIED.,.F.,
  .F.,(2,2),(0.,0.318897637795),.PIECEWISE_BEZIER_KNOTS.);
#1894 = CARTESIAN_POINT('',(0.,0.));
#1895 = CARTESIAN_POINT('',(0.318897637795,0.));
#1896 = ( GEOMETRIC_REPRESENTATION_CONTEXT(2) 
PARAMETRIC_REPRESENTATION_CONTEXT() REPRESENTATION_CONTEXT('2D SPACE',''
  ) );
#1897 = PCURVE('',#1898,#1903);
#1898 = B_SPLINE_SURFACE_WITH_KNOTS('',1,1,(
    (#1899,#1900)
    ,(#1901,#1902
    )),.UNSPECIFIED.,.F.,.F.,.F.,(2,2),(2,2),(0.,0.275590551181),(0.,
    0.318897637795),.PIECEWISE_BEZIER_KNOTS.);
#1899 = CARTESIAN_POINT('',(68.8,-66.858,160.508));
#1900 = CARTESIAN_POINT('',(68.8,-66.858,168.608));
#1901 = CARTESIAN_POINT('',(68.8,-59.858,160.508));
#1902 = CARTESIAN_POINT('',(68.8,-59.858,168.608));
#1903 = DEFINITIONAL_REPRESENTATION('',(#1904),#1907);
#1904 = B_SPLINE_CURVE_WITH_KNOTS('',1,(#1905,#1906),.UNSPECIFIED.,.F.,
  .F.,(2,2),(0.,0.318897637795),.PIECEWISE_BEZIER_KNOTS.);
#1905 = CARTESIAN_POINT('',(0.,0.));
#1906 = CARTESIAN_POINT('',(0.,0.318897637795));
#1907 = ( GEOMETRIC_REPRESENTATION_CONTEXT(2) 
PARAMETRIC_REPRESENTATION_CONTEXT() REPRESENTATION_CONTEXT('2D SPACE',''
  ) );
#1908 = ORIENTED_EDGE('',*,*,#1909,.T.);
#1909 = EDGE_CURVE('',#1885,#1761,#1910,.T.);
#1910 = SURFACE_CURVE('',#1911,(#1914,#1920),.PCURVE_S1.);
#1911 = B_SPLINE_CURVE_WITH_KNOTS('',1,(#1912,#1913),.UNSPECIFIED.,.F.,
  .F.,(2,2),(0.,0.185039370079),.PIECEWISE_BEZIER_KNOTS.);
#1912 = CARTESIAN_POINT('',(68.8,-66.858,168.608));
#1913 = CARTESIAN_POINT('',(73.5,-66.858,168.608));
#1914 = PCURVE('',#1774,#1915);
#1915 = DEFINITIONAL_REPRESENTATION('',(#1916),#1919);
#1916 = B_SPLINE_CURVE_WITH_KNOTS('',1,(#1917,#1918),.UNSPECIFIED.,.F.,
  .F.,(2,2),(0.,0.185039370079),.PIECEWISE_BEZIER_KNOTS.);
#1917 = CARTESIAN_POINT('',(0.318897637795,0.));
#1918 = CARTESIAN_POINT('',(0.318897637795,0.185039370079));
#1919 = ( GEOMETRIC_REPRESENTATION_CONTEXT(2) 
PARAMETRIC_REPRESENTATION_CONTEXT() REPRESENTATION_CONTEXT('2D SPACE',''
  ) );
#1920 = PCURVE('',#1847,#1921);
#1921 = DEFINITIONAL_REPRESENTATION('',(#1922),#1925);
#1922 = B_SPLINE_CURVE_WITH_KNOTS('',1,(#1923,#1924),.UNSPECIFIED.,.F.,
  .F.,(2,2),(0.,0.185039370079),.PIECEWISE_BEZIER_KNOTS.);
#1923 = CARTESIAN_POINT('',(0.,0.));
#1924 = CARTESIAN_POINT('',(0.,-0.185039370079));
#1925 = ( GEOMETRIC_REPRESENTATION_CONTEXT(2) 
PARAMETRIC_REPRESENTATION_CONTEXT() REPRESENTATION_CONTEXT('2D SPACE',''
  ) );
#1926 = ORIENTED_EDGE('',*,*,#1758,.F.);
#1927 = ADVANCED_FACE('',(#1928),#1847,.T.);
#1928 = FACE_BOUND('',#1929,.T.);
#1929 = EDGE_LOOP('',(#1930,#1950,#1951,#1952));
#1930 = ORIENTED_EDGE('',*,*,#1931,.F.);
#1931 = EDGE_CURVE('',#1885,#1932,#1934,.T.);
#1932 = VERTEX_POINT('',#1933);
#1933 = CARTESIAN_POINT('',(68.8,-59.858,168.608));
#1934 = SURFACE_CURVE('',#1935,(#1938,#1944),.PCURVE_S1.);
#1935 = B_SPLINE_CURVE_WITH_KNOTS('',1,(#1936,#1937),.UNSPECIFIED.,.F.,
  .F.,(2,2),(0.,0.275590551181),.PIECEWISE_BEZIER_KNOTS.);
#1936 = CARTESIAN_POINT('',(68.8,-66.858,168.608));
#1937 = CARTESIAN_POINT('',(68.8,-59.858,168.608));
#1938 = PCURVE('',#1847,#1939);
#1939 = DEFINITIONAL_REPRESENTATION('',(#1940),#1943);
#1940 = B_SPLINE_CURVE_WITH_KNOTS('',1,(#1941,#1942),.UNSPECIFIED.,.F.,
  .F.,(2,2),(0.,0.275590551181),.PIECEWISE_BEZIER_KNOTS.);
#1941 = CARTESIAN_POINT('',(0.,0.));
#1942 = CARTESIAN_POINT('',(0.275590551181,0.));
#1943 = ( GEOMETRIC_REPRESENTATION_CONTEXT(2) 
PARAMETRIC_REPRESENTATION_CONTEXT() REPRESENTATION_CONTEXT('2D SPACE',''
  ) );
#1944 = PCURVE('',#1898,#1945);
#1945 = DEFINITIONAL_REPRESENTATION('',(#1946),#1949);
#1946 = B_SPLINE_CURVE_WITH_KNOTS('',1,(#1947,#1948),.UNSPECIFIED.,.F.,
  .F.,(2,2),(0.,0.275590551181),.PIECEWISE_BEZIER_KNOTS.);
#1947 = CARTESIAN_POINT('',(0.,0.318897637795));
#1948 = CARTESIAN_POINT('',(0.275590551181,0.318897637795));
#1949 = ( GEOMETRIC_REPRESENTATION_CONTEXT(2) 
PARAMETRIC_REPRESENTATION_CONTEXT() REPRESENTATION_CONTEXT('2D SPACE',''
  ) );
#1950 = ORIENTED_EDGE('',*,*,#1909,.T.);
#1951 = ORIENTED_EDGE('',*,*,#1835,.T.);
#1952 = ORIENTED_EDGE('',*,*,#1953,.F.);
#1953 = EDGE_CURVE('',#1932,#1811,#1954,.T.);
#1954 = SURFACE_CURVE('',#1955,(#1958,#1964),.PCURVE_S1.);
#1955 = B_SPLINE_CURVE_WITH_KNOTS('',1,(#1956,#1957),.UNSPECIFIED.,.F.,
  .F.,(2,2),(0.,0.185039370079),.PIECEWISE_BEZIER_KNOTS.);
#1956 = CARTESIAN_POINT('',(68.8,-59.858,168.608));
#1957 = CARTESIAN_POINT('',(73.5,-59.858,168.608));
#1958 = PCURVE('',#1847,#1959);
#1959 = DEFINITIONAL_REPRESENTATION('',(#1960),#1963);
#1960 = B_SPLINE_CURVE_WITH_KNOTS('',1,(#1961,#1962),.UNSPECIFIED.,.F.,
  .F.,(2,2),(0.,0.185039370079),.PIECEWISE_BEZIER_KNOTS.);
#1961 = CARTESIAN_POINT('',(0.275590551181,0.));
#1962 = CARTESIAN_POINT('',(0.275590551181,-0.185039370079));
#1963 = ( GEOMETRIC_REPRESENTATION_CONTEXT(2) 
PARAMETRIC_REPRESENTATION_CONTEXT() REPRESENTATION_CONTEXT('2D SPACE',''
  ) );
#1964 = PCURVE('',#1824,#1965);
#1965 = DEFINITIONAL_REPRESENTATION('',(#1966),#1969);
#1966 = B_SPLINE_CURVE_WITH_KNOTS('',1,(#1967,#1968),.UNSPECIFIED.,.F.,
  .F.,(2,2),(0.,0.185039370079),.PIECEWISE_BEZIER_KNOTS.);
#1967 = CARTESIAN_POINT('',(0.318897637795,0.));
#1968 = CARTESIAN_POINT('',(0.318897637795,0.185039370079));
#1969 = ( GEOMETRIC_REPRESENTATION_CONTEXT(2) 
PARAMETRIC_REPRESENTATION_CONTEXT() REPRESENTATION_CONTEXT('2D SPACE',''
  ) );
#1970 = ADVANCED_FACE('',(#1971),#1799,.F.);
#1971 = FACE_BOUND('',#1972,.F.);
#1972 = EDGE_LOOP('',(#1973,#1993,#1994,#1995));
#1973 = ORIENTED_EDGE('',*,*,#1974,.F.);
#1974 = EDGE_CURVE('',#1865,#1975,#1977,.T.);
#1975 = VERTEX_POINT('',#1976);
#1976 = CARTESIAN_POINT('',(68.8,-59.858,160.508));
#1977 = SURFACE_CURVE('',#1978,(#1981,#1987),.PCURVE_S1.);
#1978 = B_SPLINE_CURVE_WITH_KNOTS('',1,(#1979,#1980),.UNSPECIFIED.,.F.,
  .F.,(2,2),(0.,0.275590551181),.PIECEWISE_BEZIER_KNOTS.);
#1979 = CARTESIAN_POINT('',(68.8,-66.858,160.508));
#1980 = CARTESIAN_POINT('',(68.8,-59.858,160.508));
#1981 = PCURVE('',#1799,#1982);
#1982 = DEFINITIONAL_REPRESENTATION('',(#1983),#1986);
#1983 = B_SPLINE_CURVE_WITH_KNOTS('',1,(#1984,#1985),.UNSPECIFIED.,.F.,
  .F.,(2,2),(0.,0.275590551181),.PIECEWISE_BEZIER_KNOTS.);
#1984 = CARTESIAN_POINT('',(0.,0.));
#1985 = CARTESIAN_POINT('',(0.275590551181,0.));
#1986 = ( GEOMETRIC_REPRESENTATION_CONTEXT(2) 
PARAMETRIC_REPRESENTATION_CONTEXT() REPRESENTATION_CONTEXT('2D SPACE',''
  ) );
#1987 = PCURVE('',#1898,#1988);
#1988 = DEFINITIONAL_REPRESENTATION('',(#1989),#1992);
#1989 = B_SPLINE_CURVE_WITH_KNOTS('',1,(#1990,#1991),.UNSPECIFIED.,.F.,
  .F.,(2,2),(0.,0.275590551181),.PIECEWISE_BEZIER_KNOTS.);
#1990 = CARTESIAN_POINT('',(0.,0.));
#1991 = CARTESIAN_POINT('',(0.275590551181,0.));
#1992 = ( GEOMETRIC_REPRESENTATION_CONTEXT(2) 
PARAMETRIC_REPRESENTATION_CONTEXT() REPRESENTATION_CONTEXT('2D SPACE',''
  ) );
#1993 = ORIENTED_EDGE('',*,*,#1864,.T.);
#1994 = ORIENTED_EDGE('',*,*,#1785,.T.);
#1995 = ORIENTED_EDGE('',*,*,#1996,.F.);
#1996 = EDGE_CURVE('',#1975,#1786,#1997,.T.);
#1997 = SURFACE_CURVE('',#1998,(#2001,#2007),.PCURVE_S1.);
#1998 = B_SPLINE_CURVE_WITH_KNOTS('',1,(#1999,#2000),.UNSPECIFIED.,.F.,
  .F.,(2,2),(0.,0.185039370079),.PIECEWISE_BEZIER_KNOTS.);
#1999 = CARTESIAN_POINT('',(68.8,-59.858,160.508));
#2000 = CARTESIAN_POINT('',(73.5,-59.858,160.508));
#2001 = PCURVE('',#1799,#2002);
#2002 = DEFINITIONAL_REPRESENTATION('',(#2003),#2006);
#2003 = B_SPLINE_CURVE_WITH_KNOTS('',1,(#2004,#2005),.UNSPECIFIED.,.F.,
  .F.,(2,2),(0.,0.185039370079),.PIECEWISE_BEZIER_KNOTS.);
#2004 = CARTESIAN_POINT('',(0.275590551181,0.));
#2005 = CARTESIAN_POINT('',(0.275590551181,-0.185039370079));
#2006 = ( GEOMETRIC_REPRESENTATION_CONTEXT(2) 
PARAMETRIC_REPRESENTATION_CONTEXT() REPRESENTATION_CONTEXT('2D SPACE',''
  ) );
#2007 = PCURVE('',#1824,#2008);
#2008 = DEFINITIONAL_REPRESENTATION('',(#2009),#2012);
#2009 = B_SPLINE_CURVE_WITH_KNOTS('',1,(#2010,#2011),.UNSPECIFIED.,.F.,
  .F.,(2,2),(0.,0.185039370079),.PIECEWISE_BEZIER_KNOTS.);
#2010 = CARTESIAN_POINT('',(0.,0.));
#2011 = CARTESIAN_POINT('',(0.,0.185039370079));
#2012 = ( GEOMETRIC_REPRESENTATION_CONTEXT(2) 
PARAMETRIC_REPRESENTATION_CONTEXT() REPRESENTATION_CONTEXT('2D SPACE',''
  ) );
#2013 = ADVANCED_FACE('',(#2014),#1824,.T.);
#2014 = FACE_BOUND('',#2015,.T.);
#2015 = EDGE_LOOP('',(#2016,#2017,#2035,#2036));
#2016 = ORIENTED_EDGE('',*,*,#1996,.F.);
#2017 = ORIENTED_EDGE('',*,*,#2018,.T.);
#2018 = EDGE_CURVE('',#1975,#1932,#2019,.T.);
#2019 = SURFACE_CURVE('',#2020,(#2023,#2029),.PCURVE_S1.);
#2020 = B_SPLINE_CURVE_WITH_KNOTS('',1,(#2021,#2022),.UNSPECIFIED.,.F.,
  .F.,(2,2),(0.,0.318897637795),.PIECEWISE_BEZIER_KNOTS.);
#2021 = CARTESIAN_POINT('',(68.8,-59.858,160.508));
#2022 = CARTESIAN_POINT('',(68.8,-59.858,168.608));
#2023 = PCURVE('',#1824,#2024);
#2024 = DEFINITIONAL_REPRESENTATION('',(#2025),#2028);
#2025 = B_SPLINE_CURVE_WITH_KNOTS('',1,(#2026,#2027),.UNSPECIFIED.,.F.,
  .F.,(2,2),(0.,0.318897637795),.PIECEWISE_BEZIER_KNOTS.);
#2026 = CARTESIAN_POINT('',(0.,0.));
#2027 = CARTESIAN_POINT('',(0.318897637795,0.));
#2028 = ( GEOMETRIC_REPRESENTATION_CONTEXT(2) 
PARAMETRIC_REPRESENTATION_CONTEXT() REPRESENTATION_CONTEXT('2D SPACE',''
  ) );
#2029 = PCURVE('',#1898,#2030);
#2030 = DEFINITIONAL_REPRESENTATION('',(#2031),#2034);
#2031 = B_SPLINE_CURVE_WITH_KNOTS('',1,(#2032,#2033),.UNSPECIFIED.,.F.,
  .F.,(2,2),(0.,0.318897637795),.PIECEWISE_BEZIER_KNOTS.);
#2032 = CARTESIAN_POINT('',(0.275590551181,0.));
#2033 = CARTESIAN_POINT('',(0.275590551181,0.318897637795));
#2034 = ( GEOMETRIC_REPRESENTATION_CONTEXT(2) 
PARAMETRIC_REPRESENTATION_CONTEXT() REPRESENTATION_CONTEXT('2D SPACE',''
  ) );
#2035 = ORIENTED_EDGE('',*,*,#1953,.T.);
#2036 = ORIENTED_EDGE('',*,*,#1810,.F.);
#2037 = ADVANCED_FACE('',(#2038,#2044),#1898,.F.);
#2038 = FACE_BOUND('',#2039,.F.);
#2039 = EDGE_LOOP('',(#2040,#2041,#2042,#2043));
#2040 = ORIENTED_EDGE('',*,*,#1884,.F.);
#2041 = ORIENTED_EDGE('',*,*,#1974,.T.);
#2042 = ORIENTED_EDGE('',*,*,#2018,.T.);
#2043 = ORIENTED_EDGE('',*,*,#1931,.F.);
#2044 = FACE_BOUND('',#2045,.F.);
#2045 = EDGE_LOOP('',(#2046));
#2046 = ORIENTED_EDGE('',*,*,#2047,.T.);
#2047 = EDGE_CURVE('',#2048,#2048,#2050,.T.);
#2048 = VERTEX_POINT('',#2049);
#2049 = CARTESIAN_POINT('',(68.8,-63.358,166.558));
#2050 = SURFACE_CURVE('',#2051,(#2059,#2070),.PCURVE_S1.);
#2051 = ( BOUNDED_CURVE() B_SPLINE_CURVE(2,(#2052,#2053,#2054,#2055,
#2056,#2057,#2058),.UNSPECIFIED.,.T.,.F.) B_SPLINE_CURVE_WITH_KNOTS((1,2
    ,2,2,2,1),(-2.094395102393,0.,2.094395102393,4.188790204786,
6.28318530718,8.377580409573),.UNSPECIFIED.) CURVE() 
GEOMETRIC_REPRESENTATION_ITEM() RATIONAL_B_SPLINE_CURVE((1.,0.5,1.,0.5,
1.,0.5,1.)) REPRESENTATION_ITEM('') );
#2052 = CARTESIAN_POINT('',(68.8,-63.358,166.558));
#2053 = CARTESIAN_POINT('',(68.8,-59.89389838486,166.558));
#2054 = CARTESIAN_POINT('',(68.8,-61.62594919243,163.558));
#2055 = CARTESIAN_POINT('',(68.8,-63.358,160.558));
#2056 = CARTESIAN_POINT('',(68.8,-65.09005080756,163.558));
#2057 = CARTESIAN_POINT('',(68.8,-66.82210161513,166.558));
#2058 = CARTESIAN_POINT('',(68.8,-63.358,166.558));
#2059 = PCURVE('',#1898,#2060);
#2060 = DEFINITIONAL_REPRESENTATION('',(#2061),#2069);
#2061 = ( BOUNDED_CURVE() B_SPLINE_CURVE(2,(#2062,#2063,#2064,#2065,
#2066,#2067,#2068),.UNSPECIFIED.,.T.,.F.) B_SPLINE_CURVE_WITH_KNOTS((1,2
    ,2,2,2,1),(-2.094395102393,0.,2.094395102393,4.188790204786,
6.28318530718,8.377580409573),.UNSPECIFIED.) CURVE() 
GEOMETRIC_REPRESENTATION_ITEM() RATIONAL_B_SPLINE_CURVE((1.,0.5,1.,0.5,
1.,0.5,1.)) REPRESENTATION_ITEM('') );
#2062 = CARTESIAN_POINT('',(0.137795275591,0.238188976378));
#2063 = CARTESIAN_POINT('',(0.274177228942,0.238188976378));
#2064 = CARTESIAN_POINT('',(0.205986252266,0.120078740157));
#2065 = CARTESIAN_POINT('',(0.137795275591,1.968503937008E-03));
#2066 = CARTESIAN_POINT('',(6.960429891461E-02,0.120078740157));
#2067 = CARTESIAN_POINT('',(1.413322238671E-03,0.238188976378));
#2068 = CARTESIAN_POINT('',(0.137795275591,0.238188976378));
#2069 = ( GEOMETRIC_REPRESENTATION_CONTEXT(2) 
PARAMETRIC_REPRESENTATION_CONTEXT() REPRESENTATION_CONTEXT('2D SPACE',''
  ) );
#2070 = PCURVE('',#2071,#2086);
#2071 = ( BOUNDED_SURFACE() B_SPLINE_SURFACE(2,1,(
    (#2072,#2073)
    ,(#2074,#2075)
    ,(#2076,#2077)
    ,(#2078,#2079)
    ,(#2080,#2081)
    ,(#2082,#2083)
    ,(#2084,#2085
)),.UNSPECIFIED.,.T.,.F.,.F.) B_SPLINE_SURFACE_WITH_KNOTS((1,2,2,2,2,1),
  (2,2),(-2.094395102393,0.,2.094395102393,4.188790204786,6.28318530718,
    8.377580409573),(-1.181102362205E-02,0.),.UNSPECIFIED.) 
GEOMETRIC_REPRESENTATION_ITEM() RATIONAL_B_SPLINE_SURFACE((
    (1.,1.)
    ,(0.5,0.5)
    ,(1.,1.)
    ,(0.5,0.5)
    ,(1.,1.)
    ,(0.5,0.5)
,(1.,1.))) REPRESENTATION_ITEM('') SURFACE() );
#2072 = CARTESIAN_POINT('',(68.8,-63.358,166.558));
#2073 = CARTESIAN_POINT('',(68.5,-63.358,166.558));
#2074 = CARTESIAN_POINT('',(68.8,-59.89389838486,166.558));
#2075 = CARTESIAN_POINT('',(68.5,-59.89389838486,166.558));
#2076 = CARTESIAN_POINT('',(68.8,-61.62594919243,163.558));
#2077 = CARTESIAN_POINT('',(68.5,-61.62594919243,163.558));
#2078 = CARTESIAN_POINT('',(68.8,-63.358,160.558));
#2079 = CARTESIAN_POINT('',(68.5,-63.358,160.558));
#2080 = CARTESIAN_POINT('',(68.8,-65.09005080756,163.558));
#2081 = CARTESIAN_POINT('',(68.5,-65.09005080756,163.558));
#2082 = CARTESIAN_POINT('',(68.8,-66.82210161513,166.558));
#2083 = CARTESIAN_POINT('',(68.5,-66.82210161513,166.558));
#2084 = CARTESIAN_POINT('',(68.8,-63.358,166.558));
#2085 = CARTESIAN_POINT('',(68.5,-63.358,166.558));
#2086 = DEFINITIONAL_REPRESENTATION('',(#2087),#2095);
#2087 = B_SPLINE_CURVE_WITH_KNOTS('',2,(#2088,#2089,#2090,#2091,#2092,
    #2093,#2094),.UNSPECIFIED.,.F.,.F.,(3,2,2,3),(0.,2.094395102393,
    4.188790204786,6.28318530718),.PIECEWISE_BEZIER_KNOTS.);
#2088 = CARTESIAN_POINT('',(0.,-1.181102362205E-02));
#2089 = CARTESIAN_POINT('',(1.047197551197,-1.181102362205E-02));
#2090 = CARTESIAN_POINT('',(2.094395102393,-1.181102362205E-02));
#2091 = CARTESIAN_POINT('',(3.14159265359,-1.181102362205E-02));
#2092 = CARTESIAN_POINT('',(4.188790204786,-1.181102362205E-02));
#2093 = CARTESIAN_POINT('',(5.235987755983,-1.181102362205E-02));
#2094 = CARTESIAN_POINT('',(6.28318530718,-1.181102362205E-02));
#2095 = ( GEOMETRIC_REPRESENTATION_CONTEXT(2) 
PARAMETRIC_REPRESENTATION_CONTEXT() REPRESENTATION_CONTEXT('2D SPACE',''
  ) );
#2096 = ADVANCED_FACE('',(#2097),#2071,.T.);
#2097 = FACE_BOUND('',#2098,.T.);
#2098 = EDGE_LOOP('',(#2099,#2139,#2159,#2160));
#2099 = ORIENTED_EDGE('',*,*,#2100,.F.);
#2100 = EDGE_CURVE('',#2101,#2101,#2103,.T.);
#2101 = VERTEX_POINT('',#2102);
#2102 = CARTESIAN_POINT('',(68.5,-63.358,166.558));
#2103 = SURFACE_CURVE('',#2104,(#2112,#2123),.PCURVE_S1.);
#2104 = ( BOUNDED_CURVE() B_SPLINE_CURVE(2,(#2105,#2106,#2107,#2108,
#2109,#2110,#2111),.UNSPECIFIED.,.T.,.F.) B_SPLINE_CURVE_WITH_KNOTS((1,2
    ,2,2,2,1),(-2.094395102393,0.,2.094395102393,4.188790204786,
6.28318530718,8.377580409573),.UNSPECIFIED.) CURVE() 
GEOMETRIC_REPRESENTATION_ITEM() RATIONAL_B_SPLINE_CURVE((1.,0.5,1.,0.5,
1.,0.5,1.)) REPRESENTATION_ITEM('') );
#2105 = CARTESIAN_POINT('',(68.5,-63.358,166.558));
#2106 = CARTESIAN_POINT('',(68.5,-59.89389838486,166.558));
#2107 = CARTESIAN_POINT('',(68.5,-61.62594919243,163.558));
#2108 = CARTESIAN_POINT('',(68.5,-63.358,160.558));
#2109 = CARTESIAN_POINT('',(68.5,-65.09005080756,163.558));
#2110 = CARTESIAN_POINT('',(68.5,-66.82210161513,166.558));
#2111 = CARTESIAN_POINT('',(68.5,-63.358,166.558));
#2112 = PCURVE('',#2071,#2113);
#2113 = DEFINITIONAL_REPRESENTATION('',(#2114),#2122);
#2114 = B_SPLINE_CURVE_WITH_KNOTS('',2,(#2115,#2116,#2117,#2118,#2119,
    #2120,#2121),.UNSPECIFIED.,.F.,.F.,(3,2,2,3),(0.,2.094395102393,
    4.188790204786,6.28318530718),.PIECEWISE_BEZIER_KNOTS.);
#2115 = CARTESIAN_POINT('',(0.,0.));
#2116 = CARTESIAN_POINT('',(1.047197551197,-3.424103810695E-16));
#2117 = CARTESIAN_POINT('',(2.094395102393,0.));
#2118 = CARTESIAN_POINT('',(3.14159265359,-2.243621503168E-15));
#2119 = CARTESIAN_POINT('',(4.188790204786,-8.881784197001E-16));
#2120 = CARTESIAN_POINT('',(5.235987755983,-3.963976967767E-16));
#2121 = CARTESIAN_POINT('',(6.28318530718,0.));
#2122 = ( GEOMETRIC_REPRESENTATION_CONTEXT(2) 
PARAMETRIC_REPRESENTATION_CONTEXT() REPRESENTATION_CONTEXT('2D SPACE',''
  ) );
#2123 = PCURVE('',#2124,#2129);
#2124 = B_SPLINE_SURFACE_WITH_KNOTS('',1,1,(
    (#2125,#2126)
    ,(#2127,#2128
    )),.UNSPECIFIED.,.F.,.F.,.F.,(2,2),(2,2),(-7.874015748032E-02,
    7.874015748031E-02),(-7.874015748031E-02,7.874015748032E-02),
  .PIECEWISE_BEZIER_KNOTS.);
#2125 = CARTESIAN_POINT('',(68.5,-61.358,162.558));
#2126 = CARTESIAN_POINT('',(68.5,-61.358,166.558));
#2127 = CARTESIAN_POINT('',(68.5,-65.358,162.558));
#2128 = CARTESIAN_POINT('',(68.5,-65.358,166.558));
#2129 = DEFINITIONAL_REPRESENTATION('',(#2130),#2138);
#2130 = ( BOUNDED_CURVE() B_SPLINE_CURVE(2,(#2131,#2132,#2133,#2134,
#2135,#2136,#2137),.UNSPECIFIED.,.T.,.F.) B_SPLINE_CURVE_WITH_KNOTS((1,2
    ,2,2,2,1),(-2.094395102393,0.,2.094395102393,4.188790204786,
6.28318530718,8.377580409573),.UNSPECIFIED.) CURVE() 
GEOMETRIC_REPRESENTATION_ITEM() RATIONAL_B_SPLINE_CURVE((1.,0.5,1.,0.5,
1.,0.5,1.)) REPRESENTATION_ITEM('') );
#2131 = CARTESIAN_POINT('',(-4.440892098501E-16,7.874015748032E-02));
#2132 = CARTESIAN_POINT('',(-0.136381953352,7.874015748032E-02));
#2133 = CARTESIAN_POINT('',(-6.819097667594E-02,-3.937007874016E-02));
#2134 = CARTESIAN_POINT('',(-4.440892098501E-16,-0.157480314961));
#2135 = CARTESIAN_POINT('',(6.819097667594E-02,-3.937007874016E-02));
#2136 = CARTESIAN_POINT('',(0.136381953352,7.874015748032E-02));
#2137 = CARTESIAN_POINT('',(-4.440892098501E-16,7.874015748032E-02));
#2138 = ( GEOMETRIC_REPRESENTATION_CONTEXT(2) 
PARAMETRIC_REPRESENTATION_CONTEXT() REPRESENTATION_CONTEXT('2D SPACE',''
  ) );
#2139 = ORIENTED_EDGE('',*,*,#2140,.T.);
#2140 = EDGE_CURVE('',#2101,#2048,#2141,.T.);
#2141 = SEAM_CURVE('',#2142,(#2145,#2152),.PCURVE_S1.);
#2142 = B_SPLINE_CURVE_WITH_KNOTS('',1,(#2143,#2144),.UNSPECIFIED.,.F.,
  .F.,(2,2),(0.,1.181102362205E-02),.PIECEWISE_BEZIER_KNOTS.);
#2143 = CARTESIAN_POINT('',(68.5,-63.358,166.558));
#2144 = CARTESIAN_POINT('',(68.8,-63.358,166.558));
#2145 = PCURVE('',#2071,#2146);
#2146 = DEFINITIONAL_REPRESENTATION('',(#2147),#2151);
#2147 = B_SPLINE_CURVE_WITH_KNOTS('',2,(#2148,#2149,#2150),
  .UNSPECIFIED.,.F.,.F.,(3,3),(0.,1.181102362205E-02),
  .PIECEWISE_BEZIER_KNOTS.);
#2148 = CARTESIAN_POINT('',(6.28318530718,0.));
#2149 = CARTESIAN_POINT('',(6.28318530718,-5.905511811023E-03));
#2150 = CARTESIAN_POINT('',(6.28318530718,-1.181102362205E-02));
#2151 = ( GEOMETRIC_REPRESENTATION_CONTEXT(2) 
PARAMETRIC_REPRESENTATION_CONTEXT() REPRESENTATION_CONTEXT('2D SPACE',''
  ) );
#2152 = PCURVE('',#2071,#2153);
#2153 = DEFINITIONAL_REPRESENTATION('',(#2154),#2158);
#2154 = B_SPLINE_CURVE_WITH_KNOTS('',2,(#2155,#2156,#2157),
  .UNSPECIFIED.,.F.,.F.,(3,3),(0.,1.181102362205E-02),
  .PIECEWISE_BEZIER_KNOTS.);
#2155 = CARTESIAN_POINT('',(0.,0.));
#2156 = CARTESIAN_POINT('',(8.881784197001E-16,-5.905511811023E-03));
#2157 = CARTESIAN_POINT('',(0.,-1.181102362205E-02));
#2158 = ( GEOMETRIC_REPRESENTATION_CONTEXT(2) 
PARAMETRIC_REPRESENTATION_CONTEXT() REPRESENTATION_CONTEXT('2D SPACE',''
  ) );
#2159 = ORIENTED_EDGE('',*,*,#2047,.T.);
#2160 = ORIENTED_EDGE('',*,*,#2140,.F.);
#2161 = ADVANCED_FACE('',(#2162),#2124,.T.);
#2162 = FACE_BOUND('',#2163,.T.);
#2163 = EDGE_LOOP('',(#2164));
#2164 = ORIENTED_EDGE('',*,*,#2100,.T.);
#2165 = MANIFOLD_SOLID_BREP('',#2166);
#2166 = CLOSED_SHELL('',(#2167,#2286,#2342,#2346,#2411,#2517,#2584,#2627
    ,#2670,#2694));
#2167 = ADVANCED_FACE('',(#2168),#2181,.T.);
#2168 = FACE_BOUND('',#2169,.T.);
#2169 = EDGE_LOOP('',(#2170,#2209,#2247,#2248));
#2170 = ORIENTED_EDGE('',*,*,#2171,.T.);
#2171 = EDGE_CURVE('',#2172,#2174,#2176,.T.);
#2172 = VERTEX_POINT('',#2173);
#2173 = CARTESIAN_POINT('',(81.254,-103.358,144.058));
#2174 = VERTEX_POINT('',#2175);
#2175 = CARTESIAN_POINT('',(85.254,-103.358,144.058));
#2176 = SEAM_CURVE('',#2177,(#2180,#2202),.PCURVE_S1.);
#2177 = B_SPLINE_CURVE_WITH_KNOTS('',1,(#2178,#2179),.UNSPECIFIED.,.F.,
  .F.,(2,2),(0.,0.157480314961),.PIECEWISE_BEZIER_KNOTS.);
#2178 = CARTESIAN_POINT('',(81.254,-103.358,144.058));
#2179 = CARTESIAN_POINT('',(85.254,-103.358,144.058));
#2180 = PCURVE('',#2181,#2196);
#2181 = ( BOUNDED_SURFACE() B_SPLINE_SURFACE(2,1,(
    (#2182,#2183)
    ,(#2184,#2185)
    ,(#2186,#2187)
    ,(#2188,#2189)
    ,(#2190,#2191)
    ,(#2192,#2193)
    ,(#2194,#2195
)),.UNSPECIFIED.,.T.,.F.,.F.) B_SPLINE_SURFACE_WITH_KNOTS((1,2,2,2,2,1),
  (2,2),(-2.094395102393,0.,2.094395102393,4.188790204786,6.28318530718,
    8.377580409573),(-0.157480314961,0.),.UNSPECIFIED.) 
GEOMETRIC_REPRESENTATION_ITEM() RATIONAL_B_SPLINE_SURFACE((
    (1.,1.)
    ,(0.5,0.5)
    ,(1.,1.)
    ,(0.5,0.5)
    ,(1.,1.)
    ,(0.5,0.5)
,(1.,1.))) REPRESENTATION_ITEM('') SURFACE() );
#2182 = CARTESIAN_POINT('',(85.254,-103.358,144.058));
#2183 = CARTESIAN_POINT('',(81.254,-103.358,144.058));
#2184 = CARTESIAN_POINT('',(85.254,-97.2958221735,144.058));
#2185 = CARTESIAN_POINT('',(81.254,-97.2958221735,144.058));
#2186 = CARTESIAN_POINT('',(85.254,-100.3269110867,138.808));
#2187 = CARTESIAN_POINT('',(81.254,-100.3269110867,138.808));
#2188 = CARTESIAN_POINT('',(85.254,-103.358,133.558));
#2189 = CARTESIAN_POINT('',(81.254,-103.358,133.558));
#2190 = CARTESIAN_POINT('',(85.254,-106.3890889132,138.808));
#2191 = CARTESIAN_POINT('',(81.254,-106.3890889132,138.808));
#2192 = CARTESIAN_POINT('',(85.254,-109.4201778264,144.058));
#2193 = CARTESIAN_POINT('',(81.254,-109.4201778264,144.058));
#2194 = CARTESIAN_POINT('',(85.254,-103.358,144.058));
#2195 = CARTESIAN_POINT('',(81.254,-103.358,144.058));
#2196 = DEFINITIONAL_REPRESENTATION('',(#2197),#2201);
#2197 = B_SPLINE_CURVE_WITH_KNOTS('',2,(#2198,#2199,#2200),
  .UNSPECIFIED.,.F.,.F.,(3,3),(0.,0.157480314961),
  .PIECEWISE_BEZIER_KNOTS.);
#2198 = CARTESIAN_POINT('',(0.,0.));
#2199 = CARTESIAN_POINT('',(0.,-7.874015748031E-02));
#2200 = CARTESIAN_POINT('',(0.,-0.157480314961));
#2201 = ( GEOMETRIC_REPRESENTATION_CONTEXT(2) 
PARAMETRIC_REPRESENTATION_CONTEXT() REPRESENTATION_CONTEXT('2D SPACE',''
  ) );
#2202 = PCURVE('',#2181,#2203);
#2203 = DEFINITIONAL_REPRESENTATION('',(#2204),#2208);
#2204 = B_SPLINE_CURVE_WITH_KNOTS('',2,(#2205,#2206,#2207),
  .UNSPECIFIED.,.F.,.F.,(3,3),(0.,0.157480314961),
  .PIECEWISE_BEZIER_KNOTS.);
#2205 = CARTESIAN_POINT('',(6.28318530718,0.));
#2206 = CARTESIAN_POINT('',(6.28318530718,-7.874015748031E-02));
#2207 = CARTESIAN_POINT('',(6.28318530718,-0.157480314961));
#2208 = ( GEOMETRIC_REPRESENTATION_CONTEXT(2) 
PARAMETRIC_REPRESENTATION_CONTEXT() REPRESENTATION_CONTEXT('2D SPACE',''
  ) );
#2209 = ORIENTED_EDGE('',*,*,#2210,.T.);
#2210 = EDGE_CURVE('',#2174,#2174,#2211,.T.);
#2211 = SURFACE_CURVE('',#2212,(#2220,#2231),.PCURVE_S1.);
#2212 = ( BOUNDED_CURVE() B_SPLINE_CURVE(2,(#2213,#2214,#2215,#2216,
#2217,#2218,#2219),.UNSPECIFIED.,.T.,.F.) B_SPLINE_CURVE_WITH_KNOTS((1,2
    ,2,2,2,1),(-2.094395102393,0.,2.094395102393,4.188790204786,
6.28318530718,8.377580409573),.UNSPECIFIED.) CURVE() 
GEOMETRIC_REPRESENTATION_ITEM() RATIONAL_B_SPLINE_CURVE((1.,0.5,1.,0.5,
1.,0.5,1.)) REPRESENTATION_ITEM('') );
#2213 = CARTESIAN_POINT('',(85.254,-103.358,144.058));
#2214 = CARTESIAN_POINT('',(85.254,-97.2958221735,144.058));
#2215 = CARTESIAN_POINT('',(85.254,-100.3269110867,138.808));
#2216 = CARTESIAN_POINT('',(85.254,-103.358,133.558));
#2217 = CARTESIAN_POINT('',(85.254,-106.3890889132,138.808));
#2218 = CARTESIAN_POINT('',(85.254,-109.4201778264,144.058));
#2219 = CARTESIAN_POINT('',(85.254,-103.358,144.058));
#2220 = PCURVE('',#2181,#2221);
#2221 = DEFINITIONAL_REPRESENTATION('',(#2222),#2230);
#2222 = B_SPLINE_CURVE_WITH_KNOTS('',2,(#2223,#2224,#2225,#2226,#2227,
    #2228,#2229),.UNSPECIFIED.,.F.,.F.,(3,2,2,3),(0.,2.094395102393,
    4.188790204786,6.28318530718),.PIECEWISE_BEZIER_KNOTS.);
#2223 = CARTESIAN_POINT('',(0.,-0.157480314961));
#2224 = CARTESIAN_POINT('',(1.047197551197,-0.157480314961));
#2225 = CARTESIAN_POINT('',(2.094395102393,-0.157480314961));
#2226 = CARTESIAN_POINT('',(3.14159265359,-0.157480314961));
#2227 = CARTESIAN_POINT('',(4.188790204786,-0.157480314961));
#2228 = CARTESIAN_POINT('',(5.235987755983,-0.157480314961));
#2229 = CARTESIAN_POINT('',(6.28318530718,-0.157480314961));
#2230 = ( GEOMETRIC_REPRESENTATION_CONTEXT(2) 
PARAMETRIC_REPRESENTATION_CONTEXT() REPRESENTATION_CONTEXT('2D SPACE',''
  ) );
#2231 = PCURVE('',#2232,#2237);
#2232 = B_SPLINE_SURFACE_WITH_KNOTS('',1,1,(
    (#2233,#2234)
    ,(#2235,#2236
    )),.UNSPECIFIED.,.F.,.F.,.F.,(2,2),(2,2),(-0.137795275591,
    0.137795275591),(-0.137795275591,0.137795275591),
  .PIECEWISE_BEZIER_KNOTS.);
#2233 = CARTESIAN_POINT('',(85.254,-99.858,137.058));
#2234 = CARTESIAN_POINT('',(85.254,-99.858,144.058));
#2235 = CARTESIAN_POINT('',(85.254,-106.858,137.058));
#2236 = CARTESIAN_POINT('',(85.254,-106.858,144.058));
#2237 = DEFINITIONAL_REPRESENTATION('',(#2238),#2246);
#2238 = ( BOUNDED_CURVE() B_SPLINE_CURVE(2,(#2239,#2240,#2241,#2242,
#2243,#2244,#2245),.UNSPECIFIED.,.T.,.F.) B_SPLINE_CURVE_WITH_KNOTS((1,2
    ,2,2,2,1),(-2.094395102393,0.,2.094395102393,4.188790204786,
6.28318530718,8.377580409573),.UNSPECIFIED.) CURVE() 
GEOMETRIC_REPRESENTATION_ITEM() RATIONAL_B_SPLINE_CURVE((1.,0.5,1.,0.5,
1.,0.5,1.)) REPRESENTATION_ITEM('') );
#2239 = CARTESIAN_POINT('',(6.661338147751E-16,0.137795275591));
#2240 = CARTESIAN_POINT('',(-0.238668418366,0.137795275591));
#2241 = CARTESIAN_POINT('',(-0.119334209183,-6.889763779528E-02));
#2242 = CARTESIAN_POINT('',(6.661338147751E-16,-0.275590551181));
#2243 = CARTESIAN_POINT('',(0.119334209183,-6.889763779528E-02));
#2244 = CARTESIAN_POINT('',(0.238668418366,0.137795275591));
#2245 = CARTESIAN_POINT('',(6.661338147751E-16,0.137795275591));
#2246 = ( GEOMETRIC_REPRESENTATION_CONTEXT(2) 
PARAMETRIC_REPRESENTATION_CONTEXT() REPRESENTATION_CONTEXT('2D SPACE',''
  ) );
#2247 = ORIENTED_EDGE('',*,*,#2171,.F.);
#2248 = ORIENTED_EDGE('',*,*,#2249,.F.);
#2249 = EDGE_CURVE('',#2172,#2172,#2250,.T.);
#2250 = SURFACE_CURVE('',#2251,(#2259,#2270),.PCURVE_S1.);
#2251 = ( BOUNDED_CURVE() B_SPLINE_CURVE(2,(#2252,#2253,#2254,#2255,
#2256,#2257,#2258),.UNSPECIFIED.,.T.,.F.) B_SPLINE_CURVE_WITH_KNOTS((1,2
    ,2,2,2,1),(-2.094395102393,0.,2.094395102393,4.188790204786,
6.28318530718,8.377580409573),.UNSPECIFIED.) CURVE() 
GEOMETRIC_REPRESENTATION_ITEM() RATIONAL_B_SPLINE_CURVE((1.,0.5,1.,0.5,
1.,0.5,1.)) REPRESENTATION_ITEM('') );
#2252 = CARTESIAN_POINT('',(81.254,-103.358,144.058));
#2253 = CARTESIAN_POINT('',(81.254,-97.2958221735,144.058));
#2254 = CARTESIAN_POINT('',(81.254,-100.3269110867,138.808));
#2255 = CARTESIAN_POINT('',(81.254,-103.358,133.558));
#2256 = CARTESIAN_POINT('',(81.254,-106.3890889132,138.808));
#2257 = CARTESIAN_POINT('',(81.254,-109.4201778264,144.058));
#2258 = CARTESIAN_POINT('',(81.254,-103.358,144.058));
#2259 = PCURVE('',#2181,#2260);
#2260 = DEFINITIONAL_REPRESENTATION('',(#2261),#2269);
#2261 = B_SPLINE_CURVE_WITH_KNOTS('',2,(#2262,#2263,#2264,#2265,#2266,
    #2267,#2268),.UNSPECIFIED.,.F.,.F.,(3,2,2,3),(0.,2.094395102393,
    4.188790204786,6.28318530718),.PIECEWISE_BEZIER_KNOTS.);
#2262 = CARTESIAN_POINT('',(0.,0.));
#2263 = CARTESIAN_POINT('',(1.047197551197,6.554841963583E-16));
#2264 = CARTESIAN_POINT('',(2.094395102393,-8.881784197001E-16));
#2265 = CARTESIAN_POINT('',(3.14159265359,-3.446480573699E-15));
#2266 = CARTESIAN_POINT('',(4.188790204786,0.));
#2267 = CARTESIAN_POINT('',(5.235987755983,-7.802037882856E-16));
#2268 = CARTESIAN_POINT('',(6.28318530718,0.));
#2269 = ( GEOMETRIC_REPRESENTATION_CONTEXT(2) 
PARAMETRIC_REPRESENTATION_CONTEXT() REPRESENTATION_CONTEXT('2D SPACE',''
  ) );
#2270 = PCURVE('',#2271,#2276);
#2271 = B_SPLINE_SURFACE_WITH_KNOTS('',1,1,(
    (#2272,#2273)
    ,(#2274,#2275
    )),.UNSPECIFIED.,.F.,.F.,.F.,(2,2),(2,2),(-0.137795275591,
    0.137795275591),(-0.137795275591,0.137795275591),
  .PIECEWISE_BEZIER_KNOTS.);
#2272 = CARTESIAN_POINT('',(81.254,-99.858,137.058));
#2273 = CARTESIAN_POINT('',(81.254,-99.858,144.058));
#2274 = CARTESIAN_POINT('',(81.254,-106.858,137.058));
#2275 = CARTESIAN_POINT('',(81.254,-106.858,144.058));
#2276 = DEFINITIONAL_REPRESENTATION('',(#2277),#2285);
#2277 = ( BOUNDED_CURVE() B_SPLINE_CURVE(2,(#2278,#2279,#2280,#2281,
#2282,#2283,#2284),.UNSPECIFIED.,.T.,.F.) B_SPLINE_CURVE_WITH_KNOTS((1,2
    ,2,2,2,1),(-2.094395102393,0.,2.094395102393,4.188790204786,
6.28318530718,8.377580409573),.UNSPECIFIED.) CURVE() 
GEOMETRIC_REPRESENTATION_ITEM() RATIONAL_B_SPLINE_CURVE((1.,0.5,1.,0.5,
1.,0.5,1.)) REPRESENTATION_ITEM('') );
#2278 = CARTESIAN_POINT('',(6.661338147751E-16,0.137795275591));
#2279 = CARTESIAN_POINT('',(-0.238668418366,0.137795275591));
#2280 = CARTESIAN_POINT('',(-0.119334209183,-6.889763779528E-02));
#2281 = CARTESIAN_POINT('',(6.661338147751E-16,-0.275590551181));
#2282 = CARTESIAN_POINT('',(0.119334209183,-6.889763779528E-02));
#2283 = CARTESIAN_POINT('',(0.238668418366,0.137795275591));
#2284 = CARTESIAN_POINT('',(6.661338147751E-16,0.137795275591));
#2285 = ( GEOMETRIC_REPRESENTATION_CONTEXT(2) 
PARAMETRIC_REPRESENTATION_CONTEXT() REPRESENTATION_CONTEXT('2D SPACE',''
  ) );
#2286 = ADVANCED_FACE('',(#2287,#2290),#2271,.T.);
#2287 = FACE_BOUND('',#2288,.T.);
#2288 = EDGE_LOOP('',(#2289));
#2289 = ORIENTED_EDGE('',*,*,#2249,.T.);
#2290 = FACE_BOUND('',#2291,.T.);
#2291 = EDGE_LOOP('',(#2292));
#2292 = ORIENTED_EDGE('',*,*,#2293,.F.);
#2293 = EDGE_CURVE('',#2294,#2294,#2296,.T.);
#2294 = VERTEX_POINT('',#2295);
#2295 = CARTESIAN_POINT('',(81.254,-103.358,142.558));
#2296 = SURFACE_CURVE('',#2297,(#2305,#2316),.PCURVE_S1.);
#2297 = ( BOUNDED_CURVE() B_SPLINE_CURVE(2,(#2298,#2299,#2300,#2301,
#2302,#2303,#2304),.UNSPECIFIED.,.T.,.F.) B_SPLINE_CURVE_WITH_KNOTS((1,2
    ,2,2,2,1),(-2.094395102393,0.,2.094395102393,4.188790204786,
6.28318530718,8.377580409573),.UNSPECIFIED.) CURVE() 
GEOMETRIC_REPRESENTATION_ITEM() RATIONAL_B_SPLINE_CURVE((1.,0.5,1.,0.5,
1.,0.5,1.)) REPRESENTATION_ITEM('') );
#2298 = CARTESIAN_POINT('',(81.254,-103.358,142.558));
#2299 = CARTESIAN_POINT('',(81.254,-99.89389838486,142.558));
#2300 = CARTESIAN_POINT('',(81.254,-101.6259491924,139.558));
#2301 = CARTESIAN_POINT('',(81.254,-103.358,136.558));
#2302 = CARTESIAN_POINT('',(81.254,-105.0900508075,139.558));
#2303 = CARTESIAN_POINT('',(81.254,-106.8221016151,142.558));
#2304 = CARTESIAN_POINT('',(81.254,-103.358,142.558));
#2305 = PCURVE('',#2271,#2306);
#2306 = DEFINITIONAL_REPRESENTATION('',(#2307),#2315);
#2307 = ( BOUNDED_CURVE() B_SPLINE_CURVE(2,(#2308,#2309,#2310,#2311,
#2312,#2313,#2314),.UNSPECIFIED.,.T.,.F.) B_SPLINE_CURVE_WITH_KNOTS((1,2
    ,2,2,2,1),(-2.094395102393,0.,2.094395102393,4.188790204786,
6.28318530718,8.377580409573),.UNSPECIFIED.) CURVE() 
GEOMETRIC_REPRESENTATION_ITEM() RATIONAL_B_SPLINE_CURVE((1.,0.5,1.,0.5,
1.,0.5,1.)) REPRESENTATION_ITEM('') );
#2308 = CARTESIAN_POINT('',(6.661338147751E-16,7.874015748031E-02));
#2309 = CARTESIAN_POINT('',(-0.136381953352,7.874015748031E-02));
#2310 = CARTESIAN_POINT('',(-6.819097667594E-02,-3.937007874016E-02));
#2311 = CARTESIAN_POINT('',(6.661338147751E-16,-0.157480314961));
#2312 = CARTESIAN_POINT('',(6.819097667594E-02,-3.937007874016E-02));
#2313 = CARTESIAN_POINT('',(0.136381953352,7.874015748031E-02));
#2314 = CARTESIAN_POINT('',(6.661338147751E-16,7.874015748031E-02));
#2315 = ( GEOMETRIC_REPRESENTATION_CONTEXT(2) 
PARAMETRIC_REPRESENTATION_CONTEXT() REPRESENTATION_CONTEXT('2D SPACE',''
  ) );
#2316 = PCURVE('',#2317,#2332);
#2317 = ( BOUNDED_SURFACE() B_SPLINE_SURFACE(2,1,(
    (#2318,#2319)
    ,(#2320,#2321)
    ,(#2322,#2323)
    ,(#2324,#2325)
    ,(#2326,#2327)
    ,(#2328,#2329)
    ,(#2330,#2331
)),.UNSPECIFIED.,.T.,.F.,.F.) B_SPLINE_SURFACE_WITH_KNOTS((1,2,2,2,2,1),
  (2,2),(-2.094395102393,0.,2.094395102393,4.188790204786,6.28318530718,
    8.377580409573),(-0.314960629921,-0.11811023622),.UNSPECIFIED.) 
GEOMETRIC_REPRESENTATION_ITEM() RATIONAL_B_SPLINE_SURFACE((
    (1.,1.)
    ,(0.5,0.5)
    ,(1.,1.)
    ,(0.5,0.5)
    ,(1.,1.)
    ,(0.5,0.5)
,(1.,1.))) REPRESENTATION_ITEM('') SURFACE() );
#2318 = CARTESIAN_POINT('',(81.254,-103.358,142.558));
#2319 = CARTESIAN_POINT('',(76.254,-103.358,142.558));
#2320 = CARTESIAN_POINT('',(81.254,-99.89389838486,142.558));
#2321 = CARTESIAN_POINT('',(76.254,-99.89389838486,142.558));
#2322 = CARTESIAN_POINT('',(81.254,-101.6259491924,139.558));
#2323 = CARTESIAN_POINT('',(76.254,-101.6259491924,139.558));
#2324 = CARTESIAN_POINT('',(81.254,-103.358,136.558));
#2325 = CARTESIAN_POINT('',(76.254,-103.358,136.558));
#2326 = CARTESIAN_POINT('',(81.254,-105.0900508075,139.558));
#2327 = CARTESIAN_POINT('',(76.254,-105.0900508075,139.558));
#2328 = CARTESIAN_POINT('',(81.254,-106.8221016151,142.558));
#2329 = CARTESIAN_POINT('',(76.254,-106.8221016151,142.558));
#2330 = CARTESIAN_POINT('',(81.254,-103.358,142.558));
#2331 = CARTESIAN_POINT('',(76.254,-103.358,142.558));
#2332 = DEFINITIONAL_REPRESENTATION('',(#2333),#2341);
#2333 = B_SPLINE_CURVE_WITH_KNOTS('',2,(#2334,#2335,#2336,#2337,#2338,
    #2339,#2340),.UNSPECIFIED.,.F.,.F.,(3,2,2,3),(0.,2.094395102393,
    4.188790204786,6.28318530718),.PIECEWISE_BEZIER_KNOTS.);
#2334 = CARTESIAN_POINT('',(0.,-0.314960629921));
#2335 = CARTESIAN_POINT('',(1.047197551197,-0.314960629921));
#2336 = CARTESIAN_POINT('',(2.094395102393,-0.314960629921));
#2337 = CARTESIAN_POINT('',(3.14159265359,-0.314960629921));
#2338 = CARTESIAN_POINT('',(4.188790204786,-0.314960629921));
#2339 = CARTESIAN_POINT('',(5.235987755983,-0.314960629921));
#2340 = CARTESIAN_POINT('',(6.28318530718,-0.314960629921));
#2341 = ( GEOMETRIC_REPRESENTATION_CONTEXT(2) 
PARAMETRIC_REPRESENTATION_CONTEXT() REPRESENTATION_CONTEXT('2D SPACE',''
  ) );
#2342 = ADVANCED_FACE('',(#2343),#2232,.F.);
#2343 = FACE_BOUND('',#2344,.F.);
#2344 = EDGE_LOOP('',(#2345));
#2345 = ORIENTED_EDGE('',*,*,#2210,.T.);
#2346 = ADVANCED_FACE('',(#2347),#2317,.T.);
#2347 = FACE_BOUND('',#2348,.T.);
#2348 = EDGE_LOOP('',(#2349,#2389,#2409,#2410));
#2349 = ORIENTED_EDGE('',*,*,#2350,.F.);
#2350 = EDGE_CURVE('',#2351,#2351,#2353,.T.);
#2351 = VERTEX_POINT('',#2352);
#2352 = CARTESIAN_POINT('',(76.254,-103.358,142.558));
#2353 = SURFACE_CURVE('',#2354,(#2362,#2373),.PCURVE_S1.);
#2354 = ( BOUNDED_CURVE() B_SPLINE_CURVE(2,(#2355,#2356,#2357,#2358,
#2359,#2360,#2361),.UNSPECIFIED.,.T.,.F.) B_SPLINE_CURVE_WITH_KNOTS((1,2
    ,2,2,2,1),(-2.094395102393,0.,2.094395102393,4.188790204786,
6.28318530718,8.377580409573),.UNSPECIFIED.) CURVE() 
GEOMETRIC_REPRESENTATION_ITEM() RATIONAL_B_SPLINE_CURVE((1.,0.5,1.,0.5,
1.,0.5,1.)) REPRESENTATION_ITEM('') );
#2355 = CARTESIAN_POINT('',(76.254,-103.358,142.558));
#2356 = CARTESIAN_POINT('',(76.254,-99.89389838486,142.558));
#2357 = CARTESIAN_POINT('',(76.254,-101.6259491924,139.558));
#2358 = CARTESIAN_POINT('',(76.254,-103.358,136.558));
#2359 = CARTESIAN_POINT('',(76.254,-105.0900508075,139.558));
#2360 = CARTESIAN_POINT('',(76.254,-106.8221016151,142.558));
#2361 = CARTESIAN_POINT('',(76.254,-103.358,142.558));
#2362 = PCURVE('',#2317,#2363);
#2363 = DEFINITIONAL_REPRESENTATION('',(#2364),#2372);
#2364 = B_SPLINE_CURVE_WITH_KNOTS('',2,(#2365,#2366,#2367,#2368,#2369,
    #2370,#2371),.UNSPECIFIED.,.F.,.F.,(3,2,2,3),(0.,2.094395102393,
    4.188790204786,6.28318530718),.PIECEWISE_BEZIER_KNOTS.);
#2365 = CARTESIAN_POINT('',(0.,-0.11811023622));
#2366 = CARTESIAN_POINT('',(1.047197551197,-0.11811023622));
#2367 = CARTESIAN_POINT('',(2.094395102393,-0.11811023622));
#2368 = CARTESIAN_POINT('',(3.14159265359,-0.11811023622));
#2369 = CARTESIAN_POINT('',(4.188790204786,-0.11811023622));
#2370 = CARTESIAN_POINT('',(5.235987755983,-0.11811023622));
#2371 = CARTESIAN_POINT('',(6.28318530718,-0.11811023622));
#2372 = ( GEOMETRIC_REPRESENTATION_CONTEXT(2) 
PARAMETRIC_REPRESENTATION_CONTEXT() REPRESENTATION_CONTEXT('2D SPACE',''
  ) );
#2373 = PCURVE('',#2374,#2379);
#2374 = B_SPLINE_SURFACE_WITH_KNOTS('',1,1,(
    (#2375,#2376)
    ,(#2377,#2378
    )),.UNSPECIFIED.,.F.,.F.,.F.,(2,2),(2,2),(0.,0.275590551181),(0.,
    0.318897637795),.PIECEWISE_BEZIER_KNOTS.);
#2375 = CARTESIAN_POINT('',(76.254,-106.858,136.508));
#2376 = CARTESIAN_POINT('',(76.254,-106.858,144.608));
#2377 = CARTESIAN_POINT('',(76.254,-99.858,136.508));
#2378 = CARTESIAN_POINT('',(76.254,-99.858,144.608));
#2379 = DEFINITIONAL_REPRESENTATION('',(#2380),#2388);
#2380 = ( BOUNDED_CURVE() B_SPLINE_CURVE(2,(#2381,#2382,#2383,#2384,
#2385,#2386,#2387),.UNSPECIFIED.,.T.,.F.) B_SPLINE_CURVE_WITH_KNOTS((1,2
    ,2,2,2,1),(-2.094395102393,0.,2.094395102393,4.188790204786,
6.28318530718,8.377580409573),.UNSPECIFIED.) CURVE() 
GEOMETRIC_REPRESENTATION_ITEM() RATIONAL_B_SPLINE_CURVE((1.,0.5,1.,0.5,
1.,0.5,1.)) REPRESENTATION_ITEM('') );
#2381 = CARTESIAN_POINT('',(0.137795275591,0.238188976378));
#2382 = CARTESIAN_POINT('',(0.274177228942,0.238188976378));
#2383 = CARTESIAN_POINT('',(0.205986252266,0.120078740157));
#2384 = CARTESIAN_POINT('',(0.137795275591,1.968503937008E-03));
#2385 = CARTESIAN_POINT('',(6.960429891461E-02,0.120078740157));
#2386 = CARTESIAN_POINT('',(1.413322238671E-03,0.238188976378));
#2387 = CARTESIAN_POINT('',(0.137795275591,0.238188976378));
#2388 = ( GEOMETRIC_REPRESENTATION_CONTEXT(2) 
PARAMETRIC_REPRESENTATION_CONTEXT() REPRESENTATION_CONTEXT('2D SPACE',''
  ) );
#2389 = ORIENTED_EDGE('',*,*,#2390,.T.);
#2390 = EDGE_CURVE('',#2351,#2294,#2391,.T.);
#2391 = SEAM_CURVE('',#2392,(#2395,#2402),.PCURVE_S1.);
#2392 = B_SPLINE_CURVE_WITH_KNOTS('',1,(#2393,#2394),.UNSPECIFIED.,.F.,
  .F.,(2,2),(0.11811023622,0.314960629921),.PIECEWISE_BEZIER_KNOTS.);
#2393 = CARTESIAN_POINT('',(76.254,-103.358,142.558));
#2394 = CARTESIAN_POINT('',(81.254,-103.358,142.558));
#2395 = PCURVE('',#2317,#2396);
#2396 = DEFINITIONAL_REPRESENTATION('',(#2397),#2401);
#2397 = B_SPLINE_CURVE_WITH_KNOTS('',2,(#2398,#2399,#2400),
  .UNSPECIFIED.,.F.,.F.,(3,3),(0.11811023622,0.314960629921),
  .PIECEWISE_BEZIER_KNOTS.);
#2398 = CARTESIAN_POINT('',(6.28318530718,-0.11811023622));
#2399 = CARTESIAN_POINT('',(6.28318530718,-0.216535433071));
#2400 = CARTESIAN_POINT('',(6.28318530718,-0.314960629921));
#2401 = ( GEOMETRIC_REPRESENTATION_CONTEXT(2) 
PARAMETRIC_REPRESENTATION_CONTEXT() REPRESENTATION_CONTEXT('2D SPACE',''
  ) );
#2402 = PCURVE('',#2317,#2403);
#2403 = DEFINITIONAL_REPRESENTATION('',(#2404),#2408);
#2404 = B_SPLINE_CURVE_WITH_KNOTS('',2,(#2405,#2406,#2407),
  .UNSPECIFIED.,.F.,.F.,(3,3),(0.11811023622,0.314960629921),
  .PIECEWISE_BEZIER_KNOTS.);
#2405 = CARTESIAN_POINT('',(0.,-0.11811023622));
#2406 = CARTESIAN_POINT('',(8.881784197001E-16,-0.216535433071));
#2407 = CARTESIAN_POINT('',(0.,-0.314960629921));
#2408 = ( GEOMETRIC_REPRESENTATION_CONTEXT(2) 
PARAMETRIC_REPRESENTATION_CONTEXT() REPRESENTATION_CONTEXT('2D SPACE',''
  ) );
#2409 = ORIENTED_EDGE('',*,*,#2293,.T.);
#2410 = ORIENTED_EDGE('',*,*,#2390,.F.);
#2411 = ADVANCED_FACE('',(#2412,#2514),#2374,.T.);
#2412 = FACE_BOUND('',#2413,.T.);
#2413 = EDGE_LOOP('',(#2414,#2441,#2466,#2491));
#2414 = ORIENTED_EDGE('',*,*,#2415,.F.);
#2415 = EDGE_CURVE('',#2416,#2418,#2420,.T.);
#2416 = VERTEX_POINT('',#2417);
#2417 = CARTESIAN_POINT('',(76.254,-106.858,136.508));
#2418 = VERTEX_POINT('',#2419);
#2419 = CARTESIAN_POINT('',(76.254,-106.858,144.608));
#2420 = SURFACE_CURVE('',#2421,(#2424,#2430),.PCURVE_S1.);
#2421 = B_SPLINE_CURVE_WITH_KNOTS('',1,(#2422,#2423),.UNSPECIFIED.,.F.,
  .F.,(2,2),(0.,0.318897637795),.PIECEWISE_BEZIER_KNOTS.);
#2422 = CARTESIAN_POINT('',(76.254,-106.858,136.508));
#2423 = CARTESIAN_POINT('',(76.254,-106.858,144.608));
#2424 = PCURVE('',#2374,#2425);
#2425 = DEFINITIONAL_REPRESENTATION('',(#2426),#2429);
#2426 = B_SPLINE_CURVE_WITH_KNOTS('',1,(#2427,#2428),.UNSPECIFIED.,.F.,
  .F.,(2,2),(0.,0.318897637795),.PIECEWISE_BEZIER_KNOTS.);
#2427 = CARTESIAN_POINT('',(0.,0.));
#2428 = CARTESIAN_POINT('',(0.,0.318897637795));
#2429 = ( GEOMETRIC_REPRESENTATION_CONTEXT(2) 
PARAMETRIC_REPRESENTATION_CONTEXT() REPRESENTATION_CONTEXT('2D SPACE',''
  ) );
#2430 = PCURVE('',#2431,#2436);
#2431 = B_SPLINE_SURFACE_WITH_KNOTS('',1,1,(
    (#2432,#2433)
    ,(#2434,#2435
    )),.UNSPECIFIED.,.F.,.F.,.F.,(2,2),(2,2),(0.,0.318897637795),(0.,
    0.185039370079),.PIECEWISE_BEZIER_KNOTS.);
#2432 = CARTESIAN_POINT('',(71.554,-106.858,136.508));
#2433 = CARTESIAN_POINT('',(76.254,-106.858,136.508));
#2434 = CARTESIAN_POINT('',(71.554,-106.858,144.608));
#2435 = CARTESIAN_POINT('',(76.254,-106.858,144.608));
#2436 = DEFINITIONAL_REPRESENTATION('',(#2437),#2440);
#2437 = B_SPLINE_CURVE_WITH_KNOTS('',1,(#2438,#2439),.UNSPECIFIED.,.F.,
  .F.,(2,2),(0.,0.318897637795),.PIECEWISE_BEZIER_KNOTS.);
#2438 = CARTESIAN_POINT('',(0.,0.185039370079));
#2439 = CARTESIAN_POINT('',(0.318897637795,0.185039370079));
#2440 = ( GEOMETRIC_REPRESENTATION_CONTEXT(2) 
PARAMETRIC_REPRESENTATION_CONTEXT() REPRESENTATION_CONTEXT('2D SPACE',''
  ) );
#2441 = ORIENTED_EDGE('',*,*,#2442,.T.);
#2442 = EDGE_CURVE('',#2416,#2443,#2445,.T.);
#2443 = VERTEX_POINT('',#2444);
#2444 = CARTESIAN_POINT('',(76.254,-99.858,136.508));
#2445 = SURFACE_CURVE('',#2446,(#2449,#2455),.PCURVE_S1.);
#2446 = B_SPLINE_CURVE_WITH_KNOTS('',1,(#2447,#2448),.UNSPECIFIED.,.F.,
  .F.,(2,2),(0.,0.275590551181),.PIECEWISE_BEZIER_KNOTS.);
#2447 = CARTESIAN_POINT('',(76.254,-106.858,136.508));
#2448 = CARTESIAN_POINT('',(76.254,-99.858,136.508));
#2449 = PCURVE('',#2374,#2450);
#2450 = DEFINITIONAL_REPRESENTATION('',(#2451),#2454);
#2451 = B_SPLINE_CURVE_WITH_KNOTS('',1,(#2452,#2453),.UNSPECIFIED.,.F.,
  .F.,(2,2),(0.,0.275590551181),.PIECEWISE_BEZIER_KNOTS.);
#2452 = CARTESIAN_POINT('',(0.,0.));
#2453 = CARTESIAN_POINT('',(0.275590551181,0.));
#2454 = ( GEOMETRIC_REPRESENTATION_CONTEXT(2) 
PARAMETRIC_REPRESENTATION_CONTEXT() REPRESENTATION_CONTEXT('2D SPACE',''
  ) );
#2455 = PCURVE('',#2456,#2461);
#2456 = B_SPLINE_SURFACE_WITH_KNOTS('',1,1,(
    (#2457,#2458)
    ,(#2459,#2460
    )),.UNSPECIFIED.,.F.,.F.,.F.,(2,2),(2,2),(0.,0.275590551181),(
    -0.185039370079,0.),.PIECEWISE_BEZIER_KNOTS.);
#2457 = CARTESIAN_POINT('',(76.254,-106.858,136.508));
#2458 = CARTESIAN_POINT('',(71.554,-106.858,136.508));
#2459 = CARTESIAN_POINT('',(76.254,-99.858,136.508));
#2460 = CARTESIAN_POINT('',(71.554,-99.858,136.508));
#2461 = DEFINITIONAL_REPRESENTATION('',(#2462),#2465);
#2462 = B_SPLINE_CURVE_WITH_KNOTS('',1,(#2463,#2464),.UNSPECIFIED.,.F.,
  .F.,(2,2),(0.,0.275590551181),.PIECEWISE_BEZIER_KNOTS.);
#2463 = CARTESIAN_POINT('',(0.,-0.185039370079));
#2464 = CARTESIAN_POINT('',(0.275590551181,-0.185039370079));
#2465 = ( GEOMETRIC_REPRESENTATION_CONTEXT(2) 
PARAMETRIC_REPRESENTATION_CONTEXT() REPRESENTATION_CONTEXT('2D SPACE',''
  ) );
#2466 = ORIENTED_EDGE('',*,*,#2467,.T.);
#2467 = EDGE_CURVE('',#2443,#2468,#2470,.T.);
#2468 = VERTEX_POINT('',#2469);
#2469 = CARTESIAN_POINT('',(76.254,-99.858,144.608));
#2470 = SURFACE_CURVE('',#2471,(#2474,#2480),.PCURVE_S1.);
#2471 = B_SPLINE_CURVE_WITH_KNOTS('',1,(#2472,#2473),.UNSPECIFIED.,.F.,
  .F.,(2,2),(0.,0.318897637795),.PIECEWISE_BEZIER_KNOTS.);
#2472 = CARTESIAN_POINT('',(76.254,-99.858,136.508));
#2473 = CARTESIAN_POINT('',(76.254,-99.858,144.608));
#2474 = PCURVE('',#2374,#2475);
#2475 = DEFINITIONAL_REPRESENTATION('',(#2476),#2479);
#2476 = B_SPLINE_CURVE_WITH_KNOTS('',1,(#2477,#2478),.UNSPECIFIED.,.F.,
  .F.,(2,2),(0.,0.318897637795),.PIECEWISE_BEZIER_KNOTS.);
#2477 = CARTESIAN_POINT('',(0.275590551181,0.));
#2478 = CARTESIAN_POINT('',(0.275590551181,0.318897637795));
#2479 = ( GEOMETRIC_REPRESENTATION_CONTEXT(2) 
PARAMETRIC_REPRESENTATION_CONTEXT() REPRESENTATION_CONTEXT('2D SPACE',''
  ) );
#2480 = PCURVE('',#2481,#2486);
#2481 = B_SPLINE_SURFACE_WITH_KNOTS('',1,1,(
    (#2482,#2483)
    ,(#2484,#2485
    )),.UNSPECIFIED.,.F.,.F.,.F.,(2,2),(2,2),(0.,0.318897637795),(0.,
    0.185039370079),.PIECEWISE_BEZIER_KNOTS.);
#2482 = CARTESIAN_POINT('',(71.554,-99.858,136.508));
#2483 = CARTESIAN_POINT('',(76.254,-99.858,136.508));
#2484 = CARTESIAN_POINT('',(71.554,-99.858,144.608));
#2485 = CARTESIAN_POINT('',(76.254,-99.858,144.608));
#2486 = DEFINITIONAL_REPRESENTATION('',(#2487),#2490);
#2487 = B_SPLINE_CURVE_WITH_KNOTS('',1,(#2488,#2489),.UNSPECIFIED.,.F.,
  .F.,(2,2),(0.,0.318897637795),.PIECEWISE_BEZIER_KNOTS.);
#2488 = CARTESIAN_POINT('',(0.,0.185039370079));
#2489 = CARTESIAN_POINT('',(0.318897637795,0.185039370079));
#2490 = ( GEOMETRIC_REPRESENTATION_CONTEXT(2) 
PARAMETRIC_REPRESENTATION_CONTEXT() REPRESENTATION_CONTEXT('2D SPACE',''
  ) );
#2491 = ORIENTED_EDGE('',*,*,#2492,.F.);
#2492 = EDGE_CURVE('',#2418,#2468,#2493,.T.);
#2493 = SURFACE_CURVE('',#2494,(#2497,#2503),.PCURVE_S1.);
#2494 = B_SPLINE_CURVE_WITH_KNOTS('',1,(#2495,#2496),.UNSPECIFIED.,.F.,
  .F.,(2,2),(0.,0.275590551181),.PIECEWISE_BEZIER_KNOTS.);
#2495 = CARTESIAN_POINT('',(76.254,-106.858,144.608));
#2496 = CARTESIAN_POINT('',(76.254,-99.858,144.608));
#2497 = PCURVE('',#2374,#2498);
#2498 = DEFINITIONAL_REPRESENTATION('',(#2499),#2502);
#2499 = B_SPLINE_CURVE_WITH_KNOTS('',1,(#2500,#2501),.UNSPECIFIED.,.F.,
  .F.,(2,2),(0.,0.275590551181),.PIECEWISE_BEZIER_KNOTS.);
#2500 = CARTESIAN_POINT('',(0.,0.318897637795));
#2501 = CARTESIAN_POINT('',(0.275590551181,0.318897637795));
#2502 = ( GEOMETRIC_REPRESENTATION_CONTEXT(2) 
PARAMETRIC_REPRESENTATION_CONTEXT() REPRESENTATION_CONTEXT('2D SPACE',''
  ) );
#2503 = PCURVE('',#2504,#2509);
#2504 = B_SPLINE_SURFACE_WITH_KNOTS('',1,1,(
    (#2505,#2506)
    ,(#2507,#2508
    )),.UNSPECIFIED.,.F.,.F.,.F.,(2,2),(2,2),(0.,0.275590551181),(
    -0.185039370079,0.),.PIECEWISE_BEZIER_KNOTS.);
#2505 = CARTESIAN_POINT('',(76.254,-106.858,144.608));
#2506 = CARTESIAN_POINT('',(71.554,-106.858,144.608));
#2507 = CARTESIAN_POINT('',(76.254,-99.858,144.608));
#2508 = CARTESIAN_POINT('',(71.554,-99.858,144.608));
#2509 = DEFINITIONAL_REPRESENTATION('',(#2510),#2513);
#2510 = B_SPLINE_CURVE_WITH_KNOTS('',1,(#2511,#2512),.UNSPECIFIED.,.F.,
  .F.,(2,2),(0.,0.275590551181),.PIECEWISE_BEZIER_KNOTS.);
#2511 = CARTESIAN_POINT('',(0.,-0.185039370079));
#2512 = CARTESIAN_POINT('',(0.275590551181,-0.185039370079));
#2513 = ( GEOMETRIC_REPRESENTATION_CONTEXT(2) 
PARAMETRIC_REPRESENTATION_CONTEXT() REPRESENTATION_CONTEXT('2D SPACE',''
  ) );
#2514 = FACE_BOUND('',#2515,.T.);
#2515 = EDGE_LOOP('',(#2516));
#2516 = ORIENTED_EDGE('',*,*,#2350,.T.);
#2517 = ADVANCED_FACE('',(#2518),#2431,.F.);
#2518 = FACE_BOUND('',#2519,.F.);
#2519 = EDGE_LOOP('',(#2520,#2540,#2565,#2583));
#2520 = ORIENTED_EDGE('',*,*,#2521,.F.);
#2521 = EDGE_CURVE('',#2522,#2416,#2524,.T.);
#2522 = VERTEX_POINT('',#2523);
#2523 = CARTESIAN_POINT('',(71.554,-106.858,136.508));
#2524 = SURFACE_CURVE('',#2525,(#2528,#2534),.PCURVE_S1.);
#2525 = B_SPLINE_CURVE_WITH_KNOTS('',1,(#2526,#2527),.UNSPECIFIED.,.F.,
  .F.,(2,2),(0.,0.185039370079),.PIECEWISE_BEZIER_KNOTS.);
#2526 = CARTESIAN_POINT('',(71.554,-106.858,136.508));
#2527 = CARTESIAN_POINT('',(76.254,-106.858,136.508));
#2528 = PCURVE('',#2431,#2529);
#2529 = DEFINITIONAL_REPRESENTATION('',(#2530),#2533);
#2530 = B_SPLINE_CURVE_WITH_KNOTS('',1,(#2531,#2532),.UNSPECIFIED.,.F.,
  .F.,(2,2),(0.,0.185039370079),.PIECEWISE_BEZIER_KNOTS.);
#2531 = CARTESIAN_POINT('',(0.,0.));
#2532 = CARTESIAN_POINT('',(0.,0.185039370079));
#2533 = ( GEOMETRIC_REPRESENTATION_CONTEXT(2) 
PARAMETRIC_REPRESENTATION_CONTEXT() REPRESENTATION_CONTEXT('2D SPACE',''
  ) );
#2534 = PCURVE('',#2456,#2535);
#2535 = DEFINITIONAL_REPRESENTATION('',(#2536),#2539);
#2536 = B_SPLINE_CURVE_WITH_KNOTS('',1,(#2537,#2538),.UNSPECIFIED.,.F.,
  .F.,(2,2),(0.,0.185039370079),.PIECEWISE_BEZIER_KNOTS.);
#2537 = CARTESIAN_POINT('',(0.,0.));
#2538 = CARTESIAN_POINT('',(0.,-0.185039370079));
#2539 = ( GEOMETRIC_REPRESENTATION_CONTEXT(2) 
PARAMETRIC_REPRESENTATION_CONTEXT() REPRESENTATION_CONTEXT('2D SPACE',''
  ) );
#2540 = ORIENTED_EDGE('',*,*,#2541,.T.);
#2541 = EDGE_CURVE('',#2522,#2542,#2544,.T.);
#2542 = VERTEX_POINT('',#2543);
#2543 = CARTESIAN_POINT('',(71.554,-106.858,144.608));
#2544 = SURFACE_CURVE('',#2545,(#2548,#2554),.PCURVE_S1.);
#2545 = B_SPLINE_CURVE_WITH_KNOTS('',1,(#2546,#2547),.UNSPECIFIED.,.F.,
  .F.,(2,2),(0.,0.318897637795),.PIECEWISE_BEZIER_KNOTS.);
#2546 = CARTESIAN_POINT('',(71.554,-106.858,136.508));
#2547 = CARTESIAN_POINT('',(71.554,-106.858,144.608));
#2548 = PCURVE('',#2431,#2549);
#2549 = DEFINITIONAL_REPRESENTATION('',(#2550),#2553);
#2550 = B_SPLINE_CURVE_WITH_KNOTS('',1,(#2551,#2552),.UNSPECIFIED.,.F.,
  .F.,(2,2),(0.,0.318897637795),.PIECEWISE_BEZIER_KNOTS.);
#2551 = CARTESIAN_POINT('',(0.,0.));
#2552 = CARTESIAN_POINT('',(0.318897637795,0.));
#2553 = ( GEOMETRIC_REPRESENTATION_CONTEXT(2) 
PARAMETRIC_REPRESENTATION_CONTEXT() REPRESENTATION_CONTEXT('2D SPACE',''
  ) );
#2554 = PCURVE('',#2555,#2560);
#2555 = B_SPLINE_SURFACE_WITH_KNOTS('',1,1,(
    (#2556,#2557)
    ,(#2558,#2559
    )),.UNSPECIFIED.,.F.,.F.,.F.,(2,2),(2,2),(0.,0.275590551181),(0.,
    0.318897637795),.PIECEWISE_BEZIER_KNOTS.);
#2556 = CARTESIAN_POINT('',(71.554,-106.858,136.508));
#2557 = CARTESIAN_POINT('',(71.554,-106.858,144.608));
#2558 = CARTESIAN_POINT('',(71.554,-99.858,136.508));
#2559 = CARTESIAN_POINT('',(71.554,-99.858,144.608));
#2560 = DEFINITIONAL_REPRESENTATION('',(#2561),#2564);
#2561 = B_SPLINE_CURVE_WITH_KNOTS('',1,(#2562,#2563),.UNSPECIFIED.,.F.,
  .F.,(2,2),(0.,0.318897637795),.PIECEWISE_BEZIER_KNOTS.);
#2562 = CARTESIAN_POINT('',(0.,0.));
#2563 = CARTESIAN_POINT('',(0.,0.318897637795));
#2564 = ( GEOMETRIC_REPRESENTATION_CONTEXT(2) 
PARAMETRIC_REPRESENTATION_CONTEXT() REPRESENTATION_CONTEXT('2D SPACE',''
  ) );
#2565 = ORIENTED_EDGE('',*,*,#2566,.T.);
#2566 = EDGE_CURVE('',#2542,#2418,#2567,.T.);
#2567 = SURFACE_CURVE('',#2568,(#2571,#2577),.PCURVE_S1.);
#2568 = B_SPLINE_CURVE_WITH_KNOTS('',1,(#2569,#2570),.UNSPECIFIED.,.F.,
  .F.,(2,2),(0.,0.185039370079),.PIECEWISE_BEZIER_KNOTS.);
#2569 = CARTESIAN_POINT('',(71.554,-106.858,144.608));
#2570 = CARTESIAN_POINT('',(76.254,-106.858,144.608));
#2571 = PCURVE('',#2431,#2572);
#2572 = DEFINITIONAL_REPRESENTATION('',(#2573),#2576);
#2573 = B_SPLINE_CURVE_WITH_KNOTS('',1,(#2574,#2575),.UNSPECIFIED.,.F.,
  .F.,(2,2),(0.,0.185039370079),.PIECEWISE_BEZIER_KNOTS.);
#2574 = CARTESIAN_POINT('',(0.318897637795,0.));
#2575 = CARTESIAN_POINT('',(0.318897637795,0.185039370079));
#2576 = ( GEOMETRIC_REPRESENTATION_CONTEXT(2) 
PARAMETRIC_REPRESENTATION_CONTEXT() REPRESENTATION_CONTEXT('2D SPACE',''
  ) );
#2577 = PCURVE('',#2504,#2578);
#2578 = DEFINITIONAL_REPRESENTATION('',(#2579),#2582);
#2579 = B_SPLINE_CURVE_WITH_KNOTS('',1,(#2580,#2581),.UNSPECIFIED.,.F.,
  .F.,(2,2),(0.,0.185039370079),.PIECEWISE_BEZIER_KNOTS.);
#2580 = CARTESIAN_POINT('',(0.,0.));
#2581 = CARTESIAN_POINT('',(0.,-0.185039370079));
#2582 = ( GEOMETRIC_REPRESENTATION_CONTEXT(2) 
PARAMETRIC_REPRESENTATION_CONTEXT() REPRESENTATION_CONTEXT('2D SPACE',''
  ) );
#2583 = ORIENTED_EDGE('',*,*,#2415,.F.);
#2584 = ADVANCED_FACE('',(#2585),#2504,.T.);
#2585 = FACE_BOUND('',#2586,.T.);
#2586 = EDGE_LOOP('',(#2587,#2607,#2608,#2609));
#2587 = ORIENTED_EDGE('',*,*,#2588,.F.);
#2588 = EDGE_CURVE('',#2542,#2589,#2591,.T.);
#2589 = VERTEX_POINT('',#2590);
#2590 = CARTESIAN_POINT('',(71.554,-99.858,144.608));
#2591 = SURFACE_CURVE('',#2592,(#2595,#2601),.PCURVE_S1.);
#2592 = B_SPLINE_CURVE_WITH_KNOTS('',1,(#2593,#2594),.UNSPECIFIED.,.F.,
  .F.,(2,2),(0.,0.275590551181),.PIECEWISE_BEZIER_KNOTS.);
#2593 = CARTESIAN_POINT('',(71.554,-106.858,144.608));
#2594 = CARTESIAN_POINT('',(71.554,-99.858,144.608));
#2595 = PCURVE('',#2504,#2596);
#2596 = DEFINITIONAL_REPRESENTATION('',(#2597),#2600);
#2597 = B_SPLINE_CURVE_WITH_KNOTS('',1,(#2598,#2599),.UNSPECIFIED.,.F.,
  .F.,(2,2),(0.,0.275590551181),.PIECEWISE_BEZIER_KNOTS.);
#2598 = CARTESIAN_POINT('',(0.,0.));
#2599 = CARTESIAN_POINT('',(0.275590551181,0.));
#2600 = ( GEOMETRIC_REPRESENTATION_CONTEXT(2) 
PARAMETRIC_REPRESENTATION_CONTEXT() REPRESENTATION_CONTEXT('2D SPACE',''
  ) );
#2601 = PCURVE('',#2555,#2602);
#2602 = DEFINITIONAL_REPRESENTATION('',(#2603),#2606);
#2603 = B_SPLINE_CURVE_WITH_KNOTS('',1,(#2604,#2605),.UNSPECIFIED.,.F.,
  .F.,(2,2),(0.,0.275590551181),.PIECEWISE_BEZIER_KNOTS.);
#2604 = CARTESIAN_POINT('',(0.,0.318897637795));
#2605 = CARTESIAN_POINT('',(0.275590551181,0.318897637795));
#2606 = ( GEOMETRIC_REPRESENTATION_CONTEXT(2) 
PARAMETRIC_REPRESENTATION_CONTEXT() REPRESENTATION_CONTEXT('2D SPACE',''
  ) );
#2607 = ORIENTED_EDGE('',*,*,#2566,.T.);
#2608 = ORIENTED_EDGE('',*,*,#2492,.T.);
#2609 = ORIENTED_EDGE('',*,*,#2610,.F.);
#2610 = EDGE_CURVE('',#2589,#2468,#2611,.T.);
#2611 = SURFACE_CURVE('',#2612,(#2615,#2621),.PCURVE_S1.);
#2612 = B_SPLINE_CURVE_WITH_KNOTS('',1,(#2613,#2614),.UNSPECIFIED.,.F.,
  .F.,(2,2),(0.,0.185039370079),.PIECEWISE_BEZIER_KNOTS.);
#2613 = CARTESIAN_POINT('',(71.554,-99.858,144.608));
#2614 = CARTESIAN_POINT('',(76.254,-99.858,144.608));
#2615 = PCURVE('',#2504,#2616);
#2616 = DEFINITIONAL_REPRESENTATION('',(#2617),#2620);
#2617 = B_SPLINE_CURVE_WITH_KNOTS('',1,(#2618,#2619),.UNSPECIFIED.,.F.,
  .F.,(2,2),(0.,0.185039370079),.PIECEWISE_BEZIER_KNOTS.);
#2618 = CARTESIAN_POINT('',(0.275590551181,0.));
#2619 = CARTESIAN_POINT('',(0.275590551181,-0.185039370079));
#2620 = ( GEOMETRIC_REPRESENTATION_CONTEXT(2) 
PARAMETRIC_REPRESENTATION_CONTEXT() REPRESENTATION_CONTEXT('2D SPACE',''
  ) );
#2621 = PCURVE('',#2481,#2622);
#2622 = DEFINITIONAL_REPRESENTATION('',(#2623),#2626);
#2623 = B_SPLINE_CURVE_WITH_KNOTS('',1,(#2624,#2625),.UNSPECIFIED.,.F.,
  .F.,(2,2),(0.,0.185039370079),.PIECEWISE_BEZIER_KNOTS.);
#2624 = CARTESIAN_POINT('',(0.318897637795,0.));
#2625 = CARTESIAN_POINT('',(0.318897637795,0.185039370079));
#2626 = ( GEOMETRIC_REPRESENTATION_CONTEXT(2) 
PARAMETRIC_REPRESENTATION_CONTEXT() REPRESENTATION_CONTEXT('2D SPACE',''
  ) );
#2627 = ADVANCED_FACE('',(#2628),#2456,.F.);
#2628 = FACE_BOUND('',#2629,.F.);
#2629 = EDGE_LOOP('',(#2630,#2650,#2651,#2652));
#2630 = ORIENTED_EDGE('',*,*,#2631,.F.);
#2631 = EDGE_CURVE('',#2522,#2632,#2634,.T.);
#2632 = VERTEX_POINT('',#2633);
#2633 = CARTESIAN_POINT('',(71.554,-99.858,136.508));
#2634 = SURFACE_CURVE('',#2635,(#2638,#2644),.PCURVE_S1.);
#2635 = B_SPLINE_CURVE_WITH_KNOTS('',1,(#2636,#2637),.UNSPECIFIED.,.F.,
  .F.,(2,2),(0.,0.275590551181),.PIECEWISE_BEZIER_KNOTS.);
#2636 = CARTESIAN_POINT('',(71.554,-106.858,136.508));
#2637 = CARTESIAN_POINT('',(71.554,-99.858,136.508));
#2638 = PCURVE('',#2456,#2639);
#2639 = DEFINITIONAL_REPRESENTATION('',(#2640),#2643);
#2640 = B_SPLINE_CURVE_WITH_KNOTS('',1,(#2641,#2642),.UNSPECIFIED.,.F.,
  .F.,(2,2),(0.,0.275590551181),.PIECEWISE_BEZIER_KNOTS.);
#2641 = CARTESIAN_POINT('',(0.,0.));
#2642 = CARTESIAN_POINT('',(0.275590551181,0.));
#2643 = ( GEOMETRIC_REPRESENTATION_CONTEXT(2) 
PARAMETRIC_REPRESENTATION_CONTEXT() REPRESENTATION_CONTEXT('2D SPACE',''
  ) );
#2644 = PCURVE('',#2555,#2645);
#2645 = DEFINITIONAL_REPRESENTATION('',(#2646),#2649);
#2646 = B_SPLINE_CURVE_WITH_KNOTS('',1,(#2647,#2648),.UNSPECIFIED.,.F.,
  .F.,(2,2),(0.,0.275590551181),.PIECEWISE_BEZIER_KNOTS.);
#2647 = CARTESIAN_POINT('',(0.,0.));
#2648 = CARTESIAN_POINT('',(0.275590551181,0.));
#2649 = ( GEOMETRIC_REPRESENTATION_CONTEXT(2) 
PARAMETRIC_REPRESENTATION_CONTEXT() REPRESENTATION_CONTEXT('2D SPACE',''
  ) );
#2650 = ORIENTED_EDGE('',*,*,#2521,.T.);
#2651 = ORIENTED_EDGE('',*,*,#2442,.T.);
#2652 = ORIENTED_EDGE('',*,*,#2653,.F.);
#2653 = EDGE_CURVE('',#2632,#2443,#2654,.T.);
#2654 = SURFACE_CURVE('',#2655,(#2658,#2664),.PCURVE_S1.);
#2655 = B_SPLINE_CURVE_WITH_KNOTS('',1,(#2656,#2657),.UNSPECIFIED.,.F.,
  .F.,(2,2),(0.,0.185039370079),.PIECEWISE_BEZIER_KNOTS.);
#2656 = CARTESIAN_POINT('',(71.554,-99.858,136.508));
#2657 = CARTESIAN_POINT('',(76.254,-99.858,136.508));
#2658 = PCURVE('',#2456,#2659);
#2659 = DEFINITIONAL_REPRESENTATION('',(#2660),#2663);
#2660 = B_SPLINE_CURVE_WITH_KNOTS('',1,(#2661,#2662),.UNSPECIFIED.,.F.,
  .F.,(2,2),(0.,0.185039370079),.PIECEWISE_BEZIER_KNOTS.);
#2661 = CARTESIAN_POINT('',(0.275590551181,0.));
#2662 = CARTESIAN_POINT('',(0.275590551181,-0.185039370079));
#2663 = ( GEOMETRIC_REPRESENTATION_CONTEXT(2) 
PARAMETRIC_REPRESENTATION_CONTEXT() REPRESENTATION_CONTEXT('2D SPACE',''
  ) );
#2664 = PCURVE('',#2481,#2665);
#2665 = DEFINITIONAL_REPRESENTATION('',(#2666),#2669);
#2666 = B_SPLINE_CURVE_WITH_KNOTS('',1,(#2667,#2668),.UNSPECIFIED.,.F.,
  .F.,(2,2),(0.,0.185039370079),.PIECEWISE_BEZIER_KNOTS.);
#2667 = CARTESIAN_POINT('',(0.,0.));
#2668 = CARTESIAN_POINT('',(0.,0.185039370079));
#2669 = ( GEOMETRIC_REPRESENTATION_CONTEXT(2) 
PARAMETRIC_REPRESENTATION_CONTEXT() REPRESENTATION_CONTEXT('2D SPACE',''
  ) );
#2670 = ADVANCED_FACE('',(#2671),#2481,.T.);
#2671 = FACE_BOUND('',#2672,.T.);
#2672 = EDGE_LOOP('',(#2673,#2674,#2692,#2693));
#2673 = ORIENTED_EDGE('',*,*,#2653,.F.);
#2674 = ORIENTED_EDGE('',*,*,#2675,.T.);
#2675 = EDGE_CURVE('',#2632,#2589,#2676,.T.);
#2676 = SURFACE_CURVE('',#2677,(#2680,#2686),.PCURVE_S1.);
#2677 = B_SPLINE_CURVE_WITH_KNOTS('',1,(#2678,#2679),.UNSPECIFIED.,.F.,
  .F.,(2,2),(0.,0.318897637795),.PIECEWISE_BEZIER_KNOTS.);
#2678 = CARTESIAN_POINT('',(71.554,-99.858,136.508));
#2679 = CARTESIAN_POINT('',(71.554,-99.858,144.608));
#2680 = PCURVE('',#2481,#2681);
#2681 = DEFINITIONAL_REPRESENTATION('',(#2682),#2685);
#2682 = B_SPLINE_CURVE_WITH_KNOTS('',1,(#2683,#2684),.UNSPECIFIED.,.F.,
  .F.,(2,2),(0.,0.318897637795),.PIECEWISE_BEZIER_KNOTS.);
#2683 = CARTESIAN_POINT('',(0.,0.));
#2684 = CARTESIAN_POINT('',(0.318897637795,0.));
#2685 = ( GEOMETRIC_REPRESENTATION_CONTEXT(2) 
PARAMETRIC_REPRESENTATION_CONTEXT() REPRESENTATION_CONTEXT('2D SPACE',''
  ) );
#2686 = PCURVE('',#2555,#2687);
#2687 = DEFINITIONAL_REPRESENTATION('',(#2688),#2691);
#2688 = B_SPLINE_CURVE_WITH_KNOTS('',1,(#2689,#2690),.UNSPECIFIED.,.F.,
  .F.,(2,2),(0.,0.318897637795),.PIECEWISE_BEZIER_KNOTS.);
#2689 = CARTESIAN_POINT('',(0.275590551181,0.));
#2690 = CARTESIAN_POINT('',(0.275590551181,0.318897637795));
#2691 = ( GEOMETRIC_REPRESENTATION_CONTEXT(2) 
PARAMETRIC_REPRESENTATION_CONTEXT() REPRESENTATION_CONTEXT('2D SPACE',''
  ) );
#2692 = ORIENTED_EDGE('',*,*,#2610,.T.);
#2693 = ORIENTED_EDGE('',*,*,#2467,.F.);
#2694 = ADVANCED_FACE('',(#2695),#2555,.F.);
#2695 = FACE_BOUND('',#2696,.F.);
#2696 = EDGE_LOOP('',(#2697,#2698,#2699,#2700));
#2697 = ORIENTED_EDGE('',*,*,#2541,.F.);
#2698 = ORIENTED_EDGE('',*,*,#2631,.T.);
#2699 = ORIENTED_EDGE('',*,*,#2675,.T.);
#2700 = ORIENTED_EDGE('',*,*,#2588,.F.);
#2701 = MANIFOLD_SOLID_BREP('',#2702);
#2702 = CLOSED_SHELL('',(#2703,#2822,#2878,#2882,#2947,#3053,#3120,#3163
    ,#3206,#3230));
#2703 = ADVANCED_FACE('',(#2704),#2717,.T.);
#2704 = FACE_BOUND('',#2705,.T.);
#2705 = EDGE_LOOP('',(#2706,#2745,#2783,#2784));
#2706 = ORIENTED_EDGE('',*,*,#2707,.T.);
#2707 = EDGE_CURVE('',#2708,#2710,#2712,.T.);
#2708 = VERTEX_POINT('',#2709);
#2709 = CARTESIAN_POINT('',(81.254,-111.358,144.058));
#2710 = VERTEX_POINT('',#2711);
#2711 = CARTESIAN_POINT('',(85.254,-111.358,144.058));
#2712 = SEAM_CURVE('',#2713,(#2716,#2738),.PCURVE_S1.);
#2713 = B_SPLINE_CURVE_WITH_KNOTS('',1,(#2714,#2715),.UNSPECIFIED.,.F.,
  .F.,(2,2),(0.,0.157480314961),.PIECEWISE_BEZIER_KNOTS.);
#2714 = CARTESIAN_POINT('',(81.254,-111.358,144.058));
#2715 = CARTESIAN_POINT('',(85.254,-111.358,144.058));
#2716 = PCURVE('',#2717,#2732);
#2717 = ( BOUNDED_SURFACE() B_SPLINE_SURFACE(2,1,(
    (#2718,#2719)
    ,(#2720,#2721)
    ,(#2722,#2723)
    ,(#2724,#2725)
    ,(#2726,#2727)
    ,(#2728,#2729)
    ,(#2730,#2731
)),.UNSPECIFIED.,.T.,.F.,.F.) B_SPLINE_SURFACE_WITH_KNOTS((1,2,2,2,2,1),
  (2,2),(-2.094395102393,0.,2.094395102393,4.188790204786,6.28318530718,
    8.377580409573),(-0.157480314961,0.),.UNSPECIFIED.) 
GEOMETRIC_REPRESENTATION_ITEM() RATIONAL_B_SPLINE_SURFACE((
    (1.,1.)
    ,(0.5,0.5)
    ,(1.,1.)
    ,(0.5,0.5)
    ,(1.,1.)
    ,(0.5,0.5)
,(1.,1.))) REPRESENTATION_ITEM('') SURFACE() );
#2718 = CARTESIAN_POINT('',(85.254,-111.358,144.058));
#2719 = CARTESIAN_POINT('',(81.254,-111.358,144.058));
#2720 = CARTESIAN_POINT('',(85.254,-105.2958221735,144.058));
#2721 = CARTESIAN_POINT('',(81.254,-105.2958221735,144.058));
#2722 = CARTESIAN_POINT('',(85.254,-108.3269110867,138.808));
#2723 = CARTESIAN_POINT('',(81.254,-108.3269110867,138.808));
#2724 = CARTESIAN_POINT('',(85.254,-111.358,133.558));
#2725 = CARTESIAN_POINT('',(81.254,-111.358,133.558));
#2726 = CARTESIAN_POINT('',(85.254,-114.3890889132,138.808));
#2727 = CARTESIAN_POINT('',(81.254,-114.3890889132,138.808));
#2728 = CARTESIAN_POINT('',(85.254,-117.4201778264,144.058));
#2729 = CARTESIAN_POINT('',(81.254,-117.4201778264,144.058));
#2730 = CARTESIAN_POINT('',(85.254,-111.358,144.058));
#2731 = CARTESIAN_POINT('',(81.254,-111.358,144.058));
#2732 = DEFINITIONAL_REPRESENTATION('',(#2733),#2737);
#2733 = B_SPLINE_CURVE_WITH_KNOTS('',2,(#2734,#2735,#2736),
  .UNSPECIFIED.,.F.,.F.,(3,3),(0.,0.157480314961),
  .PIECEWISE_BEZIER_KNOTS.);
#2734 = CARTESIAN_POINT('',(0.,0.));
#2735 = CARTESIAN_POINT('',(0.,-7.874015748031E-02));
#2736 = CARTESIAN_POINT('',(0.,-0.157480314961));
#2737 = ( GEOMETRIC_REPRESENTATION_CONTEXT(2) 
PARAMETRIC_REPRESENTATION_CONTEXT() REPRESENTATION_CONTEXT('2D SPACE',''
  ) );
#2738 = PCURVE('',#2717,#2739);
#2739 = DEFINITIONAL_REPRESENTATION('',(#2740),#2744);
#2740 = B_SPLINE_CURVE_WITH_KNOTS('',2,(#2741,#2742,#2743),
  .UNSPECIFIED.,.F.,.F.,(3,3),(0.,0.157480314961),
  .PIECEWISE_BEZIER_KNOTS.);
#2741 = CARTESIAN_POINT('',(6.28318530718,0.));
#2742 = CARTESIAN_POINT('',(6.28318530718,-7.874015748031E-02));
#2743 = CARTESIAN_POINT('',(6.28318530718,-0.157480314961));
#2744 = ( GEOMETRIC_REPRESENTATION_CONTEXT(2) 
PARAMETRIC_REPRESENTATION_CONTEXT() REPRESENTATION_CONTEXT('2D SPACE',''
  ) );
#2745 = ORIENTED_EDGE('',*,*,#2746,.T.);
#2746 = EDGE_CURVE('',#2710,#2710,#2747,.T.);
#2747 = SURFACE_CURVE('',#2748,(#2756,#2767),.PCURVE_S1.);
#2748 = ( BOUNDED_CURVE() B_SPLINE_CURVE(2,(#2749,#2750,#2751,#2752,
#2753,#2754,#2755),.UNSPECIFIED.,.T.,.F.) B_SPLINE_CURVE_WITH_KNOTS((1,2
    ,2,2,2,1),(-2.094395102393,0.,2.094395102393,4.188790204786,
6.28318530718,8.377580409573),.UNSPECIFIED.) CURVE() 
GEOMETRIC_REPRESENTATION_ITEM() RATIONAL_B_SPLINE_CURVE((1.,0.5,1.,0.5,
1.,0.5,1.)) REPRESENTATION_ITEM('') );
#2749 = CARTESIAN_POINT('',(85.254,-111.358,144.058));
#2750 = CARTESIAN_POINT('',(85.254,-105.2958221735,144.058));
#2751 = CARTESIAN_POINT('',(85.254,-108.3269110867,138.808));
#2752 = CARTESIAN_POINT('',(85.254,-111.358,133.558));
#2753 = CARTESIAN_POINT('',(85.254,-114.3890889132,138.808));
#2754 = CARTESIAN_POINT('',(85.254,-117.4201778264,144.058));
#2755 = CARTESIAN_POINT('',(85.254,-111.358,144.058));
#2756 = PCURVE('',#2717,#2757);
#2757 = DEFINITIONAL_REPRESENTATION('',(#2758),#2766);
#2758 = B_SPLINE_CURVE_WITH_KNOTS('',2,(#2759,#2760,#2761,#2762,#2763,
    #2764,#2765),.UNSPECIFIED.,.F.,.F.,(3,2,2,3),(0.,2.094395102393,
    4.188790204786,6.28318530718),.PIECEWISE_BEZIER_KNOTS.);
#2759 = CARTESIAN_POINT('',(0.,-0.157480314961));
#2760 = CARTESIAN_POINT('',(1.047197551197,-0.157480314961));
#2761 = CARTESIAN_POINT('',(2.094395102393,-0.157480314961));
#2762 = CARTESIAN_POINT('',(3.14159265359,-0.157480314961));
#2763 = CARTESIAN_POINT('',(4.188790204786,-0.157480314961));
#2764 = CARTESIAN_POINT('',(5.235987755983,-0.157480314961));
#2765 = CARTESIAN_POINT('',(6.28318530718,-0.157480314961));
#2766 = ( GEOMETRIC_REPRESENTATION_CONTEXT(2) 
PARAMETRIC_REPRESENTATION_CONTEXT() REPRESENTATION_CONTEXT('2D SPACE',''
  ) );
#2767 = PCURVE('',#2768,#2773);
#2768 = B_SPLINE_SURFACE_WITH_KNOTS('',1,1,(
    (#2769,#2770)
    ,(#2771,#2772
    )),.UNSPECIFIED.,.F.,.F.,.F.,(2,2),(2,2),(-0.137795275591,
    0.137795275591),(-0.137795275591,0.137795275591),
  .PIECEWISE_BEZIER_KNOTS.);
#2769 = CARTESIAN_POINT('',(85.254,-107.858,137.058));
#2770 = CARTESIAN_POINT('',(85.254,-107.858,144.058));
#2771 = CARTESIAN_POINT('',(85.254,-114.858,137.058));
#2772 = CARTESIAN_POINT('',(85.254,-114.858,144.058));
#2773 = DEFINITIONAL_REPRESENTATION('',(#2774),#2782);
#2774 = ( BOUNDED_CURVE() B_SPLINE_CURVE(2,(#2775,#2776,#2777,#2778,
#2779,#2780,#2781),.UNSPECIFIED.,.T.,.F.) B_SPLINE_CURVE_WITH_KNOTS((1,2
    ,2,2,2,1),(-2.094395102393,0.,2.094395102393,4.188790204786,
6.28318530718,8.377580409573),.UNSPECIFIED.) CURVE() 
GEOMETRIC_REPRESENTATION_ITEM() RATIONAL_B_SPLINE_CURVE((1.,0.5,1.,0.5,
1.,0.5,1.)) REPRESENTATION_ITEM('') );
#2775 = CARTESIAN_POINT('',(2.22044604925E-16,0.137795275591));
#2776 = CARTESIAN_POINT('',(-0.238668418366,0.137795275591));
#2777 = CARTESIAN_POINT('',(-0.119334209183,-6.889763779528E-02));
#2778 = CARTESIAN_POINT('',(2.22044604925E-16,-0.275590551181));
#2779 = CARTESIAN_POINT('',(0.119334209183,-6.889763779528E-02));
#2780 = CARTESIAN_POINT('',(0.238668418366,0.137795275591));
#2781 = CARTESIAN_POINT('',(2.22044604925E-16,0.137795275591));
#2782 = ( GEOMETRIC_REPRESENTATION_CONTEXT(2) 
PARAMETRIC_REPRESENTATION_CONTEXT() REPRESENTATION_CONTEXT('2D SPACE',''
  ) );
#2783 = ORIENTED_EDGE('',*,*,#2707,.F.);
#2784 = ORIENTED_EDGE('',*,*,#2785,.F.);
#2785 = EDGE_CURVE('',#2708,#2708,#2786,.T.);
#2786 = SURFACE_CURVE('',#2787,(#2795,#2806),.PCURVE_S1.);
#2787 = ( BOUNDED_CURVE() B_SPLINE_CURVE(2,(#2788,#2789,#2790,#2791,
#2792,#2793,#2794),.UNSPECIFIED.,.T.,.F.) B_SPLINE_CURVE_WITH_KNOTS((1,2
    ,2,2,2,1),(-2.094395102393,0.,2.094395102393,4.188790204786,
6.28318530718,8.377580409573),.UNSPECIFIED.) CURVE() 
GEOMETRIC_REPRESENTATION_ITEM() RATIONAL_B_SPLINE_CURVE((1.,0.5,1.,0.5,
1.,0.5,1.)) REPRESENTATION_ITEM('') );
#2788 = CARTESIAN_POINT('',(81.254,-111.358,144.058));
#2789 = CARTESIAN_POINT('',(81.254,-105.2958221735,144.058));
#2790 = CARTESIAN_POINT('',(81.254,-108.3269110867,138.808));
#2791 = CARTESIAN_POINT('',(81.254,-111.358,133.558));
#2792 = CARTESIAN_POINT('',(81.254,-114.3890889132,138.808));
#2793 = CARTESIAN_POINT('',(81.254,-117.4201778264,144.058));
#2794 = CARTESIAN_POINT('',(81.254,-111.358,144.058));
#2795 = PCURVE('',#2717,#2796);
#2796 = DEFINITIONAL_REPRESENTATION('',(#2797),#2805);
#2797 = B_SPLINE_CURVE_WITH_KNOTS('',2,(#2798,#2799,#2800,#2801,#2802,
    #2803,#2804),.UNSPECIFIED.,.F.,.F.,(3,2,2,3),(0.,2.094395102393,
    4.188790204786,6.28318530718),.PIECEWISE_BEZIER_KNOTS.);
#2798 = CARTESIAN_POINT('',(0.,0.));
#2799 = CARTESIAN_POINT('',(1.047197551197,6.554841963583E-16));
#2800 = CARTESIAN_POINT('',(2.094395102393,-8.881784197001E-16));
#2801 = CARTESIAN_POINT('',(3.14159265359,-3.559416704987E-16));
#2802 = CARTESIAN_POINT('',(4.188790204786,0.));
#2803 = CARTESIAN_POINT('',(5.235987755983,8.024490117569E-17));
#2804 = CARTESIAN_POINT('',(6.28318530718,0.));
#2805 = ( GEOMETRIC_REPRESENTATION_CONTEXT(2) 
PARAMETRIC_REPRESENTATION_CONTEXT() REPRESENTATION_CONTEXT('2D SPACE',''
  ) );
#2806 = PCURVE('',#2807,#2812);
#2807 = B_SPLINE_SURFACE_WITH_KNOTS('',1,1,(
    (#2808,#2809)
    ,(#2810,#2811
    )),.UNSPECIFIED.,.F.,.F.,.F.,(2,2),(2,2),(-0.137795275591,
    0.137795275591),(-0.137795275591,0.137795275591),
  .PIECEWISE_BEZIER_KNOTS.);
#2808 = CARTESIAN_POINT('',(81.254,-107.858,137.058));
#2809 = CARTESIAN_POINT('',(81.254,-107.858,144.058));
#2810 = CARTESIAN_POINT('',(81.254,-114.858,137.058));
#2811 = CARTESIAN_POINT('',(81.254,-114.858,144.058));
#2812 = DEFINITIONAL_REPRESENTATION('',(#2813),#2821);
#2813 = ( BOUNDED_CURVE() B_SPLINE_CURVE(2,(#2814,#2815,#2816,#2817,
#2818,#2819,#2820),.UNSPECIFIED.,.T.,.F.) B_SPLINE_CURVE_WITH_KNOTS((1,2
    ,2,2,2,1),(-2.094395102393,0.,2.094395102393,4.188790204786,
6.28318530718,8.377580409573),.UNSPECIFIED.) CURVE() 
GEOMETRIC_REPRESENTATION_ITEM() RATIONAL_B_SPLINE_CURVE((1.,0.5,1.,0.5,
1.,0.5,1.)) REPRESENTATION_ITEM('') );
#2814 = CARTESIAN_POINT('',(2.22044604925E-16,0.137795275591));
#2815 = CARTESIAN_POINT('',(-0.238668418366,0.137795275591));
#2816 = CARTESIAN_POINT('',(-0.119334209183,-6.889763779528E-02));
#2817 = CARTESIAN_POINT('',(2.22044604925E-16,-0.275590551181));
#2818 = CARTESIAN_POINT('',(0.119334209183,-6.889763779528E-02));
#2819 = CARTESIAN_POINT('',(0.238668418366,0.137795275591));
#2820 = CARTESIAN_POINT('',(2.22044604925E-16,0.137795275591));
#2821 = ( GEOMETRIC_REPRESENTATION_CONTEXT(2) 
PARAMETRIC_REPRESENTATION_CONTEXT() REPRESENTATION_CONTEXT('2D SPACE',''
  ) );
#2822 = ADVANCED_FACE('',(#2823,#2826),#2807,.T.);
#2823 = FACE_BOUND('',#2824,.T.);
#2824 = EDGE_LOOP('',(#2825));
#2825 = ORIENTED_EDGE('',*,*,#2785,.T.);
#2826 = FACE_BOUND('',#2827,.T.);
#2827 = EDGE_LOOP('',(#2828));
#2828 = ORIENTED_EDGE('',*,*,#2829,.F.);
#2829 = EDGE_CURVE('',#2830,#2830,#2832,.T.);
#2830 = VERTEX_POINT('',#2831);
#2831 = CARTESIAN_POINT('',(81.254,-111.358,142.558));
#2832 = SURFACE_CURVE('',#2833,(#2841,#2852),.PCURVE_S1.);
#2833 = ( BOUNDED_CURVE() B_SPLINE_CURVE(2,(#2834,#2835,#2836,#2837,
#2838,#2839,#2840),.UNSPECIFIED.,.T.,.F.) B_SPLINE_CURVE_WITH_KNOTS((1,2
    ,2,2,2,1),(-2.094395102393,0.,2.094395102393,4.188790204786,
6.28318530718,8.377580409573),.UNSPECIFIED.) CURVE() 
GEOMETRIC_REPRESENTATION_ITEM() RATIONAL_B_SPLINE_CURVE((1.,0.5,1.,0.5,
1.,0.5,1.)) REPRESENTATION_ITEM('') );
#2834 = CARTESIAN_POINT('',(81.254,-111.358,142.558));
#2835 = CARTESIAN_POINT('',(81.254,-107.8938983848,142.558));
#2836 = CARTESIAN_POINT('',(81.254,-109.6259491924,139.558));
#2837 = CARTESIAN_POINT('',(81.254,-111.358,136.558));
#2838 = CARTESIAN_POINT('',(81.254,-113.0900508075,139.558));
#2839 = CARTESIAN_POINT('',(81.254,-114.8221016151,142.558));
#2840 = CARTESIAN_POINT('',(81.254,-111.358,142.558));
#2841 = PCURVE('',#2807,#2842);
#2842 = DEFINITIONAL_REPRESENTATION('',(#2843),#2851);
#2843 = ( BOUNDED_CURVE() B_SPLINE_CURVE(2,(#2844,#2845,#2846,#2847,
#2848,#2849,#2850),.UNSPECIFIED.,.T.,.F.) B_SPLINE_CURVE_WITH_KNOTS((1,2
    ,2,2,2,1),(-2.094395102393,0.,2.094395102393,4.188790204786,
6.28318530718,8.377580409573),.UNSPECIFIED.) CURVE() 
GEOMETRIC_REPRESENTATION_ITEM() RATIONAL_B_SPLINE_CURVE((1.,0.5,1.,0.5,
1.,0.5,1.)) REPRESENTATION_ITEM('') );
#2844 = CARTESIAN_POINT('',(2.22044604925E-16,7.874015748032E-02));
#2845 = CARTESIAN_POINT('',(-0.136381953352,7.874015748032E-02));
#2846 = CARTESIAN_POINT('',(-6.819097667594E-02,-3.937007874016E-02));
#2847 = CARTESIAN_POINT('',(2.22044604925E-16,-0.157480314961));
#2848 = CARTESIAN_POINT('',(6.819097667594E-02,-3.937007874016E-02));
#2849 = CARTESIAN_POINT('',(0.136381953352,7.874015748032E-02));
#2850 = CARTESIAN_POINT('',(2.22044604925E-16,7.874015748032E-02));
#2851 = ( GEOMETRIC_REPRESENTATION_CONTEXT(2) 
PARAMETRIC_REPRESENTATION_CONTEXT() REPRESENTATION_CONTEXT('2D SPACE',''
  ) );
#2852 = PCURVE('',#2853,#2868);
#2853 = ( BOUNDED_SURFACE() B_SPLINE_SURFACE(2,1,(
    (#2854,#2855)
    ,(#2856,#2857)
    ,(#2858,#2859)
    ,(#2860,#2861)
    ,(#2862,#2863)
    ,(#2864,#2865)
    ,(#2866,#2867
)),.UNSPECIFIED.,.T.,.F.,.F.) B_SPLINE_SURFACE_WITH_KNOTS((1,2,2,2,2,1),
  (2,2),(-2.094395102393,0.,2.094395102393,4.188790204786,6.28318530718,
    8.377580409573),(-0.314960629921,-0.11811023622),.UNSPECIFIED.) 
GEOMETRIC_REPRESENTATION_ITEM() RATIONAL_B_SPLINE_SURFACE((
    (1.,1.)
    ,(0.5,0.5)
    ,(1.,1.)
    ,(0.5,0.5)
    ,(1.,1.)
    ,(0.5,0.5)
,(1.,1.))) REPRESENTATION_ITEM('') SURFACE() );
#2854 = CARTESIAN_POINT('',(81.254,-111.358,142.558));
#2855 = CARTESIAN_POINT('',(76.254,-111.358,142.558));
#2856 = CARTESIAN_POINT('',(81.254,-107.8938983848,142.558));
#2857 = CARTESIAN_POINT('',(76.254,-107.8938983848,142.558));
#2858 = CARTESIAN_POINT('',(81.254,-109.6259491924,139.558));
#2859 = CARTESIAN_POINT('',(76.254,-109.6259491924,139.558));
#2860 = CARTESIAN_POINT('',(81.254,-111.358,136.558));
#2861 = CARTESIAN_POINT('',(76.254,-111.358,136.558));
#2862 = CARTESIAN_POINT('',(81.254,-113.0900508075,139.558));
#2863 = CARTESIAN_POINT('',(76.254,-113.0900508075,139.558));
#2864 = CARTESIAN_POINT('',(81.254,-114.8221016151,142.558));
#2865 = CARTESIAN_POINT('',(76.254,-114.8221016151,142.558));
#2866 = CARTESIAN_POINT('',(81.254,-111.358,142.558));
#2867 = CARTESIAN_POINT('',(76.254,-111.358,142.558));
#2868 = DEFINITIONAL_REPRESENTATION('',(#2869),#2877);
#2869 = B_SPLINE_CURVE_WITH_KNOTS('',2,(#2870,#2871,#2872,#2873,#2874,
    #2875,#2876),.UNSPECIFIED.,.F.,.F.,(3,2,2,3),(0.,2.094395102393,
    4.188790204786,6.28318530718),.UNSPECIFIED.);
#2870 = CARTESIAN_POINT('',(0.,-0.314960629921));
#2871 = CARTESIAN_POINT('',(1.047197551197,-0.314960629921));
#2872 = CARTESIAN_POINT('',(2.094395102393,-0.314960629921));
#2873 = CARTESIAN_POINT('',(3.14159265359,-0.314960629921));
#2874 = CARTESIAN_POINT('',(4.188790204786,-0.314960629921));
#2875 = CARTESIAN_POINT('',(5.235987755983,-0.314960629921));
#2876 = CARTESIAN_POINT('',(6.28318530718,-0.314960629921));
#2877 = ( GEOMETRIC_REPRESENTATION_CONTEXT(2) 
PARAMETRIC_REPRESENTATION_CONTEXT() REPRESENTATION_CONTEXT('2D SPACE',''
  ) );
#2878 = ADVANCED_FACE('',(#2879),#2768,.F.);
#2879 = FACE_BOUND('',#2880,.F.);
#2880 = EDGE_LOOP('',(#2881));
#2881 = ORIENTED_EDGE('',*,*,#2746,.T.);
#2882 = ADVANCED_FACE('',(#2883),#2853,.T.);
#2883 = FACE_BOUND('',#2884,.T.);
#2884 = EDGE_LOOP('',(#2885,#2925,#2945,#2946));
#2885 = ORIENTED_EDGE('',*,*,#2886,.F.);
#2886 = EDGE_CURVE('',#2887,#2887,#2889,.T.);
#2887 = VERTEX_POINT('',#2888);
#2888 = CARTESIAN_POINT('',(76.254,-111.358,142.558));
#2889 = SURFACE_CURVE('',#2890,(#2898,#2909),.PCURVE_S1.);
#2890 = ( BOUNDED_CURVE() B_SPLINE_CURVE(2,(#2891,#2892,#2893,#2894,
#2895,#2896,#2897),.UNSPECIFIED.,.T.,.F.) B_SPLINE_CURVE_WITH_KNOTS((1,2
    ,2,2,2,1),(-2.094395102393,0.,2.094395102393,4.188790204786,
6.28318530718,8.377580409573),.UNSPECIFIED.) CURVE() 
GEOMETRIC_REPRESENTATION_ITEM() RATIONAL_B_SPLINE_CURVE((1.,0.5,1.,0.5,
1.,0.5,1.)) REPRESENTATION_ITEM('') );
#2891 = CARTESIAN_POINT('',(76.254,-111.358,142.558));
#2892 = CARTESIAN_POINT('',(76.254,-107.8938983848,142.558));
#2893 = CARTESIAN_POINT('',(76.254,-109.6259491924,139.558));
#2894 = CARTESIAN_POINT('',(76.254,-111.358,136.558));
#2895 = CARTESIAN_POINT('',(76.254,-113.0900508075,139.558));
#2896 = CARTESIAN_POINT('',(76.254,-114.8221016151,142.558));
#2897 = CARTESIAN_POINT('',(76.254,-111.358,142.558));
#2898 = PCURVE('',#2853,#2899);
#2899 = DEFINITIONAL_REPRESENTATION('',(#2900),#2908);
#2900 = B_SPLINE_CURVE_WITH_KNOTS('',2,(#2901,#2902,#2903,#2904,#2905,
    #2906,#2907),.UNSPECIFIED.,.F.,.F.,(3,2,2,3),(0.,2.094395102393,
    4.188790204786,6.28318530718),.UNSPECIFIED.);
#2901 = CARTESIAN_POINT('',(0.,-0.11811023622));
#2902 = CARTESIAN_POINT('',(1.047197551197,-0.11811023622));
#2903 = CARTESIAN_POINT('',(2.094395102393,-0.11811023622));
#2904 = CARTESIAN_POINT('',(3.14159265359,-0.11811023622));
#2905 = CARTESIAN_POINT('',(4.188790204786,-0.11811023622));
#2906 = CARTESIAN_POINT('',(5.235987755983,-0.11811023622));
#2907 = CARTESIAN_POINT('',(6.28318530718,-0.11811023622));
#2908 = ( GEOMETRIC_REPRESENTATION_CONTEXT(2) 
PARAMETRIC_REPRESENTATION_CONTEXT() REPRESENTATION_CONTEXT('2D SPACE',''
  ) );
#2909 = PCURVE('',#2910,#2915);
#2910 = B_SPLINE_SURFACE_WITH_KNOTS('',1,1,(
    (#2911,#2912)
    ,(#2913,#2914
    )),.UNSPECIFIED.,.F.,.F.,.F.,(2,2),(2,2),(0.,0.275590551181),(0.,
    0.318897637795),.PIECEWISE_BEZIER_KNOTS.);
#2911 = CARTESIAN_POINT('',(76.254,-114.858,136.508));
#2912 = CARTESIAN_POINT('',(76.254,-114.858,144.608));
#2913 = CARTESIAN_POINT('',(76.254,-107.858,136.508));
#2914 = CARTESIAN_POINT('',(76.254,-107.858,144.608));
#2915 = DEFINITIONAL_REPRESENTATION('',(#2916),#2924);
#2916 = ( BOUNDED_CURVE() B_SPLINE_CURVE(2,(#2917,#2918,#2919,#2920,
#2921,#2922,#2923),.UNSPECIFIED.,.T.,.F.) B_SPLINE_CURVE_WITH_KNOTS((1,2
    ,2,2,2,1),(-2.094395102393,0.,2.094395102393,4.188790204786,
6.28318530718,8.377580409573),.UNSPECIFIED.) CURVE() 
GEOMETRIC_REPRESENTATION_ITEM() RATIONAL_B_SPLINE_CURVE((1.,0.5,1.,0.5,
1.,0.5,1.)) REPRESENTATION_ITEM('') );
#2917 = CARTESIAN_POINT('',(0.137795275591,0.238188976378));
#2918 = CARTESIAN_POINT('',(0.274177228942,0.238188976378));
#2919 = CARTESIAN_POINT('',(0.205986252266,0.120078740157));
#2920 = CARTESIAN_POINT('',(0.137795275591,1.968503937008E-03));
#2921 = CARTESIAN_POINT('',(6.960429891461E-02,0.120078740157));
#2922 = CARTESIAN_POINT('',(1.413322238671E-03,0.238188976378));
#2923 = CARTESIAN_POINT('',(0.137795275591,0.238188976378));
#2924 = ( GEOMETRIC_REPRESENTATION_CONTEXT(2) 
PARAMETRIC_REPRESENTATION_CONTEXT() REPRESENTATION_CONTEXT('2D SPACE',''
  ) );
#2925 = ORIENTED_EDGE('',*,*,#2926,.T.);
#2926 = EDGE_CURVE('',#2887,#2830,#2927,.T.);
#2927 = SEAM_CURVE('',#2928,(#2931,#2938),.PCURVE_S1.);
#2928 = B_SPLINE_CURVE_WITH_KNOTS('',1,(#2929,#2930),.UNSPECIFIED.,.F.,
  .F.,(2,2),(0.11811023622,0.314960629921),.PIECEWISE_BEZIER_KNOTS.);
#2929 = CARTESIAN_POINT('',(76.254,-111.358,142.558));
#2930 = CARTESIAN_POINT('',(81.254,-111.358,142.558));
#2931 = PCURVE('',#2853,#2932);
#2932 = DEFINITIONAL_REPRESENTATION('',(#2933),#2937);
#2933 = B_SPLINE_CURVE_WITH_KNOTS('',2,(#2934,#2935,#2936),
  .UNSPECIFIED.,.F.,.F.,(3,3),(0.11811023622,0.314960629921),
  .PIECEWISE_BEZIER_KNOTS.);
#2934 = CARTESIAN_POINT('',(6.28318530718,-0.11811023622));
#2935 = CARTESIAN_POINT('',(6.28318530718,-0.216535433071));
#2936 = CARTESIAN_POINT('',(6.28318530718,-0.314960629921));
#2937 = ( GEOMETRIC_REPRESENTATION_CONTEXT(2) 
PARAMETRIC_REPRESENTATION_CONTEXT() REPRESENTATION_CONTEXT('2D SPACE',''
  ) );
#2938 = PCURVE('',#2853,#2939);
#2939 = DEFINITIONAL_REPRESENTATION('',(#2940),#2944);
#2940 = B_SPLINE_CURVE_WITH_KNOTS('',2,(#2941,#2942,#2943),
  .UNSPECIFIED.,.F.,.F.,(3,3),(0.11811023622,0.314960629921),
  .PIECEWISE_BEZIER_KNOTS.);
#2941 = CARTESIAN_POINT('',(0.,-0.11811023622));
#2942 = CARTESIAN_POINT('',(8.881784197001E-16,-0.216535433071));
#2943 = CARTESIAN_POINT('',(0.,-0.314960629921));
#2944 = ( GEOMETRIC_REPRESENTATION_CONTEXT(2) 
PARAMETRIC_REPRESENTATION_CONTEXT() REPRESENTATION_CONTEXT('2D SPACE',''
  ) );
#2945 = ORIENTED_EDGE('',*,*,#2829,.T.);
#2946 = ORIENTED_EDGE('',*,*,#2926,.F.);
#2947 = ADVANCED_FACE('',(#2948,#3050),#2910,.T.);
#2948 = FACE_BOUND('',#2949,.T.);
#2949 = EDGE_LOOP('',(#2950,#2977,#3002,#3027));
#2950 = ORIENTED_EDGE('',*,*,#2951,.F.);
#2951 = EDGE_CURVE('',#2952,#2954,#2956,.T.);
#2952 = VERTEX_POINT('',#2953);
#2953 = CARTESIAN_POINT('',(76.254,-114.858,136.508));
#2954 = VERTEX_POINT('',#2955);
#2955 = CARTESIAN_POINT('',(76.254,-114.858,144.608));
#2956 = SURFACE_CURVE('',#2957,(#2960,#2966),.PCURVE_S1.);
#2957 = B_SPLINE_CURVE_WITH_KNOTS('',1,(#2958,#2959),.UNSPECIFIED.,.F.,
  .F.,(2,2),(0.,0.318897637795),.PIECEWISE_BEZIER_KNOTS.);
#2958 = CARTESIAN_POINT('',(76.254,-114.858,136.508));
#2959 = CARTESIAN_POINT('',(76.254,-114.858,144.608));
#2960 = PCURVE('',#2910,#2961);
#2961 = DEFINITIONAL_REPRESENTATION('',(#2962),#2965);
#2962 = B_SPLINE_CURVE_WITH_KNOTS('',1,(#2963,#2964),.UNSPECIFIED.,.F.,
  .F.,(2,2),(0.,0.318897637795),.PIECEWISE_BEZIER_KNOTS.);
#2963 = CARTESIAN_POINT('',(0.,0.));
#2964 = CARTESIAN_POINT('',(0.,0.318897637795));
#2965 = ( GEOMETRIC_REPRESENTATION_CONTEXT(2) 
PARAMETRIC_REPRESENTATION_CONTEXT() REPRESENTATION_CONTEXT('2D SPACE',''
  ) );
#2966 = PCURVE('',#2967,#2972);
#2967 = B_SPLINE_SURFACE_WITH_KNOTS('',1,1,(
    (#2968,#2969)
    ,(#2970,#2971
    )),.UNSPECIFIED.,.F.,.F.,.F.,(2,2),(2,2),(0.,0.318897637795),(0.,
    0.185039370079),.PIECEWISE_BEZIER_KNOTS.);
#2968 = CARTESIAN_POINT('',(71.554,-114.858,136.508));
#2969 = CARTESIAN_POINT('',(76.254,-114.858,136.508));
#2970 = CARTESIAN_POINT('',(71.554,-114.858,144.608));
#2971 = CARTESIAN_POINT('',(76.254,-114.858,144.608));
#2972 = DEFINITIONAL_REPRESENTATION('',(#2973),#2976);
#2973 = B_SPLINE_CURVE_WITH_KNOTS('',1,(#2974,#2975),.UNSPECIFIED.,.F.,
  .F.,(2,2),(0.,0.318897637795),.PIECEWISE_BEZIER_KNOTS.);
#2974 = CARTESIAN_POINT('',(0.,0.185039370079));
#2975 = CARTESIAN_POINT('',(0.318897637795,0.185039370079));
#2976 = ( GEOMETRIC_REPRESENTATION_CONTEXT(2) 
PARAMETRIC_REPRESENTATION_CONTEXT() REPRESENTATION_CONTEXT('2D SPACE',''
  ) );
#2977 = ORIENTED_EDGE('',*,*,#2978,.T.);
#2978 = EDGE_CURVE('',#2952,#2979,#2981,.T.);
#2979 = VERTEX_POINT('',#2980);
#2980 = CARTESIAN_POINT('',(76.254,-107.858,136.508));
#2981 = SURFACE_CURVE('',#2982,(#2985,#2991),.PCURVE_S1.);
#2982 = B_SPLINE_CURVE_WITH_KNOTS('',1,(#2983,#2984),.UNSPECIFIED.,.F.,
  .F.,(2,2),(0.,0.275590551181),.PIECEWISE_BEZIER_KNOTS.);
#2983 = CARTESIAN_POINT('',(76.254,-114.858,136.508));
#2984 = CARTESIAN_POINT('',(76.254,-107.858,136.508));
#2985 = PCURVE('',#2910,#2986);
#2986 = DEFINITIONAL_REPRESENTATION('',(#2987),#2990);
#2987 = B_SPLINE_CURVE_WITH_KNOTS('',1,(#2988,#2989),.UNSPECIFIED.,.F.,
  .F.,(2,2),(0.,0.275590551181),.PIECEWISE_BEZIER_KNOTS.);
#2988 = CARTESIAN_POINT('',(0.,0.));
#2989 = CARTESIAN_POINT('',(0.275590551181,0.));
#2990 = ( GEOMETRIC_REPRESENTATION_CONTEXT(2) 
PARAMETRIC_REPRESENTATION_CONTEXT() REPRESENTATION_CONTEXT('2D SPACE',''
  ) );
#2991 = PCURVE('',#2992,#2997);
#2992 = B_SPLINE_SURFACE_WITH_KNOTS('',1,1,(
    (#2993,#2994)
    ,(#2995,#2996
    )),.UNSPECIFIED.,.F.,.F.,.F.,(2,2),(2,2),(0.,0.275590551181),(
    -0.185039370079,0.),.PIECEWISE_BEZIER_KNOTS.);
#2993 = CARTESIAN_POINT('',(76.254,-114.858,136.508));
#2994 = CARTESIAN_POINT('',(71.554,-114.858,136.508));
#2995 = CARTESIAN_POINT('',(76.254,-107.858,136.508));
#2996 = CARTESIAN_POINT('',(71.554,-107.858,136.508));
#2997 = DEFINITIONAL_REPRESENTATION('',(#2998),#3001);
#2998 = B_SPLINE_CURVE_WITH_KNOTS('',1,(#2999,#3000),.UNSPECIFIED.,.F.,
  .F.,(2,2),(0.,0.275590551181),.PIECEWISE_BEZIER_KNOTS.);
#2999 = CARTESIAN_POINT('',(0.,-0.185039370079));
#3000 = CARTESIAN_POINT('',(0.275590551181,-0.185039370079));
#3001 = ( GEOMETRIC_REPRESENTATION_CONTEXT(2) 
PARAMETRIC_REPRESENTATION_CONTEXT() REPRESENTATION_CONTEXT('2D SPACE',''
  ) );
#3002 = ORIENTED_EDGE('',*,*,#3003,.T.);
#3003 = EDGE_CURVE('',#2979,#3004,#3006,.T.);
#3004 = VERTEX_POINT('',#3005);
#3005 = CARTESIAN_POINT('',(76.254,-107.858,144.608));
#3006 = SURFACE_CURVE('',#3007,(#3010,#3016),.PCURVE_S1.);
#3007 = B_SPLINE_CURVE_WITH_KNOTS('',1,(#3008,#3009),.UNSPECIFIED.,.F.,
  .F.,(2,2),(0.,0.318897637795),.PIECEWISE_BEZIER_KNOTS.);
#3008 = CARTESIAN_POINT('',(76.254,-107.858,136.508));
#3009 = CARTESIAN_POINT('',(76.254,-107.858,144.608));
#3010 = PCURVE('',#2910,#3011);
#3011 = DEFINITIONAL_REPRESENTATION('',(#3012),#3015);
#3012 = B_SPLINE_CURVE_WITH_KNOTS('',1,(#3013,#3014),.UNSPECIFIED.,.F.,
  .F.,(2,2),(0.,0.318897637795),.PIECEWISE_BEZIER_KNOTS.);
#3013 = CARTESIAN_POINT('',(0.275590551181,0.));
#3014 = CARTESIAN_POINT('',(0.275590551181,0.318897637795));
#3015 = ( GEOMETRIC_REPRESENTATION_CONTEXT(2) 
PARAMETRIC_REPRESENTATION_CONTEXT() REPRESENTATION_CONTEXT('2D SPACE',''
  ) );
#3016 = PCURVE('',#3017,#3022);
#3017 = B_SPLINE_SURFACE_WITH_KNOTS('',1,1,(
    (#3018,#3019)
    ,(#3020,#3021
    )),.UNSPECIFIED.,.F.,.F.,.F.,(2,2),(2,2),(0.,0.318897637795),(0.,
    0.185039370079),.PIECEWISE_BEZIER_KNOTS.);
#3018 = CARTESIAN_POINT('',(71.554,-107.858,136.508));
#3019 = CARTESIAN_POINT('',(76.254,-107.858,136.508));
#3020 = CARTESIAN_POINT('',(71.554,-107.858,144.608));
#3021 = CARTESIAN_POINT('',(76.254,-107.858,144.608));
#3022 = DEFINITIONAL_REPRESENTATION('',(#3023),#3026);
#3023 = B_SPLINE_CURVE_WITH_KNOTS('',1,(#3024,#3025),.UNSPECIFIED.,.F.,
  .F.,(2,2),(0.,0.318897637795),.PIECEWISE_BEZIER_KNOTS.);
#3024 = CARTESIAN_POINT('',(0.,0.185039370079));
#3025 = CARTESIAN_POINT('',(0.318897637795,0.185039370079));
#3026 = ( GEOMETRIC_REPRESENTATION_CONTEXT(2) 
PARAMETRIC_REPRESENTATION_CONTEXT() REPRESENTATION_CONTEXT('2D SPACE',''
  ) );
#3027 = ORIENTED_EDGE('',*,*,#3028,.F.);
#3028 = EDGE_CURVE('',#2954,#3004,#3029,.T.);
#3029 = SURFACE_CURVE('',#3030,(#3033,#3039),.PCURVE_S1.);
#3030 = B_SPLINE_CURVE_WITH_KNOTS('',1,(#3031,#3032),.UNSPECIFIED.,.F.,
  .F.,(2,2),(0.,0.275590551181),.PIECEWISE_BEZIER_KNOTS.);
#3031 = CARTESIAN_POINT('',(76.254,-114.858,144.608));
#3032 = CARTESIAN_POINT('',(76.254,-107.858,144.608));
#3033 = PCURVE('',#2910,#3034);
#3034 = DEFINITIONAL_REPRESENTATION('',(#3035),#3038);
#3035 = B_SPLINE_CURVE_WITH_KNOTS('',1,(#3036,#3037),.UNSPECIFIED.,.F.,
  .F.,(2,2),(0.,0.275590551181),.PIECEWISE_BEZIER_KNOTS.);
#3036 = CARTESIAN_POINT('',(0.,0.318897637795));
#3037 = CARTESIAN_POINT('',(0.275590551181,0.318897637795));
#3038 = ( GEOMETRIC_REPRESENTATION_CONTEXT(2) 
PARAMETRIC_REPRESENTATION_CONTEXT() REPRESENTATION_CONTEXT('2D SPACE',''
  ) );
#3039 = PCURVE('',#3040,#3045);
#3040 = B_SPLINE_SURFACE_WITH_KNOTS('',1,1,(
    (#3041,#3042)
    ,(#3043,#3044
    )),.UNSPECIFIED.,.F.,.F.,.F.,(2,2),(2,2),(0.,0.275590551181),(
    -0.185039370079,0.),.PIECEWISE_BEZIER_KNOTS.);
#3041 = CARTESIAN_POINT('',(76.254,-114.858,144.608));
#3042 = CARTESIAN_POINT('',(71.554,-114.858,144.608));
#3043 = CARTESIAN_POINT('',(76.254,-107.858,144.608));
#3044 = CARTESIAN_POINT('',(71.554,-107.858,144.608));
#3045 = DEFINITIONAL_REPRESENTATION('',(#3046),#3049);
#3046 = B_SPLINE_CURVE_WITH_KNOTS('',1,(#3047,#3048),.UNSPECIFIED.,.F.,
  .F.,(2,2),(0.,0.275590551181),.PIECEWISE_BEZIER_KNOTS.);
#3047 = CARTESIAN_POINT('',(0.,-0.185039370079));
#3048 = CARTESIAN_POINT('',(0.275590551181,-0.185039370079));
#3049 = ( GEOMETRIC_REPRESENTATION_CONTEXT(2) 
PARAMETRIC_REPRESENTATION_CONTEXT() REPRESENTATION_CONTEXT('2D SPACE',''
  ) );
#3050 = FACE_BOUND('',#3051,.T.);
#3051 = EDGE_LOOP('',(#3052));
#3052 = ORIENTED_EDGE('',*,*,#2886,.T.);
#3053 = ADVANCED_FACE('',(#3054),#2967,.F.);
#3054 = FACE_BOUND('',#3055,.F.);
#3055 = EDGE_LOOP('',(#3056,#3076,#3101,#3119));
#3056 = ORIENTED_EDGE('',*,*,#3057,.F.);
#3057 = EDGE_CURVE('',#3058,#2952,#3060,.T.);
#3058 = VERTEX_POINT('',#3059);
#3059 = CARTESIAN_POINT('',(71.554,-114.858,136.508));
#3060 = SURFACE_CURVE('',#3061,(#3064,#3070),.PCURVE_S1.);
#3061 = B_SPLINE_CURVE_WITH_KNOTS('',1,(#3062,#3063),.UNSPECIFIED.,.F.,
  .F.,(2,2),(0.,0.185039370079),.PIECEWISE_BEZIER_KNOTS.);
#3062 = CARTESIAN_POINT('',(71.554,-114.858,136.508));
#3063 = CARTESIAN_POINT('',(76.254,-114.858,136.508));
#3064 = PCURVE('',#2967,#3065);
#3065 = DEFINITIONAL_REPRESENTATION('',(#3066),#3069);
#3066 = B_SPLINE_CURVE_WITH_KNOTS('',1,(#3067,#3068),.UNSPECIFIED.,.F.,
  .F.,(2,2),(0.,0.185039370079),.PIECEWISE_BEZIER_KNOTS.);
#3067 = CARTESIAN_POINT('',(0.,0.));
#3068 = CARTESIAN_POINT('',(0.,0.185039370079));
#3069 = ( GEOMETRIC_REPRESENTATION_CONTEXT(2) 
PARAMETRIC_REPRESENTATION_CONTEXT() REPRESENTATION_CONTEXT('2D SPACE',''
  ) );
#3070 = PCURVE('',#2992,#3071);
#3071 = DEFINITIONAL_REPRESENTATION('',(#3072),#3075);
#3072 = B_SPLINE_CURVE_WITH_KNOTS('',1,(#3073,#3074),.UNSPECIFIED.,.F.,
  .F.,(2,2),(0.,0.185039370079),.PIECEWISE_BEZIER_KNOTS.);
#3073 = CARTESIAN_POINT('',(0.,0.));
#3074 = CARTESIAN_POINT('',(0.,-0.185039370079));
#3075 = ( GEOMETRIC_REPRESENTATION_CONTEXT(2) 
PARAMETRIC_REPRESENTATION_CONTEXT() REPRESENTATION_CONTEXT('2D SPACE',''
  ) );
#3076 = ORIENTED_EDGE('',*,*,#3077,.T.);
#3077 = EDGE_CURVE('',#3058,#3078,#3080,.T.);
#3078 = VERTEX_POINT('',#3079);
#3079 = CARTESIAN_POINT('',(71.554,-114.858,144.608));
#3080 = SURFACE_CURVE('',#3081,(#3084,#3090),.PCURVE_S1.);
#3081 = B_SPLINE_CURVE_WITH_KNOTS('',1,(#3082,#3083),.UNSPECIFIED.,.F.,
  .F.,(2,2),(0.,0.318897637795),.PIECEWISE_BEZIER_KNOTS.);
#3082 = CARTESIAN_POINT('',(71.554,-114.858,136.508));
#3083 = CARTESIAN_POINT('',(71.554,-114.858,144.608));
#3084 = PCURVE('',#2967,#3085);
#3085 = DEFINITIONAL_REPRESENTATION('',(#3086),#3089);
#3086 = B_SPLINE_CURVE_WITH_KNOTS('',1,(#3087,#3088),.UNSPECIFIED.,.F.,
  .F.,(2,2),(0.,0.318897637795),.PIECEWISE_BEZIER_KNOTS.);
#3087 = CARTESIAN_POINT('',(0.,0.));
#3088 = CARTESIAN_POINT('',(0.318897637795,0.));
#3089 = ( GEOMETRIC_REPRESENTATION_CONTEXT(2) 
PARAMETRIC_REPRESENTATION_CONTEXT() REPRESENTATION_CONTEXT('2D SPACE',''
  ) );
#3090 = PCURVE('',#3091,#3096);
#3091 = B_SPLINE_SURFACE_WITH_KNOTS('',1,1,(
    (#3092,#3093)
    ,(#3094,#3095
    )),.UNSPECIFIED.,.F.,.F.,.F.,(2,2),(2,2),(0.,0.275590551181),(0.,
    0.318897637795),.PIECEWISE_BEZIER_KNOTS.);
#3092 = CARTESIAN_POINT('',(71.554,-114.858,136.508));
#3093 = CARTESIAN_POINT('',(71.554,-114.858,144.608));
#3094 = CARTESIAN_POINT('',(71.554,-107.858,136.508));
#3095 = CARTESIAN_POINT('',(71.554,-107.858,144.608));
#3096 = DEFINITIONAL_REPRESENTATION('',(#3097),#3100);
#3097 = B_SPLINE_CURVE_WITH_KNOTS('',1,(#3098,#3099),.UNSPECIFIED.,.F.,
  .F.,(2,2),(0.,0.318897637795),.PIECEWISE_BEZIER_KNOTS.);
#3098 = CARTESIAN_POINT('',(0.,0.));
#3099 = CARTESIAN_POINT('',(0.,0.318897637795));
#3100 = ( GEOMETRIC_REPRESENTATION_CONTEXT(2) 
PARAMETRIC_REPRESENTATION_CONTEXT() REPRESENTATION_CONTEXT('2D SPACE',''
  ) );
#3101 = ORIENTED_EDGE('',*,*,#3102,.T.);
#3102 = EDGE_CURVE('',#3078,#2954,#3103,.T.);
#3103 = SURFACE_CURVE('',#3104,(#3107,#3113),.PCURVE_S1.);
#3104 = B_SPLINE_CURVE_WITH_KNOTS('',1,(#3105,#3106),.UNSPECIFIED.,.F.,
  .F.,(2,2),(0.,0.185039370079),.PIECEWISE_BEZIER_KNOTS.);
#3105 = CARTESIAN_POINT('',(71.554,-114.858,144.608));
#3106 = CARTESIAN_POINT('',(76.254,-114.858,144.608));
#3107 = PCURVE('',#2967,#3108);
#3108 = DEFINITIONAL_REPRESENTATION('',(#3109),#3112);
#3109 = B_SPLINE_CURVE_WITH_KNOTS('',1,(#3110,#3111),.UNSPECIFIED.,.F.,
  .F.,(2,2),(0.,0.185039370079),.PIECEWISE_BEZIER_KNOTS.);
#3110 = CARTESIAN_POINT('',(0.318897637795,0.));
#3111 = CARTESIAN_POINT('',(0.318897637795,0.185039370079));
#3112 = ( GEOMETRIC_REPRESENTATION_CONTEXT(2) 
PARAMETRIC_REPRESENTATION_CONTEXT() REPRESENTATION_CONTEXT('2D SPACE',''
  ) );
#3113 = PCURVE('',#3040,#3114);
#3114 = DEFINITIONAL_REPRESENTATION('',(#3115),#3118);
#3115 = B_SPLINE_CURVE_WITH_KNOTS('',1,(#3116,#3117),.UNSPECIFIED.,.F.,
  .F.,(2,2),(0.,0.185039370079),.PIECEWISE_BEZIER_KNOTS.);
#3116 = CARTESIAN_POINT('',(0.,0.));
#3117 = CARTESIAN_POINT('',(0.,-0.185039370079));
#3118 = ( GEOMETRIC_REPRESENTATION_CONTEXT(2) 
PARAMETRIC_REPRESENTATION_CONTEXT() REPRESENTATION_CONTEXT('2D SPACE',''
  ) );
#3119 = ORIENTED_EDGE('',*,*,#2951,.F.);
#3120 = ADVANCED_FACE('',(#3121),#3040,.T.);
#3121 = FACE_BOUND('',#3122,.T.);
#3122 = EDGE_LOOP('',(#3123,#3143,#3144,#3145));
#3123 = ORIENTED_EDGE('',*,*,#3124,.F.);
#3124 = EDGE_CURVE('',#3078,#3125,#3127,.T.);
#3125 = VERTEX_POINT('',#3126);
#3126 = CARTESIAN_POINT('',(71.554,-107.858,144.608));
#3127 = SURFACE_CURVE('',#3128,(#3131,#3137),.PCURVE_S1.);
#3128 = B_SPLINE_CURVE_WITH_KNOTS('',1,(#3129,#3130),.UNSPECIFIED.,.F.,
  .F.,(2,2),(0.,0.275590551181),.PIECEWISE_BEZIER_KNOTS.);
#3129 = CARTESIAN_POINT('',(71.554,-114.858,144.608));
#3130 = CARTESIAN_POINT('',(71.554,-107.858,144.608));
#3131 = PCURVE('',#3040,#3132);
#3132 = DEFINITIONAL_REPRESENTATION('',(#3133),#3136);
#3133 = B_SPLINE_CURVE_WITH_KNOTS('',1,(#3134,#3135),.UNSPECIFIED.,.F.,
  .F.,(2,2),(0.,0.275590551181),.PIECEWISE_BEZIER_KNOTS.);
#3134 = CARTESIAN_POINT('',(0.,0.));
#3135 = CARTESIAN_POINT('',(0.275590551181,0.));
#3136 = ( GEOMETRIC_REPRESENTATION_CONTEXT(2) 
PARAMETRIC_REPRESENTATION_CONTEXT() REPRESENTATION_CONTEXT('2D SPACE',''
  ) );
#3137 = PCURVE('',#3091,#3138);
#3138 = DEFINITIONAL_REPRESENTATION('',(#3139),#3142);
#3139 = B_SPLINE_CURVE_WITH_KNOTS('',1,(#3140,#3141),.UNSPECIFIED.,.F.,
  .F.,(2,2),(0.,0.275590551181),.PIECEWISE_BEZIER_KNOTS.);
#3140 = CARTESIAN_POINT('',(0.,0.318897637795));
#3141 = CARTESIAN_POINT('',(0.275590551181,0.318897637795));
#3142 = ( GEOMETRIC_REPRESENTATION_CONTEXT(2) 
PARAMETRIC_REPRESENTATION_CONTEXT() REPRESENTATION_CONTEXT('2D SPACE',''
  ) );
#3143 = ORIENTED_EDGE('',*,*,#3102,.T.);
#3144 = ORIENTED_EDGE('',*,*,#3028,.T.);
#3145 = ORIENTED_EDGE('',*,*,#3146,.F.);
#3146 = EDGE_CURVE('',#3125,#3004,#3147,.T.);
#3147 = SURFACE_CURVE('',#3148,(#3151,#3157),.PCURVE_S1.);
#3148 = B_SPLINE_CURVE_WITH_KNOTS('',1,(#3149,#3150),.UNSPECIFIED.,.F.,
  .F.,(2,2),(0.,0.185039370079),.PIECEWISE_BEZIER_KNOTS.);
#3149 = CARTESIAN_POINT('',(71.554,-107.858,144.608));
#3150 = CARTESIAN_POINT('',(76.254,-107.858,144.608));
#3151 = PCURVE('',#3040,#3152);
#3152 = DEFINITIONAL_REPRESENTATION('',(#3153),#3156);
#3153 = B_SPLINE_CURVE_WITH_KNOTS('',1,(#3154,#3155),.UNSPECIFIED.,.F.,
  .F.,(2,2),(0.,0.185039370079),.PIECEWISE_BEZIER_KNOTS.);
#3154 = CARTESIAN_POINT('',(0.275590551181,0.));
#3155 = CARTESIAN_POINT('',(0.275590551181,-0.185039370079));
#3156 = ( GEOMETRIC_REPRESENTATION_CONTEXT(2) 
PARAMETRIC_REPRESENTATION_CONTEXT() REPRESENTATION_CONTEXT('2D SPACE',''
  ) );
#3157 = PCURVE('',#3017,#3158);
#3158 = DEFINITIONAL_REPRESENTATION('',(#3159),#3162);
#3159 = B_SPLINE_CURVE_WITH_KNOTS('',1,(#3160,#3161),.UNSPECIFIED.,.F.,
  .F.,(2,2),(0.,0.185039370079),.PIECEWISE_BEZIER_KNOTS.);
#3160 = CARTESIAN_POINT('',(0.318897637795,0.));
#3161 = CARTESIAN_POINT('',(0.318897637795,0.185039370079));
#3162 = ( GEOMETRIC_REPRESENTATION_CONTEXT(2) 
PARAMETRIC_REPRESENTATION_CONTEXT() REPRESENTATION_CONTEXT('2D SPACE',''
  ) );
#3163 = ADVANCED_FACE('',(#3164),#2992,.F.);
#3164 = FACE_BOUND('',#3165,.F.);
#3165 = EDGE_LOOP('',(#3166,#3186,#3187,#3188));
#3166 = ORIENTED_EDGE('',*,*,#3167,.F.);
#3167 = EDGE_CURVE('',#3058,#3168,#3170,.T.);
#3168 = VERTEX_POINT('',#3169);
#3169 = CARTESIAN_POINT('',(71.554,-107.858,136.508));
#3170 = SURFACE_CURVE('',#3171,(#3174,#3180),.PCURVE_S1.);
#3171 = B_SPLINE_CURVE_WITH_KNOTS('',1,(#3172,#3173),.UNSPECIFIED.,.F.,
  .F.,(2,2),(0.,0.275590551181),.PIECEWISE_BEZIER_KNOTS.);
#3172 = CARTESIAN_POINT('',(71.554,-114.858,136.508));
#3173 = CARTESIAN_POINT('',(71.554,-107.858,136.508));
#3174 = PCURVE('',#2992,#3175);
#3175 = DEFINITIONAL_REPRESENTATION('',(#3176),#3179);
#3176 = B_SPLINE_CURVE_WITH_KNOTS('',1,(#3177,#3178),.UNSPECIFIED.,.F.,
  .F.,(2,2),(0.,0.275590551181),.PIECEWISE_BEZIER_KNOTS.);
#3177 = CARTESIAN_POINT('',(0.,0.));
#3178 = CARTESIAN_POINT('',(0.275590551181,0.));
#3179 = ( GEOMETRIC_REPRESENTATION_CONTEXT(2) 
PARAMETRIC_REPRESENTATION_CONTEXT() REPRESENTATION_CONTEXT('2D SPACE',''
  ) );
#3180 = PCURVE('',#3091,#3181);
#3181 = DEFINITIONAL_REPRESENTATION('',(#3182),#3185);
#3182 = B_SPLINE_CURVE_WITH_KNOTS('',1,(#3183,#3184),.UNSPECIFIED.,.F.,
  .F.,(2,2),(0.,0.275590551181),.PIECEWISE_BEZIER_KNOTS.);
#3183 = CARTESIAN_POINT('',(0.,0.));
#3184 = CARTESIAN_POINT('',(0.275590551181,0.));
#3185 = ( GEOMETRIC_REPRESENTATION_CONTEXT(2) 
PARAMETRIC_REPRESENTATION_CONTEXT() REPRESENTATION_CONTEXT('2D SPACE',''
  ) );
#3186 = ORIENTED_EDGE('',*,*,#3057,.T.);
#3187 = ORIENTED_EDGE('',*,*,#2978,.T.);
#3188 = ORIENTED_EDGE('',*,*,#3189,.F.);
#3189 = EDGE_CURVE('',#3168,#2979,#3190,.T.);
#3190 = SURFACE_CURVE('',#3191,(#3194,#3200),.PCURVE_S1.);
#3191 = B_SPLINE_CURVE_WITH_KNOTS('',1,(#3192,#3193),.UNSPECIFIED.,.F.,
  .F.,(2,2),(0.,0.185039370079),.PIECEWISE_BEZIER_KNOTS.);
#3192 = CARTESIAN_POINT('',(71.554,-107.858,136.508));
#3193 = CARTESIAN_POINT('',(76.254,-107.858,136.508));
#3194 = PCURVE('',#2992,#3195);
#3195 = DEFINITIONAL_REPRESENTATION('',(#3196),#3199);
#3196 = B_SPLINE_CURVE_WITH_KNOTS('',1,(#3197,#3198),.UNSPECIFIED.,.F.,
  .F.,(2,2),(0.,0.185039370079),.PIECEWISE_BEZIER_KNOTS.);
#3197 = CARTESIAN_POINT('',(0.275590551181,0.));
#3198 = CARTESIAN_POINT('',(0.275590551181,-0.185039370079));
#3199 = ( GEOMETRIC_REPRESENTATION_CONTEXT(2) 
PARAMETRIC_REPRESENTATION_CONTEXT() REPRESENTATION_CONTEXT('2D SPACE',''
  ) );
#3200 = PCURVE('',#3017,#3201);
#3201 = DEFINITIONAL_REPRESENTATION('',(#3202),#3205);
#3202 = B_SPLINE_CURVE_WITH_KNOTS('',1,(#3203,#3204),.UNSPECIFIED.,.F.,
  .F.,(2,2),(0.,0.185039370079),.PIECEWISE_BEZIER_KNOTS.);
#3203 = CARTESIAN_POINT('',(0.,0.));
#3204 = CARTESIAN_POINT('',(0.,0.185039370079));
#3205 = ( GEOMETRIC_REPRESENTATION_CONTEXT(2) 
PARAMETRIC_REPRESENTATION_CONTEXT() REPRESENTATION_CONTEXT('2D SPACE',''
  ) );
#3206 = ADVANCED_FACE('',(#3207),#3017,.T.);
#3207 = FACE_BOUND('',#3208,.T.);
#3208 = EDGE_LOOP('',(#3209,#3210,#3228,#3229));
#3209 = ORIENTED_EDGE('',*,*,#3189,.F.);
#3210 = ORIENTED_EDGE('',*,*,#3211,.T.);
#3211 = EDGE_CURVE('',#3168,#3125,#3212,.T.);
#3212 = SURFACE_CURVE('',#3213,(#3216,#3222),.PCURVE_S1.);
#3213 = B_SPLINE_CURVE_WITH_KNOTS('',1,(#3214,#3215),.UNSPECIFIED.,.F.,
  .F.,(2,2),(0.,0.318897637795),.PIECEWISE_BEZIER_KNOTS.);
#3214 = CARTESIAN_POINT('',(71.554,-107.858,136.508));
#3215 = CARTESIAN_POINT('',(71.554,-107.858,144.608));
#3216 = PCURVE('',#3017,#3217);
#3217 = DEFINITIONAL_REPRESENTATION('',(#3218),#3221);
#3218 = B_SPLINE_CURVE_WITH_KNOTS('',1,(#3219,#3220),.UNSPECIFIED.,.F.,
  .F.,(2,2),(0.,0.318897637795),.PIECEWISE_BEZIER_KNOTS.);
#3219 = CARTESIAN_POINT('',(0.,0.));
#3220 = CARTESIAN_POINT('',(0.318897637795,0.));
#3221 = ( GEOMETRIC_REPRESENTATION_CONTEXT(2) 
PARAMETRIC_REPRESENTATION_CONTEXT() REPRESENTATION_CONTEXT('2D SPACE',''
  ) );
#3222 = PCURVE('',#3091,#3223);
#3223 = DEFINITIONAL_REPRESENTATION('',(#3224),#3227);
#3224 = B_SPLINE_CURVE_WITH_KNOTS('',1,(#3225,#3226),.UNSPECIFIED.,.F.,
  .F.,(2,2),(0.,0.318897637795),.PIECEWISE_BEZIER_KNOTS.);
#3225 = CARTESIAN_POINT('',(0.275590551181,0.));
#3226 = CARTESIAN_POINT('',(0.275590551181,0.318897637795));
#3227 = ( GEOMETRIC_REPRESENTATION_CONTEXT(2) 
PARAMETRIC_REPRESENTATION_CONTEXT() REPRESENTATION_CONTEXT('2D SPACE',''
  ) );
#3228 = ORIENTED_EDGE('',*,*,#3146,.T.);
#3229 = ORIENTED_EDGE('',*,*,#3003,.F.);
#3230 = ADVANCED_FACE('',(#3231),#3091,.F.);
#3231 = FACE_BOUND('',#3232,.F.);
#3232 = EDGE_LOOP('',(#3233,#3234,#3235,#3236));
#3233 = ORIENTED_EDGE('',*,*,#3077,.F.);
#3234 = ORIENTED_EDGE('',*,*,#3167,.T.);
#3235 = ORIENTED_EDGE('',*,*,#3211,.T.);
#3236 = ORIENTED_EDGE('',*,*,#3124,.F.);
#3237 = MANIFOLD_SOLID_BREP('',#3238);
#3238 = CLOSED_SHELL('',(#3239,#3358,#3414,#3418,#3483,#3589,#3656,#3699
    ,#3742,#3766));
#3239 = ADVANCED_FACE('',(#3240),#3253,.T.);
#3240 = FACE_BOUND('',#3241,.T.);
#3241 = EDGE_LOOP('',(#3242,#3281,#3319,#3320));
#3242 = ORIENTED_EDGE('',*,*,#3243,.T.);
#3243 = EDGE_CURVE('',#3244,#3246,#3248,.T.);
#3244 = VERTEX_POINT('',#3245);
#3245 = CARTESIAN_POINT('',(81.254,-103.358,184.058));
#3246 = VERTEX_POINT('',#3247);
#3247 = CARTESIAN_POINT('',(85.254,-103.358,184.058));
#3248 = SEAM_CURVE('',#3249,(#3252,#3274),.PCURVE_S1.);
#3249 = B_SPLINE_CURVE_WITH_KNOTS('',1,(#3250,#3251),.UNSPECIFIED.,.F.,
  .F.,(2,2),(0.,0.157480314961),.PIECEWISE_BEZIER_KNOTS.);
#3250 = CARTESIAN_POINT('',(81.254,-103.358,184.058));
#3251 = CARTESIAN_POINT('',(85.254,-103.358,184.058));
#3252 = PCURVE('',#3253,#3268);
#3253 = ( BOUNDED_SURFACE() B_SPLINE_SURFACE(2,1,(
    (#3254,#3255)
    ,(#3256,#3257)
    ,(#3258,#3259)
    ,(#3260,#3261)
    ,(#3262,#3263)
    ,(#3264,#3265)
    ,(#3266,#3267
)),.UNSPECIFIED.,.T.,.F.,.F.) B_SPLINE_SURFACE_WITH_KNOTS((1,2,2,2,2,1),
  (2,2),(-2.094395102393,0.,2.094395102393,4.188790204786,6.28318530718,
    8.377580409573),(-0.157480314961,0.),.UNSPECIFIED.) 
GEOMETRIC_REPRESENTATION_ITEM() RATIONAL_B_SPLINE_SURFACE((
    (1.,1.)
    ,(0.5,0.5)
    ,(1.,1.)
    ,(0.5,0.5)
    ,(1.,1.)
    ,(0.5,0.5)
,(1.,1.))) REPRESENTATION_ITEM('') SURFACE() );
#3254 = CARTESIAN_POINT('',(85.254,-103.358,184.058));
#3255 = CARTESIAN_POINT('',(81.254,-103.358,184.058));
#3256 = CARTESIAN_POINT('',(85.254,-97.2958221735,184.058));
#3257 = CARTESIAN_POINT('',(81.254,-97.2958221735,184.058));
#3258 = CARTESIAN_POINT('',(85.254,-100.3269110867,178.808));
#3259 = CARTESIAN_POINT('',(81.254,-100.3269110867,178.808));
#3260 = CARTESIAN_POINT('',(85.254,-103.358,173.558));
#3261 = CARTESIAN_POINT('',(81.254,-103.358,173.558));
#3262 = CARTESIAN_POINT('',(85.254,-106.3890889132,178.808));
#3263 = CARTESIAN_POINT('',(81.254,-106.3890889132,178.808));
#3264 = CARTESIAN_POINT('',(85.254,-109.4201778264,184.058));
#3265 = CARTESIAN_POINT('',(81.254,-109.4201778264,184.058));
#3266 = CARTESIAN_POINT('',(85.254,-103.358,184.058));
#3267 = CARTESIAN_POINT('',(81.254,-103.358,184.058));
#3268 = DEFINITIONAL_REPRESENTATION('',(#3269),#3273);
#3269 = B_SPLINE_CURVE_WITH_KNOTS('',2,(#3270,#3271,#3272),
  .UNSPECIFIED.,.F.,.F.,(3,3),(0.,0.157480314961),
  .PIECEWISE_BEZIER_KNOTS.);
#3270 = CARTESIAN_POINT('',(0.,0.));
#3271 = CARTESIAN_POINT('',(0.,-7.874015748031E-02));
#3272 = CARTESIAN_POINT('',(0.,-0.157480314961));
#3273 = ( GEOMETRIC_REPRESENTATION_CONTEXT(2) 
PARAMETRIC_REPRESENTATION_CONTEXT() REPRESENTATION_CONTEXT('2D SPACE',''
  ) );
#3274 = PCURVE('',#3253,#3275);
#3275 = DEFINITIONAL_REPRESENTATION('',(#3276),#3280);
#3276 = B_SPLINE_CURVE_WITH_KNOTS('',2,(#3277,#3278,#3279),
  .UNSPECIFIED.,.F.,.F.,(3,3),(0.,0.157480314961),
  .PIECEWISE_BEZIER_KNOTS.);
#3277 = CARTESIAN_POINT('',(6.28318530718,0.));
#3278 = CARTESIAN_POINT('',(6.28318530718,-7.874015748031E-02));
#3279 = CARTESIAN_POINT('',(6.28318530718,-0.157480314961));
#3280 = ( GEOMETRIC_REPRESENTATION_CONTEXT(2) 
PARAMETRIC_REPRESENTATION_CONTEXT() REPRESENTATION_CONTEXT('2D SPACE',''
  ) );
#3281 = ORIENTED_EDGE('',*,*,#3282,.T.);
#3282 = EDGE_CURVE('',#3246,#3246,#3283,.T.);
#3283 = SURFACE_CURVE('',#3284,(#3292,#3303),.PCURVE_S1.);
#3284 = ( BOUNDED_CURVE() B_SPLINE_CURVE(2,(#3285,#3286,#3287,#3288,
#3289,#3290,#3291),.UNSPECIFIED.,.T.,.F.) B_SPLINE_CURVE_WITH_KNOTS((1,2
    ,2,2,2,1),(-2.094395102393,0.,2.094395102393,4.188790204786,
6.28318530718,8.377580409573),.UNSPECIFIED.) CURVE() 
GEOMETRIC_REPRESENTATION_ITEM() RATIONAL_B_SPLINE_CURVE((1.,0.5,1.,0.5,
1.,0.5,1.)) REPRESENTATION_ITEM('') );
#3285 = CARTESIAN_POINT('',(85.254,-103.358,184.058));
#3286 = CARTESIAN_POINT('',(85.254,-97.2958221735,184.058));
#3287 = CARTESIAN_POINT('',(85.254,-100.3269110867,178.808));
#3288 = CARTESIAN_POINT('',(85.254,-103.358,173.558));
#3289 = CARTESIAN_POINT('',(85.254,-106.3890889132,178.808));
#3290 = CARTESIAN_POINT('',(85.254,-109.4201778264,184.058));
#3291 = CARTESIAN_POINT('',(85.254,-103.358,184.058));
#3292 = PCURVE('',#3253,#3293);
#3293 = DEFINITIONAL_REPRESENTATION('',(#3294),#3302);
#3294 = B_SPLINE_CURVE_WITH_KNOTS('',2,(#3295,#3296,#3297,#3298,#3299,
    #3300,#3301),.UNSPECIFIED.,.F.,.F.,(3,2,2,3),(0.,2.094395102393,
    4.188790204786,6.28318530718),.PIECEWISE_BEZIER_KNOTS.);
#3295 = CARTESIAN_POINT('',(0.,-0.157480314961));
#3296 = CARTESIAN_POINT('',(1.047197551197,-0.157480314961));
#3297 = CARTESIAN_POINT('',(2.094395102393,-0.157480314961));
#3298 = CARTESIAN_POINT('',(3.14159265359,-0.157480314961));
#3299 = CARTESIAN_POINT('',(4.188790204786,-0.157480314961));
#3300 = CARTESIAN_POINT('',(5.235987755983,-0.157480314961));
#3301 = CARTESIAN_POINT('',(6.28318530718,-0.157480314961));
#3302 = ( GEOMETRIC_REPRESENTATION_CONTEXT(2) 
PARAMETRIC_REPRESENTATION_CONTEXT() REPRESENTATION_CONTEXT('2D SPACE',''
  ) );
#3303 = PCURVE('',#3304,#3309);
#3304 = B_SPLINE_SURFACE_WITH_KNOTS('',1,1,(
    (#3305,#3306)
    ,(#3307,#3308
    )),.UNSPECIFIED.,.F.,.F.,.F.,(2,2),(2,2),(-0.137795275591,
    0.137795275591),(-0.137795275591,0.137795275591),
  .PIECEWISE_BEZIER_KNOTS.);
#3305 = CARTESIAN_POINT('',(85.254,-99.858,177.058));
#3306 = CARTESIAN_POINT('',(85.254,-99.858,184.058));
#3307 = CARTESIAN_POINT('',(85.254,-106.858,177.058));
#3308 = CARTESIAN_POINT('',(85.254,-106.858,184.058));
#3309 = DEFINITIONAL_REPRESENTATION('',(#3310),#3318);
#3310 = ( BOUNDED_CURVE() B_SPLINE_CURVE(2,(#3311,#3312,#3313,#3314,
#3315,#3316,#3317),.UNSPECIFIED.,.T.,.F.) B_SPLINE_CURVE_WITH_KNOTS((1,2
    ,2,2,2,1),(-2.094395102393,0.,2.094395102393,4.188790204786,
6.28318530718,8.377580409573),.UNSPECIFIED.) CURVE() 
GEOMETRIC_REPRESENTATION_ITEM() RATIONAL_B_SPLINE_CURVE((1.,0.5,1.,0.5,
1.,0.5,1.)) REPRESENTATION_ITEM('') );
#3311 = CARTESIAN_POINT('',(2.22044604925E-16,0.137795275591));
#3312 = CARTESIAN_POINT('',(-0.238668418366,0.137795275591));
#3313 = CARTESIAN_POINT('',(-0.119334209183,-6.889763779528E-02));
#3314 = CARTESIAN_POINT('',(2.22044604925E-16,-0.275590551181));
#3315 = CARTESIAN_POINT('',(0.119334209183,-6.889763779528E-02));
#3316 = CARTESIAN_POINT('',(0.238668418366,0.137795275591));
#3317 = CARTESIAN_POINT('',(2.22044604925E-16,0.137795275591));
#3318 = ( GEOMETRIC_REPRESENTATION_CONTEXT(2) 
PARAMETRIC_REPRESENTATION_CONTEXT() REPRESENTATION_CONTEXT('2D SPACE',''
  ) );
#3319 = ORIENTED_EDGE('',*,*,#3243,.F.);
#3320 = ORIENTED_EDGE('',*,*,#3321,.F.);
#3321 = EDGE_CURVE('',#3244,#3244,#3322,.T.);
#3322 = SURFACE_CURVE('',#3323,(#3331,#3342),.PCURVE_S1.);
#3323 = ( BOUNDED_CURVE() B_SPLINE_CURVE(2,(#3324,#3325,#3326,#3327,
#3328,#3329,#3330),.UNSPECIFIED.,.T.,.F.) B_SPLINE_CURVE_WITH_KNOTS((1,2
    ,2,2,2,1),(-2.094395102393,0.,2.094395102393,4.188790204786,
6.28318530718,8.377580409573),.UNSPECIFIED.) CURVE() 
GEOMETRIC_REPRESENTATION_ITEM() RATIONAL_B_SPLINE_CURVE((1.,0.5,1.,0.5,
1.,0.5,1.)) REPRESENTATION_ITEM('') );
#3324 = CARTESIAN_POINT('',(81.254,-103.358,184.058));
#3325 = CARTESIAN_POINT('',(81.254,-97.2958221735,184.058));
#3326 = CARTESIAN_POINT('',(81.254,-100.3269110867,178.808));
#3327 = CARTESIAN_POINT('',(81.254,-103.358,173.558));
#3328 = CARTESIAN_POINT('',(81.254,-106.3890889132,178.808));
#3329 = CARTESIAN_POINT('',(81.254,-109.4201778264,184.058));
#3330 = CARTESIAN_POINT('',(81.254,-103.358,184.058));
#3331 = PCURVE('',#3253,#3332);
#3332 = DEFINITIONAL_REPRESENTATION('',(#3333),#3341);
#3333 = B_SPLINE_CURVE_WITH_KNOTS('',2,(#3334,#3335,#3336,#3337,#3338,
    #3339,#3340),.UNSPECIFIED.,.F.,.F.,(3,2,2,3),(0.,2.094395102393,
    4.188790204786,6.28318530718),.PIECEWISE_BEZIER_KNOTS.);
#3334 = CARTESIAN_POINT('',(0.,0.));
#3335 = CARTESIAN_POINT('',(1.047197551197,9.423004261788E-16));
#3336 = CARTESIAN_POINT('',(2.094395102393,-8.881784197001E-16));
#3337 = CARTESIAN_POINT('',(3.14159265359,-2.872848114058E-15));
#3338 = CARTESIAN_POINT('',(4.188790204786,0.));
#3339 = CARTESIAN_POINT('',(5.235987755983,-7.802037882856E-16));
#3340 = CARTESIAN_POINT('',(6.28318530718,0.));
#3341 = ( GEOMETRIC_REPRESENTATION_CONTEXT(2) 
PARAMETRIC_REPRESENTATION_CONTEXT() REPRESENTATION_CONTEXT('2D SPACE',''
  ) );
#3342 = PCURVE('',#3343,#3348);
#3343 = B_SPLINE_SURFACE_WITH_KNOTS('',1,1,(
    (#3344,#3345)
    ,(#3346,#3347
    )),.UNSPECIFIED.,.F.,.F.,.F.,(2,2),(2,2),(-0.137795275591,
    0.137795275591),(-0.137795275591,0.137795275591),
  .PIECEWISE_BEZIER_KNOTS.);
#3344 = CARTESIAN_POINT('',(81.254,-99.858,177.058));
#3345 = CARTESIAN_POINT('',(81.254,-99.858,184.058));
#3346 = CARTESIAN_POINT('',(81.254,-106.858,177.058));
#3347 = CARTESIAN_POINT('',(81.254,-106.858,184.058));
#3348 = DEFINITIONAL_REPRESENTATION('',(#3349),#3357);
#3349 = ( BOUNDED_CURVE() B_SPLINE_CURVE(2,(#3350,#3351,#3352,#3353,
#3354,#3355,#3356),.UNSPECIFIED.,.T.,.F.) B_SPLINE_CURVE_WITH_KNOTS((1,2
    ,2,2,2,1),(-2.094395102393,0.,2.094395102393,4.188790204786,
6.28318530718,8.377580409573),.UNSPECIFIED.) CURVE() 
GEOMETRIC_REPRESENTATION_ITEM() RATIONAL_B_SPLINE_CURVE((1.,0.5,1.,0.5,
1.,0.5,1.)) REPRESENTATION_ITEM('') );
#3350 = CARTESIAN_POINT('',(2.22044604925E-16,0.137795275591));
#3351 = CARTESIAN_POINT('',(-0.238668418366,0.137795275591));
#3352 = CARTESIAN_POINT('',(-0.119334209183,-6.889763779528E-02));
#3353 = CARTESIAN_POINT('',(2.22044604925E-16,-0.275590551181));
#3354 = CARTESIAN_POINT('',(0.119334209183,-6.889763779528E-02));
#3355 = CARTESIAN_POINT('',(0.238668418366,0.137795275591));
#3356 = CARTESIAN_POINT('',(2.22044604925E-16,0.137795275591));
#3357 = ( GEOMETRIC_REPRESENTATION_CONTEXT(2) 
PARAMETRIC_REPRESENTATION_CONTEXT() REPRESENTATION_CONTEXT('2D SPACE',''
  ) );
#3358 = ADVANCED_FACE('',(#3359,#3362),#3343,.T.);
#3359 = FACE_BOUND('',#3360,.T.);
#3360 = EDGE_LOOP('',(#3361));
#3361 = ORIENTED_EDGE('',*,*,#3321,.T.);
#3362 = FACE_BOUND('',#3363,.T.);
#3363 = EDGE_LOOP('',(#3364));
#3364 = ORIENTED_EDGE('',*,*,#3365,.F.);
#3365 = EDGE_CURVE('',#3366,#3366,#3368,.T.);
#3366 = VERTEX_POINT('',#3367);
#3367 = CARTESIAN_POINT('',(81.254,-103.358,182.558));
#3368 = SURFACE_CURVE('',#3369,(#3377,#3388),.PCURVE_S1.);
#3369 = ( BOUNDED_CURVE() B_SPLINE_CURVE(2,(#3370,#3371,#3372,#3373,
#3374,#3375,#3376),.UNSPECIFIED.,.T.,.F.) B_SPLINE_CURVE_WITH_KNOTS((1,2
    ,2,2,2,1),(-2.094395102393,0.,2.094395102393,4.188790204786,
6.28318530718,8.377580409573),.UNSPECIFIED.) CURVE() 
GEOMETRIC_REPRESENTATION_ITEM() RATIONAL_B_SPLINE_CURVE((1.,0.5,1.,0.5,
1.,0.5,1.)) REPRESENTATION_ITEM('') );
#3370 = CARTESIAN_POINT('',(81.254,-103.358,182.558));
#3371 = CARTESIAN_POINT('',(81.254,-99.89389838486,182.558));
#3372 = CARTESIAN_POINT('',(81.254,-101.6259491924,179.558));
#3373 = CARTESIAN_POINT('',(81.254,-103.358,176.558));
#3374 = CARTESIAN_POINT('',(81.254,-105.0900508075,179.558));
#3375 = CARTESIAN_POINT('',(81.254,-106.8221016151,182.558));
#3376 = CARTESIAN_POINT('',(81.254,-103.358,182.558));
#3377 = PCURVE('',#3343,#3378);
#3378 = DEFINITIONAL_REPRESENTATION('',(#3379),#3387);
#3379 = ( BOUNDED_CURVE() B_SPLINE_CURVE(2,(#3380,#3381,#3382,#3383,
#3384,#3385,#3386),.UNSPECIFIED.,.T.,.F.) B_SPLINE_CURVE_WITH_KNOTS((1,2
    ,2,2,2,1),(-2.094395102393,0.,2.094395102393,4.188790204786,
6.28318530718,8.377580409573),.UNSPECIFIED.) CURVE() 
GEOMETRIC_REPRESENTATION_ITEM() RATIONAL_B_SPLINE_CURVE((1.,0.5,1.,0.5,
1.,0.5,1.)) REPRESENTATION_ITEM('') );
#3380 = CARTESIAN_POINT('',(2.22044604925E-16,7.874015748031E-02));
#3381 = CARTESIAN_POINT('',(-0.136381953352,7.874015748031E-02));
#3382 = CARTESIAN_POINT('',(-6.819097667594E-02,-3.937007874016E-02));
#3383 = CARTESIAN_POINT('',(2.22044604925E-16,-0.157480314961));
#3384 = CARTESIAN_POINT('',(6.819097667594E-02,-3.937007874016E-02));
#3385 = CARTESIAN_POINT('',(0.136381953352,7.874015748031E-02));
#3386 = CARTESIAN_POINT('',(2.22044604925E-16,7.874015748031E-02));
#3387 = ( GEOMETRIC_REPRESENTATION_CONTEXT(2) 
PARAMETRIC_REPRESENTATION_CONTEXT() REPRESENTATION_CONTEXT('2D SPACE',''
  ) );
#3388 = PCURVE('',#3389,#3404);
#3389 = ( BOUNDED_SURFACE() B_SPLINE_SURFACE(2,1,(
    (#3390,#3391)
    ,(#3392,#3393)
    ,(#3394,#3395)
    ,(#3396,#3397)
    ,(#3398,#3399)
    ,(#3400,#3401)
    ,(#3402,#3403
)),.UNSPECIFIED.,.T.,.F.,.F.) B_SPLINE_SURFACE_WITH_KNOTS((1,2,2,2,2,1),
  (2,2),(-2.094395102393,0.,2.094395102393,4.188790204786,6.28318530718,
    8.377580409573),(-0.314960629921,-0.11811023622),.UNSPECIFIED.) 
GEOMETRIC_REPRESENTATION_ITEM() RATIONAL_B_SPLINE_SURFACE((
    (1.,1.)
    ,(0.5,0.5)
    ,(1.,1.)
    ,(0.5,0.5)
    ,(1.,1.)
    ,(0.5,0.5)
,(1.,1.))) REPRESENTATION_ITEM('') SURFACE() );
#3390 = CARTESIAN_POINT('',(81.254,-103.358,182.558));
#3391 = CARTESIAN_POINT('',(76.254,-103.358,182.558));
#3392 = CARTESIAN_POINT('',(81.254,-99.89389838486,182.558));
#3393 = CARTESIAN_POINT('',(76.254,-99.89389838486,182.558));
#3394 = CARTESIAN_POINT('',(81.254,-101.6259491924,179.558));
#3395 = CARTESIAN_POINT('',(76.254,-101.6259491924,179.558));
#3396 = CARTESIAN_POINT('',(81.254,-103.358,176.558));
#3397 = CARTESIAN_POINT('',(76.254,-103.358,176.558));
#3398 = CARTESIAN_POINT('',(81.254,-105.0900508075,179.558));
#3399 = CARTESIAN_POINT('',(76.254,-105.0900508075,179.558));
#3400 = CARTESIAN_POINT('',(81.254,-106.8221016151,182.558));
#3401 = CARTESIAN_POINT('',(76.254,-106.8221016151,182.558));
#3402 = CARTESIAN_POINT('',(81.254,-103.358,182.558));
#3403 = CARTESIAN_POINT('',(76.254,-103.358,182.558));
#3404 = DEFINITIONAL_REPRESENTATION('',(#3405),#3413);
#3405 = B_SPLINE_CURVE_WITH_KNOTS('',2,(#3406,#3407,#3408,#3409,#3410,
    #3411,#3412),.UNSPECIFIED.,.F.,.F.,(3,2,2,3),(0.,2.094395102393,
    4.188790204786,6.28318530718),.PIECEWISE_BEZIER_KNOTS.);
#3406 = CARTESIAN_POINT('',(0.,-0.314960629921));
#3407 = CARTESIAN_POINT('',(1.047197551197,-0.314960629921));
#3408 = CARTESIAN_POINT('',(2.094395102393,-0.314960629921));
#3409 = CARTESIAN_POINT('',(3.14159265359,-0.314960629921));
#3410 = CARTESIAN_POINT('',(4.188790204786,-0.314960629921));
#3411 = CARTESIAN_POINT('',(5.235987755983,-0.314960629921));
#3412 = CARTESIAN_POINT('',(6.28318530718,-0.314960629921));
#3413 = ( GEOMETRIC_REPRESENTATION_CONTEXT(2) 
PARAMETRIC_REPRESENTATION_CONTEXT() REPRESENTATION_CONTEXT('2D SPACE',''
  ) );
#3414 = ADVANCED_FACE('',(#3415),#3304,.F.);
#3415 = FACE_BOUND('',#3416,.F.);
#3416 = EDGE_LOOP('',(#3417));
#3417 = ORIENTED_EDGE('',*,*,#3282,.T.);
#3418 = ADVANCED_FACE('',(#3419),#3389,.T.);
#3419 = FACE_BOUND('',#3420,.T.);
#3420 = EDGE_LOOP('',(#3421,#3461,#3481,#3482));
#3421 = ORIENTED_EDGE('',*,*,#3422,.F.);
#3422 = EDGE_CURVE('',#3423,#3423,#3425,.T.);
#3423 = VERTEX_POINT('',#3424);
#3424 = CARTESIAN_POINT('',(76.254,-103.358,182.558));
#3425 = SURFACE_CURVE('',#3426,(#3434,#3445),.PCURVE_S1.);
#3426 = ( BOUNDED_CURVE() B_SPLINE_CURVE(2,(#3427,#3428,#3429,#3430,
#3431,#3432,#3433),.UNSPECIFIED.,.T.,.F.) B_SPLINE_CURVE_WITH_KNOTS((1,2
    ,2,2,2,1),(-2.094395102393,0.,2.094395102393,4.188790204786,
6.28318530718,8.377580409573),.UNSPECIFIED.) CURVE() 
GEOMETRIC_REPRESENTATION_ITEM() RATIONAL_B_SPLINE_CURVE((1.,0.5,1.,0.5,
1.,0.5,1.)) REPRESENTATION_ITEM('') );
#3427 = CARTESIAN_POINT('',(76.254,-103.358,182.558));
#3428 = CARTESIAN_POINT('',(76.254,-99.89389838486,182.558));
#3429 = CARTESIAN_POINT('',(76.254,-101.6259491924,179.558));
#3430 = CARTESIAN_POINT('',(76.254,-103.358,176.558));
#3431 = CARTESIAN_POINT('',(76.254,-105.0900508075,179.558));
#3432 = CARTESIAN_POINT('',(76.254,-106.8221016151,182.558));
#3433 = CARTESIAN_POINT('',(76.254,-103.358,182.558));
#3434 = PCURVE('',#3389,#3435);
#3435 = DEFINITIONAL_REPRESENTATION('',(#3436),#3444);
#3436 = B_SPLINE_CURVE_WITH_KNOTS('',2,(#3437,#3438,#3439,#3440,#3441,
    #3442,#3443),.UNSPECIFIED.,.F.,.F.,(3,2,2,3),(0.,2.094395102393,
    4.188790204786,6.28318530718),.PIECEWISE_BEZIER_KNOTS.);
#3437 = CARTESIAN_POINT('',(0.,-0.11811023622));
#3438 = CARTESIAN_POINT('',(1.047197551197,-0.11811023622));
#3439 = CARTESIAN_POINT('',(2.094395102393,-0.11811023622));
#3440 = CARTESIAN_POINT('',(3.14159265359,-0.11811023622));
#3441 = CARTESIAN_POINT('',(4.188790204786,-0.11811023622));
#3442 = CARTESIAN_POINT('',(5.235987755983,-0.11811023622));
#3443 = CARTESIAN_POINT('',(6.28318530718,-0.11811023622));
#3444 = ( GEOMETRIC_REPRESENTATION_CONTEXT(2) 
PARAMETRIC_REPRESENTATION_CONTEXT() REPRESENTATION_CONTEXT('2D SPACE',''
  ) );
#3445 = PCURVE('',#3446,#3451);
#3446 = B_SPLINE_SURFACE_WITH_KNOTS('',1,1,(
    (#3447,#3448)
    ,(#3449,#3450
    )),.UNSPECIFIED.,.F.,.F.,.F.,(2,2),(2,2),(0.,0.275590551181),(0.,
    0.318897637795),.PIECEWISE_BEZIER_KNOTS.);
#3447 = CARTESIAN_POINT('',(76.254,-106.858,176.508));
#3448 = CARTESIAN_POINT('',(76.254,-106.858,184.608));
#3449 = CARTESIAN_POINT('',(76.254,-99.858,176.508));
#3450 = CARTESIAN_POINT('',(76.254,-99.858,184.608));
#3451 = DEFINITIONAL_REPRESENTATION('',(#3452),#3460);
#3452 = ( BOUNDED_CURVE() B_SPLINE_CURVE(2,(#3453,#3454,#3455,#3456,
#3457,#3458,#3459),.UNSPECIFIED.,.T.,.F.) B_SPLINE_CURVE_WITH_KNOTS((1,2
    ,2,2,2,1),(-2.094395102393,0.,2.094395102393,4.188790204786,
6.28318530718,8.377580409573),.UNSPECIFIED.) CURVE() 
GEOMETRIC_REPRESENTATION_ITEM() RATIONAL_B_SPLINE_CURVE((1.,0.5,1.,0.5,
1.,0.5,1.)) REPRESENTATION_ITEM('') );
#3453 = CARTESIAN_POINT('',(0.137795275591,0.238188976378));
#3454 = CARTESIAN_POINT('',(0.274177228942,0.238188976378));
#3455 = CARTESIAN_POINT('',(0.205986252266,0.120078740157));
#3456 = CARTESIAN_POINT('',(0.137795275591,1.968503937007E-03));
#3457 = CARTESIAN_POINT('',(6.960429891461E-02,0.120078740157));
#3458 = CARTESIAN_POINT('',(1.413322238671E-03,0.238188976378));
#3459 = CARTESIAN_POINT('',(0.137795275591,0.238188976378));
#3460 = ( GEOMETRIC_REPRESENTATION_CONTEXT(2) 
PARAMETRIC_REPRESENTATION_CONTEXT() REPRESENTATION_CONTEXT('2D SPACE',''
  ) );
#3461 = ORIENTED_EDGE('',*,*,#3462,.T.);
#3462 = EDGE_CURVE('',#3423,#3366,#3463,.T.);
#3463 = SEAM_CURVE('',#3464,(#3467,#3474),.PCURVE_S1.);
#3464 = B_SPLINE_CURVE_WITH_KNOTS('',1,(#3465,#3466),.UNSPECIFIED.,.F.,
  .F.,(2,2),(0.11811023622,0.314960629921),.PIECEWISE_BEZIER_KNOTS.);
#3465 = CARTESIAN_POINT('',(76.254,-103.358,182.558));
#3466 = CARTESIAN_POINT('',(81.254,-103.358,182.558));
#3467 = PCURVE('',#3389,#3468);
#3468 = DEFINITIONAL_REPRESENTATION('',(#3469),#3473);
#3469 = B_SPLINE_CURVE_WITH_KNOTS('',2,(#3470,#3471,#3472),
  .UNSPECIFIED.,.F.,.F.,(3,3),(0.11811023622,0.314960629921),
  .PIECEWISE_BEZIER_KNOTS.);
#3470 = CARTESIAN_POINT('',(6.28318530718,-0.11811023622));
#3471 = CARTESIAN_POINT('',(6.28318530718,-0.216535433071));
#3472 = CARTESIAN_POINT('',(6.28318530718,-0.314960629921));
#3473 = ( GEOMETRIC_REPRESENTATION_CONTEXT(2) 
PARAMETRIC_REPRESENTATION_CONTEXT() REPRESENTATION_CONTEXT('2D SPACE',''
  ) );
#3474 = PCURVE('',#3389,#3475);
#3475 = DEFINITIONAL_REPRESENTATION('',(#3476),#3480);
#3476 = B_SPLINE_CURVE_WITH_KNOTS('',2,(#3477,#3478,#3479),
  .UNSPECIFIED.,.F.,.F.,(3,3),(0.11811023622,0.314960629921),
  .PIECEWISE_BEZIER_KNOTS.);
#3477 = CARTESIAN_POINT('',(0.,-0.11811023622));
#3478 = CARTESIAN_POINT('',(8.881784197001E-16,-0.216535433071));
#3479 = CARTESIAN_POINT('',(0.,-0.314960629921));
#3480 = ( GEOMETRIC_REPRESENTATION_CONTEXT(2) 
PARAMETRIC_REPRESENTATION_CONTEXT() REPRESENTATION_CONTEXT('2D SPACE',''
  ) );
#3481 = ORIENTED_EDGE('',*,*,#3365,.T.);
#3482 = ORIENTED_EDGE('',*,*,#3462,.F.);
#3483 = ADVANCED_FACE('',(#3484,#3586),#3446,.T.);
#3484 = FACE_BOUND('',#3485,.T.);
#3485 = EDGE_LOOP('',(#3486,#3513,#3538,#3563));
#3486 = ORIENTED_EDGE('',*,*,#3487,.F.);
#3487 = EDGE_CURVE('',#3488,#3490,#3492,.T.);
#3488 = VERTEX_POINT('',#3489);
#3489 = CARTESIAN_POINT('',(76.254,-106.858,176.508));
#3490 = VERTEX_POINT('',#3491);
#3491 = CARTESIAN_POINT('',(76.254,-106.858,184.608));
#3492 = SURFACE_CURVE('',#3493,(#3496,#3502),.PCURVE_S1.);
#3493 = B_SPLINE_CURVE_WITH_KNOTS('',1,(#3494,#3495),.UNSPECIFIED.,.F.,
  .F.,(2,2),(0.,0.318897637795),.PIECEWISE_BEZIER_KNOTS.);
#3494 = CARTESIAN_POINT('',(76.254,-106.858,176.508));
#3495 = CARTESIAN_POINT('',(76.254,-106.858,184.608));
#3496 = PCURVE('',#3446,#3497);
#3497 = DEFINITIONAL_REPRESENTATION('',(#3498),#3501);
#3498 = B_SPLINE_CURVE_WITH_KNOTS('',1,(#3499,#3500),.UNSPECIFIED.,.F.,
  .F.,(2,2),(0.,0.318897637795),.PIECEWISE_BEZIER_KNOTS.);
#3499 = CARTESIAN_POINT('',(0.,0.));
#3500 = CARTESIAN_POINT('',(0.,0.318897637795));
#3501 = ( GEOMETRIC_REPRESENTATION_CONTEXT(2) 
PARAMETRIC_REPRESENTATION_CONTEXT() REPRESENTATION_CONTEXT('2D SPACE',''
  ) );
#3502 = PCURVE('',#3503,#3508);
#3503 = B_SPLINE_SURFACE_WITH_KNOTS('',1,1,(
    (#3504,#3505)
    ,(#3506,#3507
    )),.UNSPECIFIED.,.F.,.F.,.F.,(2,2),(2,2),(0.,0.318897637795),(0.,
    0.185039370079),.PIECEWISE_BEZIER_KNOTS.);
#3504 = CARTESIAN_POINT('',(71.554,-106.858,176.508));
#3505 = CARTESIAN_POINT('',(76.254,-106.858,176.508));
#3506 = CARTESIAN_POINT('',(71.554,-106.858,184.608));
#3507 = CARTESIAN_POINT('',(76.254,-106.858,184.608));
#3508 = DEFINITIONAL_REPRESENTATION('',(#3509),#3512);
#3509 = B_SPLINE_CURVE_WITH_KNOTS('',1,(#3510,#3511),.UNSPECIFIED.,.F.,
  .F.,(2,2),(0.,0.318897637795),.PIECEWISE_BEZIER_KNOTS.);
#3510 = CARTESIAN_POINT('',(0.,0.185039370079));
#3511 = CARTESIAN_POINT('',(0.318897637795,0.185039370079));
#3512 = ( GEOMETRIC_REPRESENTATION_CONTEXT(2) 
PARAMETRIC_REPRESENTATION_CONTEXT() REPRESENTATION_CONTEXT('2D SPACE',''
  ) );
#3513 = ORIENTED_EDGE('',*,*,#3514,.T.);
#3514 = EDGE_CURVE('',#3488,#3515,#3517,.T.);
#3515 = VERTEX_POINT('',#3516);
#3516 = CARTESIAN_POINT('',(76.254,-99.858,176.508));
#3517 = SURFACE_CURVE('',#3518,(#3521,#3527),.PCURVE_S1.);
#3518 = B_SPLINE_CURVE_WITH_KNOTS('',1,(#3519,#3520),.UNSPECIFIED.,.F.,
  .F.,(2,2),(0.,0.275590551181),.PIECEWISE_BEZIER_KNOTS.);
#3519 = CARTESIAN_POINT('',(76.254,-106.858,176.508));
#3520 = CARTESIAN_POINT('',(76.254,-99.858,176.508));
#3521 = PCURVE('',#3446,#3522);
#3522 = DEFINITIONAL_REPRESENTATION('',(#3523),#3526);
#3523 = B_SPLINE_CURVE_WITH_KNOTS('',1,(#3524,#3525),.UNSPECIFIED.,.F.,
  .F.,(2,2),(0.,0.275590551181),.PIECEWISE_BEZIER_KNOTS.);
#3524 = CARTESIAN_POINT('',(0.,0.));
#3525 = CARTESIAN_POINT('',(0.275590551181,0.));
#3526 = ( GEOMETRIC_REPRESENTATION_CONTEXT(2) 
PARAMETRIC_REPRESENTATION_CONTEXT() REPRESENTATION_CONTEXT('2D SPACE',''
  ) );
#3527 = PCURVE('',#3528,#3533);
#3528 = B_SPLINE_SURFACE_WITH_KNOTS('',1,1,(
    (#3529,#3530)
    ,(#3531,#3532
    )),.UNSPECIFIED.,.F.,.F.,.F.,(2,2),(2,2),(0.,0.275590551181),(
    -0.185039370079,0.),.PIECEWISE_BEZIER_KNOTS.);
#3529 = CARTESIAN_POINT('',(76.254,-106.858,176.508));
#3530 = CARTESIAN_POINT('',(71.554,-106.858,176.508));
#3531 = CARTESIAN_POINT('',(76.254,-99.858,176.508));
#3532 = CARTESIAN_POINT('',(71.554,-99.858,176.508));
#3533 = DEFINITIONAL_REPRESENTATION('',(#3534),#3537);
#3534 = B_SPLINE_CURVE_WITH_KNOTS('',1,(#3535,#3536),.UNSPECIFIED.,.F.,
  .F.,(2,2),(0.,0.275590551181),.PIECEWISE_BEZIER_KNOTS.);
#3535 = CARTESIAN_POINT('',(0.,-0.185039370079));
#3536 = CARTESIAN_POINT('',(0.275590551181,-0.185039370079));
#3537 = ( GEOMETRIC_REPRESENTATION_CONTEXT(2) 
PARAMETRIC_REPRESENTATION_CONTEXT() REPRESENTATION_CONTEXT('2D SPACE',''
  ) );
#3538 = ORIENTED_EDGE('',*,*,#3539,.T.);
#3539 = EDGE_CURVE('',#3515,#3540,#3542,.T.);
#3540 = VERTEX_POINT('',#3541);
#3541 = CARTESIAN_POINT('',(76.254,-99.858,184.608));
#3542 = SURFACE_CURVE('',#3543,(#3546,#3552),.PCURVE_S1.);
#3543 = B_SPLINE_CURVE_WITH_KNOTS('',1,(#3544,#3545),.UNSPECIFIED.,.F.,
  .F.,(2,2),(0.,0.318897637795),.PIECEWISE_BEZIER_KNOTS.);
#3544 = CARTESIAN_POINT('',(76.254,-99.858,176.508));
#3545 = CARTESIAN_POINT('',(76.254,-99.858,184.608));
#3546 = PCURVE('',#3446,#3547);
#3547 = DEFINITIONAL_REPRESENTATION('',(#3548),#3551);
#3548 = B_SPLINE_CURVE_WITH_KNOTS('',1,(#3549,#3550),.UNSPECIFIED.,.F.,
  .F.,(2,2),(0.,0.318897637795),.PIECEWISE_BEZIER_KNOTS.);
#3549 = CARTESIAN_POINT('',(0.275590551181,0.));
#3550 = CARTESIAN_POINT('',(0.275590551181,0.318897637795));
#3551 = ( GEOMETRIC_REPRESENTATION_CONTEXT(2) 
PARAMETRIC_REPRESENTATION_CONTEXT() REPRESENTATION_CONTEXT('2D SPACE',''
  ) );
#3552 = PCURVE('',#3553,#3558);
#3553 = B_SPLINE_SURFACE_WITH_KNOTS('',1,1,(
    (#3554,#3555)
    ,(#3556,#3557
    )),.UNSPECIFIED.,.F.,.F.,.F.,(2,2),(2,2),(0.,0.318897637795),(0.,
    0.185039370079),.PIECEWISE_BEZIER_KNOTS.);
#3554 = CARTESIAN_POINT('',(71.554,-99.858,176.508));
#3555 = CARTESIAN_POINT('',(76.254,-99.858,176.508));
#3556 = CARTESIAN_POINT('',(71.554,-99.858,184.608));
#3557 = CARTESIAN_POINT('',(76.254,-99.858,184.608));
#3558 = DEFINITIONAL_REPRESENTATION('',(#3559),#3562);
#3559 = B_SPLINE_CURVE_WITH_KNOTS('',1,(#3560,#3561),.UNSPECIFIED.,.F.,
  .F.,(2,2),(0.,0.318897637795),.PIECEWISE_BEZIER_KNOTS.);
#3560 = CARTESIAN_POINT('',(0.,0.185039370079));
#3561 = CARTESIAN_POINT('',(0.318897637795,0.185039370079));
#3562 = ( GEOMETRIC_REPRESENTATION_CONTEXT(2) 
PARAMETRIC_REPRESENTATION_CONTEXT() REPRESENTATION_CONTEXT('2D SPACE',''
  ) );
#3563 = ORIENTED_EDGE('',*,*,#3564,.F.);
#3564 = EDGE_CURVE('',#3490,#3540,#3565,.T.);
#3565 = SURFACE_CURVE('',#3566,(#3569,#3575),.PCURVE_S1.);
#3566 = B_SPLINE_CURVE_WITH_KNOTS('',1,(#3567,#3568),.UNSPECIFIED.,.F.,
  .F.,(2,2),(0.,0.275590551181),.PIECEWISE_BEZIER_KNOTS.);
#3567 = CARTESIAN_POINT('',(76.254,-106.858,184.608));
#3568 = CARTESIAN_POINT('',(76.254,-99.858,184.608));
#3569 = PCURVE('',#3446,#3570);
#3570 = DEFINITIONAL_REPRESENTATION('',(#3571),#3574);
#3571 = B_SPLINE_CURVE_WITH_KNOTS('',1,(#3572,#3573),.UNSPECIFIED.,.F.,
  .F.,(2,2),(0.,0.275590551181),.PIECEWISE_BEZIER_KNOTS.);
#3572 = CARTESIAN_POINT('',(0.,0.318897637795));
#3573 = CARTESIAN_POINT('',(0.275590551181,0.318897637795));
#3574 = ( GEOMETRIC_REPRESENTATION_CONTEXT(2) 
PARAMETRIC_REPRESENTATION_CONTEXT() REPRESENTATION_CONTEXT('2D SPACE',''
  ) );
#3575 = PCURVE('',#3576,#3581);
#3576 = B_SPLINE_SURFACE_WITH_KNOTS('',1,1,(
    (#3577,#3578)
    ,(#3579,#3580
    )),.UNSPECIFIED.,.F.,.F.,.F.,(2,2),(2,2),(0.,0.275590551181),(
    -0.185039370079,0.),.PIECEWISE_BEZIER_KNOTS.);
#3577 = CARTESIAN_POINT('',(76.254,-106.858,184.608));
#3578 = CARTESIAN_POINT('',(71.554,-106.858,184.608));
#3579 = CARTESIAN_POINT('',(76.254,-99.858,184.608));
#3580 = CARTESIAN_POINT('',(71.554,-99.858,184.608));
#3581 = DEFINITIONAL_REPRESENTATION('',(#3582),#3585);
#3582 = B_SPLINE_CURVE_WITH_KNOTS('',1,(#3583,#3584),.UNSPECIFIED.,.F.,
  .F.,(2,2),(0.,0.275590551181),.PIECEWISE_BEZIER_KNOTS.);
#3583 = CARTESIAN_POINT('',(0.,-0.185039370079));
#3584 = CARTESIAN_POINT('',(0.275590551181,-0.185039370079));
#3585 = ( GEOMETRIC_REPRESENTATION_CONTEXT(2) 
PARAMETRIC_REPRESENTATION_CONTEXT() REPRESENTATION_CONTEXT('2D SPACE',''
  ) );
#3586 = FACE_BOUND('',#3587,.T.);
#3587 = EDGE_LOOP('',(#3588));
#3588 = ORIENTED_EDGE('',*,*,#3422,.T.);
#3589 = ADVANCED_FACE('',(#3590),#3503,.F.);
#3590 = FACE_BOUND('',#3591,.F.);
#3591 = EDGE_LOOP('',(#3592,#3612,#3637,#3655));
#3592 = ORIENTED_EDGE('',*,*,#3593,.F.);
#3593 = EDGE_CURVE('',#3594,#3488,#3596,.T.);
#3594 = VERTEX_POINT('',#3595);
#3595 = CARTESIAN_POINT('',(71.554,-106.858,176.508));
#3596 = SURFACE_CURVE('',#3597,(#3600,#3606),.PCURVE_S1.);
#3597 = B_SPLINE_CURVE_WITH_KNOTS('',1,(#3598,#3599),.UNSPECIFIED.,.F.,
  .F.,(2,2),(0.,0.185039370079),.PIECEWISE_BEZIER_KNOTS.);
#3598 = CARTESIAN_POINT('',(71.554,-106.858,176.508));
#3599 = CARTESIAN_POINT('',(76.254,-106.858,176.508));
#3600 = PCURVE('',#3503,#3601);
#3601 = DEFINITIONAL_REPRESENTATION('',(#3602),#3605);
#3602 = B_SPLINE_CURVE_WITH_KNOTS('',1,(#3603,#3604),.UNSPECIFIED.,.F.,
  .F.,(2,2),(0.,0.185039370079),.PIECEWISE_BEZIER_KNOTS.);
#3603 = CARTESIAN_POINT('',(0.,0.));
#3604 = CARTESIAN_POINT('',(0.,0.185039370079));
#3605 = ( GEOMETRIC_REPRESENTATION_CONTEXT(2) 
PARAMETRIC_REPRESENTATION_CONTEXT() REPRESENTATION_CONTEXT('2D SPACE',''
  ) );
#3606 = PCURVE('',#3528,#3607);
#3607 = DEFINITIONAL_REPRESENTATION('',(#3608),#3611);
#3608 = B_SPLINE_CURVE_WITH_KNOTS('',1,(#3609,#3610),.UNSPECIFIED.,.F.,
  .F.,(2,2),(0.,0.185039370079),.PIECEWISE_BEZIER_KNOTS.);
#3609 = CARTESIAN_POINT('',(0.,0.));
#3610 = CARTESIAN_POINT('',(0.,-0.185039370079));
#3611 = ( GEOMETRIC_REPRESENTATION_CONTEXT(2) 
PARAMETRIC_REPRESENTATION_CONTEXT() REPRESENTATION_CONTEXT('2D SPACE',''
  ) );
#3612 = ORIENTED_EDGE('',*,*,#3613,.T.);
#3613 = EDGE_CURVE('',#3594,#3614,#3616,.T.);
#3614 = VERTEX_POINT('',#3615);
#3615 = CARTESIAN_POINT('',(71.554,-106.858,184.608));
#3616 = SURFACE_CURVE('',#3617,(#3620,#3626),.PCURVE_S1.);
#3617 = B_SPLINE_CURVE_WITH_KNOTS('',1,(#3618,#3619),.UNSPECIFIED.,.F.,
  .F.,(2,2),(0.,0.318897637795),.PIECEWISE_BEZIER_KNOTS.);
#3618 = CARTESIAN_POINT('',(71.554,-106.858,176.508));
#3619 = CARTESIAN_POINT('',(71.554,-106.858,184.608));
#3620 = PCURVE('',#3503,#3621);
#3621 = DEFINITIONAL_REPRESENTATION('',(#3622),#3625);
#3622 = B_SPLINE_CURVE_WITH_KNOTS('',1,(#3623,#3624),.UNSPECIFIED.,.F.,
  .F.,(2,2),(0.,0.318897637795),.PIECEWISE_BEZIER_KNOTS.);
#3623 = CARTESIAN_POINT('',(0.,0.));
#3624 = CARTESIAN_POINT('',(0.318897637795,0.));
#3625 = ( GEOMETRIC_REPRESENTATION_CONTEXT(2) 
PARAMETRIC_REPRESENTATION_CONTEXT() REPRESENTATION_CONTEXT('2D SPACE',''
  ) );
#3626 = PCURVE('',#3627,#3632);
#3627 = B_SPLINE_SURFACE_WITH_KNOTS('',1,1,(
    (#3628,#3629)
    ,(#3630,#3631
    )),.UNSPECIFIED.,.F.,.F.,.F.,(2,2),(2,2),(0.,0.275590551181),(0.,
    0.318897637795),.PIECEWISE_BEZIER_KNOTS.);
#3628 = CARTESIAN_POINT('',(71.554,-106.858,176.508));
#3629 = CARTESIAN_POINT('',(71.554,-106.858,184.608));
#3630 = CARTESIAN_POINT('',(71.554,-99.858,176.508));
#3631 = CARTESIAN_POINT('',(71.554,-99.858,184.608));
#3632 = DEFINITIONAL_REPRESENTATION('',(#3633),#3636);
#3633 = B_SPLINE_CURVE_WITH_KNOTS('',1,(#3634,#3635),.UNSPECIFIED.,.F.,
  .F.,(2,2),(0.,0.318897637795),.PIECEWISE_BEZIER_KNOTS.);
#3634 = CARTESIAN_POINT('',(0.,0.));
#3635 = CARTESIAN_POINT('',(0.,0.318897637795));
#3636 = ( GEOMETRIC_REPRESENTATION_CONTEXT(2) 
PARAMETRIC_REPRESENTATION_CONTEXT() REPRESENTATION_CONTEXT('2D SPACE',''
  ) );
#3637 = ORIENTED_EDGE('',*,*,#3638,.T.);
#3638 = EDGE_CURVE('',#3614,#3490,#3639,.T.);
#3639 = SURFACE_CURVE('',#3640,(#3643,#3649),.PCURVE_S1.);
#3640 = B_SPLINE_CURVE_WITH_KNOTS('',1,(#3641,#3642),.UNSPECIFIED.,.F.,
  .F.,(2,2),(0.,0.185039370079),.PIECEWISE_BEZIER_KNOTS.);
#3641 = CARTESIAN_POINT('',(71.554,-106.858,184.608));
#3642 = CARTESIAN_POINT('',(76.254,-106.858,184.608));
#3643 = PCURVE('',#3503,#3644);
#3644 = DEFINITIONAL_REPRESENTATION('',(#3645),#3648);
#3645 = B_SPLINE_CURVE_WITH_KNOTS('',1,(#3646,#3647),.UNSPECIFIED.,.F.,
  .F.,(2,2),(0.,0.185039370079),.PIECEWISE_BEZIER_KNOTS.);
#3646 = CARTESIAN_POINT('',(0.318897637795,0.));
#3647 = CARTESIAN_POINT('',(0.318897637795,0.185039370079));
#3648 = ( GEOMETRIC_REPRESENTATION_CONTEXT(2) 
PARAMETRIC_REPRESENTATION_CONTEXT() REPRESENTATION_CONTEXT('2D SPACE',''
  ) );
#3649 = PCURVE('',#3576,#3650);
#3650 = DEFINITIONAL_REPRESENTATION('',(#3651),#3654);
#3651 = B_SPLINE_CURVE_WITH_KNOTS('',1,(#3652,#3653),.UNSPECIFIED.,.F.,
  .F.,(2,2),(0.,0.185039370079),.PIECEWISE_BEZIER_KNOTS.);
#3652 = CARTESIAN_POINT('',(0.,0.));
#3653 = CARTESIAN_POINT('',(0.,-0.185039370079));
#3654 = ( GEOMETRIC_REPRESENTATION_CONTEXT(2) 
PARAMETRIC_REPRESENTATION_CONTEXT() REPRESENTATION_CONTEXT('2D SPACE',''
  ) );
#3655 = ORIENTED_EDGE('',*,*,#3487,.F.);
#3656 = ADVANCED_FACE('',(#3657),#3576,.T.);
#3657 = FACE_BOUND('',#3658,.T.);
#3658 = EDGE_LOOP('',(#3659,#3679,#3680,#3681));
#3659 = ORIENTED_EDGE('',*,*,#3660,.F.);
#3660 = EDGE_CURVE('',#3614,#3661,#3663,.T.);
#3661 = VERTEX_POINT('',#3662);
#3662 = CARTESIAN_POINT('',(71.554,-99.858,184.608));
#3663 = SURFACE_CURVE('',#3664,(#3667,#3673),.PCURVE_S1.);
#3664 = B_SPLINE_CURVE_WITH_KNOTS('',1,(#3665,#3666),.UNSPECIFIED.,.F.,
  .F.,(2,2),(0.,0.275590551181),.PIECEWISE_BEZIER_KNOTS.);
#3665 = CARTESIAN_POINT('',(71.554,-106.858,184.608));
#3666 = CARTESIAN_POINT('',(71.554,-99.858,184.608));
#3667 = PCURVE('',#3576,#3668);
#3668 = DEFINITIONAL_REPRESENTATION('',(#3669),#3672);
#3669 = B_SPLINE_CURVE_WITH_KNOTS('',1,(#3670,#3671),.UNSPECIFIED.,.F.,
  .F.,(2,2),(0.,0.275590551181),.PIECEWISE_BEZIER_KNOTS.);
#3670 = CARTESIAN_POINT('',(0.,0.));
#3671 = CARTESIAN_POINT('',(0.275590551181,0.));
#3672 = ( GEOMETRIC_REPRESENTATION_CONTEXT(2) 
PARAMETRIC_REPRESENTATION_CONTEXT() REPRESENTATION_CONTEXT('2D SPACE',''
  ) );
#3673 = PCURVE('',#3627,#3674);
#3674 = DEFINITIONAL_REPRESENTATION('',(#3675),#3678);
#3675 = B_SPLINE_CURVE_WITH_KNOTS('',1,(#3676,#3677),.UNSPECIFIED.,.F.,
  .F.,(2,2),(0.,0.275590551181),.PIECEWISE_BEZIER_KNOTS.);
#3676 = CARTESIAN_POINT('',(0.,0.318897637795));
#3677 = CARTESIAN_POINT('',(0.275590551181,0.318897637795));
#3678 = ( GEOMETRIC_REPRESENTATION_CONTEXT(2) 
PARAMETRIC_REPRESENTATION_CONTEXT() REPRESENTATION_CONTEXT('2D SPACE',''
  ) );
#3679 = ORIENTED_EDGE('',*,*,#3638,.T.);
#3680 = ORIENTED_EDGE('',*,*,#3564,.T.);
#3681 = ORIENTED_EDGE('',*,*,#3682,.F.);
#3682 = EDGE_CURVE('',#3661,#3540,#3683,.T.);
#3683 = SURFACE_CURVE('',#3684,(#3687,#3693),.PCURVE_S1.);
#3684 = B_SPLINE_CURVE_WITH_KNOTS('',1,(#3685,#3686),.UNSPECIFIED.,.F.,
  .F.,(2,2),(0.,0.185039370079),.PIECEWISE_BEZIER_KNOTS.);
#3685 = CARTESIAN_POINT('',(71.554,-99.858,184.608));
#3686 = CARTESIAN_POINT('',(76.254,-99.858,184.608));
#3687 = PCURVE('',#3576,#3688);
#3688 = DEFINITIONAL_REPRESENTATION('',(#3689),#3692);
#3689 = B_SPLINE_CURVE_WITH_KNOTS('',1,(#3690,#3691),.UNSPECIFIED.,.F.,
  .F.,(2,2),(0.,0.185039370079),.PIECEWISE_BEZIER_KNOTS.);
#3690 = CARTESIAN_POINT('',(0.275590551181,0.));
#3691 = CARTESIAN_POINT('',(0.275590551181,-0.185039370079));
#3692 = ( GEOMETRIC_REPRESENTATION_CONTEXT(2) 
PARAMETRIC_REPRESENTATION_CONTEXT() REPRESENTATION_CONTEXT('2D SPACE',''
  ) );
#3693 = PCURVE('',#3553,#3694);
#3694 = DEFINITIONAL_REPRESENTATION('',(#3695),#3698);
#3695 = B_SPLINE_CURVE_WITH_KNOTS('',1,(#3696,#3697),.UNSPECIFIED.,.F.,
  .F.,(2,2),(0.,0.185039370079),.PIECEWISE_BEZIER_KNOTS.);
#3696 = CARTESIAN_POINT('',(0.318897637795,0.));
#3697 = CARTESIAN_POINT('',(0.318897637795,0.185039370079));
#3698 = ( GEOMETRIC_REPRESENTATION_CONTEXT(2) 
PARAMETRIC_REPRESENTATION_CONTEXT() REPRESENTATION_CONTEXT('2D SPACE',''
  ) );
#3699 = ADVANCED_FACE('',(#3700),#3528,.F.);
#3700 = FACE_BOUND('',#3701,.F.);
#3701 = EDGE_LOOP('',(#3702,#3722,#3723,#3724));
#3702 = ORIENTED_EDGE('',*,*,#3703,.F.);
#3703 = EDGE_CURVE('',#3594,#3704,#3706,.T.);
#3704 = VERTEX_POINT('',#3705);
#3705 = CARTESIAN_POINT('',(71.554,-99.858,176.508));
#3706 = SURFACE_CURVE('',#3707,(#3710,#3716),.PCURVE_S1.);
#3707 = B_SPLINE_CURVE_WITH_KNOTS('',1,(#3708,#3709),.UNSPECIFIED.,.F.,
  .F.,(2,2),(0.,0.275590551181),.PIECEWISE_BEZIER_KNOTS.);
#3708 = CARTESIAN_POINT('',(71.554,-106.858,176.508));
#3709 = CARTESIAN_POINT('',(71.554,-99.858,176.508));
#3710 = PCURVE('',#3528,#3711);
#3711 = DEFINITIONAL_REPRESENTATION('',(#3712),#3715);
#3712 = B_SPLINE_CURVE_WITH_KNOTS('',1,(#3713,#3714),.UNSPECIFIED.,.F.,
  .F.,(2,2),(0.,0.275590551181),.PIECEWISE_BEZIER_KNOTS.);
#3713 = CARTESIAN_POINT('',(0.,0.));
#3714 = CARTESIAN_POINT('',(0.275590551181,0.));
#3715 = ( GEOMETRIC_REPRESENTATION_CONTEXT(2) 
PARAMETRIC_REPRESENTATION_CONTEXT() REPRESENTATION_CONTEXT('2D SPACE',''
  ) );
#3716 = PCURVE('',#3627,#3717);
#3717 = DEFINITIONAL_REPRESENTATION('',(#3718),#3721);
#3718 = B_SPLINE_CURVE_WITH_KNOTS('',1,(#3719,#3720),.UNSPECIFIED.,.F.,
  .F.,(2,2),(0.,0.275590551181),.PIECEWISE_BEZIER_KNOTS.);
#3719 = CARTESIAN_POINT('',(0.,0.));
#3720 = CARTESIAN_POINT('',(0.275590551181,0.));
#3721 = ( GEOMETRIC_REPRESENTATION_CONTEXT(2) 
PARAMETRIC_REPRESENTATION_CONTEXT() REPRESENTATION_CONTEXT('2D SPACE',''
  ) );
#3722 = ORIENTED_EDGE('',*,*,#3593,.T.);
#3723 = ORIENTED_EDGE('',*,*,#3514,.T.);
#3724 = ORIENTED_EDGE('',*,*,#3725,.F.);
#3725 = EDGE_CURVE('',#3704,#3515,#3726,.T.);
#3726 = SURFACE_CURVE('',#3727,(#3730,#3736),.PCURVE_S1.);
#3727 = B_SPLINE_CURVE_WITH_KNOTS('',1,(#3728,#3729),.UNSPECIFIED.,.F.,
  .F.,(2,2),(0.,0.185039370079),.PIECEWISE_BEZIER_KNOTS.);
#3728 = CARTESIAN_POINT('',(71.554,-99.858,176.508));
#3729 = CARTESIAN_POINT('',(76.254,-99.858,176.508));
#3730 = PCURVE('',#3528,#3731);
#3731 = DEFINITIONAL_REPRESENTATION('',(#3732),#3735);
#3732 = B_SPLINE_CURVE_WITH_KNOTS('',1,(#3733,#3734),.UNSPECIFIED.,.F.,
  .F.,(2,2),(0.,0.185039370079),.PIECEWISE_BEZIER_KNOTS.);
#3733 = CARTESIAN_POINT('',(0.275590551181,0.));
#3734 = CARTESIAN_POINT('',(0.275590551181,-0.185039370079));
#3735 = ( GEOMETRIC_REPRESENTATION_CONTEXT(2) 
PARAMETRIC_REPRESENTATION_CONTEXT() REPRESENTATION_CONTEXT('2D SPACE',''
  ) );
#3736 = PCURVE('',#3553,#3737);
#3737 = DEFINITIONAL_REPRESENTATION('',(#3738),#3741);
#3738 = B_SPLINE_CURVE_WITH_KNOTS('',1,(#3739,#3740),.UNSPECIFIED.,.F.,
  .F.,(2,2),(0.,0.185039370079),.PIECEWISE_BEZIER_KNOTS.);
#3739 = CARTESIAN_POINT('',(0.,0.));
#3740 = CARTESIAN_POINT('',(0.,0.185039370079));
#3741 = ( GEOMETRIC_REPRESENTATION_CONTEXT(2) 
PARAMETRIC_REPRESENTATION_CONTEXT() REPRESENTATION_CONTEXT('2D SPACE',''
  ) );
#3742 = ADVANCED_FACE('',(#3743),#3553,.T.);
#3743 = FACE_BOUND('',#3744,.T.);
#3744 = EDGE_LOOP('',(#3745,#3746,#3764,#3765));
#3745 = ORIENTED_EDGE('',*,*,#3725,.F.);
#3746 = ORIENTED_EDGE('',*,*,#3747,.T.);
#3747 = EDGE_CURVE('',#3704,#3661,#3748,.T.);
#3748 = SURFACE_CURVE('',#3749,(#3752,#3758),.PCURVE_S1.);
#3749 = B_SPLINE_CURVE_WITH_KNOTS('',1,(#3750,#3751),.UNSPECIFIED.,.F.,
  .F.,(2,2),(0.,0.318897637795),.PIECEWISE_BEZIER_KNOTS.);
#3750 = CARTESIAN_POINT('',(71.554,-99.858,176.508));
#3751 = CARTESIAN_POINT('',(71.554,-99.858,184.608));
#3752 = PCURVE('',#3553,#3753);
#3753 = DEFINITIONAL_REPRESENTATION('',(#3754),#3757);
#3754 = B_SPLINE_CURVE_WITH_KNOTS('',1,(#3755,#3756),.UNSPECIFIED.,.F.,
  .F.,(2,2),(0.,0.318897637795),.PIECEWISE_BEZIER_KNOTS.);
#3755 = CARTESIAN_POINT('',(0.,0.));
#3756 = CARTESIAN_POINT('',(0.318897637795,0.));
#3757 = ( GEOMETRIC_REPRESENTATION_CONTEXT(2) 
PARAMETRIC_REPRESENTATION_CONTEXT() REPRESENTATION_CONTEXT('2D SPACE',''
  ) );
#3758 = PCURVE('',#3627,#3759);
#3759 = DEFINITIONAL_REPRESENTATION('',(#3760),#3763);
#3760 = B_SPLINE_CURVE_WITH_KNOTS('',1,(#3761,#3762),.UNSPECIFIED.,.F.,
  .F.,(2,2),(0.,0.318897637795),.PIECEWISE_BEZIER_KNOTS.);
#3761 = CARTESIAN_POINT('',(0.275590551181,0.));
#3762 = CARTESIAN_POINT('',(0.275590551181,0.318897637795));
#3763 = ( GEOMETRIC_REPRESENTATION_CONTEXT(2) 
PARAMETRIC_REPRESENTATION_CONTEXT() REPRESENTATION_CONTEXT('2D SPACE',''
  ) );
#3764 = ORIENTED_EDGE('',*,*,#3682,.T.);
#3765 = ORIENTED_EDGE('',*,*,#3539,.F.);
#3766 = ADVANCED_FACE('',(#3767),#3627,.F.);
#3767 = FACE_BOUND('',#3768,.F.);
#3768 = EDGE_LOOP('',(#3769,#3770,#3771,#3772));
#3769 = ORIENTED_EDGE('',*,*,#3613,.F.);
#3770 = ORIENTED_EDGE('',*,*,#3703,.T.);
#3771 = ORIENTED_EDGE('',*,*,#3747,.T.);
#3772 = ORIENTED_EDGE('',*,*,#3660,.F.);
#3773 = MANIFOLD_SOLID_BREP('',#3774);
#3774 = CLOSED_SHELL('',(#3775,#3894,#3950,#3954,#4019,#4125,#4192,#4235
    ,#4278,#4302));
#3775 = ADVANCED_FACE('',(#3776),#3789,.T.);
#3776 = FACE_BOUND('',#3777,.T.);
#3777 = EDGE_LOOP('',(#3778,#3817,#3855,#3856));
#3778 = ORIENTED_EDGE('',*,*,#3779,.T.);
#3779 = EDGE_CURVE('',#3780,#3782,#3784,.T.);
#3780 = VERTEX_POINT('',#3781);
#3781 = CARTESIAN_POINT('',(81.254,-111.358,184.058));
#3782 = VERTEX_POINT('',#3783);
#3783 = CARTESIAN_POINT('',(85.254,-111.358,184.058));
#3784 = SEAM_CURVE('',#3785,(#3788,#3810),.PCURVE_S1.);
#3785 = B_SPLINE_CURVE_WITH_KNOTS('',1,(#3786,#3787),.UNSPECIFIED.,.F.,
  .F.,(2,2),(0.,0.157480314961),.PIECEWISE_BEZIER_KNOTS.);
#3786 = CARTESIAN_POINT('',(81.254,-111.358,184.058));
#3787 = CARTESIAN_POINT('',(85.254,-111.358,184.058));
#3788 = PCURVE('',#3789,#3804);
#3789 = ( BOUNDED_SURFACE() B_SPLINE_SURFACE(2,1,(
    (#3790,#3791)
    ,(#3792,#3793)
    ,(#3794,#3795)
    ,(#3796,#3797)
    ,(#3798,#3799)
    ,(#3800,#3801)
    ,(#3802,#3803
)),.UNSPECIFIED.,.T.,.F.,.F.) B_SPLINE_SURFACE_WITH_KNOTS((1,2,2,2,2,1),
  (2,2),(-2.094395102393,0.,2.094395102393,4.188790204786,6.28318530718,
    8.377580409573),(-0.157480314961,0.),.UNSPECIFIED.) 
GEOMETRIC_REPRESENTATION_ITEM() RATIONAL_B_SPLINE_SURFACE((
    (1.,1.)
    ,(0.5,0.5)
    ,(1.,1.)
    ,(0.5,0.5)
    ,(1.,1.)
    ,(0.5,0.5)
,(1.,1.))) REPRESENTATION_ITEM('') SURFACE() );
#3790 = CARTESIAN_POINT('',(85.254,-111.358,184.058));
#3791 = CARTESIAN_POINT('',(81.254,-111.358,184.058));
#3792 = CARTESIAN_POINT('',(85.254,-105.2958221735,184.058));
#3793 = CARTESIAN_POINT('',(81.254,-105.2958221735,184.058));
#3794 = CARTESIAN_POINT('',(85.254,-108.3269110867,178.808));
#3795 = CARTESIAN_POINT('',(81.254,-108.3269110867,178.808));
#3796 = CARTESIAN_POINT('',(85.254,-111.358,173.558));
#3797 = CARTESIAN_POINT('',(81.254,-111.358,173.558));
#3798 = CARTESIAN_POINT('',(85.254,-114.3890889132,178.808));
#3799 = CARTESIAN_POINT('',(81.254,-114.3890889132,178.808));
#3800 = CARTESIAN_POINT('',(85.254,-117.4201778264,184.058));
#3801 = CARTESIAN_POINT('',(81.254,-117.4201778264,184.058));
#3802 = CARTESIAN_POINT('',(85.254,-111.358,184.058));
#3803 = CARTESIAN_POINT('',(81.254,-111.358,184.058));
#3804 = DEFINITIONAL_REPRESENTATION('',(#3805),#3809);
#3805 = B_SPLINE_CURVE_WITH_KNOTS('',2,(#3806,#3807,#3808),
  .UNSPECIFIED.,.F.,.F.,(3,3),(0.,0.157480314961),
  .PIECEWISE_BEZIER_KNOTS.);
#3806 = CARTESIAN_POINT('',(0.,0.));
#3807 = CARTESIAN_POINT('',(0.,-7.874015748031E-02));
#3808 = CARTESIAN_POINT('',(0.,-0.157480314961));
#3809 = ( GEOMETRIC_REPRESENTATION_CONTEXT(2) 
PARAMETRIC_REPRESENTATION_CONTEXT() REPRESENTATION_CONTEXT('2D SPACE',''
  ) );
#3810 = PCURVE('',#3789,#3811);
#3811 = DEFINITIONAL_REPRESENTATION('',(#3812),#3816);
#3812 = B_SPLINE_CURVE_WITH_KNOTS('',2,(#3813,#3814,#3815),
  .UNSPECIFIED.,.F.,.F.,(3,3),(0.,0.157480314961),
  .PIECEWISE_BEZIER_KNOTS.);
#3813 = CARTESIAN_POINT('',(6.28318530718,0.));
#3814 = CARTESIAN_POINT('',(6.28318530718,-7.874015748031E-02));
#3815 = CARTESIAN_POINT('',(6.28318530718,-0.157480314961));
#3816 = ( GEOMETRIC_REPRESENTATION_CONTEXT(2) 
PARAMETRIC_REPRESENTATION_CONTEXT() REPRESENTATION_CONTEXT('2D SPACE',''
  ) );
#3817 = ORIENTED_EDGE('',*,*,#3818,.T.);
#3818 = EDGE_CURVE('',#3782,#3782,#3819,.T.);
#3819 = SURFACE_CURVE('',#3820,(#3828,#3839),.PCURVE_S1.);
#3820 = ( BOUNDED_CURVE() B_SPLINE_CURVE(2,(#3821,#3822,#3823,#3824,
#3825,#3826,#3827),.UNSPECIFIED.,.T.,.F.) B_SPLINE_CURVE_WITH_KNOTS((1,2
    ,2,2,2,1),(-2.094395102393,0.,2.094395102393,4.188790204786,
6.28318530718,8.377580409573),.UNSPECIFIED.) CURVE() 
GEOMETRIC_REPRESENTATION_ITEM() RATIONAL_B_SPLINE_CURVE((1.,0.5,1.,0.5,
1.,0.5,1.)) REPRESENTATION_ITEM('') );
#3821 = CARTESIAN_POINT('',(85.254,-111.358,184.058));
#3822 = CARTESIAN_POINT('',(85.254,-105.2958221735,184.058));
#3823 = CARTESIAN_POINT('',(85.254,-108.3269110867,178.808));
#3824 = CARTESIAN_POINT('',(85.254,-111.358,173.558));
#3825 = CARTESIAN_POINT('',(85.254,-114.3890889132,178.808));
#3826 = CARTESIAN_POINT('',(85.254,-117.4201778264,184.058));
#3827 = CARTESIAN_POINT('',(85.254,-111.358,184.058));
#3828 = PCURVE('',#3789,#3829);
#3829 = DEFINITIONAL_REPRESENTATION('',(#3830),#3838);
#3830 = B_SPLINE_CURVE_WITH_KNOTS('',2,(#3831,#3832,#3833,#3834,#3835,
    #3836,#3837),.UNSPECIFIED.,.F.,.F.,(3,2,2,3),(0.,2.094395102393,
    4.188790204786,6.28318530718),.PIECEWISE_BEZIER_KNOTS.);
#3831 = CARTESIAN_POINT('',(0.,-0.157480314961));
#3832 = CARTESIAN_POINT('',(1.047197551197,-0.157480314961));
#3833 = CARTESIAN_POINT('',(2.094395102393,-0.157480314961));
#3834 = CARTESIAN_POINT('',(3.14159265359,-0.157480314961));
#3835 = CARTESIAN_POINT('',(4.188790204786,-0.157480314961));
#3836 = CARTESIAN_POINT('',(5.235987755983,-0.157480314961));
#3837 = CARTESIAN_POINT('',(6.28318530718,-0.157480314961));
#3838 = ( GEOMETRIC_REPRESENTATION_CONTEXT(2) 
PARAMETRIC_REPRESENTATION_CONTEXT() REPRESENTATION_CONTEXT('2D SPACE',''
  ) );
#3839 = PCURVE('',#3840,#3845);
#3840 = B_SPLINE_SURFACE_WITH_KNOTS('',1,1,(
    (#3841,#3842)
    ,(#3843,#3844
    )),.UNSPECIFIED.,.F.,.F.,.F.,(2,2),(2,2),(-0.137795275591,
    0.137795275591),(-0.137795275591,0.137795275591),
  .PIECEWISE_BEZIER_KNOTS.);
#3841 = CARTESIAN_POINT('',(85.254,-107.858,177.058));
#3842 = CARTESIAN_POINT('',(85.254,-107.858,184.058));
#3843 = CARTESIAN_POINT('',(85.254,-114.858,177.058));
#3844 = CARTESIAN_POINT('',(85.254,-114.858,184.058));
#3845 = DEFINITIONAL_REPRESENTATION('',(#3846),#3854);
#3846 = ( BOUNDED_CURVE() B_SPLINE_CURVE(2,(#3847,#3848,#3849,#3850,
#3851,#3852,#3853),.UNSPECIFIED.,.T.,.F.) B_SPLINE_CURVE_WITH_KNOTS((1,2
    ,2,2,2,1),(-2.094395102393,0.,2.094395102393,4.188790204786,
6.28318530718,8.377580409573),.UNSPECIFIED.) CURVE() 
GEOMETRIC_REPRESENTATION_ITEM() RATIONAL_B_SPLINE_CURVE((1.,0.5,1.,0.5,
1.,0.5,1.)) REPRESENTATION_ITEM('') );
#3847 = CARTESIAN_POINT('',(-2.22044604925E-16,0.137795275591));
#3848 = CARTESIAN_POINT('',(-0.238668418366,0.137795275591));
#3849 = CARTESIAN_POINT('',(-0.119334209183,-6.889763779528E-02));
#3850 = CARTESIAN_POINT('',(-2.22044604925E-16,-0.275590551181));
#3851 = CARTESIAN_POINT('',(0.119334209183,-6.889763779528E-02));
#3852 = CARTESIAN_POINT('',(0.238668418366,0.137795275591));
#3853 = CARTESIAN_POINT('',(-2.22044604925E-16,0.137795275591));
#3854 = ( GEOMETRIC_REPRESENTATION_CONTEXT(2) 
PARAMETRIC_REPRESENTATION_CONTEXT() REPRESENTATION_CONTEXT('2D SPACE',''
  ) );
#3855 = ORIENTED_EDGE('',*,*,#3779,.F.);
#3856 = ORIENTED_EDGE('',*,*,#3857,.F.);
#3857 = EDGE_CURVE('',#3780,#3780,#3858,.T.);
#3858 = SURFACE_CURVE('',#3859,(#3867,#3878),.PCURVE_S1.);
#3859 = ( BOUNDED_CURVE() B_SPLINE_CURVE(2,(#3860,#3861,#3862,#3863,
#3864,#3865,#3866),.UNSPECIFIED.,.T.,.F.) B_SPLINE_CURVE_WITH_KNOTS((1,2
    ,2,2,2,1),(-2.094395102393,0.,2.094395102393,4.188790204786,
6.28318530718,8.377580409573),.UNSPECIFIED.) CURVE() 
GEOMETRIC_REPRESENTATION_ITEM() RATIONAL_B_SPLINE_CURVE((1.,0.5,1.,0.5,
1.,0.5,1.)) REPRESENTATION_ITEM('') );
#3860 = CARTESIAN_POINT('',(81.254,-111.358,184.058));
#3861 = CARTESIAN_POINT('',(81.254,-105.2958221735,184.058));
#3862 = CARTESIAN_POINT('',(81.254,-108.3269110867,178.808));
#3863 = CARTESIAN_POINT('',(81.254,-111.358,173.558));
#3864 = CARTESIAN_POINT('',(81.254,-114.3890889132,178.808));
#3865 = CARTESIAN_POINT('',(81.254,-117.4201778264,184.058));
#3866 = CARTESIAN_POINT('',(81.254,-111.358,184.058));
#3867 = PCURVE('',#3789,#3868);
#3868 = DEFINITIONAL_REPRESENTATION('',(#3869),#3877);
#3869 = B_SPLINE_CURVE_WITH_KNOTS('',2,(#3870,#3871,#3872,#3873,#3874,
    #3875,#3876),.UNSPECIFIED.,.F.,.F.,(3,2,2,3),(0.,2.094395102393,
    4.188790204786,6.28318530718),.PIECEWISE_BEZIER_KNOTS.);
#3870 = CARTESIAN_POINT('',(0.,0.));
#3871 = CARTESIAN_POINT('',(1.047197551197,9.423004261788E-16));
#3872 = CARTESIAN_POINT('',(2.094395102393,-8.881784197001E-16));
#3873 = CARTESIAN_POINT('',(3.14159265359,-2.872848114058E-15));
#3874 = CARTESIAN_POINT('',(4.188790204786,0.));
#3875 = CARTESIAN_POINT('',(5.235987755983,8.024490117569E-17));
#3876 = CARTESIAN_POINT('',(6.28318530718,0.));
#3877 = ( GEOMETRIC_REPRESENTATION_CONTEXT(2) 
PARAMETRIC_REPRESENTATION_CONTEXT() REPRESENTATION_CONTEXT('2D SPACE',''
  ) );
#3878 = PCURVE('',#3879,#3884);
#3879 = B_SPLINE_SURFACE_WITH_KNOTS('',1,1,(
    (#3880,#3881)
    ,(#3882,#3883
    )),.UNSPECIFIED.,.F.,.F.,.F.,(2,2),(2,2),(-0.137795275591,
    0.137795275591),(-0.137795275591,0.137795275591),
  .PIECEWISE_BEZIER_KNOTS.);
#3880 = CARTESIAN_POINT('',(81.254,-107.858,177.058));
#3881 = CARTESIAN_POINT('',(81.254,-107.858,184.058));
#3882 = CARTESIAN_POINT('',(81.254,-114.858,177.058));
#3883 = CARTESIAN_POINT('',(81.254,-114.858,184.058));
#3884 = DEFINITIONAL_REPRESENTATION('',(#3885),#3893);
#3885 = ( BOUNDED_CURVE() B_SPLINE_CURVE(2,(#3886,#3887,#3888,#3889,
#3890,#3891,#3892),.UNSPECIFIED.,.T.,.F.) B_SPLINE_CURVE_WITH_KNOTS((1,2
    ,2,2,2,1),(-2.094395102393,0.,2.094395102393,4.188790204786,
6.28318530718,8.377580409573),.UNSPECIFIED.) CURVE() 
GEOMETRIC_REPRESENTATION_ITEM() RATIONAL_B_SPLINE_CURVE((1.,0.5,1.,0.5,
1.,0.5,1.)) REPRESENTATION_ITEM('') );
#3886 = CARTESIAN_POINT('',(-2.22044604925E-16,0.137795275591));
#3887 = CARTESIAN_POINT('',(-0.238668418366,0.137795275591));
#3888 = CARTESIAN_POINT('',(-0.119334209183,-6.889763779528E-02));
#3889 = CARTESIAN_POINT('',(-2.22044604925E-16,-0.275590551181));
#3890 = CARTESIAN_POINT('',(0.119334209183,-6.889763779528E-02));
#3891 = CARTESIAN_POINT('',(0.238668418366,0.137795275591));
#3892 = CARTESIAN_POINT('',(-2.22044604925E-16,0.137795275591));
#3893 = ( GEOMETRIC_REPRESENTATION_CONTEXT(2) 
PARAMETRIC_REPRESENTATION_CONTEXT() REPRESENTATION_CONTEXT('2D SPACE',''
  ) );
#3894 = ADVANCED_FACE('',(#3895,#3898),#3879,.T.);
#3895 = FACE_BOUND('',#3896,.T.);
#3896 = EDGE_LOOP('',(#3897));
#3897 = ORIENTED_EDGE('',*,*,#3857,.T.);
#3898 = FACE_BOUND('',#3899,.T.);
#3899 = EDGE_LOOP('',(#3900));
#3900 = ORIENTED_EDGE('',*,*,#3901,.F.);
#3901 = EDGE_CURVE('',#3902,#3902,#3904,.T.);
#3902 = VERTEX_POINT('',#3903);
#3903 = CARTESIAN_POINT('',(81.254,-111.358,182.558));
#3904 = SURFACE_CURVE('',#3905,(#3913,#3924),.PCURVE_S1.);
#3905 = ( BOUNDED_CURVE() B_SPLINE_CURVE(2,(#3906,#3907,#3908,#3909,
#3910,#3911,#3912),.UNSPECIFIED.,.T.,.F.) B_SPLINE_CURVE_WITH_KNOTS((1,2
    ,2,2,2,1),(-2.094395102393,0.,2.094395102393,4.188790204786,
6.28318530718,8.377580409573),.UNSPECIFIED.) CURVE() 
GEOMETRIC_REPRESENTATION_ITEM() RATIONAL_B_SPLINE_CURVE((1.,0.5,1.,0.5,
1.,0.5,1.)) REPRESENTATION_ITEM('') );
#3906 = CARTESIAN_POINT('',(81.254,-111.358,182.558));
#3907 = CARTESIAN_POINT('',(81.254,-107.8938983848,182.558));
#3908 = CARTESIAN_POINT('',(81.254,-109.6259491924,179.558));
#3909 = CARTESIAN_POINT('',(81.254,-111.358,176.558));
#3910 = CARTESIAN_POINT('',(81.254,-113.0900508075,179.558));
#3911 = CARTESIAN_POINT('',(81.254,-114.8221016151,182.558));
#3912 = CARTESIAN_POINT('',(81.254,-111.358,182.558));
#3913 = PCURVE('',#3879,#3914);
#3914 = DEFINITIONAL_REPRESENTATION('',(#3915),#3923);
#3915 = ( BOUNDED_CURVE() B_SPLINE_CURVE(2,(#3916,#3917,#3918,#3919,
#3920,#3921,#3922),.UNSPECIFIED.,.T.,.F.) B_SPLINE_CURVE_WITH_KNOTS((1,2
    ,2,2,2,1),(-2.094395102393,0.,2.094395102393,4.188790204786,
6.28318530718,8.377580409573),.UNSPECIFIED.) CURVE() 
GEOMETRIC_REPRESENTATION_ITEM() RATIONAL_B_SPLINE_CURVE((1.,0.5,1.,0.5,
1.,0.5,1.)) REPRESENTATION_ITEM('') );
#3916 = CARTESIAN_POINT('',(-2.22044604925E-16,7.874015748031E-02));
#3917 = CARTESIAN_POINT('',(-0.136381953352,7.874015748031E-02));
#3918 = CARTESIAN_POINT('',(-6.819097667594E-02,-3.937007874016E-02));
#3919 = CARTESIAN_POINT('',(-2.22044604925E-16,-0.157480314961));
#3920 = CARTESIAN_POINT('',(6.819097667594E-02,-3.937007874016E-02));
#3921 = CARTESIAN_POINT('',(0.136381953352,7.874015748031E-02));
#3922 = CARTESIAN_POINT('',(-2.22044604925E-16,7.874015748031E-02));
#3923 = ( GEOMETRIC_REPRESENTATION_CONTEXT(2) 
PARAMETRIC_REPRESENTATION_CONTEXT() REPRESENTATION_CONTEXT('2D SPACE',''
  ) );
#3924 = PCURVE('',#3925,#3940);
#3925 = ( BOUNDED_SURFACE() B_SPLINE_SURFACE(2,1,(
    (#3926,#3927)
    ,(#3928,#3929)
    ,(#3930,#3931)
    ,(#3932,#3933)
    ,(#3934,#3935)
    ,(#3936,#3937)
    ,(#3938,#3939
)),.UNSPECIFIED.,.T.,.F.,.F.) B_SPLINE_SURFACE_WITH_KNOTS((1,2,2,2,2,1),
  (2,2),(-2.094395102393,0.,2.094395102393,4.188790204786,6.28318530718,
    8.377580409573),(-0.314960629921,-0.11811023622),.UNSPECIFIED.) 
GEOMETRIC_REPRESENTATION_ITEM() RATIONAL_B_SPLINE_SURFACE((
    (1.,1.)
    ,(0.5,0.5)
    ,(1.,1.)
    ,(0.5,0.5)
    ,(1.,1.)
    ,(0.5,0.5)
,(1.,1.))) REPRESENTATION_ITEM('') SURFACE() );
#3926 = CARTESIAN_POINT('',(81.254,-111.358,182.558));
#3927 = CARTESIAN_POINT('',(76.254,-111.358,182.558));
#3928 = CARTESIAN_POINT('',(81.254,-107.8938983848,182.558));
#3929 = CARTESIAN_POINT('',(76.254,-107.8938983848,182.558));
#3930 = CARTESIAN_POINT('',(81.254,-109.6259491924,179.558));
#3931 = CARTESIAN_POINT('',(76.254,-109.6259491924,179.558));
#3932 = CARTESIAN_POINT('',(81.254,-111.358,176.558));
#3933 = CARTESIAN_POINT('',(76.254,-111.358,176.558));
#3934 = CARTESIAN_POINT('',(81.254,-113.0900508075,179.558));
#3935 = CARTESIAN_POINT('',(76.254,-113.0900508075,179.558));
#3936 = CARTESIAN_POINT('',(81.254,-114.8221016151,182.558));
#3937 = CARTESIAN_POINT('',(76.254,-114.8221016151,182.558));
#3938 = CARTESIAN_POINT('',(81.254,-111.358,182.558));
#3939 = CARTESIAN_POINT('',(76.254,-111.358,182.558));
#3940 = DEFINITIONAL_REPRESENTATION('',(#3941),#3949);
#3941 = B_SPLINE_CURVE_WITH_KNOTS('',2,(#3942,#3943,#3944,#3945,#3946,
    #3947,#3948),.UNSPECIFIED.,.F.,.F.,(3,2,2,3),(0.,2.094395102393,
    4.188790204786,6.28318530718),.UNSPECIFIED.);
#3942 = CARTESIAN_POINT('',(0.,-0.314960629921));
#3943 = CARTESIAN_POINT('',(1.047197551197,-0.314960629921));
#3944 = CARTESIAN_POINT('',(2.094395102393,-0.314960629921));
#3945 = CARTESIAN_POINT('',(3.14159265359,-0.314960629921));
#3946 = CARTESIAN_POINT('',(4.188790204786,-0.314960629921));
#3947 = CARTESIAN_POINT('',(5.235987755983,-0.314960629921));
#3948 = CARTESIAN_POINT('',(6.28318530718,-0.314960629921));
#3949 = ( GEOMETRIC_REPRESENTATION_CONTEXT(2) 
PARAMETRIC_REPRESENTATION_CONTEXT() REPRESENTATION_CONTEXT('2D SPACE',''
  ) );
#3950 = ADVANCED_FACE('',(#3951),#3840,.F.);
#3951 = FACE_BOUND('',#3952,.F.);
#3952 = EDGE_LOOP('',(#3953));
#3953 = ORIENTED_EDGE('',*,*,#3818,.T.);
#3954 = ADVANCED_FACE('',(#3955),#3925,.T.);
#3955 = FACE_BOUND('',#3956,.T.);
#3956 = EDGE_LOOP('',(#3957,#3997,#4017,#4018));
#3957 = ORIENTED_EDGE('',*,*,#3958,.F.);
#3958 = EDGE_CURVE('',#3959,#3959,#3961,.T.);
#3959 = VERTEX_POINT('',#3960);
#3960 = CARTESIAN_POINT('',(76.254,-111.358,182.558));
#3961 = SURFACE_CURVE('',#3962,(#3970,#3981),.PCURVE_S1.);
#3962 = ( BOUNDED_CURVE() B_SPLINE_CURVE(2,(#3963,#3964,#3965,#3966,
#3967,#3968,#3969),.UNSPECIFIED.,.T.,.F.) B_SPLINE_CURVE_WITH_KNOTS((1,2
    ,2,2,2,1),(-2.094395102393,0.,2.094395102393,4.188790204786,
6.28318530718,8.377580409573),.UNSPECIFIED.) CURVE() 
GEOMETRIC_REPRESENTATION_ITEM() RATIONAL_B_SPLINE_CURVE((1.,0.5,1.,0.5,
1.,0.5,1.)) REPRESENTATION_ITEM('') );
#3963 = CARTESIAN_POINT('',(76.254,-111.358,182.558));
#3964 = CARTESIAN_POINT('',(76.254,-107.8938983848,182.558));
#3965 = CARTESIAN_POINT('',(76.254,-109.6259491924,179.558));
#3966 = CARTESIAN_POINT('',(76.254,-111.358,176.558));
#3967 = CARTESIAN_POINT('',(76.254,-113.0900508075,179.558));
#3968 = CARTESIAN_POINT('',(76.254,-114.8221016151,182.558));
#3969 = CARTESIAN_POINT('',(76.254,-111.358,182.558));
#3970 = PCURVE('',#3925,#3971);
#3971 = DEFINITIONAL_REPRESENTATION('',(#3972),#3980);
#3972 = B_SPLINE_CURVE_WITH_KNOTS('',2,(#3973,#3974,#3975,#3976,#3977,
    #3978,#3979),.UNSPECIFIED.,.F.,.F.,(3,2,2,3),(0.,2.094395102393,
    4.188790204786,6.28318530718),.UNSPECIFIED.);
#3973 = CARTESIAN_POINT('',(0.,-0.11811023622));
#3974 = CARTESIAN_POINT('',(1.047197551197,-0.11811023622));
#3975 = CARTESIAN_POINT('',(2.094395102393,-0.11811023622));
#3976 = CARTESIAN_POINT('',(3.14159265359,-0.11811023622));
#3977 = CARTESIAN_POINT('',(4.188790204786,-0.11811023622));
#3978 = CARTESIAN_POINT('',(5.235987755983,-0.11811023622));
#3979 = CARTESIAN_POINT('',(6.28318530718,-0.11811023622));
#3980 = ( GEOMETRIC_REPRESENTATION_CONTEXT(2) 
PARAMETRIC_REPRESENTATION_CONTEXT() REPRESENTATION_CONTEXT('2D SPACE',''
  ) );
#3981 = PCURVE('',#3982,#3987);
#3982 = B_SPLINE_SURFACE_WITH_KNOTS('',1,1,(
    (#3983,#3984)
    ,(#3985,#3986
    )),.UNSPECIFIED.,.F.,.F.,.F.,(2,2),(2,2),(0.,0.275590551181),(0.,
    0.318897637795),.PIECEWISE_BEZIER_KNOTS.);
#3983 = CARTESIAN_POINT('',(76.254,-114.858,176.508));
#3984 = CARTESIAN_POINT('',(76.254,-114.858,184.608));
#3985 = CARTESIAN_POINT('',(76.254,-107.858,176.508));
#3986 = CARTESIAN_POINT('',(76.254,-107.858,184.608));
#3987 = DEFINITIONAL_REPRESENTATION('',(#3988),#3996);
#3988 = ( BOUNDED_CURVE() B_SPLINE_CURVE(2,(#3989,#3990,#3991,#3992,
#3993,#3994,#3995),.UNSPECIFIED.,.T.,.F.) B_SPLINE_CURVE_WITH_KNOTS((1,2
    ,2,2,2,1),(-2.094395102393,0.,2.094395102393,4.188790204786,
6.28318530718,8.377580409573),.UNSPECIFIED.) CURVE() 
GEOMETRIC_REPRESENTATION_ITEM() RATIONAL_B_SPLINE_CURVE((1.,0.5,1.,0.5,
1.,0.5,1.)) REPRESENTATION_ITEM('') );
#3989 = CARTESIAN_POINT('',(0.137795275591,0.238188976378));
#3990 = CARTESIAN_POINT('',(0.274177228942,0.238188976378));
#3991 = CARTESIAN_POINT('',(0.205986252266,0.120078740157));
#3992 = CARTESIAN_POINT('',(0.137795275591,1.968503937007E-03));
#3993 = CARTESIAN_POINT('',(6.960429891461E-02,0.120078740157));
#3994 = CARTESIAN_POINT('',(1.413322238671E-03,0.238188976378));
#3995 = CARTESIAN_POINT('',(0.137795275591,0.238188976378));
#3996 = ( GEOMETRIC_REPRESENTATION_CONTEXT(2) 
PARAMETRIC_REPRESENTATION_CONTEXT() REPRESENTATION_CONTEXT('2D SPACE',''
  ) );
#3997 = ORIENTED_EDGE('',*,*,#3998,.T.);
#3998 = EDGE_CURVE('',#3959,#3902,#3999,.T.);
#3999 = SEAM_CURVE('',#4000,(#4003,#4010),.PCURVE_S1.);
#4000 = B_SPLINE_CURVE_WITH_KNOTS('',1,(#4001,#4002),.UNSPECIFIED.,.F.,
  .F.,(2,2),(0.11811023622,0.314960629921),.PIECEWISE_BEZIER_KNOTS.);
#4001 = CARTESIAN_POINT('',(76.254,-111.358,182.558));
#4002 = CARTESIAN_POINT('',(81.254,-111.358,182.558));
#4003 = PCURVE('',#3925,#4004);
#4004 = DEFINITIONAL_REPRESENTATION('',(#4005),#4009);
#4005 = B_SPLINE_CURVE_WITH_KNOTS('',2,(#4006,#4007,#4008),
  .UNSPECIFIED.,.F.,.F.,(3,3),(0.11811023622,0.314960629921),
  .PIECEWISE_BEZIER_KNOTS.);
#4006 = CARTESIAN_POINT('',(6.28318530718,-0.11811023622));
#4007 = CARTESIAN_POINT('',(6.28318530718,-0.216535433071));
#4008 = CARTESIAN_POINT('',(6.28318530718,-0.314960629921));
#4009 = ( GEOMETRIC_REPRESENTATION_CONTEXT(2) 
PARAMETRIC_REPRESENTATION_CONTEXT() REPRESENTATION_CONTEXT('2D SPACE',''
  ) );
#4010 = PCURVE('',#3925,#4011);
#4011 = DEFINITIONAL_REPRESENTATION('',(#4012),#4016);
#4012 = B_SPLINE_CURVE_WITH_KNOTS('',2,(#4013,#4014,#4015),
  .UNSPECIFIED.,.F.,.F.,(3,3),(0.11811023622,0.314960629921),
  .PIECEWISE_BEZIER_KNOTS.);
#4013 = CARTESIAN_POINT('',(0.,-0.11811023622));
#4014 = CARTESIAN_POINT('',(8.881784197001E-16,-0.216535433071));
#4015 = CARTESIAN_POINT('',(0.,-0.314960629921));
#4016 = ( GEOMETRIC_REPRESENTATION_CONTEXT(2) 
PARAMETRIC_REPRESENTATION_CONTEXT() REPRESENTATION_CONTEXT('2D SPACE',''
  ) );
#4017 = ORIENTED_EDGE('',*,*,#3901,.T.);
#4018 = ORIENTED_EDGE('',*,*,#3998,.F.);
#4019 = ADVANCED_FACE('',(#4020,#4122),#3982,.T.);
#4020 = FACE_BOUND('',#4021,.T.);
#4021 = EDGE_LOOP('',(#4022,#4049,#4074,#4099));
#4022 = ORIENTED_EDGE('',*,*,#4023,.F.);
#4023 = EDGE_CURVE('',#4024,#4026,#4028,.T.);
#4024 = VERTEX_POINT('',#4025);
#4025 = CARTESIAN_POINT('',(76.254,-114.858,176.508));
#4026 = VERTEX_POINT('',#4027);
#4027 = CARTESIAN_POINT('',(76.254,-114.858,184.608));
#4028 = SURFACE_CURVE('',#4029,(#4032,#4038),.PCURVE_S1.);
#4029 = B_SPLINE_CURVE_WITH_KNOTS('',1,(#4030,#4031),.UNSPECIFIED.,.F.,
  .F.,(2,2),(0.,0.318897637795),.PIECEWISE_BEZIER_KNOTS.);
#4030 = CARTESIAN_POINT('',(76.254,-114.858,176.508));
#4031 = CARTESIAN_POINT('',(76.254,-114.858,184.608));
#4032 = PCURVE('',#3982,#4033);
#4033 = DEFINITIONAL_REPRESENTATION('',(#4034),#4037);
#4034 = B_SPLINE_CURVE_WITH_KNOTS('',1,(#4035,#4036),.UNSPECIFIED.,.F.,
  .F.,(2,2),(0.,0.318897637795),.PIECEWISE_BEZIER_KNOTS.);
#4035 = CARTESIAN_POINT('',(0.,0.));
#4036 = CARTESIAN_POINT('',(0.,0.318897637795));
#4037 = ( GEOMETRIC_REPRESENTATION_CONTEXT(2) 
PARAMETRIC_REPRESENTATION_CONTEXT() REPRESENTATION_CONTEXT('2D SPACE',''
  ) );
#4038 = PCURVE('',#4039,#4044);
#4039 = B_SPLINE_SURFACE_WITH_KNOTS('',1,1,(
    (#4040,#4041)
    ,(#4042,#4043
    )),.UNSPECIFIED.,.F.,.F.,.F.,(2,2),(2,2),(0.,0.318897637795),(0.,
    0.185039370079),.PIECEWISE_BEZIER_KNOTS.);
#4040 = CARTESIAN_POINT('',(71.554,-114.858,176.508));
#4041 = CARTESIAN_POINT('',(76.254,-114.858,176.508));
#4042 = CARTESIAN_POINT('',(71.554,-114.858,184.608));
#4043 = CARTESIAN_POINT('',(76.254,-114.858,184.608));
#4044 = DEFINITIONAL_REPRESENTATION('',(#4045),#4048);
#4045 = B_SPLINE_CURVE_WITH_KNOTS('',1,(#4046,#4047),.UNSPECIFIED.,.F.,
  .F.,(2,2),(0.,0.318897637795),.PIECEWISE_BEZIER_KNOTS.);
#4046 = CARTESIAN_POINT('',(0.,0.185039370079));
#4047 = CARTESIAN_POINT('',(0.318897637795,0.185039370079));
#4048 = ( GEOMETRIC_REPRESENTATION_CONTEXT(2) 
PARAMETRIC_REPRESENTATION_CONTEXT() REPRESENTATION_CONTEXT('2D SPACE',''
  ) );
#4049 = ORIENTED_EDGE('',*,*,#4050,.T.);
#4050 = EDGE_CURVE('',#4024,#4051,#4053,.T.);
#4051 = VERTEX_POINT('',#4052);
#4052 = CARTESIAN_POINT('',(76.254,-107.858,176.508));
#4053 = SURFACE_CURVE('',#4054,(#4057,#4063),.PCURVE_S1.);
#4054 = B_SPLINE_CURVE_WITH_KNOTS('',1,(#4055,#4056),.UNSPECIFIED.,.F.,
  .F.,(2,2),(0.,0.275590551181),.PIECEWISE_BEZIER_KNOTS.);
#4055 = CARTESIAN_POINT('',(76.254,-114.858,176.508));
#4056 = CARTESIAN_POINT('',(76.254,-107.858,176.508));
#4057 = PCURVE('',#3982,#4058);
#4058 = DEFINITIONAL_REPRESENTATION('',(#4059),#4062);
#4059 = B_SPLINE_CURVE_WITH_KNOTS('',1,(#4060,#4061),.UNSPECIFIED.,.F.,
  .F.,(2,2),(0.,0.275590551181),.PIECEWISE_BEZIER_KNOTS.);
#4060 = CARTESIAN_POINT('',(0.,0.));
#4061 = CARTESIAN_POINT('',(0.275590551181,0.));
#4062 = ( GEOMETRIC_REPRESENTATION_CONTEXT(2) 
PARAMETRIC_REPRESENTATION_CONTEXT() REPRESENTATION_CONTEXT('2D SPACE',''
  ) );
#4063 = PCURVE('',#4064,#4069);
#4064 = B_SPLINE_SURFACE_WITH_KNOTS('',1,1,(
    (#4065,#4066)
    ,(#4067,#4068
    )),.UNSPECIFIED.,.F.,.F.,.F.,(2,2),(2,2),(0.,0.275590551181),(
    -0.185039370079,0.),.PIECEWISE_BEZIER_KNOTS.);
#4065 = CARTESIAN_POINT('',(76.254,-114.858,176.508));
#4066 = CARTESIAN_POINT('',(71.554,-114.858,176.508));
#4067 = CARTESIAN_POINT('',(76.254,-107.858,176.508));
#4068 = CARTESIAN_POINT('',(71.554,-107.858,176.508));
#4069 = DEFINITIONAL_REPRESENTATION('',(#4070),#4073);
#4070 = B_SPLINE_CURVE_WITH_KNOTS('',1,(#4071,#4072),.UNSPECIFIED.,.F.,
  .F.,(2,2),(0.,0.275590551181),.PIECEWISE_BEZIER_KNOTS.);
#4071 = CARTESIAN_POINT('',(0.,-0.185039370079));
#4072 = CARTESIAN_POINT('',(0.275590551181,-0.185039370079));
#4073 = ( GEOMETRIC_REPRESENTATION_CONTEXT(2) 
PARAMETRIC_REPRESENTATION_CONTEXT() REPRESENTATION_CONTEXT('2D SPACE',''
  ) );
#4074 = ORIENTED_EDGE('',*,*,#4075,.T.);
#4075 = EDGE_CURVE('',#4051,#4076,#4078,.T.);
#4076 = VERTEX_POINT('',#4077);
#4077 = CARTESIAN_POINT('',(76.254,-107.858,184.608));
#4078 = SURFACE_CURVE('',#4079,(#4082,#4088),.PCURVE_S1.);
#4079 = B_SPLINE_CURVE_WITH_KNOTS('',1,(#4080,#4081),.UNSPECIFIED.,.F.,
  .F.,(2,2),(0.,0.318897637795),.PIECEWISE_BEZIER_KNOTS.);
#4080 = CARTESIAN_POINT('',(76.254,-107.858,176.508));
#4081 = CARTESIAN_POINT('',(76.254,-107.858,184.608));
#4082 = PCURVE('',#3982,#4083);
#4083 = DEFINITIONAL_REPRESENTATION('',(#4084),#4087);
#4084 = B_SPLINE_CURVE_WITH_KNOTS('',1,(#4085,#4086),.UNSPECIFIED.,.F.,
  .F.,(2,2),(0.,0.318897637795),.PIECEWISE_BEZIER_KNOTS.);
#4085 = CARTESIAN_POINT('',(0.275590551181,0.));
#4086 = CARTESIAN_POINT('',(0.275590551181,0.318897637795));
#4087 = ( GEOMETRIC_REPRESENTATION_CONTEXT(2) 
PARAMETRIC_REPRESENTATION_CONTEXT() REPRESENTATION_CONTEXT('2D SPACE',''
  ) );
#4088 = PCURVE('',#4089,#4094);
#4089 = B_SPLINE_SURFACE_WITH_KNOTS('',1,1,(
    (#4090,#4091)
    ,(#4092,#4093
    )),.UNSPECIFIED.,.F.,.F.,.F.,(2,2),(2,2),(0.,0.318897637795),(0.,
    0.185039370079),.PIECEWISE_BEZIER_KNOTS.);
#4090 = CARTESIAN_POINT('',(71.554,-107.858,176.508));
#4091 = CARTESIAN_POINT('',(76.254,-107.858,176.508));
#4092 = CARTESIAN_POINT('',(71.554,-107.858,184.608));
#4093 = CARTESIAN_POINT('',(76.254,-107.858,184.608));
#4094 = DEFINITIONAL_REPRESENTATION('',(#4095),#4098);
#4095 = B_SPLINE_CURVE_WITH_KNOTS('',1,(#4096,#4097),.UNSPECIFIED.,.F.,
  .F.,(2,2),(0.,0.318897637795),.PIECEWISE_BEZIER_KNOTS.);
#4096 = CARTESIAN_POINT('',(0.,0.185039370079));
#4097 = CARTESIAN_POINT('',(0.318897637795,0.185039370079));
#4098 = ( GEOMETRIC_REPRESENTATION_CONTEXT(2) 
PARAMETRIC_REPRESENTATION_CONTEXT() REPRESENTATION_CONTEXT('2D SPACE',''
  ) );
#4099 = ORIENTED_EDGE('',*,*,#4100,.F.);
#4100 = EDGE_CURVE('',#4026,#4076,#4101,.T.);
#4101 = SURFACE_CURVE('',#4102,(#4105,#4111),.PCURVE_S1.);
#4102 = B_SPLINE_CURVE_WITH_KNOTS('',1,(#4103,#4104),.UNSPECIFIED.,.F.,
  .F.,(2,2),(0.,0.275590551181),.PIECEWISE_BEZIER_KNOTS.);
#4103 = CARTESIAN_POINT('',(76.254,-114.858,184.608));
#4104 = CARTESIAN_POINT('',(76.254,-107.858,184.608));
#4105 = PCURVE('',#3982,#4106);
#4106 = DEFINITIONAL_REPRESENTATION('',(#4107),#4110);
#4107 = B_SPLINE_CURVE_WITH_KNOTS('',1,(#4108,#4109),.UNSPECIFIED.,.F.,
  .F.,(2,2),(0.,0.275590551181),.PIECEWISE_BEZIER_KNOTS.);
#4108 = CARTESIAN_POINT('',(0.,0.318897637795));
#4109 = CARTESIAN_POINT('',(0.275590551181,0.318897637795));
#4110 = ( GEOMETRIC_REPRESENTATION_CONTEXT(2) 
PARAMETRIC_REPRESENTATION_CONTEXT() REPRESENTATION_CONTEXT('2D SPACE',''
  ) );
#4111 = PCURVE('',#4112,#4117);
#4112 = B_SPLINE_SURFACE_WITH_KNOTS('',1,1,(
    (#4113,#4114)
    ,(#4115,#4116
    )),.UNSPECIFIED.,.F.,.F.,.F.,(2,2),(2,2),(0.,0.275590551181),(
    -0.185039370079,0.),.PIECEWISE_BEZIER_KNOTS.);
#4113 = CARTESIAN_POINT('',(76.254,-114.858,184.608));
#4114 = CARTESIAN_POINT('',(71.554,-114.858,184.608));
#4115 = CARTESIAN_POINT('',(76.254,-107.858,184.608));
#4116 = CARTESIAN_POINT('',(71.554,-107.858,184.608));
#4117 = DEFINITIONAL_REPRESENTATION('',(#4118),#4121);
#4118 = B_SPLINE_CURVE_WITH_KNOTS('',1,(#4119,#4120),.UNSPECIFIED.,.F.,
  .F.,(2,2),(0.,0.275590551181),.PIECEWISE_BEZIER_KNOTS.);
#4119 = CARTESIAN_POINT('',(0.,-0.185039370079));
#4120 = CARTESIAN_POINT('',(0.275590551181,-0.185039370079));
#4121 = ( GEOMETRIC_REPRESENTATION_CONTEXT(2) 
PARAMETRIC_REPRESENTATION_CONTEXT() REPRESENTATION_CONTEXT('2D SPACE',''
  ) );
#4122 = FACE_BOUND('',#4123,.T.);
#4123 = EDGE_LOOP('',(#4124));
#4124 = ORIENTED_EDGE('',*,*,#3958,.T.);
#4125 = ADVANCED_FACE('',(#4126),#4039,.F.);
#4126 = FACE_BOUND('',#4127,.F.);
#4127 = EDGE_LOOP('',(#4128,#4148,#4173,#4191));
#4128 = ORIENTED_EDGE('',*,*,#4129,.F.);
#4129 = EDGE_CURVE('',#4130,#4024,#4132,.T.);
#4130 = VERTEX_POINT('',#4131);
#4131 = CARTESIAN_POINT('',(71.554,-114.858,176.508));
#4132 = SURFACE_CURVE('',#4133,(#4136,#4142),.PCURVE_S1.);
#4133 = B_SPLINE_CURVE_WITH_KNOTS('',1,(#4134,#4135),.UNSPECIFIED.,.F.,
  .F.,(2,2),(0.,0.185039370079),.PIECEWISE_BEZIER_KNOTS.);
#4134 = CARTESIAN_POINT('',(71.554,-114.858,176.508));
#4135 = CARTESIAN_POINT('',(76.254,-114.858,176.508));
#4136 = PCURVE('',#4039,#4137);
#4137 = DEFINITIONAL_REPRESENTATION('',(#4138),#4141);
#4138 = B_SPLINE_CURVE_WITH_KNOTS('',1,(#4139,#4140),.UNSPECIFIED.,.F.,
  .F.,(2,2),(0.,0.185039370079),.PIECEWISE_BEZIER_KNOTS.);
#4139 = CARTESIAN_POINT('',(0.,0.));
#4140 = CARTESIAN_POINT('',(0.,0.185039370079));
#4141 = ( GEOMETRIC_REPRESENTATION_CONTEXT(2) 
PARAMETRIC_REPRESENTATION_CONTEXT() REPRESENTATION_CONTEXT('2D SPACE',''
  ) );
#4142 = PCURVE('',#4064,#4143);
#4143 = DEFINITIONAL_REPRESENTATION('',(#4144),#4147);
#4144 = B_SPLINE_CURVE_WITH_KNOTS('',1,(#4145,#4146),.UNSPECIFIED.,.F.,
  .F.,(2,2),(0.,0.185039370079),.PIECEWISE_BEZIER_KNOTS.);
#4145 = CARTESIAN_POINT('',(0.,0.));
#4146 = CARTESIAN_POINT('',(0.,-0.185039370079));
#4147 = ( GEOMETRIC_REPRESENTATION_CONTEXT(2) 
PARAMETRIC_REPRESENTATION_CONTEXT() REPRESENTATION_CONTEXT('2D SPACE',''
  ) );
#4148 = ORIENTED_EDGE('',*,*,#4149,.T.);
#4149 = EDGE_CURVE('',#4130,#4150,#4152,.T.);
#4150 = VERTEX_POINT('',#4151);
#4151 = CARTESIAN_POINT('',(71.554,-114.858,184.608));
#4152 = SURFACE_CURVE('',#4153,(#4156,#4162),.PCURVE_S1.);
#4153 = B_SPLINE_CURVE_WITH_KNOTS('',1,(#4154,#4155),.UNSPECIFIED.,.F.,
  .F.,(2,2),(0.,0.318897637795),.PIECEWISE_BEZIER_KNOTS.);
#4154 = CARTESIAN_POINT('',(71.554,-114.858,176.508));
#4155 = CARTESIAN_POINT('',(71.554,-114.858,184.608));
#4156 = PCURVE('',#4039,#4157);
#4157 = DEFINITIONAL_REPRESENTATION('',(#4158),#4161);
#4158 = B_SPLINE_CURVE_WITH_KNOTS('',1,(#4159,#4160),.UNSPECIFIED.,.F.,
  .F.,(2,2),(0.,0.318897637795),.PIECEWISE_BEZIER_KNOTS.);
#4159 = CARTESIAN_POINT('',(0.,0.));
#4160 = CARTESIAN_POINT('',(0.318897637795,0.));
#4161 = ( GEOMETRIC_REPRESENTATION_CONTEXT(2) 
PARAMETRIC_REPRESENTATION_CONTEXT() REPRESENTATION_CONTEXT('2D SPACE',''
  ) );
#4162 = PCURVE('',#4163,#4168);
#4163 = B_SPLINE_SURFACE_WITH_KNOTS('',1,1,(
    (#4164,#4165)
    ,(#4166,#4167
    )),.UNSPECIFIED.,.F.,.F.,.F.,(2,2),(2,2),(0.,0.275590551181),(0.,
    0.318897637795),.PIECEWISE_BEZIER_KNOTS.);
#4164 = CARTESIAN_POINT('',(71.554,-114.858,176.508));
#4165 = CARTESIAN_POINT('',(71.554,-114.858,184.608));
#4166 = CARTESIAN_POINT('',(71.554,-107.858,176.508));
#4167 = CARTESIAN_POINT('',(71.554,-107.858,184.608));
#4168 = DEFINITIONAL_REPRESENTATION('',(#4169),#4172);
#4169 = B_SPLINE_CURVE_WITH_KNOTS('',1,(#4170,#4171),.UNSPECIFIED.,.F.,
  .F.,(2,2),(0.,0.318897637795),.PIECEWISE_BEZIER_KNOTS.);
#4170 = CARTESIAN_POINT('',(0.,0.));
#4171 = CARTESIAN_POINT('',(0.,0.318897637795));
#4172 = ( GEOMETRIC_REPRESENTATION_CONTEXT(2) 
PARAMETRIC_REPRESENTATION_CONTEXT() REPRESENTATION_CONTEXT('2D SPACE',''
  ) );
#4173 = ORIENTED_EDGE('',*,*,#4174,.T.);
#4174 = EDGE_CURVE('',#4150,#4026,#4175,.T.);
#4175 = SURFACE_CURVE('',#4176,(#4179,#4185),.PCURVE_S1.);
#4176 = B_SPLINE_CURVE_WITH_KNOTS('',1,(#4177,#4178),.UNSPECIFIED.,.F.,
  .F.,(2,2),(0.,0.185039370079),.PIECEWISE_BEZIER_KNOTS.);
#4177 = CARTESIAN_POINT('',(71.554,-114.858,184.608));
#4178 = CARTESIAN_POINT('',(76.254,-114.858,184.608));
#4179 = PCURVE('',#4039,#4180);
#4180 = DEFINITIONAL_REPRESENTATION('',(#4181),#4184);
#4181 = B_SPLINE_CURVE_WITH_KNOTS('',1,(#4182,#4183),.UNSPECIFIED.,.F.,
  .F.,(2,2),(0.,0.185039370079),.PIECEWISE_BEZIER_KNOTS.);
#4182 = CARTESIAN_POINT('',(0.318897637795,0.));
#4183 = CARTESIAN_POINT('',(0.318897637795,0.185039370079));
#4184 = ( GEOMETRIC_REPRESENTATION_CONTEXT(2) 
PARAMETRIC_REPRESENTATION_CONTEXT() REPRESENTATION_CONTEXT('2D SPACE',''
  ) );
#4185 = PCURVE('',#4112,#4186);
#4186 = DEFINITIONAL_REPRESENTATION('',(#4187),#4190);
#4187 = B_SPLINE_CURVE_WITH_KNOTS('',1,(#4188,#4189),.UNSPECIFIED.,.F.,
  .F.,(2,2),(0.,0.185039370079),.PIECEWISE_BEZIER_KNOTS.);
#4188 = CARTESIAN_POINT('',(0.,0.));
#4189 = CARTESIAN_POINT('',(0.,-0.185039370079));
#4190 = ( GEOMETRIC_REPRESENTATION_CONTEXT(2) 
PARAMETRIC_REPRESENTATION_CONTEXT() REPRESENTATION_CONTEXT('2D SPACE',''
  ) );
#4191 = ORIENTED_EDGE('',*,*,#4023,.F.);
#4192 = ADVANCED_FACE('',(#4193),#4112,.T.);
#4193 = FACE_BOUND('',#4194,.T.);
#4194 = EDGE_LOOP('',(#4195,#4215,#4216,#4217));
#4195 = ORIENTED_EDGE('',*,*,#4196,.F.);
#4196 = EDGE_CURVE('',#4150,#4197,#4199,.T.);
#4197 = VERTEX_POINT('',#4198);
#4198 = CARTESIAN_POINT('',(71.554,-107.858,184.608));
#4199 = SURFACE_CURVE('',#4200,(#4203,#4209),.PCURVE_S1.);
#4200 = B_SPLINE_CURVE_WITH_KNOTS('',1,(#4201,#4202),.UNSPECIFIED.,.F.,
  .F.,(2,2),(0.,0.275590551181),.PIECEWISE_BEZIER_KNOTS.);
#4201 = CARTESIAN_POINT('',(71.554,-114.858,184.608));
#4202 = CARTESIAN_POINT('',(71.554,-107.858,184.608));
#4203 = PCURVE('',#4112,#4204);
#4204 = DEFINITIONAL_REPRESENTATION('',(#4205),#4208);
#4205 = B_SPLINE_CURVE_WITH_KNOTS('',1,(#4206,#4207),.UNSPECIFIED.,.F.,
  .F.,(2,2),(0.,0.275590551181),.PIECEWISE_BEZIER_KNOTS.);
#4206 = CARTESIAN_POINT('',(0.,0.));
#4207 = CARTESIAN_POINT('',(0.275590551181,0.));
#4208 = ( GEOMETRIC_REPRESENTATION_CONTEXT(2) 
PARAMETRIC_REPRESENTATION_CONTEXT() REPRESENTATION_CONTEXT('2D SPACE',''
  ) );
#4209 = PCURVE('',#4163,#4210);
#4210 = DEFINITIONAL_REPRESENTATION('',(#4211),#4214);
#4211 = B_SPLINE_CURVE_WITH_KNOTS('',1,(#4212,#4213),.UNSPECIFIED.,.F.,
  .F.,(2,2),(0.,0.275590551181),.PIECEWISE_BEZIER_KNOTS.);
#4212 = CARTESIAN_POINT('',(0.,0.318897637795));
#4213 = CARTESIAN_POINT('',(0.275590551181,0.318897637795));
#4214 = ( GEOMETRIC_REPRESENTATION_CONTEXT(2) 
PARAMETRIC_REPRESENTATION_CONTEXT() REPRESENTATION_CONTEXT('2D SPACE',''
  ) );
#4215 = ORIENTED_EDGE('',*,*,#4174,.T.);
#4216 = ORIENTED_EDGE('',*,*,#4100,.T.);
#4217 = ORIENTED_EDGE('',*,*,#4218,.F.);
#4218 = EDGE_CURVE('',#4197,#4076,#4219,.T.);
#4219 = SURFACE_CURVE('',#4220,(#4223,#4229),.PCURVE_S1.);
#4220 = B_SPLINE_CURVE_WITH_KNOTS('',1,(#4221,#4222),.UNSPECIFIED.,.F.,
  .F.,(2,2),(0.,0.185039370079),.PIECEWISE_BEZIER_KNOTS.);
#4221 = CARTESIAN_POINT('',(71.554,-107.858,184.608));
#4222 = CARTESIAN_POINT('',(76.254,-107.858,184.608));
#4223 = PCURVE('',#4112,#4224);
#4224 = DEFINITIONAL_REPRESENTATION('',(#4225),#4228);
#4225 = B_SPLINE_CURVE_WITH_KNOTS('',1,(#4226,#4227),.UNSPECIFIED.,.F.,
  .F.,(2,2),(0.,0.185039370079),.PIECEWISE_BEZIER_KNOTS.);
#4226 = CARTESIAN_POINT('',(0.275590551181,0.));
#4227 = CARTESIAN_POINT('',(0.275590551181,-0.185039370079));
#4228 = ( GEOMETRIC_REPRESENTATION_CONTEXT(2) 
PARAMETRIC_REPRESENTATION_CONTEXT() REPRESENTATION_CONTEXT('2D SPACE',''
  ) );
#4229 = PCURVE('',#4089,#4230);
#4230 = DEFINITIONAL_REPRESENTATION('',(#4231),#4234);
#4231 = B_SPLINE_CURVE_WITH_KNOTS('',1,(#4232,#4233),.UNSPECIFIED.,.F.,
  .F.,(2,2),(0.,0.185039370079),.PIECEWISE_BEZIER_KNOTS.);
#4232 = CARTESIAN_POINT('',(0.318897637795,0.));
#4233 = CARTESIAN_POINT('',(0.318897637795,0.185039370079));
#4234 = ( GEOMETRIC_REPRESENTATION_CONTEXT(2) 
PARAMETRIC_REPRESENTATION_CONTEXT() REPRESENTATION_CONTEXT('2D SPACE',''
  ) );
#4235 = ADVANCED_FACE('',(#4236),#4064,.F.);
#4236 = FACE_BOUND('',#4237,.F.);
#4237 = EDGE_LOOP('',(#4238,#4258,#4259,#4260));
#4238 = ORIENTED_EDGE('',*,*,#4239,.F.);
#4239 = EDGE_CURVE('',#4130,#4240,#4242,.T.);
#4240 = VERTEX_POINT('',#4241);
#4241 = CARTESIAN_POINT('',(71.554,-107.858,176.508));
#4242 = SURFACE_CURVE('',#4243,(#4246,#4252),.PCURVE_S1.);
#4243 = B_SPLINE_CURVE_WITH_KNOTS('',1,(#4244,#4245),.UNSPECIFIED.,.F.,
  .F.,(2,2),(0.,0.275590551181),.PIECEWISE_BEZIER_KNOTS.);
#4244 = CARTESIAN_POINT('',(71.554,-114.858,176.508));
#4245 = CARTESIAN_POINT('',(71.554,-107.858,176.508));
#4246 = PCURVE('',#4064,#4247);
#4247 = DEFINITIONAL_REPRESENTATION('',(#4248),#4251);
#4248 = B_SPLINE_CURVE_WITH_KNOTS('',1,(#4249,#4250),.UNSPECIFIED.,.F.,
  .F.,(2,2),(0.,0.275590551181),.PIECEWISE_BEZIER_KNOTS.);
#4249 = CARTESIAN_POINT('',(0.,0.));
#4250 = CARTESIAN_POINT('',(0.275590551181,0.));
#4251 = ( GEOMETRIC_REPRESENTATION_CONTEXT(2) 
PARAMETRIC_REPRESENTATION_CONTEXT() REPRESENTATION_CONTEXT('2D SPACE',''
  ) );
#4252 = PCURVE('',#4163,#4253);
#4253 = DEFINITIONAL_REPRESENTATION('',(#4254),#4257);
#4254 = B_SPLINE_CURVE_WITH_KNOTS('',1,(#4255,#4256),.UNSPECIFIED.,.F.,
  .F.,(2,2),(0.,0.275590551181),.PIECEWISE_BEZIER_KNOTS.);
#4255 = CARTESIAN_POINT('',(0.,0.));
#4256 = CARTESIAN_POINT('',(0.275590551181,0.));
#4257 = ( GEOMETRIC_REPRESENTATION_CONTEXT(2) 
PARAMETRIC_REPRESENTATION_CONTEXT() REPRESENTATION_CONTEXT('2D SPACE',''
  ) );
#4258 = ORIENTED_EDGE('',*,*,#4129,.T.);
#4259 = ORIENTED_EDGE('',*,*,#4050,.T.);
#4260 = ORIENTED_EDGE('',*,*,#4261,.F.);
#4261 = EDGE_CURVE('',#4240,#4051,#4262,.T.);
#4262 = SURFACE_CURVE('',#4263,(#4266,#4272),.PCURVE_S1.);
#4263 = B_SPLINE_CURVE_WITH_KNOTS('',1,(#4264,#4265),.UNSPECIFIED.,.F.,
  .F.,(2,2),(0.,0.185039370079),.PIECEWISE_BEZIER_KNOTS.);
#4264 = CARTESIAN_POINT('',(71.554,-107.858,176.508));
#4265 = CARTESIAN_POINT('',(76.254,-107.858,176.508));
#4266 = PCURVE('',#4064,#4267);
#4267 = DEFINITIONAL_REPRESENTATION('',(#4268),#4271);
#4268 = B_SPLINE_CURVE_WITH_KNOTS('',1,(#4269,#4270),.UNSPECIFIED.,.F.,
  .F.,(2,2),(0.,0.185039370079),.PIECEWISE_BEZIER_KNOTS.);
#4269 = CARTESIAN_POINT('',(0.275590551181,0.));
#4270 = CARTESIAN_POINT('',(0.275590551181,-0.185039370079));
#4271 = ( GEOMETRIC_REPRESENTATION_CONTEXT(2) 
PARAMETRIC_REPRESENTATION_CONTEXT() REPRESENTATION_CONTEXT('2D SPACE',''
  ) );
#4272 = PCURVE('',#4089,#4273);
#4273 = DEFINITIONAL_REPRESENTATION('',(#4274),#4277);
#4274 = B_SPLINE_CURVE_WITH_KNOTS('',1,(#4275,#4276),.UNSPECIFIED.,.F.,
  .F.,(2,2),(0.,0.185039370079),.PIECEWISE_BEZIER_KNOTS.);
#4275 = CARTESIAN_POINT('',(0.,0.));
#4276 = CARTESIAN_POINT('',(0.,0.185039370079));
#4277 = ( GEOMETRIC_REPRESENTATION_CONTEXT(2) 
PARAMETRIC_REPRESENTATION_CONTEXT() REPRESENTATION_CONTEXT('2D SPACE',''
  ) );
#4278 = ADVANCED_FACE('',(#4279),#4089,.T.);
#4279 = FACE_BOUND('',#4280,.T.);
#4280 = EDGE_LOOP('',(#4281,#4282,#4300,#4301));
#4281 = ORIENTED_EDGE('',*,*,#4261,.F.);
#4282 = ORIENTED_EDGE('',*,*,#4283,.T.);
#4283 = EDGE_CURVE('',#4240,#4197,#4284,.T.);
#4284 = SURFACE_CURVE('',#4285,(#4288,#4294),.PCURVE_S1.);
#4285 = B_SPLINE_CURVE_WITH_KNOTS('',1,(#4286,#4287),.UNSPECIFIED.,.F.,
  .F.,(2,2),(0.,0.318897637795),.PIECEWISE_BEZIER_KNOTS.);
#4286 = CARTESIAN_POINT('',(71.554,-107.858,176.508));
#4287 = CARTESIAN_POINT('',(71.554,-107.858,184.608));
#4288 = PCURVE('',#4089,#4289);
#4289 = DEFINITIONAL_REPRESENTATION('',(#4290),#4293);
#4290 = B_SPLINE_CURVE_WITH_KNOTS('',1,(#4291,#4292),.UNSPECIFIED.,.F.,
  .F.,(2,2),(0.,0.318897637795),.PIECEWISE_BEZIER_KNOTS.);
#4291 = CARTESIAN_POINT('',(0.,0.));
#4292 = CARTESIAN_POINT('',(0.318897637795,0.));
#4293 = ( GEOMETRIC_REPRESENTATION_CONTEXT(2) 
PARAMETRIC_REPRESENTATION_CONTEXT() REPRESENTATION_CONTEXT('2D SPACE',''
  ) );
#4294 = PCURVE('',#4163,#4295);
#4295 = DEFINITIONAL_REPRESENTATION('',(#4296),#4299);
#4296 = B_SPLINE_CURVE_WITH_KNOTS('',1,(#4297,#4298),.UNSPECIFIED.,.F.,
  .F.,(2,2),(0.,0.318897637795),.PIECEWISE_BEZIER_KNOTS.);
#4297 = CARTESIAN_POINT('',(0.275590551181,0.));
#4298 = CARTESIAN_POINT('',(0.275590551181,0.318897637795));
#4299 = ( GEOMETRIC_REPRESENTATION_CONTEXT(2) 
PARAMETRIC_REPRESENTATION_CONTEXT() REPRESENTATION_CONTEXT('2D SPACE',''
  ) );
#4300 = ORIENTED_EDGE('',*,*,#4218,.T.);
#4301 = ORIENTED_EDGE('',*,*,#4075,.F.);
#4302 = ADVANCED_FACE('',(#4303),#4163,.F.);
#4303 = FACE_BOUND('',#4304,.F.);
#4304 = EDGE_LOOP('',(#4305,#4306,#4307,#4308));
#4305 = ORIENTED_EDGE('',*,*,#4149,.F.);
#4306 = ORIENTED_EDGE('',*,*,#4239,.T.);
#4307 = ORIENTED_EDGE('',*,*,#4283,.T.);
#4308 = ORIENTED_EDGE('',*,*,#4196,.F.);
#4309 = MANIFOLD_SOLID_BREP('',#4310);
#4310 = CLOSED_SHELL('',(#4311,#4430,#4486,#4490,#4555));
#4311 = ADVANCED_FACE('',(#4312),#4325,.T.);
#4312 = FACE_BOUND('',#4313,.T.);
#4313 = EDGE_LOOP('',(#4314,#4353,#4391,#4392));
#4314 = ORIENTED_EDGE('',*,*,#4315,.T.);
#4315 = EDGE_CURVE('',#4316,#4318,#4320,.T.);
#4316 = VERTEX_POINT('',#4317);
#4317 = CARTESIAN_POINT('',(81.254,-119.358,256.058));
#4318 = VERTEX_POINT('',#4319);
#4319 = CARTESIAN_POINT('',(85.254,-119.358,256.058));
#4320 = SEAM_CURVE('',#4321,(#4324,#4346),.PCURVE_S1.);
#4321 = B_SPLINE_CURVE_WITH_KNOTS('',1,(#4322,#4323),.UNSPECIFIED.,.F.,
  .F.,(2,2),(0.,0.157480314961),.PIECEWISE_BEZIER_KNOTS.);
#4322 = CARTESIAN_POINT('',(81.254,-119.358,256.058));
#4323 = CARTESIAN_POINT('',(85.254,-119.358,256.058));
#4324 = PCURVE('',#4325,#4340);
#4325 = ( BOUNDED_SURFACE() B_SPLINE_SURFACE(2,1,(
    (#4326,#4327)
    ,(#4328,#4329)
    ,(#4330,#4331)
    ,(#4332,#4333)
    ,(#4334,#4335)
    ,(#4336,#4337)
    ,(#4338,#4339
)),.UNSPECIFIED.,.T.,.F.,.F.) B_SPLINE_SURFACE_WITH_KNOTS((1,2,2,2,2,1),
  (2,2),(-2.094395102393,0.,2.094395102393,4.188790204786,6.28318530718,
    8.377580409573),(-0.157480314961,0.),.UNSPECIFIED.) 
GEOMETRIC_REPRESENTATION_ITEM() RATIONAL_B_SPLINE_SURFACE((
    (1.,1.)
    ,(0.5,0.5)
    ,(1.,1.)
    ,(0.5,0.5)
    ,(1.,1.)
    ,(0.5,0.5)
,(1.,1.))) REPRESENTATION_ITEM('') SURFACE() );
#4326 = CARTESIAN_POINT('',(85.254,-119.358,256.058));
#4327 = CARTESIAN_POINT('',(81.254,-119.358,256.058));
#4328 = CARTESIAN_POINT('',(85.254,-113.2958221735,256.058));
#4329 = CARTESIAN_POINT('',(81.254,-113.2958221735,256.058));
#4330 = CARTESIAN_POINT('',(85.254,-116.3269110867,250.808));
#4331 = CARTESIAN_POINT('',(81.254,-116.3269110867,250.808));
#4332 = CARTESIAN_POINT('',(85.254,-119.358,245.558));
#4333 = CARTESIAN_POINT('',(81.254,-119.358,245.558));
#4334 = CARTESIAN_POINT('',(85.254,-122.3890889132,250.808));
#4335 = CARTESIAN_POINT('',(81.254,-122.3890889132,250.808));
#4336 = CARTESIAN_POINT('',(85.254,-125.4201778264,256.058));
#4337 = CARTESIAN_POINT('',(81.254,-125.4201778264,256.058));
#4338 = CARTESIAN_POINT('',(85.254,-119.358,256.058));
#4339 = CARTESIAN_POINT('',(81.254,-119.358,256.058));
#4340 = DEFINITIONAL_REPRESENTATION('',(#4341),#4345);
#4341 = B_SPLINE_CURVE_WITH_KNOTS('',2,(#4342,#4343,#4344),
  .UNSPECIFIED.,.F.,.F.,(3,3),(0.,0.157480314961),
  .PIECEWISE_BEZIER_KNOTS.);
#4342 = CARTESIAN_POINT('',(0.,0.));
#4343 = CARTESIAN_POINT('',(0.,-7.874015748031E-02));
#4344 = CARTESIAN_POINT('',(0.,-0.157480314961));
#4345 = ( GEOMETRIC_REPRESENTATION_CONTEXT(2) 
PARAMETRIC_REPRESENTATION_CONTEXT() REPRESENTATION_CONTEXT('2D SPACE',''
  ) );
#4346 = PCURVE('',#4325,#4347);
#4347 = DEFINITIONAL_REPRESENTATION('',(#4348),#4352);
#4348 = B_SPLINE_CURVE_WITH_KNOTS('',2,(#4349,#4350,#4351),
  .UNSPECIFIED.,.F.,.F.,(3,3),(0.,0.157480314961),
  .PIECEWISE_BEZIER_KNOTS.);
#4349 = CARTESIAN_POINT('',(6.28318530718,0.));
#4350 = CARTESIAN_POINT('',(6.28318530718,-7.874015748031E-02));
#4351 = CARTESIAN_POINT('',(6.28318530718,-0.157480314961));
#4352 = ( GEOMETRIC_REPRESENTATION_CONTEXT(2) 
PARAMETRIC_REPRESENTATION_CONTEXT() REPRESENTATION_CONTEXT('2D SPACE',''
  ) );
#4353 = ORIENTED_EDGE('',*,*,#4354,.T.);
#4354 = EDGE_CURVE('',#4318,#4318,#4355,.T.);
#4355 = SURFACE_CURVE('',#4356,(#4364,#4375),.PCURVE_S1.);
#4356 = ( BOUNDED_CURVE() B_SPLINE_CURVE(2,(#4357,#4358,#4359,#4360,
#4361,#4362,#4363),.UNSPECIFIED.,.T.,.F.) B_SPLINE_CURVE_WITH_KNOTS((1,2
    ,2,2,2,1),(-2.094395102393,0.,2.094395102393,4.188790204786,
6.28318530718,8.377580409573),.UNSPECIFIED.) CURVE() 
GEOMETRIC_REPRESENTATION_ITEM() RATIONAL_B_SPLINE_CURVE((1.,0.5,1.,0.5,
1.,0.5,1.)) REPRESENTATION_ITEM('') );
#4357 = CARTESIAN_POINT('',(85.254,-119.358,256.058));
#4358 = CARTESIAN_POINT('',(85.254,-113.2958221735,256.058));
#4359 = CARTESIAN_POINT('',(85.254,-116.3269110867,250.808));
#4360 = CARTESIAN_POINT('',(85.254,-119.358,245.558));
#4361 = CARTESIAN_POINT('',(85.254,-122.3890889132,250.808));
#4362 = CARTESIAN_POINT('',(85.254,-125.4201778264,256.058));
#4363 = CARTESIAN_POINT('',(85.254,-119.358,256.058));
#4364 = PCURVE('',#4325,#4365);
#4365 = DEFINITIONAL_REPRESENTATION('',(#4366),#4374);
#4366 = B_SPLINE_CURVE_WITH_KNOTS('',2,(#4367,#4368,#4369,#4370,#4371,
    #4372,#4373),.UNSPECIFIED.,.F.,.F.,(3,2,2,3),(0.,2.094395102393,
    4.188790204786,6.28318530718),.PIECEWISE_BEZIER_KNOTS.);
#4367 = CARTESIAN_POINT('',(0.,-0.157480314961));
#4368 = CARTESIAN_POINT('',(1.047197551197,-0.157480314961));
#4369 = CARTESIAN_POINT('',(2.094395102393,-0.157480314961));
#4370 = CARTESIAN_POINT('',(3.14159265359,-0.157480314961));
#4371 = CARTESIAN_POINT('',(4.188790204786,-0.157480314961));
#4372 = CARTESIAN_POINT('',(5.235987755983,-0.157480314961));
#4373 = CARTESIAN_POINT('',(6.28318530718,-0.157480314961));
#4374 = ( GEOMETRIC_REPRESENTATION_CONTEXT(2) 
PARAMETRIC_REPRESENTATION_CONTEXT() REPRESENTATION_CONTEXT('2D SPACE',''
  ) );
#4375 = PCURVE('',#4376,#4381);
#4376 = B_SPLINE_SURFACE_WITH_KNOTS('',1,1,(
    (#4377,#4378)
    ,(#4379,#4380
    )),.UNSPECIFIED.,.F.,.F.,.F.,(2,2),(2,2),(-0.137795275591,
    0.137795275591),(-0.137795275591,0.137795275591),
  .PIECEWISE_BEZIER_KNOTS.);
#4377 = CARTESIAN_POINT('',(85.254,-115.858,249.058));
#4378 = CARTESIAN_POINT('',(85.254,-115.858,256.058));
#4379 = CARTESIAN_POINT('',(85.254,-122.858,249.058));
#4380 = CARTESIAN_POINT('',(85.254,-122.858,256.058));
#4381 = DEFINITIONAL_REPRESENTATION('',(#4382),#4390);
#4382 = ( BOUNDED_CURVE() B_SPLINE_CURVE(2,(#4383,#4384,#4385,#4386,
#4387,#4388,#4389),.UNSPECIFIED.,.T.,.F.) B_SPLINE_CURVE_WITH_KNOTS((1,2
    ,2,2,2,1),(-2.094395102393,0.,2.094395102393,4.188790204786,
6.28318530718,8.377580409573),.UNSPECIFIED.) CURVE() 
GEOMETRIC_REPRESENTATION_ITEM() RATIONAL_B_SPLINE_CURVE((1.,0.5,1.,0.5,
1.,0.5,1.)) REPRESENTATION_ITEM('') );
#4383 = CARTESIAN_POINT('',(0.,0.137795275591));
#4384 = CARTESIAN_POINT('',(-0.238668418366,0.137795275591));
#4385 = CARTESIAN_POINT('',(-0.119334209183,-6.889763779528E-02));
#4386 = CARTESIAN_POINT('',(0.,-0.275590551181));
#4387 = CARTESIAN_POINT('',(0.119334209183,-6.889763779528E-02));
#4388 = CARTESIAN_POINT('',(0.238668418366,0.137795275591));
#4389 = CARTESIAN_POINT('',(0.,0.137795275591));
#4390 = ( GEOMETRIC_REPRESENTATION_CONTEXT(2) 
PARAMETRIC_REPRESENTATION_CONTEXT() REPRESENTATION_CONTEXT('2D SPACE',''
  ) );
#4391 = ORIENTED_EDGE('',*,*,#4315,.F.);
#4392 = ORIENTED_EDGE('',*,*,#4393,.F.);
#4393 = EDGE_CURVE('',#4316,#4316,#4394,.T.);
#4394 = SURFACE_CURVE('',#4395,(#4403,#4414),.PCURVE_S1.);
#4395 = ( BOUNDED_CURVE() B_SPLINE_CURVE(2,(#4396,#4397,#4398,#4399,
#4400,#4401,#4402),.UNSPECIFIED.,.T.,.F.) B_SPLINE_CURVE_WITH_KNOTS((1,2
    ,2,2,2,1),(-2.094395102393,0.,2.094395102393,4.188790204786,
6.28318530718,8.377580409573),.UNSPECIFIED.) CURVE() 
GEOMETRIC_REPRESENTATION_ITEM() RATIONAL_B_SPLINE_CURVE((1.,0.5,1.,0.5,
1.,0.5,1.)) REPRESENTATION_ITEM('') );
#4396 = CARTESIAN_POINT('',(81.254,-119.358,256.058));
#4397 = CARTESIAN_POINT('',(81.254,-113.2958221735,256.058));
#4398 = CARTESIAN_POINT('',(81.254,-116.3269110867,250.808));
#4399 = CARTESIAN_POINT('',(81.254,-119.358,245.558));
#4400 = CARTESIAN_POINT('',(81.254,-122.3890889132,250.808));
#4401 = CARTESIAN_POINT('',(81.254,-125.4201778264,256.058));
#4402 = CARTESIAN_POINT('',(81.254,-119.358,256.058));
#4403 = PCURVE('',#4325,#4404);
#4404 = DEFINITIONAL_REPRESENTATION('',(#4405),#4413);
#4405 = B_SPLINE_CURVE_WITH_KNOTS('',2,(#4406,#4407,#4408,#4409,#4410,
    #4411,#4412),.UNSPECIFIED.,.F.,.F.,(3,2,2,3),(0.,2.094395102393,
    4.188790204786,6.28318530718),.PIECEWISE_BEZIER_KNOTS.);
#4406 = CARTESIAN_POINT('',(0.,0.));
#4407 = CARTESIAN_POINT('',(1.047197551197,5.736324596409E-16));
#4408 = CARTESIAN_POINT('',(2.094395102393,0.));
#4409 = CARTESIAN_POINT('',(3.14159265359,-4.937762709592E-15));
#4410 = CARTESIAN_POINT('',(4.188790204786,0.));
#4411 = CARTESIAN_POINT('',(5.235987755983,5.736324596409E-16));
#4412 = CARTESIAN_POINT('',(6.28318530718,0.));
#4413 = ( GEOMETRIC_REPRESENTATION_CONTEXT(2) 
PARAMETRIC_REPRESENTATION_CONTEXT() REPRESENTATION_CONTEXT('2D SPACE',''
  ) );
#4414 = PCURVE('',#4415,#4420);
#4415 = B_SPLINE_SURFACE_WITH_KNOTS('',1,1,(
    (#4416,#4417)
    ,(#4418,#4419
    )),.UNSPECIFIED.,.F.,.F.,.F.,(2,2),(2,2),(-0.137795275591,
    0.137795275591),(-0.137795275591,0.137795275591),
  .PIECEWISE_BEZIER_KNOTS.);
#4416 = CARTESIAN_POINT('',(81.254,-115.858,249.058));
#4417 = CARTESIAN_POINT('',(81.254,-115.858,256.058));
#4418 = CARTESIAN_POINT('',(81.254,-122.858,249.058));
#4419 = CARTESIAN_POINT('',(81.254,-122.858,256.058));
#4420 = DEFINITIONAL_REPRESENTATION('',(#4421),#4429);
#4421 = ( BOUNDED_CURVE() B_SPLINE_CURVE(2,(#4422,#4423,#4424,#4425,
#4426,#4427,#4428),.UNSPECIFIED.,.T.,.F.) B_SPLINE_CURVE_WITH_KNOTS((1,2
    ,2,2,2,1),(-2.094395102393,0.,2.094395102393,4.188790204786,
6.28318530718,8.377580409573),.UNSPECIFIED.) CURVE() 
GEOMETRIC_REPRESENTATION_ITEM() RATIONAL_B_SPLINE_CURVE((1.,0.5,1.,0.5,
1.,0.5,1.)) REPRESENTATION_ITEM('') );
#4422 = CARTESIAN_POINT('',(0.,0.137795275591));
#4423 = CARTESIAN_POINT('',(-0.238668418366,0.137795275591));
#4424 = CARTESIAN_POINT('',(-0.119334209183,-6.889763779528E-02));
#4425 = CARTESIAN_POINT('',(0.,-0.275590551181));
#4426 = CARTESIAN_POINT('',(0.119334209183,-6.889763779528E-02));
#4427 = CARTESIAN_POINT('',(0.238668418366,0.137795275591));
#4428 = CARTESIAN_POINT('',(0.,0.137795275591));
#4429 = ( GEOMETRIC_REPRESENTATION_CONTEXT(2) 
PARAMETRIC_REPRESENTATION_CONTEXT() REPRESENTATION_CONTEXT('2D SPACE',''
  ) );
#4430 = ADVANCED_FACE('',(#4431,#4434),#4415,.T.);
#4431 = FACE_BOUND('',#4432,.T.);
#4432 = EDGE_LOOP('',(#4433));
#4433 = ORIENTED_EDGE('',*,*,#4393,.T.);
#4434 = FACE_BOUND('',#4435,.T.);
#4435 = EDGE_LOOP('',(#4436));
#4436 = ORIENTED_EDGE('',*,*,#4437,.F.);
#4437 = EDGE_CURVE('',#4438,#4438,#4440,.T.);
#4438 = VERTEX_POINT('',#4439);
#4439 = CARTESIAN_POINT('',(81.254,-119.358,254.558));
#4440 = SURFACE_CURVE('',#4441,(#4449,#4460),.PCURVE_S1.);
#4441 = ( BOUNDED_CURVE() B_SPLINE_CURVE(2,(#4442,#4443,#4444,#4445,
#4446,#4447,#4448),.UNSPECIFIED.,.T.,.F.) B_SPLINE_CURVE_WITH_KNOTS((1,2
    ,2,2,2,1),(-2.094395102393,0.,2.094395102393,4.188790204786,
6.28318530718,8.377580409573),.UNSPECIFIED.) CURVE() 
GEOMETRIC_REPRESENTATION_ITEM() RATIONAL_B_SPLINE_CURVE((1.,0.5,1.,0.5,
1.,0.5,1.)) REPRESENTATION_ITEM('') );
#4442 = CARTESIAN_POINT('',(81.254,-119.358,254.558));
#4443 = CARTESIAN_POINT('',(81.254,-115.8938983848,254.558));
#4444 = CARTESIAN_POINT('',(81.254,-117.6259491924,251.558));
#4445 = CARTESIAN_POINT('',(81.254,-119.358,248.558));
#4446 = CARTESIAN_POINT('',(81.254,-121.0900508075,251.558));
#4447 = CARTESIAN_POINT('',(81.254,-122.8221016151,254.558));
#4448 = CARTESIAN_POINT('',(81.254,-119.358,254.558));
#4449 = PCURVE('',#4415,#4450);
#4450 = DEFINITIONAL_REPRESENTATION('',(#4451),#4459);
#4451 = ( BOUNDED_CURVE() B_SPLINE_CURVE(2,(#4452,#4453,#4454,#4455,
#4456,#4457,#4458),.UNSPECIFIED.,.T.,.F.) B_SPLINE_CURVE_WITH_KNOTS((1,2
    ,2,2,2,1),(-2.094395102393,0.,2.094395102393,4.188790204786,
6.28318530718,8.377580409573),.UNSPECIFIED.) CURVE() 
GEOMETRIC_REPRESENTATION_ITEM() RATIONAL_B_SPLINE_CURVE((1.,0.5,1.,0.5,
1.,0.5,1.)) REPRESENTATION_ITEM('') );
#4452 = CARTESIAN_POINT('',(0.,7.874015748031E-02));
#4453 = CARTESIAN_POINT('',(-0.136381953352,7.874015748031E-02));
#4454 = CARTESIAN_POINT('',(-6.819097667594E-02,-3.937007874016E-02));
#4455 = CARTESIAN_POINT('',(0.,-0.157480314961));
#4456 = CARTESIAN_POINT('',(6.819097667594E-02,-3.937007874016E-02));
#4457 = CARTESIAN_POINT('',(0.136381953352,7.874015748031E-02));
#4458 = CARTESIAN_POINT('',(0.,7.874015748031E-02));
#4459 = ( GEOMETRIC_REPRESENTATION_CONTEXT(2) 
PARAMETRIC_REPRESENTATION_CONTEXT() REPRESENTATION_CONTEXT('2D SPACE',''
  ) );
#4460 = PCURVE('',#4461,#4476);
#4461 = ( BOUNDED_SURFACE() B_SPLINE_SURFACE(2,1,(
    (#4462,#4463)
    ,(#4464,#4465)
    ,(#4466,#4467)
    ,(#4468,#4469)
    ,(#4470,#4471)
    ,(#4472,#4473)
    ,(#4474,#4475
)),.UNSPECIFIED.,.T.,.F.,.F.) B_SPLINE_SURFACE_WITH_KNOTS((1,2,2,2,2,1),
  (2,2),(-2.094395102393,0.,2.094395102393,4.188790204786,6.28318530718,
    8.377580409573),(-0.314960629921,0.),.UNSPECIFIED.) 
GEOMETRIC_REPRESENTATION_ITEM() RATIONAL_B_SPLINE_SURFACE((
    (1.,1.)
    ,(0.5,0.5)
    ,(1.,1.)
    ,(0.5,0.5)
    ,(1.,1.)
    ,(0.5,0.5)
,(1.,1.))) REPRESENTATION_ITEM('') SURFACE() );
#4462 = CARTESIAN_POINT('',(81.254,-119.358,254.558));
#4463 = CARTESIAN_POINT('',(73.254,-119.358,254.558));
#4464 = CARTESIAN_POINT('',(81.254,-115.8938983848,254.558));
#4465 = CARTESIAN_POINT('',(73.254,-115.8938983848,254.558));
#4466 = CARTESIAN_POINT('',(81.254,-117.6259491924,251.558));
#4467 = CARTESIAN_POINT('',(73.254,-117.6259491924,251.558));
#4468 = CARTESIAN_POINT('',(81.254,-119.358,248.558));
#4469 = CARTESIAN_POINT('',(73.254,-119.358,248.558));
#4470 = CARTESIAN_POINT('',(81.254,-121.0900508075,251.558));
#4471 = CARTESIAN_POINT('',(73.254,-121.0900508075,251.558));
#4472 = CARTESIAN_POINT('',(81.254,-122.8221016151,254.558));
#4473 = CARTESIAN_POINT('',(73.254,-122.8221016151,254.558));
#4474 = CARTESIAN_POINT('',(81.254,-119.358,254.558));
#4475 = CARTESIAN_POINT('',(73.254,-119.358,254.558));
#4476 = DEFINITIONAL_REPRESENTATION('',(#4477),#4485);
#4477 = B_SPLINE_CURVE_WITH_KNOTS('',2,(#4478,#4479,#4480,#4481,#4482,
    #4483,#4484),.UNSPECIFIED.,.F.,.F.,(3,2,2,3),(0.,2.094395102393,
    4.188790204786,6.28318530718),.PIECEWISE_BEZIER_KNOTS.);
#4478 = CARTESIAN_POINT('',(0.,-0.314960629921));
#4479 = CARTESIAN_POINT('',(1.047197551197,-0.314960629921));
#4480 = CARTESIAN_POINT('',(2.094395102393,-0.314960629921));
#4481 = CARTESIAN_POINT('',(3.14159265359,-0.314960629921));
#4482 = CARTESIAN_POINT('',(4.188790204786,-0.314960629921));
#4483 = CARTESIAN_POINT('',(5.235987755983,-0.314960629921));
#4484 = CARTESIAN_POINT('',(6.28318530718,-0.314960629921));
#4485 = ( GEOMETRIC_REPRESENTATION_CONTEXT(2) 
PARAMETRIC_REPRESENTATION_CONTEXT() REPRESENTATION_CONTEXT('2D SPACE',''
  ) );
#4486 = ADVANCED_FACE('',(#4487),#4376,.F.);
#4487 = FACE_BOUND('',#4488,.F.);
#4488 = EDGE_LOOP('',(#4489));
#4489 = ORIENTED_EDGE('',*,*,#4354,.T.);
#4490 = ADVANCED_FACE('',(#4491),#4461,.T.);
#4491 = FACE_BOUND('',#4492,.T.);
#4492 = EDGE_LOOP('',(#4493,#4515,#4516,#4517));
#4493 = ORIENTED_EDGE('',*,*,#4494,.T.);
#4494 = EDGE_CURVE('',#4495,#4438,#4497,.T.);
#4495 = VERTEX_POINT('',#4496);
#4496 = CARTESIAN_POINT('',(73.254,-119.358,254.558));
#4497 = SEAM_CURVE('',#4498,(#4501,#4508),.PCURVE_S1.);
#4498 = B_SPLINE_CURVE_WITH_KNOTS('',1,(#4499,#4500),.UNSPECIFIED.,.F.,
  .F.,(2,2),(0.,0.314960629921),.PIECEWISE_BEZIER_KNOTS.);
#4499 = CARTESIAN_POINT('',(73.254,-119.358,254.558));
#4500 = CARTESIAN_POINT('',(81.254,-119.358,254.558));
#4501 = PCURVE('',#4461,#4502);
#4502 = DEFINITIONAL_REPRESENTATION('',(#4503),#4507);
#4503 = B_SPLINE_CURVE_WITH_KNOTS('',2,(#4504,#4505,#4506),
  .UNSPECIFIED.,.F.,.F.,(3,3),(0.,0.314960629921),
  .PIECEWISE_BEZIER_KNOTS.);
#4504 = CARTESIAN_POINT('',(0.,0.));
#4505 = CARTESIAN_POINT('',(0.,-0.157480314961));
#4506 = CARTESIAN_POINT('',(0.,-0.314960629921));
#4507 = ( GEOMETRIC_REPRESENTATION_CONTEXT(2) 
PARAMETRIC_REPRESENTATION_CONTEXT() REPRESENTATION_CONTEXT('2D SPACE',''
  ) );
#4508 = PCURVE('',#4461,#4509);
#4509 = DEFINITIONAL_REPRESENTATION('',(#4510),#4514);
#4510 = B_SPLINE_CURVE_WITH_KNOTS('',2,(#4511,#4512,#4513),
  .UNSPECIFIED.,.F.,.F.,(3,3),(0.,0.314960629921),
  .PIECEWISE_BEZIER_KNOTS.);
#4511 = CARTESIAN_POINT('',(6.28318530718,0.));
#4512 = CARTESIAN_POINT('',(6.28318530718,-0.157480314961));
#4513 = CARTESIAN_POINT('',(6.28318530718,-0.314960629921));
#4514 = ( GEOMETRIC_REPRESENTATION_CONTEXT(2) 
PARAMETRIC_REPRESENTATION_CONTEXT() REPRESENTATION_CONTEXT('2D SPACE',''
  ) );
#4515 = ORIENTED_EDGE('',*,*,#4437,.T.);
#4516 = ORIENTED_EDGE('',*,*,#4494,.F.);
#4517 = ORIENTED_EDGE('',*,*,#4518,.F.);
#4518 = EDGE_CURVE('',#4495,#4495,#4519,.T.);
#4519 = SURFACE_CURVE('',#4520,(#4528,#4539),.PCURVE_S1.);
#4520 = ( BOUNDED_CURVE() B_SPLINE_CURVE(2,(#4521,#4522,#4523,#4524,
#4525,#4526,#4527),.UNSPECIFIED.,.T.,.F.) B_SPLINE_CURVE_WITH_KNOTS((1,2
    ,2,2,2,1),(-2.094395102393,0.,2.094395102393,4.188790204786,
6.28318530718,8.377580409573),.UNSPECIFIED.) CURVE() 
GEOMETRIC_REPRESENTATION_ITEM() RATIONAL_B_SPLINE_CURVE((1.,0.5,1.,0.5,
1.,0.5,1.)) REPRESENTATION_ITEM('') );
#4521 = CARTESIAN_POINT('',(73.254,-119.358,254.558));
#4522 = CARTESIAN_POINT('',(73.254,-115.8938983848,254.558));
#4523 = CARTESIAN_POINT('',(73.254,-117.6259491924,251.558));
#4524 = CARTESIAN_POINT('',(73.254,-119.358,248.558));
#4525 = CARTESIAN_POINT('',(73.254,-121.0900508075,251.558));
#4526 = CARTESIAN_POINT('',(73.254,-122.8221016151,254.558));
#4527 = CARTESIAN_POINT('',(73.254,-119.358,254.558));
#4528 = PCURVE('',#4461,#4529);
#4529 = DEFINITIONAL_REPRESENTATION('',(#4530),#4538);
#4530 = B_SPLINE_CURVE_WITH_KNOTS('',2,(#4531,#4532,#4533,#4534,#4535,
    #4536,#4537),.UNSPECIFIED.,.F.,.F.,(3,2,2,3),(0.,2.094395102393,
    4.188790204786,6.28318530718),.PIECEWISE_BEZIER_KNOTS.);
#4531 = CARTESIAN_POINT('',(0.,0.));
#4532 = CARTESIAN_POINT('',(1.047197551197,-2.476450417282E-15));
#4533 = CARTESIAN_POINT('',(2.094395102393,0.));
#4534 = CARTESIAN_POINT('',(3.14159265359,-4.513500591805E-15));
#4535 = CARTESIAN_POINT('',(4.188790204786,-8.881784197001E-16));
#4536 = CARTESIAN_POINT('',(5.235987755983,-1.750233944703E-15));
#4537 = CARTESIAN_POINT('',(6.28318530718,0.));
#4538 = ( GEOMETRIC_REPRESENTATION_CONTEXT(2) 
PARAMETRIC_REPRESENTATION_CONTEXT() REPRESENTATION_CONTEXT('2D SPACE',''
  ) );
#4539 = PCURVE('',#4540,#4545);
#4540 = B_SPLINE_SURFACE_WITH_KNOTS('',1,1,(
    (#4541,#4542)
    ,(#4543,#4544
    )),.UNSPECIFIED.,.F.,.F.,.F.,(2,2),(2,2),(-7.874015748032E-02,
    7.874015748031E-02),(-7.874015748031E-02,7.874015748031E-02),
  .PIECEWISE_BEZIER_KNOTS.);
#4541 = CARTESIAN_POINT('',(73.254,-117.358,250.558));
#4542 = CARTESIAN_POINT('',(73.254,-117.358,254.558));
#4543 = CARTESIAN_POINT('',(73.254,-121.358,250.558));
#4544 = CARTESIAN_POINT('',(73.254,-121.358,254.558));
#4545 = DEFINITIONAL_REPRESENTATION('',(#4546),#4554);
#4546 = ( BOUNDED_CURVE() B_SPLINE_CURVE(2,(#4547,#4548,#4549,#4550,
#4551,#4552,#4553),.UNSPECIFIED.,.T.,.F.) B_SPLINE_CURVE_WITH_KNOTS((1,2
    ,2,2,2,1),(-2.094395102393,0.,2.094395102393,4.188790204786,
6.28318530718,8.377580409573),.UNSPECIFIED.) CURVE() 
GEOMETRIC_REPRESENTATION_ITEM() RATIONAL_B_SPLINE_CURVE((1.,0.5,1.,0.5,
1.,0.5,1.)) REPRESENTATION_ITEM('') );
#4547 = CARTESIAN_POINT('',(-2.22044604925E-16,7.874015748031E-02));
#4548 = CARTESIAN_POINT('',(-0.136381953352,7.874015748031E-02));
#4549 = CARTESIAN_POINT('',(-6.819097667594E-02,-3.937007874016E-02));
#4550 = CARTESIAN_POINT('',(-2.22044604925E-16,-0.157480314961));
#4551 = CARTESIAN_POINT('',(6.819097667594E-02,-3.937007874016E-02));
#4552 = CARTESIAN_POINT('',(0.136381953352,7.874015748031E-02));
#4553 = CARTESIAN_POINT('',(-2.22044604925E-16,7.874015748031E-02));
#4554 = ( GEOMETRIC_REPRESENTATION_CONTEXT(2) 
PARAMETRIC_REPRESENTATION_CONTEXT() REPRESENTATION_CONTEXT('2D SPACE',''
  ) );
#4555 = ADVANCED_FACE('',(#4556),#4540,.T.);
#4556 = FACE_BOUND('',#4557,.T.);
#4557 = EDGE_LOOP('',(#4558));
#4558 = ORIENTED_EDGE('',*,*,#4518,.T.);
#4559 = MANIFOLD_SOLID_BREP('',#4560);
#4560 = CLOSED_SHELL('',(#4561,#4680,#4736,#4740,#4805));
#4561 = ADVANCED_FACE('',(#4562),#4575,.T.);
#4562 = FACE_BOUND('',#4563,.T.);
#4563 = EDGE_LOOP('',(#4564,#4603,#4641,#4642));
#4564 = ORIENTED_EDGE('',*,*,#4565,.T.);
#4565 = EDGE_CURVE('',#4566,#4568,#4570,.T.);
#4566 = VERTEX_POINT('',#4567);
#4567 = CARTESIAN_POINT('',(81.254,-135.358,256.058));
#4568 = VERTEX_POINT('',#4569);
#4569 = CARTESIAN_POINT('',(85.254,-135.358,256.058));
#4570 = SEAM_CURVE('',#4571,(#4574,#4596),.PCURVE_S1.);
#4571 = B_SPLINE_CURVE_WITH_KNOTS('',1,(#4572,#4573),.UNSPECIFIED.,.F.,
  .F.,(2,2),(0.,0.157480314961),.PIECEWISE_BEZIER_KNOTS.);
#4572 = CARTESIAN_POINT('',(81.254,-135.358,256.058));
#4573 = CARTESIAN_POINT('',(85.254,-135.358,256.058));
#4574 = PCURVE('',#4575,#4590);
#4575 = ( BOUNDED_SURFACE() B_SPLINE_SURFACE(2,1,(
    (#4576,#4577)
    ,(#4578,#4579)
    ,(#4580,#4581)
    ,(#4582,#4583)
    ,(#4584,#4585)
    ,(#4586,#4587)
    ,(#4588,#4589
)),.UNSPECIFIED.,.T.,.F.,.F.) B_SPLINE_SURFACE_WITH_KNOTS((1,2,2,2,2,1),
  (2,2),(-2.094395102393,0.,2.094395102393,4.188790204786,6.28318530718,
    8.377580409573),(-0.157480314961,0.),.UNSPECIFIED.) 
GEOMETRIC_REPRESENTATION_ITEM() RATIONAL_B_SPLINE_SURFACE((
    (1.,1.)
    ,(0.5,0.5)
    ,(1.,1.)
    ,(0.5,0.5)
    ,(1.,1.)
    ,(0.5,0.5)
,(1.,1.))) REPRESENTATION_ITEM('') SURFACE() );
#4576 = CARTESIAN_POINT('',(85.254,-135.358,256.058));
#4577 = CARTESIAN_POINT('',(81.254,-135.358,256.058));
#4578 = CARTESIAN_POINT('',(85.254,-129.2958221735,256.058));
#4579 = CARTESIAN_POINT('',(81.254,-129.2958221735,256.058));
#4580 = CARTESIAN_POINT('',(85.254,-132.3269110867,250.808));
#4581 = CARTESIAN_POINT('',(81.254,-132.3269110867,250.808));
#4582 = CARTESIAN_POINT('',(85.254,-135.358,245.558));
#4583 = CARTESIAN_POINT('',(81.254,-135.358,245.558));
#4584 = CARTESIAN_POINT('',(85.254,-138.3890889132,250.808));
#4585 = CARTESIAN_POINT('',(81.254,-138.3890889132,250.808));
#4586 = CARTESIAN_POINT('',(85.254,-141.4201778264,256.058));
#4587 = CARTESIAN_POINT('',(81.254,-141.4201778264,256.058));
#4588 = CARTESIAN_POINT('',(85.254,-135.358,256.058));
#4589 = CARTESIAN_POINT('',(81.254,-135.358,256.058));
#4590 = DEFINITIONAL_REPRESENTATION('',(#4591),#4595);
#4591 = B_SPLINE_CURVE_WITH_KNOTS('',2,(#4592,#4593,#4594),
  .UNSPECIFIED.,.F.,.F.,(3,3),(0.,0.157480314961),
  .PIECEWISE_BEZIER_KNOTS.);
#4592 = CARTESIAN_POINT('',(0.,0.));
#4593 = CARTESIAN_POINT('',(0.,-7.874015748031E-02));
#4594 = CARTESIAN_POINT('',(0.,-0.157480314961));
#4595 = ( GEOMETRIC_REPRESENTATION_CONTEXT(2) 
PARAMETRIC_REPRESENTATION_CONTEXT() REPRESENTATION_CONTEXT('2D SPACE',''
  ) );
#4596 = PCURVE('',#4575,#4597);
#4597 = DEFINITIONAL_REPRESENTATION('',(#4598),#4602);
#4598 = B_SPLINE_CURVE_WITH_KNOTS('',2,(#4599,#4600,#4601),
  .UNSPECIFIED.,.F.,.F.,(3,3),(0.,0.157480314961),
  .PIECEWISE_BEZIER_KNOTS.);
#4599 = CARTESIAN_POINT('',(6.28318530718,0.));
#4600 = CARTESIAN_POINT('',(6.28318530718,-7.874015748031E-02));
#4601 = CARTESIAN_POINT('',(6.28318530718,-0.157480314961));
#4602 = ( GEOMETRIC_REPRESENTATION_CONTEXT(2) 
PARAMETRIC_REPRESENTATION_CONTEXT() REPRESENTATION_CONTEXT('2D SPACE',''
  ) );
#4603 = ORIENTED_EDGE('',*,*,#4604,.T.);
#4604 = EDGE_CURVE('',#4568,#4568,#4605,.T.);
#4605 = SURFACE_CURVE('',#4606,(#4614,#4625),.PCURVE_S1.);
#4606 = ( BOUNDED_CURVE() B_SPLINE_CURVE(2,(#4607,#4608,#4609,#4610,
#4611,#4612,#4613),.UNSPECIFIED.,.T.,.F.) B_SPLINE_CURVE_WITH_KNOTS((1,2
    ,2,2,2,1),(-2.094395102393,0.,2.094395102393,4.188790204786,
6.28318530718,8.377580409573),.UNSPECIFIED.) CURVE() 
GEOMETRIC_REPRESENTATION_ITEM() RATIONAL_B_SPLINE_CURVE((1.,0.5,1.,0.5,
1.,0.5,1.)) REPRESENTATION_ITEM('') );
#4607 = CARTESIAN_POINT('',(85.254,-135.358,256.058));
#4608 = CARTESIAN_POINT('',(85.254,-129.2958221735,256.058));
#4609 = CARTESIAN_POINT('',(85.254,-132.3269110867,250.808));
#4610 = CARTESIAN_POINT('',(85.254,-135.358,245.558));
#4611 = CARTESIAN_POINT('',(85.254,-138.3890889132,250.808));
#4612 = CARTESIAN_POINT('',(85.254,-141.4201778264,256.058));
#4613 = CARTESIAN_POINT('',(85.254,-135.358,256.058));
#4614 = PCURVE('',#4575,#4615);
#4615 = DEFINITIONAL_REPRESENTATION('',(#4616),#4624);
#4616 = B_SPLINE_CURVE_WITH_KNOTS('',2,(#4617,#4618,#4619,#4620,#4621,
    #4622,#4623),.UNSPECIFIED.,.F.,.F.,(3,2,2,3),(0.,2.094395102393,
    4.188790204786,6.28318530718),.PIECEWISE_BEZIER_KNOTS.);
#4617 = CARTESIAN_POINT('',(0.,-0.157480314961));
#4618 = CARTESIAN_POINT('',(1.047197551197,-0.157480314961));
#4619 = CARTESIAN_POINT('',(2.094395102393,-0.157480314961));
#4620 = CARTESIAN_POINT('',(3.14159265359,-0.157480314961));
#4621 = CARTESIAN_POINT('',(4.188790204786,-0.157480314961));
#4622 = CARTESIAN_POINT('',(5.235987755983,-0.157480314961));
#4623 = CARTESIAN_POINT('',(6.28318530718,-0.157480314961));
#4624 = ( GEOMETRIC_REPRESENTATION_CONTEXT(2) 
PARAMETRIC_REPRESENTATION_CONTEXT() REPRESENTATION_CONTEXT('2D SPACE',''
  ) );
#4625 = PCURVE('',#4626,#4631);
#4626 = B_SPLINE_SURFACE_WITH_KNOTS('',1,1,(
    (#4627,#4628)
    ,(#4629,#4630
    )),.UNSPECIFIED.,.F.,.F.,.F.,(2,2),(2,2),(-0.137795275591,
    0.137795275591),(-0.137795275591,0.137795275591),
  .PIECEWISE_BEZIER_KNOTS.);
#4627 = CARTESIAN_POINT('',(85.254,-131.858,249.058));
#4628 = CARTESIAN_POINT('',(85.254,-131.858,256.058));
#4629 = CARTESIAN_POINT('',(85.254,-138.858,249.058));
#4630 = CARTESIAN_POINT('',(85.254,-138.858,256.058));
#4631 = DEFINITIONAL_REPRESENTATION('',(#4632),#4640);
#4632 = ( BOUNDED_CURVE() B_SPLINE_CURVE(2,(#4633,#4634,#4635,#4636,
#4637,#4638,#4639),.UNSPECIFIED.,.T.,.F.) B_SPLINE_CURVE_WITH_KNOTS((1,2
    ,2,2,2,1),(-2.094395102393,0.,2.094395102393,4.188790204786,
6.28318530718,8.377580409573),.UNSPECIFIED.) CURVE() 
GEOMETRIC_REPRESENTATION_ITEM() RATIONAL_B_SPLINE_CURVE((1.,0.5,1.,0.5,
1.,0.5,1.)) REPRESENTATION_ITEM('') );
#4633 = CARTESIAN_POINT('',(-1.110223024625E-16,0.137795275591));
#4634 = CARTESIAN_POINT('',(-0.238668418366,0.137795275591));
#4635 = CARTESIAN_POINT('',(-0.119334209183,-6.889763779528E-02));
#4636 = CARTESIAN_POINT('',(-1.110223024625E-16,-0.275590551181));
#4637 = CARTESIAN_POINT('',(0.119334209183,-6.889763779528E-02));
#4638 = CARTESIAN_POINT('',(0.238668418366,0.137795275591));
#4639 = CARTESIAN_POINT('',(-1.110223024625E-16,0.137795275591));
#4640 = ( GEOMETRIC_REPRESENTATION_CONTEXT(2) 
PARAMETRIC_REPRESENTATION_CONTEXT() REPRESENTATION_CONTEXT('2D SPACE',''
  ) );
#4641 = ORIENTED_EDGE('',*,*,#4565,.F.);
#4642 = ORIENTED_EDGE('',*,*,#4643,.F.);
#4643 = EDGE_CURVE('',#4566,#4566,#4644,.T.);
#4644 = SURFACE_CURVE('',#4645,(#4653,#4664),.PCURVE_S1.);
#4645 = ( BOUNDED_CURVE() B_SPLINE_CURVE(2,(#4646,#4647,#4648,#4649,
#4650,#4651,#4652),.UNSPECIFIED.,.T.,.F.) B_SPLINE_CURVE_WITH_KNOTS((1,2
    ,2,2,2,1),(-2.094395102393,0.,2.094395102393,4.188790204786,
6.28318530718,8.377580409573),.UNSPECIFIED.) CURVE() 
GEOMETRIC_REPRESENTATION_ITEM() RATIONAL_B_SPLINE_CURVE((1.,0.5,1.,0.5,
1.,0.5,1.)) REPRESENTATION_ITEM('') );
#4646 = CARTESIAN_POINT('',(81.254,-135.358,256.058));
#4647 = CARTESIAN_POINT('',(81.254,-129.2958221735,256.058));
#4648 = CARTESIAN_POINT('',(81.254,-132.3269110867,250.808));
#4649 = CARTESIAN_POINT('',(81.254,-135.358,245.558));
#4650 = CARTESIAN_POINT('',(81.254,-138.3890889132,250.808));
#4651 = CARTESIAN_POINT('',(81.254,-141.4201778264,256.058));
#4652 = CARTESIAN_POINT('',(81.254,-135.358,256.058));
#4653 = PCURVE('',#4575,#4654);
#4654 = DEFINITIONAL_REPRESENTATION('',(#4655),#4663);
#4655 = B_SPLINE_CURVE_WITH_KNOTS('',2,(#4656,#4657,#4658,#4659,#4660,
    #4661,#4662),.UNSPECIFIED.,.F.,.F.,(3,2,2,3),(0.,2.094395102393,
    4.188790204786,6.28318530718),.PIECEWISE_BEZIER_KNOTS.);
#4656 = CARTESIAN_POINT('',(0.,0.));
#4657 = CARTESIAN_POINT('',(1.047197551197,1.722504214464E-15));
#4658 = CARTESIAN_POINT('',(2.094395102393,-8.881784197001E-16));
#4659 = CARTESIAN_POINT('',(3.14159265359,-1.614394892278E-15));
#4660 = CARTESIAN_POINT('',(4.188790204786,0.));
#4661 = CARTESIAN_POINT('',(5.235987755983,2.868162298204E-16));
#4662 = CARTESIAN_POINT('',(6.28318530718,0.));
#4663 = ( GEOMETRIC_REPRESENTATION_CONTEXT(2) 
PARAMETRIC_REPRESENTATION_CONTEXT() REPRESENTATION_CONTEXT('2D SPACE',''
  ) );
#4664 = PCURVE('',#4665,#4670);
#4665 = B_SPLINE_SURFACE_WITH_KNOTS('',1,1,(
    (#4666,#4667)
    ,(#4668,#4669
    )),.UNSPECIFIED.,.F.,.F.,.F.,(2,2),(2,2),(-0.137795275591,
    0.137795275591),(-0.137795275591,0.137795275591),
  .PIECEWISE_BEZIER_KNOTS.);
#4666 = CARTESIAN_POINT('',(81.254,-131.858,249.058));
#4667 = CARTESIAN_POINT('',(81.254,-131.858,256.058));
#4668 = CARTESIAN_POINT('',(81.254,-138.858,249.058));
#4669 = CARTESIAN_POINT('',(81.254,-138.858,256.058));
#4670 = DEFINITIONAL_REPRESENTATION('',(#4671),#4679);
#4671 = ( BOUNDED_CURVE() B_SPLINE_CURVE(2,(#4672,#4673,#4674,#4675,
#4676,#4677,#4678),.UNSPECIFIED.,.T.,.F.) B_SPLINE_CURVE_WITH_KNOTS((1,2
    ,2,2,2,1),(-2.094395102393,0.,2.094395102393,4.188790204786,
6.28318530718,8.377580409573),.UNSPECIFIED.) CURVE() 
GEOMETRIC_REPRESENTATION_ITEM() RATIONAL_B_SPLINE_CURVE((1.,0.5,1.,0.5,
1.,0.5,1.)) REPRESENTATION_ITEM('') );
#4672 = CARTESIAN_POINT('',(-1.110223024625E-16,0.137795275591));
#4673 = CARTESIAN_POINT('',(-0.238668418366,0.137795275591));
#4674 = CARTESIAN_POINT('',(-0.119334209183,-6.889763779528E-02));
#4675 = CARTESIAN_POINT('',(-1.110223024625E-16,-0.275590551181));
#4676 = CARTESIAN_POINT('',(0.119334209183,-6.889763779528E-02));
#4677 = CARTESIAN_POINT('',(0.238668418366,0.137795275591));
#4678 = CARTESIAN_POINT('',(-1.110223024625E-16,0.137795275591));
#4679 = ( GEOMETRIC_REPRESENTATION_CONTEXT(2) 
PARAMETRIC_REPRESENTATION_CONTEXT() REPRESENTATION_CONTEXT('2D SPACE',''
  ) );
#4680 = ADVANCED_FACE('',(#4681,#4684),#4665,.T.);
#4681 = FACE_BOUND('',#4682,.T.);
#4682 = EDGE_LOOP('',(#4683));
#4683 = ORIENTED_EDGE('',*,*,#4643,.T.);
#4684 = FACE_BOUND('',#4685,.T.);
#4685 = EDGE_LOOP('',(#4686));
#4686 = ORIENTED_EDGE('',*,*,#4687,.F.);
#4687 = EDGE_CURVE('',#4688,#4688,#4690,.T.);
#4688 = VERTEX_POINT('',#4689);
#4689 = CARTESIAN_POINT('',(81.254,-135.358,254.558));
#4690 = SURFACE_CURVE('',#4691,(#4699,#4710),.PCURVE_S1.);
#4691 = ( BOUNDED_CURVE() B_SPLINE_CURVE(2,(#4692,#4693,#4694,#4695,
#4696,#4697,#4698),.UNSPECIFIED.,.T.,.F.) B_SPLINE_CURVE_WITH_KNOTS((1,2
    ,2,2,2,1),(-2.094395102393,0.,2.094395102393,4.188790204786,
6.28318530718,8.377580409573),.UNSPECIFIED.) CURVE() 
GEOMETRIC_REPRESENTATION_ITEM() RATIONAL_B_SPLINE_CURVE((1.,0.5,1.,0.5,
1.,0.5,1.)) REPRESENTATION_ITEM('') );
#4692 = CARTESIAN_POINT('',(81.254,-135.358,254.558));
#4693 = CARTESIAN_POINT('',(81.254,-131.8938983848,254.558));
#4694 = CARTESIAN_POINT('',(81.254,-133.6259491924,251.558));
#4695 = CARTESIAN_POINT('',(81.254,-135.358,248.558));
#4696 = CARTESIAN_POINT('',(81.254,-137.0900508075,251.558));
#4697 = CARTESIAN_POINT('',(81.254,-138.8221016151,254.558));
#4698 = CARTESIAN_POINT('',(81.254,-135.358,254.558));
#4699 = PCURVE('',#4665,#4700);
#4700 = DEFINITIONAL_REPRESENTATION('',(#4701),#4709);
#4701 = ( BOUNDED_CURVE() B_SPLINE_CURVE(2,(#4702,#4703,#4704,#4705,
#4706,#4707,#4708),.UNSPECIFIED.,.T.,.F.) B_SPLINE_CURVE_WITH_KNOTS((1,2
    ,2,2,2,1),(-2.094395102393,0.,2.094395102393,4.188790204786,
6.28318530718,8.377580409573),.UNSPECIFIED.) CURVE() 
GEOMETRIC_REPRESENTATION_ITEM() RATIONAL_B_SPLINE_CURVE((1.,0.5,1.,0.5,
1.,0.5,1.)) REPRESENTATION_ITEM('') );
#4702 = CARTESIAN_POINT('',(-1.110223024625E-16,7.874015748031E-02));
#4703 = CARTESIAN_POINT('',(-0.136381953352,7.874015748031E-02));
#4704 = CARTESIAN_POINT('',(-6.819097667594E-02,-3.937007874016E-02));
#4705 = CARTESIAN_POINT('',(-1.110223024625E-16,-0.157480314961));
#4706 = CARTESIAN_POINT('',(6.819097667594E-02,-3.937007874016E-02));
#4707 = CARTESIAN_POINT('',(0.136381953352,7.874015748031E-02));
#4708 = CARTESIAN_POINT('',(-1.110223024625E-16,7.874015748031E-02));
#4709 = ( GEOMETRIC_REPRESENTATION_CONTEXT(2) 
PARAMETRIC_REPRESENTATION_CONTEXT() REPRESENTATION_CONTEXT('2D SPACE',''
  ) );
#4710 = PCURVE('',#4711,#4726);
#4711 = ( BOUNDED_SURFACE() B_SPLINE_SURFACE(2,1,(
    (#4712,#4713)
    ,(#4714,#4715)
    ,(#4716,#4717)
    ,(#4718,#4719)
    ,(#4720,#4721)
    ,(#4722,#4723)
    ,(#4724,#4725
)),.UNSPECIFIED.,.T.,.F.,.F.) B_SPLINE_SURFACE_WITH_KNOTS((1,2,2,2,2,1),
  (2,2),(-2.094395102393,0.,2.094395102393,4.188790204786,6.28318530718,
    8.377580409573),(-0.314960629921,0.),.UNSPECIFIED.) 
GEOMETRIC_REPRESENTATION_ITEM() RATIONAL_B_SPLINE_SURFACE((
    (1.,1.)
    ,(0.5,0.5)
    ,(1.,1.)
    ,(0.5,0.5)
    ,(1.,1.)
    ,(0.5,0.5)
,(1.,1.))) REPRESENTATION_ITEM('') SURFACE() );
#4712 = CARTESIAN_POINT('',(81.254,-135.358,254.558));
#4713 = CARTESIAN_POINT('',(73.254,-135.358,254.558));
#4714 = CARTESIAN_POINT('',(81.254,-131.8938983848,254.558));
#4715 = CARTESIAN_POINT('',(73.254,-131.8938983848,254.558));
#4716 = CARTESIAN_POINT('',(81.254,-133.6259491924,251.558));
#4717 = CARTESIAN_POINT('',(73.254,-133.6259491924,251.558));
#4718 = CARTESIAN_POINT('',(81.254,-135.358,248.558));
#4719 = CARTESIAN_POINT('',(73.254,-135.358,248.558));
#4720 = CARTESIAN_POINT('',(81.254,-137.0900508075,251.558));
#4721 = CARTESIAN_POINT('',(73.254,-137.0900508075,251.558));
#4722 = CARTESIAN_POINT('',(81.254,-138.8221016151,254.558));
#4723 = CARTESIAN_POINT('',(73.254,-138.8221016151,254.558));
#4724 = CARTESIAN_POINT('',(81.254,-135.358,254.558));
#4725 = CARTESIAN_POINT('',(73.254,-135.358,254.558));
#4726 = DEFINITIONAL_REPRESENTATION('',(#4727),#4735);
#4727 = B_SPLINE_CURVE_WITH_KNOTS('',2,(#4728,#4729,#4730,#4731,#4732,
    #4733,#4734),.UNSPECIFIED.,.F.,.F.,(3,2,2,3),(0.,2.094395102393,
    4.188790204786,6.28318530718),.PIECEWISE_BEZIER_KNOTS.);
#4728 = CARTESIAN_POINT('',(0.,-0.314960629921));
#4729 = CARTESIAN_POINT('',(1.047197551197,-0.314960629921));
#4730 = CARTESIAN_POINT('',(2.094395102393,-0.314960629921));
#4731 = CARTESIAN_POINT('',(3.14159265359,-0.314960629921));
#4732 = CARTESIAN_POINT('',(4.188790204786,-0.314960629921));
#4733 = CARTESIAN_POINT('',(5.235987755983,-0.314960629921));
#4734 = CARTESIAN_POINT('',(6.28318530718,-0.314960629921));
#4735 = ( GEOMETRIC_REPRESENTATION_CONTEXT(2) 
PARAMETRIC_REPRESENTATION_CONTEXT() REPRESENTATION_CONTEXT('2D SPACE',''
  ) );
#4736 = ADVANCED_FACE('',(#4737),#4626,.F.);
#4737 = FACE_BOUND('',#4738,.F.);
#4738 = EDGE_LOOP('',(#4739));
#4739 = ORIENTED_EDGE('',*,*,#4604,.T.);
#4740 = ADVANCED_FACE('',(#4741),#4711,.T.);
#4741 = FACE_BOUND('',#4742,.T.);
#4742 = EDGE_LOOP('',(#4743,#4765,#4766,#4767));
#4743 = ORIENTED_EDGE('',*,*,#4744,.T.);
#4744 = EDGE_CURVE('',#4745,#4688,#4747,.T.);
#4745 = VERTEX_POINT('',#4746);
#4746 = CARTESIAN_POINT('',(73.254,-135.358,254.558));
#4747 = SEAM_CURVE('',#4748,(#4751,#4758),.PCURVE_S1.);
#4748 = B_SPLINE_CURVE_WITH_KNOTS('',1,(#4749,#4750),.UNSPECIFIED.,.F.,
  .F.,(2,2),(0.,0.314960629921),.PIECEWISE_BEZIER_KNOTS.);
#4749 = CARTESIAN_POINT('',(73.254,-135.358,254.558));
#4750 = CARTESIAN_POINT('',(81.254,-135.358,254.558));
#4751 = PCURVE('',#4711,#4752);
#4752 = DEFINITIONAL_REPRESENTATION('',(#4753),#4757);
#4753 = B_SPLINE_CURVE_WITH_KNOTS('',2,(#4754,#4755,#4756),
  .UNSPECIFIED.,.F.,.F.,(3,3),(0.,0.314960629921),
  .PIECEWISE_BEZIER_KNOTS.);
#4754 = CARTESIAN_POINT('',(0.,0.));
#4755 = CARTESIAN_POINT('',(0.,-0.157480314961));
#4756 = CARTESIAN_POINT('',(0.,-0.314960629921));
#4757 = ( GEOMETRIC_REPRESENTATION_CONTEXT(2) 
PARAMETRIC_REPRESENTATION_CONTEXT() REPRESENTATION_CONTEXT('2D SPACE',''
  ) );
#4758 = PCURVE('',#4711,#4759);
#4759 = DEFINITIONAL_REPRESENTATION('',(#4760),#4764);
#4760 = B_SPLINE_CURVE_WITH_KNOTS('',2,(#4761,#4762,#4763),
  .UNSPECIFIED.,.F.,.F.,(3,3),(0.,0.314960629921),
  .PIECEWISE_BEZIER_KNOTS.);
#4761 = CARTESIAN_POINT('',(6.28318530718,0.));
#4762 = CARTESIAN_POINT('',(6.28318530718,-0.157480314961));
#4763 = CARTESIAN_POINT('',(6.28318530718,-0.314960629921));
#4764 = ( GEOMETRIC_REPRESENTATION_CONTEXT(2) 
PARAMETRIC_REPRESENTATION_CONTEXT() REPRESENTATION_CONTEXT('2D SPACE',''
  ) );
#4765 = ORIENTED_EDGE('',*,*,#4687,.T.);
#4766 = ORIENTED_EDGE('',*,*,#4744,.F.);
#4767 = ORIENTED_EDGE('',*,*,#4768,.F.);
#4768 = EDGE_CURVE('',#4745,#4745,#4769,.T.);
#4769 = SURFACE_CURVE('',#4770,(#4778,#4789),.PCURVE_S1.);
#4770 = ( BOUNDED_CURVE() B_SPLINE_CURVE(2,(#4771,#4772,#4773,#4774,
#4775,#4776,#4777),.UNSPECIFIED.,.T.,.F.) B_SPLINE_CURVE_WITH_KNOTS((1,2
    ,2,2,2,1),(-2.094395102393,0.,2.094395102393,4.188790204786,
6.28318530718,8.377580409573),.UNSPECIFIED.) CURVE() 
GEOMETRIC_REPRESENTATION_ITEM() RATIONAL_B_SPLINE_CURVE((1.,0.5,1.,0.5,
1.,0.5,1.)) REPRESENTATION_ITEM('') );
#4771 = CARTESIAN_POINT('',(73.254,-135.358,254.558));
#4772 = CARTESIAN_POINT('',(73.254,-131.8938983848,254.558));
#4773 = CARTESIAN_POINT('',(73.254,-133.6259491924,251.558));
#4774 = CARTESIAN_POINT('',(73.254,-135.358,248.558));
#4775 = CARTESIAN_POINT('',(73.254,-137.0900508075,251.558));
#4776 = CARTESIAN_POINT('',(73.254,-138.8221016151,254.558));
#4777 = CARTESIAN_POINT('',(73.254,-135.358,254.558));
#4778 = PCURVE('',#4711,#4779);
#4779 = DEFINITIONAL_REPRESENTATION('',(#4780),#4788);
#4780 = B_SPLINE_CURVE_WITH_KNOTS('',2,(#4781,#4782,#4783,#4784,#4785,
    #4786,#4787),.UNSPECIFIED.,.F.,.F.,(3,2,2,3),(0.,2.094395102393,
    4.188790204786,6.28318530718),.PIECEWISE_BEZIER_KNOTS.);
#4781 = CARTESIAN_POINT('',(0.,0.));
#4782 = CARTESIAN_POINT('',(1.047197551197,-2.476450417282E-15));
#4783 = CARTESIAN_POINT('',(2.094395102393,0.));
#4784 = CARTESIAN_POINT('',(3.14159265359,-4.513500591805E-15));
#4785 = CARTESIAN_POINT('',(4.188790204786,-8.881784197001E-16));
#4786 = CARTESIAN_POINT('',(5.235987755983,-1.121007333813E-15));
#4787 = CARTESIAN_POINT('',(6.28318530718,0.));
#4788 = ( GEOMETRIC_REPRESENTATION_CONTEXT(2) 
PARAMETRIC_REPRESENTATION_CONTEXT() REPRESENTATION_CONTEXT('2D SPACE',''
  ) );
#4789 = PCURVE('',#4790,#4795);
#4790 = B_SPLINE_SURFACE_WITH_KNOTS('',1,1,(
    (#4791,#4792)
    ,(#4793,#4794
    )),.UNSPECIFIED.,.F.,.F.,.F.,(2,2),(2,2),(-7.874015748031E-02,
    7.874015748031E-02),(-7.874015748031E-02,7.874015748031E-02),
  .PIECEWISE_BEZIER_KNOTS.);
#4791 = CARTESIAN_POINT('',(73.254,-133.358,250.558));
#4792 = CARTESIAN_POINT('',(73.254,-133.358,254.558));
#4793 = CARTESIAN_POINT('',(73.254,-137.358,250.558));
#4794 = CARTESIAN_POINT('',(73.254,-137.358,254.558));
#4795 = DEFINITIONAL_REPRESENTATION('',(#4796),#4804);
#4796 = ( BOUNDED_CURVE() B_SPLINE_CURVE(2,(#4797,#4798,#4799,#4800,
#4801,#4802,#4803),.UNSPECIFIED.,.T.,.F.) B_SPLINE_CURVE_WITH_KNOTS((1,2
    ,2,2,2,1),(-2.094395102393,0.,2.094395102393,4.188790204786,
6.28318530718,8.377580409573),.UNSPECIFIED.) CURVE() 
GEOMETRIC_REPRESENTATION_ITEM() RATIONAL_B_SPLINE_CURVE((1.,0.5,1.,0.5,
1.,0.5,1.)) REPRESENTATION_ITEM('') );
#4797 = CARTESIAN_POINT('',(1.110223024625E-16,7.874015748031E-02));
#4798 = CARTESIAN_POINT('',(-0.136381953352,7.874015748031E-02));
#4799 = CARTESIAN_POINT('',(-6.819097667594E-02,-3.937007874016E-02));
#4800 = CARTESIAN_POINT('',(1.110223024625E-16,-0.157480314961));
#4801 = CARTESIAN_POINT('',(6.819097667594E-02,-3.937007874016E-02));
#4802 = CARTESIAN_POINT('',(0.136381953352,7.874015748031E-02));
#4803 = CARTESIAN_POINT('',(1.110223024625E-16,7.874015748031E-02));
#4804 = ( GEOMETRIC_REPRESENTATION_CONTEXT(2) 
PARAMETRIC_REPRESENTATION_CONTEXT() REPRESENTATION_CONTEXT('2D SPACE',''
  ) );
#4805 = ADVANCED_FACE('',(#4806),#4790,.T.);
#4806 = FACE_BOUND('',#4807,.T.);
#4807 = EDGE_LOOP('',(#4808));
#4808 = ORIENTED_EDGE('',*,*,#4768,.T.);
#4809 = MANIFOLD_SOLID_BREP('',#4810);
#4810 = CLOSED_SHELL('',(#4811,#4930,#4986,#4990,#5055));
#4811 = ADVANCED_FACE('',(#4812),#4825,.T.);
#4812 = FACE_BOUND('',#4813,.T.);
#4813 = EDGE_LOOP('',(#4814,#4853,#4891,#4892));
#4814 = ORIENTED_EDGE('',*,*,#4815,.T.);
#4815 = EDGE_CURVE('',#4816,#4818,#4820,.T.);
#4816 = VERTEX_POINT('',#4817);
#4817 = CARTESIAN_POINT('',(81.254,-119.358,272.058));
#4818 = VERTEX_POINT('',#4819);
#4819 = CARTESIAN_POINT('',(85.254,-119.358,272.058));
#4820 = SEAM_CURVE('',#4821,(#4824,#4846),.PCURVE_S1.);
#4821 = B_SPLINE_CURVE_WITH_KNOTS('',1,(#4822,#4823),.UNSPECIFIED.,.F.,
  .F.,(2,2),(0.,0.157480314961),.PIECEWISE_BEZIER_KNOTS.);
#4822 = CARTESIAN_POINT('',(81.254,-119.358,272.058));
#4823 = CARTESIAN_POINT('',(85.254,-119.358,272.058));
#4824 = PCURVE('',#4825,#4840);
#4825 = ( BOUNDED_SURFACE() B_SPLINE_SURFACE(2,1,(
    (#4826,#4827)
    ,(#4828,#4829)
    ,(#4830,#4831)
    ,(#4832,#4833)
    ,(#4834,#4835)
    ,(#4836,#4837)
    ,(#4838,#4839
)),.UNSPECIFIED.,.T.,.F.,.F.) B_SPLINE_SURFACE_WITH_KNOTS((1,2,2,2,2,1),
  (2,2),(-2.094395102393,0.,2.094395102393,4.188790204786,6.28318530718,
    8.377580409573),(-0.157480314961,0.),.UNSPECIFIED.) 
GEOMETRIC_REPRESENTATION_ITEM() RATIONAL_B_SPLINE_SURFACE((
    (1.,1.)
    ,(0.5,0.5)
    ,(1.,1.)
    ,(0.5,0.5)
    ,(1.,1.)
    ,(0.5,0.5)
,(1.,1.))) REPRESENTATION_ITEM('') SURFACE() );
#4826 = CARTESIAN_POINT('',(85.254,-119.358,272.058));
#4827 = CARTESIAN_POINT('',(81.254,-119.358,272.058));
#4828 = CARTESIAN_POINT('',(85.254,-113.2958221735,272.058));
#4829 = CARTESIAN_POINT('',(81.254,-113.2958221735,272.058));
#4830 = CARTESIAN_POINT('',(85.254,-116.3269110867,266.808));
#4831 = CARTESIAN_POINT('',(81.254,-116.3269110867,266.808));
#4832 = CARTESIAN_POINT('',(85.254,-119.358,261.558));
#4833 = CARTESIAN_POINT('',(81.254,-119.358,261.558));
#4834 = CARTESIAN_POINT('',(85.254,-122.3890889132,266.808));
#4835 = CARTESIAN_POINT('',(81.254,-122.3890889132,266.808));
#4836 = CARTESIAN_POINT('',(85.254,-125.4201778264,272.058));
#4837 = CARTESIAN_POINT('',(81.254,-125.4201778264,272.058));
#4838 = CARTESIAN_POINT('',(85.254,-119.358,272.058));
#4839 = CARTESIAN_POINT('',(81.254,-119.358,272.058));
#4840 = DEFINITIONAL_REPRESENTATION('',(#4841),#4845);
#4841 = B_SPLINE_CURVE_WITH_KNOTS('',2,(#4842,#4843,#4844),
  .UNSPECIFIED.,.F.,.F.,(3,3),(0.,0.157480314961),
  .PIECEWISE_BEZIER_KNOTS.);
#4842 = CARTESIAN_POINT('',(0.,0.));
#4843 = CARTESIAN_POINT('',(0.,-7.874015748031E-02));
#4844 = CARTESIAN_POINT('',(0.,-0.157480314961));
#4845 = ( GEOMETRIC_REPRESENTATION_CONTEXT(2) 
PARAMETRIC_REPRESENTATION_CONTEXT() REPRESENTATION_CONTEXT('2D SPACE',''
  ) );
#4846 = PCURVE('',#4825,#4847);
#4847 = DEFINITIONAL_REPRESENTATION('',(#4848),#4852);
#4848 = B_SPLINE_CURVE_WITH_KNOTS('',2,(#4849,#4850,#4851),
  .UNSPECIFIED.,.F.,.F.,(3,3),(0.,0.157480314961),
  .PIECEWISE_BEZIER_KNOTS.);
#4849 = CARTESIAN_POINT('',(6.28318530718,0.));
#4850 = CARTESIAN_POINT('',(6.28318530718,-7.874015748031E-02));
#4851 = CARTESIAN_POINT('',(6.28318530718,-0.157480314961));
#4852 = ( GEOMETRIC_REPRESENTATION_CONTEXT(2) 
PARAMETRIC_REPRESENTATION_CONTEXT() REPRESENTATION_CONTEXT('2D SPACE',''
  ) );
#4853 = ORIENTED_EDGE('',*,*,#4854,.T.);
#4854 = EDGE_CURVE('',#4818,#4818,#4855,.T.);
#4855 = SURFACE_CURVE('',#4856,(#4864,#4875),.PCURVE_S1.);
#4856 = ( BOUNDED_CURVE() B_SPLINE_CURVE(2,(#4857,#4858,#4859,#4860,
#4861,#4862,#4863),.UNSPECIFIED.,.T.,.F.) B_SPLINE_CURVE_WITH_KNOTS((1,2
    ,2,2,2,1),(-2.094395102393,0.,2.094395102393,4.188790204786,
6.28318530718,8.377580409573),.UNSPECIFIED.) CURVE() 
GEOMETRIC_REPRESENTATION_ITEM() RATIONAL_B_SPLINE_CURVE((1.,0.5,1.,0.5,
1.,0.5,1.)) REPRESENTATION_ITEM('') );
#4857 = CARTESIAN_POINT('',(85.254,-119.358,272.058));
#4858 = CARTESIAN_POINT('',(85.254,-113.2958221735,272.058));
#4859 = CARTESIAN_POINT('',(85.254,-116.3269110867,266.808));
#4860 = CARTESIAN_POINT('',(85.254,-119.358,261.558));
#4861 = CARTESIAN_POINT('',(85.254,-122.3890889132,266.808));
#4862 = CARTESIAN_POINT('',(85.254,-125.4201778264,272.058));
#4863 = CARTESIAN_POINT('',(85.254,-119.358,272.058));
#4864 = PCURVE('',#4825,#4865);
#4865 = DEFINITIONAL_REPRESENTATION('',(#4866),#4874);
#4866 = B_SPLINE_CURVE_WITH_KNOTS('',2,(#4867,#4868,#4869,#4870,#4871,
    #4872,#4873),.UNSPECIFIED.,.F.,.F.,(3,2,2,3),(0.,2.094395102393,
    4.188790204786,6.28318530718),.PIECEWISE_BEZIER_KNOTS.);
#4867 = CARTESIAN_POINT('',(0.,-0.157480314961));
#4868 = CARTESIAN_POINT('',(1.047197551197,-0.157480314961));
#4869 = CARTESIAN_POINT('',(2.094395102393,-0.157480314961));
#4870 = CARTESIAN_POINT('',(3.14159265359,-0.157480314961));
#4871 = CARTESIAN_POINT('',(4.188790204786,-0.157480314961));
#4872 = CARTESIAN_POINT('',(5.235987755983,-0.157480314961));
#4873 = CARTESIAN_POINT('',(6.28318530718,-0.157480314961));
#4874 = ( GEOMETRIC_REPRESENTATION_CONTEXT(2) 
PARAMETRIC_REPRESENTATION_CONTEXT() REPRESENTATION_CONTEXT('2D SPACE',''
  ) );
#4875 = PCURVE('',#4876,#4881);
#4876 = B_SPLINE_SURFACE_WITH_KNOTS('',1,1,(
    (#4877,#4878)
    ,(#4879,#4880
    )),.UNSPECIFIED.,.F.,.F.,.F.,(2,2),(2,2),(-0.137795275591,
    0.137795275591),(-0.137795275591,0.137795275591),
  .PIECEWISE_BEZIER_KNOTS.);
#4877 = CARTESIAN_POINT('',(85.254,-115.858,265.058));
#4878 = CARTESIAN_POINT('',(85.254,-115.858,272.058));
#4879 = CARTESIAN_POINT('',(85.254,-122.858,265.058));
#4880 = CARTESIAN_POINT('',(85.254,-122.858,272.058));
#4881 = DEFINITIONAL_REPRESENTATION('',(#4882),#4890);
#4882 = ( BOUNDED_CURVE() B_SPLINE_CURVE(2,(#4883,#4884,#4885,#4886,
#4887,#4888,#4889),.UNSPECIFIED.,.T.,.F.) B_SPLINE_CURVE_WITH_KNOTS((1,2
    ,2,2,2,1),(-2.094395102393,0.,2.094395102393,4.188790204786,
6.28318530718,8.377580409573),.UNSPECIFIED.) CURVE() 
GEOMETRIC_REPRESENTATION_ITEM() RATIONAL_B_SPLINE_CURVE((1.,0.5,1.,0.5,
1.,0.5,1.)) REPRESENTATION_ITEM('') );
#4883 = CARTESIAN_POINT('',(0.,0.137795275591));
#4884 = CARTESIAN_POINT('',(-0.238668418366,0.137795275591));
#4885 = CARTESIAN_POINT('',(-0.119334209183,-6.889763779528E-02));
#4886 = CARTESIAN_POINT('',(0.,-0.275590551181));
#4887 = CARTESIAN_POINT('',(0.119334209183,-6.889763779528E-02));
#4888 = CARTESIAN_POINT('',(0.238668418366,0.137795275591));
#4889 = CARTESIAN_POINT('',(0.,0.137795275591));
#4890 = ( GEOMETRIC_REPRESENTATION_CONTEXT(2) 
PARAMETRIC_REPRESENTATION_CONTEXT() REPRESENTATION_CONTEXT('2D SPACE',''
  ) );
#4891 = ORIENTED_EDGE('',*,*,#4815,.F.);
#4892 = ORIENTED_EDGE('',*,*,#4893,.F.);
#4893 = EDGE_CURVE('',#4816,#4816,#4894,.T.);
#4894 = SURFACE_CURVE('',#4895,(#4903,#4914),.PCURVE_S1.);
#4895 = ( BOUNDED_CURVE() B_SPLINE_CURVE(2,(#4896,#4897,#4898,#4899,
#4900,#4901,#4902),.UNSPECIFIED.,.T.,.F.) B_SPLINE_CURVE_WITH_KNOTS((1,2
    ,2,2,2,1),(-2.094395102393,0.,2.094395102393,4.188790204786,
6.28318530718,8.377580409573),.UNSPECIFIED.) CURVE() 
GEOMETRIC_REPRESENTATION_ITEM() RATIONAL_B_SPLINE_CURVE((1.,0.5,1.,0.5,
1.,0.5,1.)) REPRESENTATION_ITEM('') );
#4896 = CARTESIAN_POINT('',(81.254,-119.358,272.058));
#4897 = CARTESIAN_POINT('',(81.254,-113.2958221735,272.058));
#4898 = CARTESIAN_POINT('',(81.254,-116.3269110867,266.808));
#4899 = CARTESIAN_POINT('',(81.254,-119.358,261.558));
#4900 = CARTESIAN_POINT('',(81.254,-122.3890889132,266.808));
#4901 = CARTESIAN_POINT('',(81.254,-125.4201778264,272.058));
#4902 = CARTESIAN_POINT('',(81.254,-119.358,272.058));
#4903 = PCURVE('',#4825,#4904);
#4904 = DEFINITIONAL_REPRESENTATION('',(#4905),#4913);
#4905 = B_SPLINE_CURVE_WITH_KNOTS('',2,(#4906,#4907,#4908,#4909,#4910,
    #4911,#4912),.UNSPECIFIED.,.F.,.F.,(3,2,2,3),(0.,2.094395102393,
    4.188790204786,6.28318530718),.PIECEWISE_BEZIER_KNOTS.);
#4906 = CARTESIAN_POINT('',(0.,0.));
#4907 = CARTESIAN_POINT('',(1.047197551197,8.185173671747E-17));
#4908 = CARTESIAN_POINT('',(2.094395102393,-8.881784197001E-16));
#4909 = CARTESIAN_POINT('',(3.14159265359,-1.271984511209E-15));
#4910 = CARTESIAN_POINT('',(4.188790204786,0.));
#4911 = CARTESIAN_POINT('',(5.235987755983,5.736324596409E-16));
#4912 = CARTESIAN_POINT('',(6.28318530718,0.));
#4913 = ( GEOMETRIC_REPRESENTATION_CONTEXT(2) 
PARAMETRIC_REPRESENTATION_CONTEXT() REPRESENTATION_CONTEXT('2D SPACE',''
  ) );
#4914 = PCURVE('',#4915,#4920);
#4915 = B_SPLINE_SURFACE_WITH_KNOTS('',1,1,(
    (#4916,#4917)
    ,(#4918,#4919
    )),.UNSPECIFIED.,.F.,.F.,.F.,(2,2),(2,2),(-0.137795275591,
    0.137795275591),(-0.137795275591,0.137795275591),
  .PIECEWISE_BEZIER_KNOTS.);
#4916 = CARTESIAN_POINT('',(81.254,-115.858,265.058));
#4917 = CARTESIAN_POINT('',(81.254,-115.858,272.058));
#4918 = CARTESIAN_POINT('',(81.254,-122.858,265.058));
#4919 = CARTESIAN_POINT('',(81.254,-122.858,272.058));
#4920 = DEFINITIONAL_REPRESENTATION('',(#4921),#4929);
#4921 = ( BOUNDED_CURVE() B_SPLINE_CURVE(2,(#4922,#4923,#4924,#4925,
#4926,#4927,#4928),.UNSPECIFIED.,.T.,.F.) B_SPLINE_CURVE_WITH_KNOTS((1,2
    ,2,2,2,1),(-2.094395102393,0.,2.094395102393,4.188790204786,
6.28318530718,8.377580409573),.UNSPECIFIED.) CURVE() 
GEOMETRIC_REPRESENTATION_ITEM() RATIONAL_B_SPLINE_CURVE((1.,0.5,1.,0.5,
1.,0.5,1.)) REPRESENTATION_ITEM('') );
#4922 = CARTESIAN_POINT('',(0.,0.137795275591));
#4923 = CARTESIAN_POINT('',(-0.238668418366,0.137795275591));
#4924 = CARTESIAN_POINT('',(-0.119334209183,-6.889763779528E-02));
#4925 = CARTESIAN_POINT('',(0.,-0.275590551181));
#4926 = CARTESIAN_POINT('',(0.119334209183,-6.889763779528E-02));
#4927 = CARTESIAN_POINT('',(0.238668418366,0.137795275591));
#4928 = CARTESIAN_POINT('',(0.,0.137795275591));
#4929 = ( GEOMETRIC_REPRESENTATION_CONTEXT(2) 
PARAMETRIC_REPRESENTATION_CONTEXT() REPRESENTATION_CONTEXT('2D SPACE',''
  ) );
#4930 = ADVANCED_FACE('',(#4931,#4934),#4915,.T.);
#4931 = FACE_BOUND('',#4932,.T.);
#4932 = EDGE_LOOP('',(#4933));
#4933 = ORIENTED_EDGE('',*,*,#4893,.T.);
#4934 = FACE_BOUND('',#4935,.T.);
#4935 = EDGE_LOOP('',(#4936));
#4936 = ORIENTED_EDGE('',*,*,#4937,.F.);
#4937 = EDGE_CURVE('',#4938,#4938,#4940,.T.);
#4938 = VERTEX_POINT('',#4939);
#4939 = CARTESIAN_POINT('',(81.254,-119.358,270.558));
#4940 = SURFACE_CURVE('',#4941,(#4949,#4960),.PCURVE_S1.);
#4941 = ( BOUNDED_CURVE() B_SPLINE_CURVE(2,(#4942,#4943,#4944,#4945,
#4946,#4947,#4948),.UNSPECIFIED.,.T.,.F.) B_SPLINE_CURVE_WITH_KNOTS((1,2
    ,2,2,2,1),(-2.094395102393,0.,2.094395102393,4.188790204786,
6.28318530718,8.377580409573),.UNSPECIFIED.) CURVE() 
GEOMETRIC_REPRESENTATION_ITEM() RATIONAL_B_SPLINE_CURVE((1.,0.5,1.,0.5,
1.,0.5,1.)) REPRESENTATION_ITEM('') );
#4942 = CARTESIAN_POINT('',(81.254,-119.358,270.558));
#4943 = CARTESIAN_POINT('',(81.254,-115.8938983848,270.558));
#4944 = CARTESIAN_POINT('',(81.254,-117.6259491924,267.558));
#4945 = CARTESIAN_POINT('',(81.254,-119.358,264.558));
#4946 = CARTESIAN_POINT('',(81.254,-121.0900508075,267.558));
#4947 = CARTESIAN_POINT('',(81.254,-122.8221016151,270.558));
#4948 = CARTESIAN_POINT('',(81.254,-119.358,270.558));
#4949 = PCURVE('',#4915,#4950);
#4950 = DEFINITIONAL_REPRESENTATION('',(#4951),#4959);
#4951 = ( BOUNDED_CURVE() B_SPLINE_CURVE(2,(#4952,#4953,#4954,#4955,
#4956,#4957,#4958),.UNSPECIFIED.,.T.,.F.) B_SPLINE_CURVE_WITH_KNOTS((1,2
    ,2,2,2,1),(-2.094395102393,0.,2.094395102393,4.188790204786,
6.28318530718,8.377580409573),.UNSPECIFIED.) CURVE() 
GEOMETRIC_REPRESENTATION_ITEM() RATIONAL_B_SPLINE_CURVE((1.,0.5,1.,0.5,
1.,0.5,1.)) REPRESENTATION_ITEM('') );
#4952 = CARTESIAN_POINT('',(0.,7.874015748031E-02));
#4953 = CARTESIAN_POINT('',(-0.136381953352,7.874015748031E-02));
#4954 = CARTESIAN_POINT('',(-6.819097667594E-02,-3.937007874016E-02));
#4955 = CARTESIAN_POINT('',(0.,-0.157480314961));
#4956 = CARTESIAN_POINT('',(6.819097667594E-02,-3.937007874016E-02));
#4957 = CARTESIAN_POINT('',(0.136381953352,7.874015748031E-02));
#4958 = CARTESIAN_POINT('',(0.,7.874015748031E-02));
#4959 = ( GEOMETRIC_REPRESENTATION_CONTEXT(2) 
PARAMETRIC_REPRESENTATION_CONTEXT() REPRESENTATION_CONTEXT('2D SPACE',''
  ) );
#4960 = PCURVE('',#4961,#4976);
#4961 = ( BOUNDED_SURFACE() B_SPLINE_SURFACE(2,1,(
    (#4962,#4963)
    ,(#4964,#4965)
    ,(#4966,#4967)
    ,(#4968,#4969)
    ,(#4970,#4971)
    ,(#4972,#4973)
    ,(#4974,#4975
)),.UNSPECIFIED.,.T.,.F.,.F.) B_SPLINE_SURFACE_WITH_KNOTS((1,2,2,2,2,1),
  (2,2),(-2.094395102393,0.,2.094395102393,4.188790204786,6.28318530718,
    8.377580409573),(-0.314960629921,0.),.UNSPECIFIED.) 
GEOMETRIC_REPRESENTATION_ITEM() RATIONAL_B_SPLINE_SURFACE((
    (1.,1.)
    ,(0.5,0.5)
    ,(1.,1.)
    ,(0.5,0.5)
    ,(1.,1.)
    ,(0.5,0.5)
,(1.,1.))) REPRESENTATION_ITEM('') SURFACE() );
#4962 = CARTESIAN_POINT('',(81.254,-119.358,270.558));
#4963 = CARTESIAN_POINT('',(73.254,-119.358,270.558));
#4964 = CARTESIAN_POINT('',(81.254,-115.8938983848,270.558));
#4965 = CARTESIAN_POINT('',(73.254,-115.8938983848,270.558));
#4966 = CARTESIAN_POINT('',(81.254,-117.6259491924,267.558));
#4967 = CARTESIAN_POINT('',(73.254,-117.6259491924,267.558));
#4968 = CARTESIAN_POINT('',(81.254,-119.358,264.558));
#4969 = CARTESIAN_POINT('',(73.254,-119.358,264.558));
#4970 = CARTESIAN_POINT('',(81.254,-121.0900508075,267.558));
#4971 = CARTESIAN_POINT('',(73.254,-121.0900508075,267.558));
#4972 = CARTESIAN_POINT('',(81.254,-122.8221016151,270.558));
#4973 = CARTESIAN_POINT('',(73.254,-122.8221016151,270.558));
#4974 = CARTESIAN_POINT('',(81.254,-119.358,270.558));
#4975 = CARTESIAN_POINT('',(73.254,-119.358,270.558));
#4976 = DEFINITIONAL_REPRESENTATION('',(#4977),#4985);
#4977 = B_SPLINE_CURVE_WITH_KNOTS('',2,(#4978,#4979,#4980,#4981,#4982,
    #4983,#4984),.UNSPECIFIED.,.F.,.F.,(3,2,2,3),(0.,2.094395102393,
    4.188790204786,6.28318530718),.PIECEWISE_BEZIER_KNOTS.);
#4978 = CARTESIAN_POINT('',(0.,-0.314960629921));
#4979 = CARTESIAN_POINT('',(1.047197551197,-0.314960629921));
#4980 = CARTESIAN_POINT('',(2.094395102393,-0.314960629921));
#4981 = CARTESIAN_POINT('',(3.14159265359,-0.314960629921));
#4982 = CARTESIAN_POINT('',(4.188790204786,-0.314960629921));
#4983 = CARTESIAN_POINT('',(5.235987755983,-0.314960629921));
#4984 = CARTESIAN_POINT('',(6.28318530718,-0.314960629921));
#4985 = ( GEOMETRIC_REPRESENTATION_CONTEXT(2) 
PARAMETRIC_REPRESENTATION_CONTEXT() REPRESENTATION_CONTEXT('2D SPACE',''
  ) );
#4986 = ADVANCED_FACE('',(#4987),#4876,.F.);
#4987 = FACE_BOUND('',#4988,.F.);
#4988 = EDGE_LOOP('',(#4989));
#4989 = ORIENTED_EDGE('',*,*,#4854,.T.);
#4990 = ADVANCED_FACE('',(#4991),#4961,.T.);
#4991 = FACE_BOUND('',#4992,.T.);
#4992 = EDGE_LOOP('',(#4993,#5015,#5016,#5017));
#4993 = ORIENTED_EDGE('',*,*,#4994,.T.);
#4994 = EDGE_CURVE('',#4995,#4938,#4997,.T.);
#4995 = VERTEX_POINT('',#4996);
#4996 = CARTESIAN_POINT('',(73.254,-119.358,270.558));
#4997 = SEAM_CURVE('',#4998,(#5001,#5008),.PCURVE_S1.);
#4998 = B_SPLINE_CURVE_WITH_KNOTS('',1,(#4999,#5000),.UNSPECIFIED.,.F.,
  .F.,(2,2),(0.,0.314960629921),.PIECEWISE_BEZIER_KNOTS.);
#4999 = CARTESIAN_POINT('',(73.254,-119.358,270.558));
#5000 = CARTESIAN_POINT('',(81.254,-119.358,270.558));
#5001 = PCURVE('',#4961,#5002);
#5002 = DEFINITIONAL_REPRESENTATION('',(#5003),#5007);
#5003 = B_SPLINE_CURVE_WITH_KNOTS('',2,(#5004,#5005,#5006),
  .UNSPECIFIED.,.F.,.F.,(3,3),(0.,0.314960629921),
  .PIECEWISE_BEZIER_KNOTS.);
#5004 = CARTESIAN_POINT('',(0.,0.));
#5005 = CARTESIAN_POINT('',(0.,-0.157480314961));
#5006 = CARTESIAN_POINT('',(0.,-0.314960629921));
#5007 = ( GEOMETRIC_REPRESENTATION_CONTEXT(2) 
PARAMETRIC_REPRESENTATION_CONTEXT() REPRESENTATION_CONTEXT('2D SPACE',''
  ) );
#5008 = PCURVE('',#4961,#5009);
#5009 = DEFINITIONAL_REPRESENTATION('',(#5010),#5014);
#5010 = B_SPLINE_CURVE_WITH_KNOTS('',2,(#5011,#5012,#5013),
  .UNSPECIFIED.,.F.,.F.,(3,3),(0.,0.314960629921),
  .PIECEWISE_BEZIER_KNOTS.);
#5011 = CARTESIAN_POINT('',(6.28318530718,0.));
#5012 = CARTESIAN_POINT('',(6.28318530718,-0.157480314961));
#5013 = CARTESIAN_POINT('',(6.28318530718,-0.314960629921));
#5014 = ( GEOMETRIC_REPRESENTATION_CONTEXT(2) 
PARAMETRIC_REPRESENTATION_CONTEXT() REPRESENTATION_CONTEXT('2D SPACE',''
  ) );
#5015 = ORIENTED_EDGE('',*,*,#4937,.T.);
#5016 = ORIENTED_EDGE('',*,*,#4994,.F.);
#5017 = ORIENTED_EDGE('',*,*,#5018,.F.);
#5018 = EDGE_CURVE('',#4995,#4995,#5019,.T.);
#5019 = SURFACE_CURVE('',#5020,(#5028,#5039),.PCURVE_S1.);
#5020 = ( BOUNDED_CURVE() B_SPLINE_CURVE(2,(#5021,#5022,#5023,#5024,
#5025,#5026,#5027),.UNSPECIFIED.,.T.,.F.) B_SPLINE_CURVE_WITH_KNOTS((1,2
    ,2,2,2,1),(-2.094395102393,0.,2.094395102393,4.188790204786,
6.28318530718,8.377580409573),.UNSPECIFIED.) CURVE() 
GEOMETRIC_REPRESENTATION_ITEM() RATIONAL_B_SPLINE_CURVE((1.,0.5,1.,0.5,
1.,0.5,1.)) REPRESENTATION_ITEM('') );
#5021 = CARTESIAN_POINT('',(73.254,-119.358,270.558));
#5022 = CARTESIAN_POINT('',(73.254,-115.8938983848,270.558));
#5023 = CARTESIAN_POINT('',(73.254,-117.6259491924,267.558));
#5024 = CARTESIAN_POINT('',(73.254,-119.358,264.558));
#5025 = CARTESIAN_POINT('',(73.254,-121.0900508075,267.558));
#5026 = CARTESIAN_POINT('',(73.254,-122.8221016151,270.558));
#5027 = CARTESIAN_POINT('',(73.254,-119.358,270.558));
#5028 = PCURVE('',#4961,#5029);
#5029 = DEFINITIONAL_REPRESENTATION('',(#5030),#5038);
#5030 = B_SPLINE_CURVE_WITH_KNOTS('',2,(#5031,#5032,#5033,#5034,#5035,
    #5036,#5037),.UNSPECIFIED.,.F.,.F.,(3,2,2,3),(0.,2.094395102393,
    4.188790204786,6.28318530718),.PIECEWISE_BEZIER_KNOTS.);
#5031 = CARTESIAN_POINT('',(0.,0.));
#5032 = CARTESIAN_POINT('',(1.047197551197,-2.189634187461E-15));
#5033 = CARTESIAN_POINT('',(2.094395102393,0.));
#5034 = CARTESIAN_POINT('',(3.14159265359,-4.513500591805E-15));
#5035 = CARTESIAN_POINT('',(4.188790204786,-8.881784197001E-16));
#5036 = CARTESIAN_POINT('',(5.235987755983,-9.700301564176E-16));
#5037 = CARTESIAN_POINT('',(6.28318530718,0.));
#5038 = ( GEOMETRIC_REPRESENTATION_CONTEXT(2) 
PARAMETRIC_REPRESENTATION_CONTEXT() REPRESENTATION_CONTEXT('2D SPACE',''
  ) );
#5039 = PCURVE('',#5040,#5045);
#5040 = B_SPLINE_SURFACE_WITH_KNOTS('',1,1,(
    (#5041,#5042)
    ,(#5043,#5044
    )),.UNSPECIFIED.,.F.,.F.,.F.,(2,2),(2,2),(-7.874015748032E-02,
    7.874015748031E-02),(-7.874015748031E-02,7.874015748031E-02),
  .PIECEWISE_BEZIER_KNOTS.);
#5041 = CARTESIAN_POINT('',(73.254,-117.358,266.558));
#5042 = CARTESIAN_POINT('',(73.254,-117.358,270.558));
#5043 = CARTESIAN_POINT('',(73.254,-121.358,266.558));
#5044 = CARTESIAN_POINT('',(73.254,-121.358,270.558));
#5045 = DEFINITIONAL_REPRESENTATION('',(#5046),#5054);
#5046 = ( BOUNDED_CURVE() B_SPLINE_CURVE(2,(#5047,#5048,#5049,#5050,
#5051,#5052,#5053),.UNSPECIFIED.,.T.,.F.) B_SPLINE_CURVE_WITH_KNOTS((1,2
    ,2,2,2,1),(-2.094395102393,0.,2.094395102393,4.188790204786,
6.28318530718,8.377580409573),.UNSPECIFIED.) CURVE() 
GEOMETRIC_REPRESENTATION_ITEM() RATIONAL_B_SPLINE_CURVE((1.,0.5,1.,0.5,
1.,0.5,1.)) REPRESENTATION_ITEM('') );
#5047 = CARTESIAN_POINT('',(-2.22044604925E-16,7.874015748031E-02));
#5048 = CARTESIAN_POINT('',(-0.136381953352,7.874015748031E-02));
#5049 = CARTESIAN_POINT('',(-6.819097667594E-02,-3.937007874016E-02));
#5050 = CARTESIAN_POINT('',(-2.22044604925E-16,-0.157480314961));
#5051 = CARTESIAN_POINT('',(6.819097667594E-02,-3.937007874016E-02));
#5052 = CARTESIAN_POINT('',(0.136381953352,7.874015748031E-02));
#5053 = CARTESIAN_POINT('',(-2.22044604925E-16,7.874015748031E-02));
#5054 = ( GEOMETRIC_REPRESENTATION_CONTEXT(2) 
PARAMETRIC_REPRESENTATION_CONTEXT() REPRESENTATION_CONTEXT('2D SPACE',''
  ) );
#5055 = ADVANCED_FACE('',(#5056),#5040,.T.);
#5056 = FACE_BOUND('',#5057,.T.);
#5057 = EDGE_LOOP('',(#5058));
#5058 = ORIENTED_EDGE('',*,*,#5018,.T.);
#5059 = MANIFOLD_SOLID_BREP('',#5060);
#5060 = CLOSED_SHELL('',(#5061,#5180,#5236,#5240,#5305));
#5061 = ADVANCED_FACE('',(#5062),#5075,.T.);
#5062 = FACE_BOUND('',#5063,.T.);
#5063 = EDGE_LOOP('',(#5064,#5103,#5141,#5142));
#5064 = ORIENTED_EDGE('',*,*,#5065,.T.);
#5065 = EDGE_CURVE('',#5066,#5068,#5070,.T.);
#5066 = VERTEX_POINT('',#5067);
#5067 = CARTESIAN_POINT('',(81.254,-135.358,272.058));
#5068 = VERTEX_POINT('',#5069);
#5069 = CARTESIAN_POINT('',(85.254,-135.358,272.058));
#5070 = SEAM_CURVE('',#5071,(#5074,#5096),.PCURVE_S1.);
#5071 = B_SPLINE_CURVE_WITH_KNOTS('',1,(#5072,#5073),.UNSPECIFIED.,.F.,
  .F.,(2,2),(0.,0.157480314961),.PIECEWISE_BEZIER_KNOTS.);
#5072 = CARTESIAN_POINT('',(81.254,-135.358,272.058));
#5073 = CARTESIAN_POINT('',(85.254,-135.358,272.058));
#5074 = PCURVE('',#5075,#5090);
#5075 = ( BOUNDED_SURFACE() B_SPLINE_SURFACE(2,1,(
    (#5076,#5077)
    ,(#5078,#5079)
    ,(#5080,#5081)
    ,(#5082,#5083)
    ,(#5084,#5085)
    ,(#5086,#5087)
    ,(#5088,#5089
)),.UNSPECIFIED.,.T.,.F.,.F.) B_SPLINE_SURFACE_WITH_KNOTS((1,2,2,2,2,1),
  (2,2),(-2.094395102393,0.,2.094395102393,4.188790204786,6.28318530718,
    8.377580409573),(-0.157480314961,0.),.UNSPECIFIED.) 
GEOMETRIC_REPRESENTATION_ITEM() RATIONAL_B_SPLINE_SURFACE((
    (1.,1.)
    ,(0.5,0.5)
    ,(1.,1.)
    ,(0.5,0.5)
    ,(1.,1.)
    ,(0.5,0.5)
,(1.,1.))) REPRESENTATION_ITEM('') SURFACE() );
#5076 = CARTESIAN_POINT('',(85.254,-135.358,272.058));
#5077 = CARTESIAN_POINT('',(81.254,-135.358,272.058));
#5078 = CARTESIAN_POINT('',(85.254,-129.2958221735,272.058));
#5079 = CARTESIAN_POINT('',(81.254,-129.2958221735,272.058));
#5080 = CARTESIAN_POINT('',(85.254,-132.3269110867,266.808));
#5081 = CARTESIAN_POINT('',(81.254,-132.3269110867,266.808));
#5082 = CARTESIAN_POINT('',(85.254,-135.358,261.558));
#5083 = CARTESIAN_POINT('',(81.254,-135.358,261.558));
#5084 = CARTESIAN_POINT('',(85.254,-138.3890889132,266.808));
#5085 = CARTESIAN_POINT('',(81.254,-138.3890889132,266.808));
#5086 = CARTESIAN_POINT('',(85.254,-141.4201778264,272.058));
#5087 = CARTESIAN_POINT('',(81.254,-141.4201778264,272.058));
#5088 = CARTESIAN_POINT('',(85.254,-135.358,272.058));
#5089 = CARTESIAN_POINT('',(81.254,-135.358,272.058));
#5090 = DEFINITIONAL_REPRESENTATION('',(#5091),#5095);
#5091 = B_SPLINE_CURVE_WITH_KNOTS('',2,(#5092,#5093,#5094),
  .UNSPECIFIED.,.F.,.F.,(3,3),(0.,0.157480314961),
  .PIECEWISE_BEZIER_KNOTS.);
#5092 = CARTESIAN_POINT('',(0.,0.));
#5093 = CARTESIAN_POINT('',(0.,-7.874015748031E-02));
#5094 = CARTESIAN_POINT('',(0.,-0.157480314961));
#5095 = ( GEOMETRIC_REPRESENTATION_CONTEXT(2) 
PARAMETRIC_REPRESENTATION_CONTEXT() REPRESENTATION_CONTEXT('2D SPACE',''
  ) );
#5096 = PCURVE('',#5075,#5097);
#5097 = DEFINITIONAL_REPRESENTATION('',(#5098),#5102);
#5098 = B_SPLINE_CURVE_WITH_KNOTS('',2,(#5099,#5100,#5101),
  .UNSPECIFIED.,.F.,.F.,(3,3),(0.,0.157480314961),
  .PIECEWISE_BEZIER_KNOTS.);
#5099 = CARTESIAN_POINT('',(6.28318530718,0.));
#5100 = CARTESIAN_POINT('',(6.28318530718,-7.874015748031E-02));
#5101 = CARTESIAN_POINT('',(6.28318530718,-0.157480314961));
#5102 = ( GEOMETRIC_REPRESENTATION_CONTEXT(2) 
PARAMETRIC_REPRESENTATION_CONTEXT() REPRESENTATION_CONTEXT('2D SPACE',''
  ) );
#5103 = ORIENTED_EDGE('',*,*,#5104,.T.);
#5104 = EDGE_CURVE('',#5068,#5068,#5105,.T.);
#5105 = SURFACE_CURVE('',#5106,(#5114,#5125),.PCURVE_S1.);
#5106 = ( BOUNDED_CURVE() B_SPLINE_CURVE(2,(#5107,#5108,#5109,#5110,
#5111,#5112,#5113),.UNSPECIFIED.,.T.,.F.) B_SPLINE_CURVE_WITH_KNOTS((1,2
    ,2,2,2,1),(-2.094395102393,0.,2.094395102393,4.188790204786,
6.28318530718,8.377580409573),.UNSPECIFIED.) CURVE() 
GEOMETRIC_REPRESENTATION_ITEM() RATIONAL_B_SPLINE_CURVE((1.,0.5,1.,0.5,
1.,0.5,1.)) REPRESENTATION_ITEM('') );
#5107 = CARTESIAN_POINT('',(85.254,-135.358,272.058));
#5108 = CARTESIAN_POINT('',(85.254,-129.2958221735,272.058));
#5109 = CARTESIAN_POINT('',(85.254,-132.3269110867,266.808));
#5110 = CARTESIAN_POINT('',(85.254,-135.358,261.558));
#5111 = CARTESIAN_POINT('',(85.254,-138.3890889132,266.808));
#5112 = CARTESIAN_POINT('',(85.254,-141.4201778264,272.058));
#5113 = CARTESIAN_POINT('',(85.254,-135.358,272.058));
#5114 = PCURVE('',#5075,#5115);
#5115 = DEFINITIONAL_REPRESENTATION('',(#5116),#5124);
#5116 = B_SPLINE_CURVE_WITH_KNOTS('',2,(#5117,#5118,#5119,#5120,#5121,
    #5122,#5123),.UNSPECIFIED.,.F.,.F.,(3,2,2,3),(0.,2.094395102393,
    4.188790204786,6.28318530718),.PIECEWISE_BEZIER_KNOTS.);
#5117 = CARTESIAN_POINT('',(0.,-0.157480314961));
#5118 = CARTESIAN_POINT('',(1.047197551197,-0.157480314961));
#5119 = CARTESIAN_POINT('',(2.094395102393,-0.157480314961));
#5120 = CARTESIAN_POINT('',(3.14159265359,-0.157480314961));
#5121 = CARTESIAN_POINT('',(4.188790204786,-0.157480314961));
#5122 = CARTESIAN_POINT('',(5.235987755983,-0.157480314961));
#5123 = CARTESIAN_POINT('',(6.28318530718,-0.157480314961));
#5124 = ( GEOMETRIC_REPRESENTATION_CONTEXT(2) 
PARAMETRIC_REPRESENTATION_CONTEXT() REPRESENTATION_CONTEXT('2D SPACE',''
  ) );
#5125 = PCURVE('',#5126,#5131);
#5126 = B_SPLINE_SURFACE_WITH_KNOTS('',1,1,(
    (#5127,#5128)
    ,(#5129,#5130
    )),.UNSPECIFIED.,.F.,.F.,.F.,(2,2),(2,2),(-0.137795275591,
    0.137795275591),(-0.137795275591,0.137795275591),
  .PIECEWISE_BEZIER_KNOTS.);
#5127 = CARTESIAN_POINT('',(85.254,-131.858,265.058));
#5128 = CARTESIAN_POINT('',(85.254,-131.858,272.058));
#5129 = CARTESIAN_POINT('',(85.254,-138.858,265.058));
#5130 = CARTESIAN_POINT('',(85.254,-138.858,272.058));
#5131 = DEFINITIONAL_REPRESENTATION('',(#5132),#5140);
#5132 = ( BOUNDED_CURVE() B_SPLINE_CURVE(2,(#5133,#5134,#5135,#5136,
#5137,#5138,#5139),.UNSPECIFIED.,.T.,.F.) B_SPLINE_CURVE_WITH_KNOTS((1,2
    ,2,2,2,1),(-2.094395102393,0.,2.094395102393,4.188790204786,
6.28318530718,8.377580409573),.UNSPECIFIED.) CURVE() 
GEOMETRIC_REPRESENTATION_ITEM() RATIONAL_B_SPLINE_CURVE((1.,0.5,1.,0.5,
1.,0.5,1.)) REPRESENTATION_ITEM('') );
#5133 = CARTESIAN_POINT('',(-1.110223024625E-16,0.137795275591));
#5134 = CARTESIAN_POINT('',(-0.238668418366,0.137795275591));
#5135 = CARTESIAN_POINT('',(-0.119334209183,-6.889763779528E-02));
#5136 = CARTESIAN_POINT('',(-1.110223024625E-16,-0.275590551181));
#5137 = CARTESIAN_POINT('',(0.119334209183,-6.889763779528E-02));
#5138 = CARTESIAN_POINT('',(0.238668418366,0.137795275591));
#5139 = CARTESIAN_POINT('',(-1.110223024625E-16,0.137795275591));
#5140 = ( GEOMETRIC_REPRESENTATION_CONTEXT(2) 
PARAMETRIC_REPRESENTATION_CONTEXT() REPRESENTATION_CONTEXT('2D SPACE',''
  ) );
#5141 = ORIENTED_EDGE('',*,*,#5065,.F.);
#5142 = ORIENTED_EDGE('',*,*,#5143,.F.);
#5143 = EDGE_CURVE('',#5066,#5066,#5144,.T.);
#5144 = SURFACE_CURVE('',#5145,(#5153,#5164),.PCURVE_S1.);
#5145 = ( BOUNDED_CURVE() B_SPLINE_CURVE(2,(#5146,#5147,#5148,#5149,
#5150,#5151,#5152),.UNSPECIFIED.,.T.,.F.) B_SPLINE_CURVE_WITH_KNOTS((1,2
    ,2,2,2,1),(-2.094395102393,0.,2.094395102393,4.188790204786,
6.28318530718,8.377580409573),.UNSPECIFIED.) CURVE() 
GEOMETRIC_REPRESENTATION_ITEM() RATIONAL_B_SPLINE_CURVE((1.,0.5,1.,0.5,
1.,0.5,1.)) REPRESENTATION_ITEM('') );
#5146 = CARTESIAN_POINT('',(81.254,-135.358,272.058));
#5147 = CARTESIAN_POINT('',(81.254,-129.2958221735,272.058));
#5148 = CARTESIAN_POINT('',(81.254,-132.3269110867,266.808));
#5149 = CARTESIAN_POINT('',(81.254,-135.358,261.558));
#5150 = CARTESIAN_POINT('',(81.254,-138.3890889132,266.808));
#5151 = CARTESIAN_POINT('',(81.254,-141.4201778264,272.058));
#5152 = CARTESIAN_POINT('',(81.254,-135.358,272.058));
#5153 = PCURVE('',#5075,#5154);
#5154 = DEFINITIONAL_REPRESENTATION('',(#5155),#5163);
#5155 = B_SPLINE_CURVE_WITH_KNOTS('',2,(#5156,#5157,#5158,#5159,#5160,
    #5161,#5162),.UNSPECIFIED.,.F.,.F.,(3,2,2,3),(0.,2.094395102393,
    4.188790204786,6.28318530718),.PIECEWISE_BEZIER_KNOTS.);
#5156 = CARTESIAN_POINT('',(0.,0.));
#5157 = CARTESIAN_POINT('',(1.047197551197,6.554841963583E-16));
#5158 = CARTESIAN_POINT('',(2.094395102393,-8.881784197001E-16));
#5159 = CARTESIAN_POINT('',(3.14159265359,-1.614394892278E-15));
#5160 = CARTESIAN_POINT('',(4.188790204786,0.));
#5161 = CARTESIAN_POINT('',(5.235987755983,8.604486894613E-16));
#5162 = CARTESIAN_POINT('',(6.28318530718,0.));
#5163 = ( GEOMETRIC_REPRESENTATION_CONTEXT(2) 
PARAMETRIC_REPRESENTATION_CONTEXT() REPRESENTATION_CONTEXT('2D SPACE',''
  ) );
#5164 = PCURVE('',#5165,#5170);
#5165 = B_SPLINE_SURFACE_WITH_KNOTS('',1,1,(
    (#5166,#5167)
    ,(#5168,#5169
    )),.UNSPECIFIED.,.F.,.F.,.F.,(2,2),(2,2),(-0.137795275591,
    0.137795275591),(-0.137795275591,0.137795275591),
  .PIECEWISE_BEZIER_KNOTS.);
#5166 = CARTESIAN_POINT('',(81.254,-131.858,265.058));
#5167 = CARTESIAN_POINT('',(81.254,-131.858,272.058));
#5168 = CARTESIAN_POINT('',(81.254,-138.858,265.058));
#5169 = CARTESIAN_POINT('',(81.254,-138.858,272.058));
#5170 = DEFINITIONAL_REPRESENTATION('',(#5171),#5179);
#5171 = ( BOUNDED_CURVE() B_SPLINE_CURVE(2,(#5172,#5173,#5174,#5175,
#5176,#5177,#5178),.UNSPECIFIED.,.T.,.F.) B_SPLINE_CURVE_WITH_KNOTS((1,2
    ,2,2,2,1),(-2.094395102393,0.,2.094395102393,4.188790204786,
6.28318530718,8.377580409573),.UNSPECIFIED.) CURVE() 
GEOMETRIC_REPRESENTATION_ITEM() RATIONAL_B_SPLINE_CURVE((1.,0.5,1.,0.5,
1.,0.5,1.)) REPRESENTATION_ITEM('') );
#5172 = CARTESIAN_POINT('',(-1.110223024625E-16,0.137795275591));
#5173 = CARTESIAN_POINT('',(-0.238668418366,0.137795275591));
#5174 = CARTESIAN_POINT('',(-0.119334209183,-6.889763779528E-02));
#5175 = CARTESIAN_POINT('',(-1.110223024625E-16,-0.275590551181));
#5176 = CARTESIAN_POINT('',(0.119334209183,-6.889763779528E-02));
#5177 = CARTESIAN_POINT('',(0.238668418366,0.137795275591));
#5178 = CARTESIAN_POINT('',(-1.110223024625E-16,0.137795275591));
#5179 = ( GEOMETRIC_REPRESENTATION_CONTEXT(2) 
PARAMETRIC_REPRESENTATION_CONTEXT() REPRESENTATION_CONTEXT('2D SPACE',''
  ) );
#5180 = ADVANCED_FACE('',(#5181,#5184),#5165,.T.);
#5181 = FACE_BOUND('',#5182,.T.);
#5182 = EDGE_LOOP('',(#5183));
#5183 = ORIENTED_EDGE('',*,*,#5143,.T.);
#5184 = FACE_BOUND('',#5185,.T.);
#5185 = EDGE_LOOP('',(#5186));
#5186 = ORIENTED_EDGE('',*,*,#5187,.F.);
#5187 = EDGE_CURVE('',#5188,#5188,#5190,.T.);
#5188 = VERTEX_POINT('',#5189);
#5189 = CARTESIAN_POINT('',(81.254,-135.358,270.558));
#5190 = SURFACE_CURVE('',#5191,(#5199,#5210),.PCURVE_S1.);
#5191 = ( BOUNDED_CURVE() B_SPLINE_CURVE(2,(#5192,#5193,#5194,#5195,
#5196,#5197,#5198),.UNSPECIFIED.,.T.,.F.) B_SPLINE_CURVE_WITH_KNOTS((1,2
    ,2,2,2,1),(-2.094395102393,0.,2.094395102393,4.188790204786,
6.28318530718,8.377580409573),.UNSPECIFIED.) CURVE() 
GEOMETRIC_REPRESENTATION_ITEM() RATIONAL_B_SPLINE_CURVE((1.,0.5,1.,0.5,
1.,0.5,1.)) REPRESENTATION_ITEM('') );
#5192 = CARTESIAN_POINT('',(81.254,-135.358,270.558));
#5193 = CARTESIAN_POINT('',(81.254,-131.8938983848,270.558));
#5194 = CARTESIAN_POINT('',(81.254,-133.6259491924,267.558));
#5195 = CARTESIAN_POINT('',(81.254,-135.358,264.558));
#5196 = CARTESIAN_POINT('',(81.254,-137.0900508075,267.558));
#5197 = CARTESIAN_POINT('',(81.254,-138.8221016151,270.558));
#5198 = CARTESIAN_POINT('',(81.254,-135.358,270.558));
#5199 = PCURVE('',#5165,#5200);
#5200 = DEFINITIONAL_REPRESENTATION('',(#5201),#5209);
#5201 = ( BOUNDED_CURVE() B_SPLINE_CURVE(2,(#5202,#5203,#5204,#5205,
#5206,#5207,#5208),.UNSPECIFIED.,.T.,.F.) B_SPLINE_CURVE_WITH_KNOTS((1,2
    ,2,2,2,1),(-2.094395102393,0.,2.094395102393,4.188790204786,
6.28318530718,8.377580409573),.UNSPECIFIED.) CURVE() 
GEOMETRIC_REPRESENTATION_ITEM() RATIONAL_B_SPLINE_CURVE((1.,0.5,1.,0.5,
1.,0.5,1.)) REPRESENTATION_ITEM('') );
#5202 = CARTESIAN_POINT('',(-1.110223024625E-16,7.874015748031E-02));
#5203 = CARTESIAN_POINT('',(-0.136381953352,7.874015748031E-02));
#5204 = CARTESIAN_POINT('',(-6.819097667594E-02,-3.937007874016E-02));
#5205 = CARTESIAN_POINT('',(-1.110223024625E-16,-0.157480314961));
#5206 = CARTESIAN_POINT('',(6.819097667594E-02,-3.937007874016E-02));
#5207 = CARTESIAN_POINT('',(0.136381953352,7.874015748031E-02));
#5208 = CARTESIAN_POINT('',(-1.110223024625E-16,7.874015748031E-02));
#5209 = ( GEOMETRIC_REPRESENTATION_CONTEXT(2) 
PARAMETRIC_REPRESENTATION_CONTEXT() REPRESENTATION_CONTEXT('2D SPACE',''
  ) );
#5210 = PCURVE('',#5211,#5226);
#5211 = ( BOUNDED_SURFACE() B_SPLINE_SURFACE(2,1,(
    (#5212,#5213)
    ,(#5214,#5215)
    ,(#5216,#5217)
    ,(#5218,#5219)
    ,(#5220,#5221)
    ,(#5222,#5223)
    ,(#5224,#5225
)),.UNSPECIFIED.,.T.,.F.,.F.) B_SPLINE_SURFACE_WITH_KNOTS((1,2,2,2,2,1),
  (2,2),(-2.094395102393,0.,2.094395102393,4.188790204786,6.28318530718,
    8.377580409573),(-0.314960629921,0.),.UNSPECIFIED.) 
GEOMETRIC_REPRESENTATION_ITEM() RATIONAL_B_SPLINE_SURFACE((
    (1.,1.)
    ,(0.5,0.5)
    ,(1.,1.)
    ,(0.5,0.5)
    ,(1.,1.)
    ,(0.5,0.5)
,(1.,1.))) REPRESENTATION_ITEM('') SURFACE() );
#5212 = CARTESIAN_POINT('',(81.254,-135.358,270.558));
#5213 = CARTESIAN_POINT('',(73.254,-135.358,270.558));
#5214 = CARTESIAN_POINT('',(81.254,-131.8938983848,270.558));
#5215 = CARTESIAN_POINT('',(73.254,-131.8938983848,270.558));
#5216 = CARTESIAN_POINT('',(81.254,-133.6259491924,267.558));
#5217 = CARTESIAN_POINT('',(73.254,-133.6259491924,267.558));
#5218 = CARTESIAN_POINT('',(81.254,-135.358,264.558));
#5219 = CARTESIAN_POINT('',(73.254,-135.358,264.558));
#5220 = CARTESIAN_POINT('',(81.254,-137.0900508075,267.558));
#5221 = CARTESIAN_POINT('',(73.254,-137.0900508075,267.558));
#5222 = CARTESIAN_POINT('',(81.254,-138.8221016151,270.558));
#5223 = CARTESIAN_POINT('',(73.254,-138.8221016151,270.558));
#5224 = CARTESIAN_POINT('',(81.254,-135.358,270.558));
#5225 = CARTESIAN_POINT('',(73.254,-135.358,270.558));
#5226 = DEFINITIONAL_REPRESENTATION('',(#5227),#5235);
#5227 = B_SPLINE_CURVE_WITH_KNOTS('',2,(#5228,#5229,#5230,#5231,#5232,
    #5233,#5234),.UNSPECIFIED.,.F.,.F.,(3,2,2,3),(0.,2.094395102393,
    4.188790204786,6.28318530718),.PIECEWISE_BEZIER_KNOTS.);
#5228 = CARTESIAN_POINT('',(0.,-0.314960629921));
#5229 = CARTESIAN_POINT('',(1.047197551197,-0.314960629921));
#5230 = CARTESIAN_POINT('',(2.094395102393,-0.314960629921));
#5231 = CARTESIAN_POINT('',(3.14159265359,-0.314960629921));
#5232 = CARTESIAN_POINT('',(4.188790204786,-0.314960629921));
#5233 = CARTESIAN_POINT('',(5.235987755983,-0.314960629921));
#5234 = CARTESIAN_POINT('',(6.28318530718,-0.314960629921));
#5235 = ( GEOMETRIC_REPRESENTATION_CONTEXT(2) 
PARAMETRIC_REPRESENTATION_CONTEXT() REPRESENTATION_CONTEXT('2D SPACE',''
  ) );
#5236 = ADVANCED_FACE('',(#5237),#5126,.F.);
#5237 = FACE_BOUND('',#5238,.F.);
#5238 = EDGE_LOOP('',(#5239));
#5239 = ORIENTED_EDGE('',*,*,#5104,.T.);
#5240 = ADVANCED_FACE('',(#5241),#5211,.T.);
#5241 = FACE_BOUND('',#5242,.T.);
#5242 = EDGE_LOOP('',(#5243,#5265,#5266,#5267));
#5243 = ORIENTED_EDGE('',*,*,#5244,.T.);
#5244 = EDGE_CURVE('',#5245,#5188,#5247,.T.);
#5245 = VERTEX_POINT('',#5246);
#5246 = CARTESIAN_POINT('',(73.254,-135.358,270.558));
#5247 = SEAM_CURVE('',#5248,(#5251,#5258),.PCURVE_S1.);
#5248 = B_SPLINE_CURVE_WITH_KNOTS('',1,(#5249,#5250),.UNSPECIFIED.,.F.,
  .F.,(2,2),(0.,0.314960629921),.PIECEWISE_BEZIER_KNOTS.);
#5249 = CARTESIAN_POINT('',(73.254,-135.358,270.558));
#5250 = CARTESIAN_POINT('',(81.254,-135.358,270.558));
#5251 = PCURVE('',#5211,#5252);
#5252 = DEFINITIONAL_REPRESENTATION('',(#5253),#5257);
#5253 = B_SPLINE_CURVE_WITH_KNOTS('',2,(#5254,#5255,#5256),
  .UNSPECIFIED.,.F.,.F.,(3,3),(0.,0.314960629921),
  .PIECEWISE_BEZIER_KNOTS.);
#5254 = CARTESIAN_POINT('',(0.,0.));
#5255 = CARTESIAN_POINT('',(0.,-0.157480314961));
#5256 = CARTESIAN_POINT('',(0.,-0.314960629921));
#5257 = ( GEOMETRIC_REPRESENTATION_CONTEXT(2) 
PARAMETRIC_REPRESENTATION_CONTEXT() REPRESENTATION_CONTEXT('2D SPACE',''
  ) );
#5258 = PCURVE('',#5211,#5259);
#5259 = DEFINITIONAL_REPRESENTATION('',(#5260),#5264);
#5260 = B_SPLINE_CURVE_WITH_KNOTS('',2,(#5261,#5262,#5263),
  .UNSPECIFIED.,.F.,.F.,(3,3),(0.,0.314960629921),
  .PIECEWISE_BEZIER_KNOTS.);
#5261 = CARTESIAN_POINT('',(6.28318530718,0.));
#5262 = CARTESIAN_POINT('',(6.28318530718,-0.157480314961));
#5263 = CARTESIAN_POINT('',(6.28318530718,-0.314960629921));
#5264 = ( GEOMETRIC_REPRESENTATION_CONTEXT(2) 
PARAMETRIC_REPRESENTATION_CONTEXT() REPRESENTATION_CONTEXT('2D SPACE',''
  ) );
#5265 = ORIENTED_EDGE('',*,*,#5187,.T.);
#5266 = ORIENTED_EDGE('',*,*,#5244,.F.);
#5267 = ORIENTED_EDGE('',*,*,#5268,.F.);
#5268 = EDGE_CURVE('',#5245,#5245,#5269,.T.);
#5269 = SURFACE_CURVE('',#5270,(#5278,#5289),.PCURVE_S1.);
#5270 = ( BOUNDED_CURVE() B_SPLINE_CURVE(2,(#5271,#5272,#5273,#5274,
#5275,#5276,#5277),.UNSPECIFIED.,.T.,.F.) B_SPLINE_CURVE_WITH_KNOTS((1,2
    ,2,2,2,1),(-2.094395102393,0.,2.094395102393,4.188790204786,
6.28318530718,8.377580409573),.UNSPECIFIED.) CURVE() 
GEOMETRIC_REPRESENTATION_ITEM() RATIONAL_B_SPLINE_CURVE((1.,0.5,1.,0.5,
1.,0.5,1.)) REPRESENTATION_ITEM('') );
#5271 = CARTESIAN_POINT('',(73.254,-135.358,270.558));
#5272 = CARTESIAN_POINT('',(73.254,-131.8938983848,270.558));
#5273 = CARTESIAN_POINT('',(73.254,-133.6259491924,267.558));
#5274 = CARTESIAN_POINT('',(73.254,-135.358,264.558));
#5275 = CARTESIAN_POINT('',(73.254,-137.0900508075,267.558));
#5276 = CARTESIAN_POINT('',(73.254,-138.8221016151,270.558));
#5277 = CARTESIAN_POINT('',(73.254,-135.358,270.558));
#5278 = PCURVE('',#5211,#5279);
#5279 = DEFINITIONAL_REPRESENTATION('',(#5280),#5288);
#5280 = B_SPLINE_CURVE_WITH_KNOTS('',2,(#5281,#5282,#5283,#5284,#5285,
    #5286,#5287),.UNSPECIFIED.,.F.,.F.,(3,2,2,3),(0.,2.094395102393,
    4.188790204786,6.28318530718),.PIECEWISE_BEZIER_KNOTS.);
#5281 = CARTESIAN_POINT('',(0.,0.));
#5282 = CARTESIAN_POINT('',(1.047197551197,-2.476450417282E-15));
#5283 = CARTESIAN_POINT('',(2.094395102393,0.));
#5284 = CARTESIAN_POINT('',(3.14159265359,-4.513500591805E-15));
#5285 = CARTESIAN_POINT('',(4.188790204786,-8.881784197001E-16));
#5286 = CARTESIAN_POINT('',(5.235987755983,-9.700301564176E-16));
#5287 = CARTESIAN_POINT('',(6.28318530718,0.));
#5288 = ( GEOMETRIC_REPRESENTATION_CONTEXT(2) 
PARAMETRIC_REPRESENTATION_CONTEXT() REPRESENTATION_CONTEXT('2D SPACE',''
  ) );
#5289 = PCURVE('',#5290,#5295);
#5290 = B_SPLINE_SURFACE_WITH_KNOTS('',1,1,(
    (#5291,#5292)
    ,(#5293,#5294
    )),.UNSPECIFIED.,.F.,.F.,.F.,(2,2),(2,2),(-7.874015748031E-02,
    7.874015748031E-02),(-7.874015748031E-02,7.874015748031E-02),
  .PIECEWISE_BEZIER_KNOTS.);
#5291 = CARTESIAN_POINT('',(73.254,-133.358,266.558));
#5292 = CARTESIAN_POINT('',(73.254,-133.358,270.558));
#5293 = CARTESIAN_POINT('',(73.254,-137.358,266.558));
#5294 = CARTESIAN_POINT('',(73.254,-137.358,270.558));
#5295 = DEFINITIONAL_REPRESENTATION('',(#5296),#5304);
#5296 = ( BOUNDED_CURVE() B_SPLINE_CURVE(2,(#5297,#5298,#5299,#5300,
#5301,#5302,#5303),.UNSPECIFIED.,.T.,.F.) B_SPLINE_CURVE_WITH_KNOTS((1,2
    ,2,2,2,1),(-2.094395102393,0.,2.094395102393,4.188790204786,
6.28318530718,8.377580409573),.UNSPECIFIED.) CURVE() 
GEOMETRIC_REPRESENTATION_ITEM() RATIONAL_B_SPLINE_CURVE((1.,0.5,1.,0.5,
1.,0.5,1.)) REPRESENTATION_ITEM('') );
#5297 = CARTESIAN_POINT('',(1.110223024625E-16,7.874015748031E-02));
#5298 = CARTESIAN_POINT('',(-0.136381953352,7.874015748031E-02));
#5299 = CARTESIAN_POINT('',(-6.819097667594E-02,-3.937007874016E-02));
#5300 = CARTESIAN_POINT('',(1.110223024625E-16,-0.157480314961));
#5301 = CARTESIAN_POINT('',(6.819097667594E-02,-3.937007874016E-02));
#5302 = CARTESIAN_POINT('',(0.136381953352,7.874015748031E-02));
#5303 = CARTESIAN_POINT('',(1.110223024625E-16,7.874015748031E-02));
#5304 = ( GEOMETRIC_REPRESENTATION_CONTEXT(2) 
PARAMETRIC_REPRESENTATION_CONTEXT() REPRESENTATION_CONTEXT('2D SPACE',''
  ) );
#5305 = ADVANCED_FACE('',(#5306),#5290,.T.);
#5306 = FACE_BOUND('',#5307,.T.);
#5307 = EDGE_LOOP('',(#5308));
#5308 = ORIENTED_EDGE('',*,*,#5268,.T.);
#5309 = ( GEOMETRIC_REPRESENTATION_CONTEXT(3) 
GLOBAL_UNCERTAINTY_ASSIGNED_CONTEXT((#5313)) 
GLOBAL_UNIT_ASSIGNED_CONTEXT((#5310,#5311,#5312)) REPRESENTATION_CONTEXT
('Context #1','3D Context with UNIT and UNCERTAINTY') );
#5310 = ( LENGTH_UNIT() NAMED_UNIT(*) SI_UNIT(.MILLI.,.METRE.) );
#5311 = ( NAMED_UNIT(*) PLANE_ANGLE_UNIT() SI_UNIT($,.RADIAN.) );
#5312 = ( NAMED_UNIT(*) SI_UNIT($,.STERADIAN.) SOLID_ANGLE_UNIT() );
#5313 = UNCERTAINTY_MEASURE_WITH_UNIT(LENGTH_MEASURE(2.E-06),#5310,
  'distance_accuracy_value','confusion accuracy');
#5314 = CONTEXT_DEPENDENT_SHAPE_REPRESENTATION(#5315,#5317);
#5315 = ( REPRESENTATION_RELATIONSHIP('','',#850,#10) 
REPRESENTATION_RELATIONSHIP_WITH_TRANSFORMATION(#5316) 
SHAPE_REPRESENTATION_RELATIONSHIP() );
#5316 = ITEM_DEFINED_TRANSFORMATION('','',#11,#27);
#5317 = PRODUCT_DEFINITION_SHAPE('Placement','Placement of an item',
  #5318);
#5318 = NEXT_ASSEMBLY_USAGE_OCCURRENCE('4','screws_L','',#5,#845,$);
#5319 = PRODUCT_RELATED_PRODUCT_CATEGORY('part',$,(#847));
#5320 = SHAPE_DEFINITION_REPRESENTATION(#5321,#5327);
#5321 = PRODUCT_DEFINITION_SHAPE('','',#5322);
#5322 = PRODUCT_DEFINITION('design','',#5323,#5326);
#5323 = PRODUCT_DEFINITION_FORMATION('','',#5324);
#5324 = PRODUCT('collar_L','collar_L','',(#5325));
#5325 = PRODUCT_CONTEXT('',#2,'mechanical');
#5326 = PRODUCT_DEFINITION_CONTEXT('part definition',#2,'design');
#5327 = ADVANCED_BREP_SHAPE_REPRESENTATION('',(#11,#5328),#5457);
#5328 = MANIFOLD_SOLID_BREP('',#5329);
#5329 = CLOSED_SHELL('',(#5330,#5449,#5453));
#5330 = ADVANCED_FACE('',(#5331),#5344,.T.);
#5331 = FACE_BOUND('',#5332,.T.);
#5332 = EDGE_LOOP('',(#5333,#5372,#5410,#5411));
#5333 = ORIENTED_EDGE('',*,*,#5334,.T.);
#5334 = EDGE_CURVE('',#5335,#5337,#5339,.T.);
#5335 = VERTEX_POINT('',#5336);
#5336 = CARTESIAN_POINT('',(-23.06,-127.358,270.558));
#5337 = VERTEX_POINT('',#5338);
#5338 = CARTESIAN_POINT('',(-14.06,-127.358,270.558));
#5339 = SEAM_CURVE('',#5340,(#5343,#5365),.PCURVE_S1.);
#5340 = B_SPLINE_CURVE_WITH_KNOTS('',1,(#5341,#5342),.UNSPECIFIED.,.F.,
  .F.,(2,2),(0.,0.354330708661),.PIECEWISE_BEZIER_KNOTS.);
#5341 = CARTESIAN_POINT('',(-23.06,-127.358,270.558));
#5342 = CARTESIAN_POINT('',(-14.06,-127.358,270.558));
#5343 = PCURVE('',#5344,#5359);
#5344 = ( BOUNDED_SURFACE() B_SPLINE_SURFACE(2,1,(
    (#5345,#5346)
    ,(#5347,#5348)
    ,(#5349,#5350)
    ,(#5351,#5352)
    ,(#5353,#5354)
    ,(#5355,#5356)
    ,(#5357,#5358
)),.UNSPECIFIED.,.T.,.F.,.F.) B_SPLINE_SURFACE_WITH_KNOTS((1,2,2,2,2,1),
  (2,2),(-2.094395102393,0.,2.094395102393,4.188790204786,6.28318530718,
    8.377580409573),(-0.354330708661,0.),.UNSPECIFIED.) 
GEOMETRIC_REPRESENTATION_ITEM() RATIONAL_B_SPLINE_SURFACE((
    (1.,1.)
    ,(0.5,0.5)
    ,(1.,1.)
    ,(0.5,0.5)
    ,(1.,1.)
    ,(0.5,0.5)
,(1.,1.))) REPRESENTATION_ITEM('') SURFACE() );
#5345 = CARTESIAN_POINT('',(-14.06,-127.358,270.558));
#5346 = CARTESIAN_POINT('',(-23.06,-127.358,270.558));
#5347 = CARTESIAN_POINT('',(-14.06,-110.0374919243,270.558));
#5348 = CARTESIAN_POINT('',(-23.06,-110.0374919243,270.558));
#5349 = CARTESIAN_POINT('',(-14.06,-118.6977459621,255.558));
#5350 = CARTESIAN_POINT('',(-23.06,-118.6977459621,255.558));
#5351 = CARTESIAN_POINT('',(-14.06,-127.358,240.558));
#5352 = CARTESIAN_POINT('',(-23.06,-127.358,240.558));
#5353 = CARTESIAN_POINT('',(-14.06,-136.0182540378,255.558));
#5354 = CARTESIAN_POINT('',(-23.06,-136.0182540378,255.558));
#5355 = CARTESIAN_POINT('',(-14.06,-144.6785080756,270.558));
#5356 = CARTESIAN_POINT('',(-23.06,-144.6785080756,270.558));
#5357 = CARTESIAN_POINT('',(-14.06,-127.358,270.558));
#5358 = CARTESIAN_POINT('',(-23.06,-127.358,270.558));
#5359 = DEFINITIONAL_REPRESENTATION('',(#5360),#5364);
#5360 = B_SPLINE_CURVE_WITH_KNOTS('',2,(#5361,#5362,#5363),
  .UNSPECIFIED.,.F.,.F.,(3,3),(0.,0.354330708661),
  .PIECEWISE_BEZIER_KNOTS.);
#5361 = CARTESIAN_POINT('',(0.,0.));
#5362 = CARTESIAN_POINT('',(0.,-0.177165354331));
#5363 = CARTESIAN_POINT('',(0.,-0.354330708661));
#5364 = ( GEOMETRIC_REPRESENTATION_CONTEXT(2) 
PARAMETRIC_REPRESENTATION_CONTEXT() REPRESENTATION_CONTEXT('2D SPACE',''
  ) );
#5365 = PCURVE('',#5344,#5366);
#5366 = DEFINITIONAL_REPRESENTATION('',(#5367),#5371);
#5367 = B_SPLINE_CURVE_WITH_KNOTS('',2,(#5368,#5369,#5370),
  .UNSPECIFIED.,.F.,.F.,(3,3),(0.,0.354330708661),
  .PIECEWISE_BEZIER_KNOTS.);
#5368 = CARTESIAN_POINT('',(6.28318530718,0.));
#5369 = CARTESIAN_POINT('',(6.28318530718,-0.177165354331));
#5370 = CARTESIAN_POINT('',(6.28318530718,-0.354330708661));
#5371 = ( GEOMETRIC_REPRESENTATION_CONTEXT(2) 
PARAMETRIC_REPRESENTATION_CONTEXT() REPRESENTATION_CONTEXT('2D SPACE',''
  ) );
#5372 = ORIENTED_EDGE('',*,*,#5373,.T.);
#5373 = EDGE_CURVE('',#5337,#5337,#5374,.T.);
#5374 = SURFACE_CURVE('',#5375,(#5383,#5394),.PCURVE_S1.);
#5375 = ( BOUNDED_CURVE() B_SPLINE_CURVE(2,(#5376,#5377,#5378,#5379,
#5380,#5381,#5382),.UNSPECIFIED.,.T.,.F.) B_SPLINE_CURVE_WITH_KNOTS((1,2
    ,2,2,2,1),(-2.094395102393,0.,2.094395102393,4.188790204786,
6.28318530718,8.377580409573),.UNSPECIFIED.) CURVE() 
GEOMETRIC_REPRESENTATION_ITEM() RATIONAL_B_SPLINE_CURVE((1.,0.5,1.,0.5,
1.,0.5,1.)) REPRESENTATION_ITEM('') );
#5376 = CARTESIAN_POINT('',(-14.06,-127.358,270.558));
#5377 = CARTESIAN_POINT('',(-14.06,-110.0374919243,270.558));
#5378 = CARTESIAN_POINT('',(-14.06,-118.6977459621,255.558));
#5379 = CARTESIAN_POINT('',(-14.06,-127.358,240.558));
#5380 = CARTESIAN_POINT('',(-14.06,-136.0182540378,255.558));
#5381 = CARTESIAN_POINT('',(-14.06,-144.6785080756,270.558));
#5382 = CARTESIAN_POINT('',(-14.06,-127.358,270.558));
#5383 = PCURVE('',#5344,#5384);
#5384 = DEFINITIONAL_REPRESENTATION('',(#5385),#5393);
#5385 = B_SPLINE_CURVE_WITH_KNOTS('',2,(#5386,#5387,#5388,#5389,#5390,
    #5391,#5392),.UNSPECIFIED.,.F.,.F.,(3,2,2,3),(0.,2.094395102393,
    4.188790204786,6.28318530718),.PIECEWISE_BEZIER_KNOTS.);
#5386 = CARTESIAN_POINT('',(0.,-0.354330708661));
#5387 = CARTESIAN_POINT('',(1.047197551197,-0.354330708661));
#5388 = CARTESIAN_POINT('',(2.094395102393,-0.354330708661));
#5389 = CARTESIAN_POINT('',(3.14159265359,-0.354330708661));
#5390 = CARTESIAN_POINT('',(4.188790204786,-0.354330708661));
#5391 = CARTESIAN_POINT('',(5.235987755983,-0.354330708661));
#5392 = CARTESIAN_POINT('',(6.28318530718,-0.354330708661));
#5393 = ( GEOMETRIC_REPRESENTATION_CONTEXT(2) 
PARAMETRIC_REPRESENTATION_CONTEXT() REPRESENTATION_CONTEXT('2D SPACE',''
  ) );
#5394 = PCURVE('',#5395,#5400);
#5395 = B_SPLINE_SURFACE_WITH_KNOTS('',1,1,(
    (#5396,#5397)
    ,(#5398,#5399
    )),.UNSPECIFIED.,.F.,.F.,.F.,(2,2),(2,2),(-0.393700787402,
    0.393700787402),(-0.393700787402,0.393700787402),
  .PIECEWISE_BEZIER_KNOTS.);
#5396 = CARTESIAN_POINT('',(-14.06,-117.358,250.558));
#5397 = CARTESIAN_POINT('',(-14.06,-117.358,270.558));
#5398 = CARTESIAN_POINT('',(-14.06,-137.358,250.558));
#5399 = CARTESIAN_POINT('',(-14.06,-137.358,270.558));
#5400 = DEFINITIONAL_REPRESENTATION('',(#5401),#5409);
#5401 = ( BOUNDED_CURVE() B_SPLINE_CURVE(2,(#5402,#5403,#5404,#5405,
#5406,#5407,#5408),.UNSPECIFIED.,.T.,.F.) B_SPLINE_CURVE_WITH_KNOTS((1,2
    ,2,2,2,1),(-2.094395102393,0.,2.094395102393,4.188790204786,
6.28318530718,8.377580409573),.UNSPECIFIED.) CURVE() 
GEOMETRIC_REPRESENTATION_ITEM() RATIONAL_B_SPLINE_CURVE((1.,0.5,1.,0.5,
1.,0.5,1.)) REPRESENTATION_ITEM('') );
#5402 = CARTESIAN_POINT('',(2.22044604925E-16,0.393700787402));
#5403 = CARTESIAN_POINT('',(-0.681909766759,0.393700787402));
#5404 = CARTESIAN_POINT('',(-0.34095488338,-0.196850393701));
#5405 = CARTESIAN_POINT('',(1.110223024625E-16,-0.787401574803));
#5406 = CARTESIAN_POINT('',(0.34095488338,-0.196850393701));
#5407 = CARTESIAN_POINT('',(0.681909766759,0.393700787402));
#5408 = CARTESIAN_POINT('',(2.22044604925E-16,0.393700787402));
#5409 = ( GEOMETRIC_REPRESENTATION_CONTEXT(2) 
PARAMETRIC_REPRESENTATION_CONTEXT() REPRESENTATION_CONTEXT('2D SPACE',''
  ) );
#5410 = ORIENTED_EDGE('',*,*,#5334,.F.);
#5411 = ORIENTED_EDGE('',*,*,#5412,.F.);
#5412 = EDGE_CURVE('',#5335,#5335,#5413,.T.);
#5413 = SURFACE_CURVE('',#5414,(#5422,#5433),.PCURVE_S1.);
#5414 = ( BOUNDED_CURVE() B_SPLINE_CURVE(2,(#5415,#5416,#5417,#5418,
#5419,#5420,#5421),.UNSPECIFIED.,.T.,.F.) B_SPLINE_CURVE_WITH_KNOTS((1,2
    ,2,2,2,1),(-2.094395102393,0.,2.094395102393,4.188790204786,
6.28318530718,8.377580409573),.UNSPECIFIED.) CURVE() 
GEOMETRIC_REPRESENTATION_ITEM() RATIONAL_B_SPLINE_CURVE((1.,0.5,1.,0.5,
1.,0.5,1.)) REPRESENTATION_ITEM('') );
#5415 = CARTESIAN_POINT('',(-23.06,-127.358,270.558));
#5416 = CARTESIAN_POINT('',(-23.06,-110.0374919243,270.558));
#5417 = CARTESIAN_POINT('',(-23.06,-118.6977459621,255.558));
#5418 = CARTESIAN_POINT('',(-23.06,-127.358,240.558));
#5419 = CARTESIAN_POINT('',(-23.06,-136.0182540378,255.558));
#5420 = CARTESIAN_POINT('',(-23.06,-144.6785080756,270.558));
#5421 = CARTESIAN_POINT('',(-23.06,-127.358,270.558));
#5422 = PCURVE('',#5344,#5423);
#5423 = DEFINITIONAL_REPRESENTATION('',(#5424),#5432);
#5424 = B_SPLINE_CURVE_WITH_KNOTS('',2,(#5425,#5426,#5427,#5428,#5429,
    #5430,#5431),.UNSPECIFIED.,.F.,.F.,(3,2,2,3),(0.,2.094395102393,
    4.188790204786,6.28318530718),.PIECEWISE_BEZIER_KNOTS.);
#5425 = CARTESIAN_POINT('',(0.,0.));
#5426 = CARTESIAN_POINT('',(1.047197551197,-1.00542996722E-15));
#5427 = CARTESIAN_POINT('',(2.094395102393,0.));
#5428 = CARTESIAN_POINT('',(3.14159265359,-3.384590619816E-16));
#5429 = CARTESIAN_POINT('',(4.188790204786,0.));
#5430 = CARTESIAN_POINT('',(5.235987755983,-6.191126043204E-16));
#5431 = CARTESIAN_POINT('',(6.28318530718,0.));
#5432 = ( GEOMETRIC_REPRESENTATION_CONTEXT(2) 
PARAMETRIC_REPRESENTATION_CONTEXT() REPRESENTATION_CONTEXT('2D SPACE',''
  ) );
#5433 = PCURVE('',#5434,#5439);
#5434 = B_SPLINE_SURFACE_WITH_KNOTS('',1,1,(
    (#5435,#5436)
    ,(#5437,#5438
    )),.UNSPECIFIED.,.F.,.F.,.F.,(2,2),(2,2),(-0.393700787402,
    0.393700787402),(-0.393700787402,0.393700787402),
  .PIECEWISE_BEZIER_KNOTS.);
#5435 = CARTESIAN_POINT('',(-23.06,-117.358,250.558));
#5436 = CARTESIAN_POINT('',(-23.06,-117.358,270.558));
#5437 = CARTESIAN_POINT('',(-23.06,-137.358,250.558));
#5438 = CARTESIAN_POINT('',(-23.06,-137.358,270.558));
#5439 = DEFINITIONAL_REPRESENTATION('',(#5440),#5448);
#5440 = ( BOUNDED_CURVE() B_SPLINE_CURVE(2,(#5441,#5442,#5443,#5444,
#5445,#5446,#5447),.UNSPECIFIED.,.T.,.F.) B_SPLINE_CURVE_WITH_KNOTS((1,2
    ,2,2,2,1),(-2.094395102393,0.,2.094395102393,4.188790204786,
6.28318530718,8.377580409573),.UNSPECIFIED.) CURVE() 
GEOMETRIC_REPRESENTATION_ITEM() RATIONAL_B_SPLINE_CURVE((1.,0.5,1.,0.5,
1.,0.5,1.)) REPRESENTATION_ITEM('') );
#5441 = CARTESIAN_POINT('',(2.22044604925E-16,0.393700787402));
#5442 = CARTESIAN_POINT('',(-0.681909766759,0.393700787402));
#5443 = CARTESIAN_POINT('',(-0.34095488338,-0.196850393701));
#5444 = CARTESIAN_POINT('',(1.110223024625E-16,-0.787401574803));
#5445 = CARTESIAN_POINT('',(0.34095488338,-0.196850393701));
#5446 = CARTESIAN_POINT('',(0.681909766759,0.393700787402));
#5447 = CARTESIAN_POINT('',(2.22044604925E-16,0.393700787402));
#5448 = ( GEOMETRIC_REPRESENTATION_CONTEXT(2) 
PARAMETRIC_REPRESENTATION_CONTEXT() REPRESENTATION_CONTEXT('2D SPACE',''
  ) );
#5449 = ADVANCED_FACE('',(#5450),#5434,.T.);
#5450 = FACE_BOUND('',#5451,.T.);
#5451 = EDGE_LOOP('',(#5452));
#5452 = ORIENTED_EDGE('',*,*,#5412,.T.);
#5453 = ADVANCED_FACE('',(#5454),#5395,.F.);
#5454 = FACE_BOUND('',#5455,.F.);
#5455 = EDGE_LOOP('',(#5456));
#5456 = ORIENTED_EDGE('',*,*,#5373,.T.);
#5457 = ( GEOMETRIC_REPRESENTATION_CONTEXT(3) 
GLOBAL_UNCERTAINTY_ASSIGNED_CONTEXT((#5461)) 
GLOBAL_UNIT_ASSIGNED_CONTEXT((#5458,#5459,#5460)) REPRESENTATION_CONTEXT
('Context #1','3D Context with UNIT and UNCERTAINTY') );
#5458 = ( LENGTH_UNIT() NAMED_UNIT(*) SI_UNIT(.MILLI.,.METRE.) );
#5459 = ( NAMED_UNIT(*) PLANE_ANGLE_UNIT() SI_UNIT($,.RADIAN.) );
#5460 = ( NAMED_UNIT(*) SI_UNIT($,.STERADIAN.) SOLID_ANGLE_UNIT() );
#5461 = UNCERTAINTY_MEASURE_WITH_UNIT(LENGTH_MEASURE(2.E-06),#5458,
  'distance_accuracy_value','confusion accuracy');
#5462 = CONTEXT_DEPENDENT_SHAPE_REPRESENTATION(#5463,#5465);
#5463 = ( REPRESENTATION_RELATIONSHIP('','',#5327,#10) 
REPRESENTATION_RELATIONSHIP_WITH_TRANSFORMATION(#5464) 
SHAPE_REPRESENTATION_RELATIONSHIP() );
#5464 = ITEM_DEFINED_TRANSFORMATION('','',#11,#31);
#5465 = PRODUCT_DEFINITION_SHAPE('Placement','Placement of an item',
  #5466);
#5466 = NEXT_ASSEMBLY_USAGE_OCCURRENCE('5','collar_L','',#5,#5322,$);
#5467 = PRODUCT_RELATED_PRODUCT_CATEGORY('part',$,(#5324));
#5468 = SHAPE_DEFINITION_REPRESENTATION(#5469,#5475);
#5469 = PRODUCT_DEFINITION_SHAPE('','',#5470);
#5470 = PRODUCT_DEFINITION('design','',#5471,#5474);
#5471 = PRODUCT_DEFINITION_FORMATION('','',#5472);
#5472 = PRODUCT('plate_A_R','plate_A_R','',(#5473));
#5473 = PRODUCT_CONTEXT('',#2,'mechanical');
#5474 = PRODUCT_DEFINITION_CONTEXT('part definition',#2,'design');
#5475 = ADVANCED_BREP_SHAPE_REPRESENTATION('',(#11,#5476),#5770);
#5476 = MANIFOLD_SOLID_BREP('',#5477);
#5477 = CLOSED_SHELL('',(#5478,#5586,#5674,#5715,#5756,#5763));
#5478 = ADVANCED_FACE('',(#5479),#5492,.T.);
#5479 = FACE_BOUND('',#5480,.T.);
#5480 = EDGE_LOOP('',(#5481,#5513,#5538,#5563));
#5481 = ORIENTED_EDGE('',*,*,#5482,.F.);
#5482 = EDGE_CURVE('',#5483,#5485,#5487,.T.);
#5483 = VERTEX_POINT('',#5484);
#5484 = CARTESIAN_POINT('',(-196.034,-115.358,128.558));
#5485 = VERTEX_POINT('',#5486);
#5486 = CARTESIAN_POINT('',(-196.034,-59.358,128.558));
#5487 = SURFACE_CURVE('',#5488,(#5491,#5502),.PCURVE_S1.);
#5488 = B_SPLINE_CURVE_WITH_KNOTS('',1,(#5489,#5490),.UNSPECIFIED.,.F.,
  .F.,(2,2),(0.,2.204724409449),.PIECEWISE_BEZIER_KNOTS.);
#5489 = CARTESIAN_POINT('',(-196.034,-115.358,128.558));
#5490 = CARTESIAN_POINT('',(-196.034,-59.358,128.558));
#5491 = PCURVE('',#5492,#5497);
#5492 = B_SPLINE_SURFACE_WITH_KNOTS('',1,1,(
    (#5493,#5494)
    ,(#5495,#5496
    )),.UNSPECIFIED.,.F.,.F.,.F.,(2,2),(2,2),(0.,2.204724409449),(
    -9.842519685039E-02,0.),.PIECEWISE_BEZIER_KNOTS.);
#5493 = CARTESIAN_POINT('',(-198.534,-115.358,128.558));
#5494 = CARTESIAN_POINT('',(-196.034,-115.358,128.558));
#5495 = CARTESIAN_POINT('',(-198.534,-59.358,128.558));
#5496 = CARTESIAN_POINT('',(-196.034,-59.358,128.558));
#5497 = DEFINITIONAL_REPRESENTATION('',(#5498),#5501);
#5498 = B_SPLINE_CURVE_WITH_KNOTS('',1,(#5499,#5500),.UNSPECIFIED.,.F.,
  .F.,(2,2),(0.,2.204724409449),.PIECEWISE_BEZIER_KNOTS.);
#5499 = CARTESIAN_POINT('',(0.,0.));
#5500 = CARTESIAN_POINT('',(2.204724409449,0.));
#5501 = ( GEOMETRIC_REPRESENTATION_CONTEXT(2) 
PARAMETRIC_REPRESENTATION_CONTEXT() REPRESENTATION_CONTEXT('2D SPACE',''
  ) );
#5502 = PCURVE('',#5503,#5508);
#5503 = B_SPLINE_SURFACE_WITH_KNOTS('',1,1,(
    (#5504,#5505)
    ,(#5506,#5507
    )),.UNSPECIFIED.,.F.,.F.,.F.,(2,2),(2,2),(0.,2.204724409449),(0.,
    2.204724409449),.PIECEWISE_BEZIER_KNOTS.);
#5504 = CARTESIAN_POINT('',(-196.034,-115.358,128.558));
#5505 = CARTESIAN_POINT('',(-196.034,-115.358,184.558));
#5506 = CARTESIAN_POINT('',(-196.034,-59.358,128.558));
#5507 = CARTESIAN_POINT('',(-196.034,-59.358,184.558));
#5508 = DEFINITIONAL_REPRESENTATION('',(#5509),#5512);
#5509 = B_SPLINE_CURVE_WITH_KNOTS('',1,(#5510,#5511),.UNSPECIFIED.,.F.,
  .F.,(2,2),(0.,2.204724409449),.PIECEWISE_BEZIER_KNOTS.);
#5510 = CARTESIAN_POINT('',(0.,0.));
#5511 = CARTESIAN_POINT('',(2.204724409449,0.));
#5512 = ( GEOMETRIC_REPRESENTATION_CONTEXT(2) 
PARAMETRIC_REPRESENTATION_CONTEXT() REPRESENTATION_CONTEXT('2D SPACE',''
  ) );
#5513 = ORIENTED_EDGE('',*,*,#5514,.T.);
#5514 = EDGE_CURVE('',#5483,#5515,#5517,.T.);
#5515 = VERTEX_POINT('',#5516);
#5516 = CARTESIAN_POINT('',(-198.534,-115.358,128.558));
#5517 = SURFACE_CURVE('',#5518,(#5521,#5527),.PCURVE_S1.);
#5518 = B_SPLINE_CURVE_WITH_KNOTS('',1,(#5519,#5520),.UNSPECIFIED.,.F.,
  .F.,(2,2),(0.,9.842519685039E-02),.PIECEWISE_BEZIER_KNOTS.);
#5519 = CARTESIAN_POINT('',(-196.034,-115.358,128.558));
#5520 = CARTESIAN_POINT('',(-198.534,-115.358,128.558));
#5521 = PCURVE('',#5492,#5522);
#5522 = DEFINITIONAL_REPRESENTATION('',(#5523),#5526);
#5523 = B_SPLINE_CURVE_WITH_KNOTS('',1,(#5524,#5525),.UNSPECIFIED.,.F.,
  .F.,(2,2),(0.,9.842519685039E-02),.PIECEWISE_BEZIER_KNOTS.);
#5524 = CARTESIAN_POINT('',(0.,0.));
#5525 = CARTESIAN_POINT('',(0.,-9.842519685039E-02));
#5526 = ( GEOMETRIC_REPRESENTATION_CONTEXT(2) 
PARAMETRIC_REPRESENTATION_CONTEXT() REPRESENTATION_CONTEXT('2D SPACE',''
  ) );
#5527 = PCURVE('',#5528,#5533);
#5528 = B_SPLINE_SURFACE_WITH_KNOTS('',1,1,(
    (#5529,#5530)
    ,(#5531,#5532
    )),.UNSPECIFIED.,.F.,.F.,.F.,(2,2),(2,2),(0.,2.204724409449),(0.,
    9.842519685039E-02),.PIECEWISE_BEZIER_KNOTS.);
#5529 = CARTESIAN_POINT('',(-196.034,-115.358,128.558));
#5530 = CARTESIAN_POINT('',(-198.534,-115.358,128.558));
#5531 = CARTESIAN_POINT('',(-196.034,-115.358,184.558));
#5532 = CARTESIAN_POINT('',(-198.534,-115.358,184.558));
#5533 = DEFINITIONAL_REPRESENTATION('',(#5534),#5537);
#5534 = B_SPLINE_CURVE_WITH_KNOTS('',1,(#5535,#5536),.UNSPECIFIED.,.F.,
  .F.,(2,2),(0.,9.842519685039E-02),.PIECEWISE_BEZIER_KNOTS.);
#5535 = CARTESIAN_POINT('',(0.,0.));
#5536 = CARTESIAN_POINT('',(0.,9.842519685039E-02));
#5537 = ( GEOMETRIC_REPRESENTATION_CONTEXT(2) 
PARAMETRIC_REPRESENTATION_CONTEXT() REPRESENTATION_CONTEXT('2D SPACE',''
  ) );
#5538 = ORIENTED_EDGE('',*,*,#5539,.T.);
#5539 = EDGE_CURVE('',#5515,#5540,#5542,.T.);
#5540 = VERTEX_POINT('',#5541);
#5541 = CARTESIAN_POINT('',(-198.534,-59.358,128.558));
#5542 = SURFACE_CURVE('',#5543,(#5546,#5552),.PCURVE_S1.);
#5543 = B_SPLINE_CURVE_WITH_KNOTS('',1,(#5544,#5545),.UNSPECIFIED.,.F.,
  .F.,(2,2),(0.,2.204724409449),.PIECEWISE_BEZIER_KNOTS.);
#5544 = CARTESIAN_POINT('',(-198.534,-115.358,128.558));
#5545 = CARTESIAN_POINT('',(-198.534,-59.358,128.558));
#5546 = PCURVE('',#5492,#5547);
#5547 = DEFINITIONAL_REPRESENTATION('',(#5548),#5551);
#5548 = B_SPLINE_CURVE_WITH_KNOTS('',1,(#5549,#5550),.UNSPECIFIED.,.F.,
  .F.,(2,2),(0.,2.204724409449),.PIECEWISE_BEZIER_KNOTS.);
#5549 = CARTESIAN_POINT('',(0.,-9.842519685039E-02));
#5550 = CARTESIAN_POINT('',(2.204724409449,-9.842519685039E-02));
#5551 = ( GEOMETRIC_REPRESENTATION_CONTEXT(2) 
PARAMETRIC_REPRESENTATION_CONTEXT() REPRESENTATION_CONTEXT('2D SPACE',''
  ) );
#5552 = PCURVE('',#5553,#5558);
#5553 = B_SPLINE_SURFACE_WITH_KNOTS('',1,1,(
    (#5554,#5555)
    ,(#5556,#5557
    )),.UNSPECIFIED.,.F.,.F.,.F.,(2,2),(2,2),(0.,2.204724409449),(0.,
    2.204724409449),.PIECEWISE_BEZIER_KNOTS.);
#5554 = CARTESIAN_POINT('',(-198.534,-115.358,128.558));
#5555 = CARTESIAN_POINT('',(-198.534,-115.358,184.558));
#5556 = CARTESIAN_POINT('',(-198.534,-59.358,128.558));
#5557 = CARTESIAN_POINT('',(-198.534,-59.358,184.558));
#5558 = DEFINITIONAL_REPRESENTATION('',(#5559),#5562);
#5559 = B_SPLINE_CURVE_WITH_KNOTS('',1,(#5560,#5561),.UNSPECIFIED.,.F.,
  .F.,(2,2),(0.,2.204724409449),.PIECEWISE_BEZIER_KNOTS.);
#5560 = CARTESIAN_POINT('',(0.,0.));
#5561 = CARTESIAN_POINT('',(2.204724409449,0.));
#5562 = ( GEOMETRIC_REPRESENTATION_CONTEXT(2) 
PARAMETRIC_REPRESENTATION_CONTEXT() REPRESENTATION_CONTEXT('2D SPACE',''
  ) );
#5563 = ORIENTED_EDGE('',*,*,#5564,.F.);
#5564 = EDGE_CURVE('',#5485,#5540,#5565,.T.);
#5565 = SURFACE_CURVE('',#5566,(#5569,#5575),.PCURVE_S1.);
#5566 = B_SPLINE_CURVE_WITH_KNOTS('',1,(#5567,#5568),.UNSPECIFIED.,.F.,
  .F.,(2,2),(0.,9.842519685039E-02),.PIECEWISE_BEZIER_KNOTS.);
#5567 = CARTESIAN_POINT('',(-196.034,-59.358,128.558));
#5568 = CARTESIAN_POINT('',(-198.534,-59.358,128.558));
#5569 = PCURVE('',#5492,#5570);
#5570 = DEFINITIONAL_REPRESENTATION('',(#5571),#5574);
#5571 = B_SPLINE_CURVE_WITH_KNOTS('',1,(#5572,#5573),.UNSPECIFIED.,.F.,
  .F.,(2,2),(0.,9.842519685039E-02),.PIECEWISE_BEZIER_KNOTS.);
#5572 = CARTESIAN_POINT('',(2.204724409449,0.));
#5573 = CARTESIAN_POINT('',(2.204724409449,-9.842519685039E-02));
#5574 = ( GEOMETRIC_REPRESENTATION_CONTEXT(2) 
PARAMETRIC_REPRESENTATION_CONTEXT() REPRESENTATION_CONTEXT('2D SPACE',''
  ) );
#5575 = PCURVE('',#5576,#5581);
#5576 = B_SPLINE_SURFACE_WITH_KNOTS('',1,1,(
    (#5577,#5578)
    ,(#5579,#5580
    )),.UNSPECIFIED.,.F.,.F.,.F.,(2,2),(2,2),(0.,2.204724409449),(0.,
    9.842519685039E-02),.PIECEWISE_BEZIER_KNOTS.);
#5577 = CARTESIAN_POINT('',(-196.034,-59.358,128.558));
#5578 = CARTESIAN_POINT('',(-198.534,-59.358,128.558));
#5579 = CARTESIAN_POINT('',(-196.034,-59.358,184.558));
#5580 = CARTESIAN_POINT('',(-198.534,-59.358,184.558));
#5581 = DEFINITIONAL_REPRESENTATION('',(#5582),#5585);
#5582 = B_SPLINE_CURVE_WITH_KNOTS('',1,(#5583,#5584),.UNSPECIFIED.,.F.,
  .F.,(2,2),(0.,9.842519685039E-02),.PIECEWISE_BEZIER_KNOTS.);
#5583 = CARTESIAN_POINT('',(0.,0.));
#5584 = CARTESIAN_POINT('',(0.,9.842519685039E-02));
#5585 = ( GEOMETRIC_REPRESENTATION_CONTEXT(2) 
PARAMETRIC_REPRESENTATION_CONTEXT() REPRESENTATION_CONTEXT('2D SPACE',''
  ) );
#5586 = ADVANCED_FACE('',(#5587),#5600,.F.);
#5587 = FACE_BOUND('',#5588,.F.);
#5588 = EDGE_LOOP('',(#5589,#5616,#5636,#5656));
#5589 = ORIENTED_EDGE('',*,*,#5590,.F.);
#5590 = EDGE_CURVE('',#5591,#5593,#5595,.T.);
#5591 = VERTEX_POINT('',#5592);
#5592 = CARTESIAN_POINT('',(-196.034,-115.358,184.558));
#5593 = VERTEX_POINT('',#5594);
#5594 = CARTESIAN_POINT('',(-196.034,-59.358,184.558));
#5595 = SURFACE_CURVE('',#5596,(#5599,#5610),.PCURVE_S1.);
#5596 = B_SPLINE_CURVE_WITH_KNOTS('',1,(#5597,#5598),.UNSPECIFIED.,.F.,
  .F.,(2,2),(0.,2.204724409449),.PIECEWISE_BEZIER_KNOTS.);
#5597 = CARTESIAN_POINT('',(-196.034,-115.358,184.558));
#5598 = CARTESIAN_POINT('',(-196.034,-59.358,184.558));
#5599 = PCURVE('',#5600,#5605);
#5600 = B_SPLINE_SURFACE_WITH_KNOTS('',1,1,(
    (#5601,#5602)
    ,(#5603,#5604
    )),.UNSPECIFIED.,.F.,.F.,.F.,(2,2),(2,2),(0.,2.204724409449),(
    -9.842519685039E-02,0.),.PIECEWISE_BEZIER_KNOTS.);
#5601 = CARTESIAN_POINT('',(-198.534,-115.358,184.558));
#5602 = CARTESIAN_POINT('',(-196.034,-115.358,184.558));
#5603 = CARTESIAN_POINT('',(-198.534,-59.358,184.558));
#5604 = CARTESIAN_POINT('',(-196.034,-59.358,184.558));
#5605 = DEFINITIONAL_REPRESENTATION('',(#5606),#5609);
#5606 = B_SPLINE_CURVE_WITH_KNOTS('',1,(#5607,#5608),.UNSPECIFIED.,.F.,
  .F.,(2,2),(0.,2.204724409449),.PIECEWISE_BEZIER_KNOTS.);
#5607 = CARTESIAN_POINT('',(0.,0.));
#5608 = CARTESIAN_POINT('',(2.204724409449,0.));
#5609 = ( GEOMETRIC_REPRESENTATION_CONTEXT(2) 
PARAMETRIC_REPRESENTATION_CONTEXT() REPRESENTATION_CONTEXT('2D SPACE',''
  ) );
#5610 = PCURVE('',#5503,#5611);
#5611 = DEFINITIONAL_REPRESENTATION('',(#5612),#5615);
#5612 = B_SPLINE_CURVE_WITH_KNOTS('',1,(#5613,#5614),.UNSPECIFIED.,.F.,
  .F.,(2,2),(0.,2.204724409449),.PIECEWISE_BEZIER_KNOTS.);
#5613 = CARTESIAN_POINT('',(0.,2.204724409449));
#5614 = CARTESIAN_POINT('',(2.204724409449,2.204724409449));
#5615 = ( GEOMETRIC_REPRESENTATION_CONTEXT(2) 
PARAMETRIC_REPRESENTATION_CONTEXT() REPRESENTATION_CONTEXT('2D SPACE',''
  ) );
#5616 = ORIENTED_EDGE('',*,*,#5617,.T.);
#5617 = EDGE_CURVE('',#5591,#5618,#5620,.T.);
#5618 = VERTEX_POINT('',#5619);
#5619 = CARTESIAN_POINT('',(-198.534,-115.358,184.558));
#5620 = SURFACE_CURVE('',#5621,(#5624,#5630),.PCURVE_S1.);
#5621 = B_SPLINE_CURVE_WITH_KNOTS('',1,(#5622,#5623),.UNSPECIFIED.,.F.,
  .F.,(2,2),(0.,9.842519685039E-02),.PIECEWISE_BEZIER_KNOTS.);
#5622 = CARTESIAN_POINT('',(-196.034,-115.358,184.558));
#5623 = CARTESIAN_POINT('',(-198.534,-115.358,184.558));
#5624 = PCURVE('',#5600,#5625);
#5625 = DEFINITIONAL_REPRESENTATION('',(#5626),#5629);
#5626 = B_SPLINE_CURVE_WITH_KNOTS('',1,(#5627,#5628),.UNSPECIFIED.,.F.,
  .F.,(2,2),(0.,9.842519685039E-02),.PIECEWISE_BEZIER_KNOTS.);
#5627 = CARTESIAN_POINT('',(0.,0.));
#5628 = CARTESIAN_POINT('',(0.,-9.842519685039E-02));
#5629 = ( GEOMETRIC_REPRESENTATION_CONTEXT(2) 
PARAMETRIC_REPRESENTATION_CONTEXT() REPRESENTATION_CONTEXT('2D SPACE',''
  ) );
#5630 = PCURVE('',#5528,#5631);
#5631 = DEFINITIONAL_REPRESENTATION('',(#5632),#5635);
#5632 = B_SPLINE_CURVE_WITH_KNOTS('',1,(#5633,#5634),.UNSPECIFIED.,.F.,
  .F.,(2,2),(0.,9.842519685039E-02),.PIECEWISE_BEZIER_KNOTS.);
#5633 = CARTESIAN_POINT('',(2.204724409449,0.));
#5634 = CARTESIAN_POINT('',(2.204724409449,9.842519685039E-02));
#5635 = ( GEOMETRIC_REPRESENTATION_CONTEXT(2) 
PARAMETRIC_REPRESENTATION_CONTEXT() REPRESENTATION_CONTEXT('2D SPACE',''
  ) );
#5636 = ORIENTED_EDGE('',*,*,#5637,.T.);
#5637 = EDGE_CURVE('',#5618,#5638,#5640,.T.);
#5638 = VERTEX_POINT('',#5639);
#5639 = CARTESIAN_POINT('',(-198.534,-59.358,184.558));
#5640 = SURFACE_CURVE('',#5641,(#5644,#5650),.PCURVE_S1.);
#5641 = B_SPLINE_CURVE_WITH_KNOTS('',1,(#5642,#5643),.UNSPECIFIED.,.F.,
  .F.,(2,2),(0.,2.204724409449),.PIECEWISE_BEZIER_KNOTS.);
#5642 = CARTESIAN_POINT('',(-198.534,-115.358,184.558));
#5643 = CARTESIAN_POINT('',(-198.534,-59.358,184.558));
#5644 = PCURVE('',#5600,#5645);
#5645 = DEFINITIONAL_REPRESENTATION('',(#5646),#5649);
#5646 = B_SPLINE_CURVE_WITH_KNOTS('',1,(#5647,#5648),.UNSPECIFIED.,.F.,
  .F.,(2,2),(0.,2.204724409449),.PIECEWISE_BEZIER_KNOTS.);
#5647 = CARTESIAN_POINT('',(0.,-9.842519685039E-02));
#5648 = CARTESIAN_POINT('',(2.204724409449,-9.842519685039E-02));
#5649 = ( GEOMETRIC_REPRESENTATION_CONTEXT(2) 
PARAMETRIC_REPRESENTATION_CONTEXT() REPRESENTATION_CONTEXT('2D SPACE',''
  ) );
#5650 = PCURVE('',#5553,#5651);
#5651 = DEFINITIONAL_REPRESENTATION('',(#5652),#5655);
#5652 = B_SPLINE_CURVE_WITH_KNOTS('',1,(#5653,#5654),.UNSPECIFIED.,.F.,
  .F.,(2,2),(0.,2.204724409449),.PIECEWISE_BEZIER_KNOTS.);
#5653 = CARTESIAN_POINT('',(0.,2.204724409449));
#5654 = CARTESIAN_POINT('',(2.204724409449,2.204724409449));
#5655 = ( GEOMETRIC_REPRESENTATION_CONTEXT(2) 
PARAMETRIC_REPRESENTATION_CONTEXT() REPRESENTATION_CONTEXT('2D SPACE',''
  ) );
#5656 = ORIENTED_EDGE('',*,*,#5657,.F.);
#5657 = EDGE_CURVE('',#5593,#5638,#5658,.T.);
#5658 = SURFACE_CURVE('',#5659,(#5662,#5668),.PCURVE_S1.);
#5659 = B_SPLINE_CURVE_WITH_KNOTS('',1,(#5660,#5661),.UNSPECIFIED.,.F.,
  .F.,(2,2),(0.,9.842519685039E-02),.PIECEWISE_BEZIER_KNOTS.);
#5660 = CARTESIAN_POINT('',(-196.034,-59.358,184.558));
#5661 = CARTESIAN_POINT('',(-198.534,-59.358,184.558));
#5662 = PCURVE('',#5600,#5663);
#5663 = DEFINITIONAL_REPRESENTATION('',(#5664),#5667);
#5664 = B_SPLINE_CURVE_WITH_KNOTS('',1,(#5665,#5666),.UNSPECIFIED.,.F.,
  .F.,(2,2),(0.,9.842519685039E-02),.PIECEWISE_BEZIER_KNOTS.);
#5665 = CARTESIAN_POINT('',(2.204724409449,0.));
#5666 = CARTESIAN_POINT('',(2.204724409449,-9.842519685039E-02));
#5667 = ( GEOMETRIC_REPRESENTATION_CONTEXT(2) 
PARAMETRIC_REPRESENTATION_CONTEXT() REPRESENTATION_CONTEXT('2D SPACE',''
  ) );
#5668 = PCURVE('',#5576,#5669);
#5669 = DEFINITIONAL_REPRESENTATION('',(#5670),#5673);
#5670 = B_SPLINE_CURVE_WITH_KNOTS('',1,(#5671,#5672),.UNSPECIFIED.,.F.,
  .F.,(2,2),(0.,9.842519685039E-02),.PIECEWISE_BEZIER_KNOTS.);
#5671 = CARTESIAN_POINT('',(2.204724409449,0.));
#5672 = CARTESIAN_POINT('',(2.204724409449,9.842519685039E-02));
#5673 = ( GEOMETRIC_REPRESENTATION_CONTEXT(2) 
PARAMETRIC_REPRESENTATION_CONTEXT() REPRESENTATION_CONTEXT('2D SPACE',''
  ) );
#5674 = ADVANCED_FACE('',(#5675),#5503,.T.);
#5675 = FACE_BOUND('',#5676,.T.);
#5676 = EDGE_LOOP('',(#5677,#5695,#5696,#5714));
#5677 = ORIENTED_EDGE('',*,*,#5678,.F.);
#5678 = EDGE_CURVE('',#5483,#5591,#5679,.T.);
#5679 = SURFACE_CURVE('',#5680,(#5683,#5689),.PCURVE_S1.);
#5680 = B_SPLINE_CURVE_WITH_KNOTS('',1,(#5681,#5682),.UNSPECIFIED.,.F.,
  .F.,(2,2),(0.,2.204724409449),.PIECEWISE_BEZIER_KNOTS.);
#5681 = CARTESIAN_POINT('',(-196.034,-115.358,128.558));
#5682 = CARTESIAN_POINT('',(-196.034,-115.358,184.558));
#5683 = PCURVE('',#5503,#5684);
#5684 = DEFINITIONAL_REPRESENTATION('',(#5685),#5688);
#5685 = B_SPLINE_CURVE_WITH_KNOTS('',1,(#5686,#5687),.UNSPECIFIED.,.F.,
  .F.,(2,2),(0.,2.204724409449),.PIECEWISE_BEZIER_KNOTS.);
#5686 = CARTESIAN_POINT('',(0.,0.));
#5687 = CARTESIAN_POINT('',(0.,2.204724409449));
#5688 = ( GEOMETRIC_REPRESENTATION_CONTEXT(2) 
PARAMETRIC_REPRESENTATION_CONTEXT() REPRESENTATION_CONTEXT('2D SPACE',''
  ) );
#5689 = PCURVE('',#5528,#5690);
#5690 = DEFINITIONAL_REPRESENTATION('',(#5691),#5694);
#5691 = B_SPLINE_CURVE_WITH_KNOTS('',1,(#5692,#5693),.UNSPECIFIED.,.F.,
  .F.,(2,2),(0.,2.204724409449),.PIECEWISE_BEZIER_KNOTS.);
#5692 = CARTESIAN_POINT('',(0.,0.));
#5693 = CARTESIAN_POINT('',(2.204724409449,0.));
#5694 = ( GEOMETRIC_REPRESENTATION_CONTEXT(2) 
PARAMETRIC_REPRESENTATION_CONTEXT() REPRESENTATION_CONTEXT('2D SPACE',''
  ) );
#5695 = ORIENTED_EDGE('',*,*,#5482,.T.);
#5696 = ORIENTED_EDGE('',*,*,#5697,.T.);
#5697 = EDGE_CURVE('',#5485,#5593,#5698,.T.);
#5698 = SURFACE_CURVE('',#5699,(#5702,#5708),.PCURVE_S1.);
#5699 = B_SPLINE_CURVE_WITH_KNOTS('',1,(#5700,#5701),.UNSPECIFIED.,.F.,
  .F.,(2,2),(0.,2.204724409449),.PIECEWISE_BEZIER_KNOTS.);
#5700 = CARTESIAN_POINT('',(-196.034,-59.358,128.558));
#5701 = CARTESIAN_POINT('',(-196.034,-59.358,184.558));
#5702 = PCURVE('',#5503,#5703);
#5703 = DEFINITIONAL_REPRESENTATION('',(#5704),#5707);
#5704 = B_SPLINE_CURVE_WITH_KNOTS('',1,(#5705,#5706),.UNSPECIFIED.,.F.,
  .F.,(2,2),(0.,2.204724409449),.PIECEWISE_BEZIER_KNOTS.);
#5705 = CARTESIAN_POINT('',(2.204724409449,0.));
#5706 = CARTESIAN_POINT('',(2.204724409449,2.204724409449));
#5707 = ( GEOMETRIC_REPRESENTATION_CONTEXT(2) 
PARAMETRIC_REPRESENTATION_CONTEXT() REPRESENTATION_CONTEXT('2D SPACE',''
  ) );
#5708 = PCURVE('',#5576,#5709);
#5709 = DEFINITIONAL_REPRESENTATION('',(#5710),#5713);
#5710 = B_SPLINE_CURVE_WITH_KNOTS('',1,(#5711,#5712),.UNSPECIFIED.,.F.,
  .F.,(2,2),(0.,2.204724409449),.PIECEWISE_BEZIER_KNOTS.);
#5711 = CARTESIAN_POINT('',(0.,0.));
#5712 = CARTESIAN_POINT('',(2.204724409449,0.));
#5713 = ( GEOMETRIC_REPRESENTATION_CONTEXT(2) 
PARAMETRIC_REPRESENTATION_CONTEXT() REPRESENTATION_CONTEXT('2D SPACE',''
  ) );
#5714 = ORIENTED_EDGE('',*,*,#5590,.F.);
#5715 = ADVANCED_FACE('',(#5716),#5553,.F.);
#5716 = FACE_BOUND('',#5717,.F.);
#5717 = EDGE_LOOP('',(#5718,#5736,#5737,#5755));
#5718 = ORIENTED_EDGE('',*,*,#5719,.F.);
#5719 = EDGE_CURVE('',#5515,#5618,#5720,.T.);
#5720 = SURFACE_CURVE('',#5721,(#5724,#5730),.PCURVE_S1.);
#5721 = B_SPLINE_CURVE_WITH_KNOTS('',1,(#5722,#5723),.UNSPECIFIED.,.F.,
  .F.,(2,2),(0.,2.204724409449),.PIECEWISE_BEZIER_KNOTS.);
#5722 = CARTESIAN_POINT('',(-198.534,-115.358,128.558));
#5723 = CARTESIAN_POINT('',(-198.534,-115.358,184.558));
#5724 = PCURVE('',#5553,#5725);
#5725 = DEFINITIONAL_REPRESENTATION('',(#5726),#5729);
#5726 = B_SPLINE_CURVE_WITH_KNOTS('',1,(#5727,#5728),.UNSPECIFIED.,.F.,
  .F.,(2,2),(0.,2.204724409449),.PIECEWISE_BEZIER_KNOTS.);
#5727 = CARTESIAN_POINT('',(0.,0.));
#5728 = CARTESIAN_POINT('',(0.,2.204724409449));
#5729 = ( GEOMETRIC_REPRESENTATION_CONTEXT(2) 
PARAMETRIC_REPRESENTATION_CONTEXT() REPRESENTATION_CONTEXT('2D SPACE',''
  ) );
#5730 = PCURVE('',#5528,#5731);
#5731 = DEFINITIONAL_REPRESENTATION('',(#5732),#5735);
#5732 = B_SPLINE_CURVE_WITH_KNOTS('',1,(#5733,#5734),.UNSPECIFIED.,.F.,
  .F.,(2,2),(0.,2.204724409449),.PIECEWISE_BEZIER_KNOTS.);
#5733 = CARTESIAN_POINT('',(0.,9.842519685039E-02));
#5734 = CARTESIAN_POINT('',(2.204724409449,9.842519685039E-02));
#5735 = ( GEOMETRIC_REPRESENTATION_CONTEXT(2) 
PARAMETRIC_REPRESENTATION_CONTEXT() REPRESENTATION_CONTEXT('2D SPACE',''
  ) );
#5736 = ORIENTED_EDGE('',*,*,#5539,.T.);
#5737 = ORIENTED_EDGE('',*,*,#5738,.T.);
#5738 = EDGE_CURVE('',#5540,#5638,#5739,.T.);
#5739 = SURFACE_CURVE('',#5740,(#5743,#5749),.PCURVE_S1.);
#5740 = B_SPLINE_CURVE_WITH_KNOTS('',1,(#5741,#5742),.UNSPECIFIED.,.F.,
  .F.,(2,2),(0.,2.204724409449),.PIECEWISE_BEZIER_KNOTS.);
#5741 = CARTESIAN_POINT('',(-198.534,-59.358,128.558));
#5742 = CARTESIAN_POINT('',(-198.534,-59.358,184.558));
#5743 = PCURVE('',#5553,#5744);
#5744 = DEFINITIONAL_REPRESENTATION('',(#5745),#5748);
#5745 = B_SPLINE_CURVE_WITH_KNOTS('',1,(#5746,#5747),.UNSPECIFIED.,.F.,
  .F.,(2,2),(0.,2.204724409449),.PIECEWISE_BEZIER_KNOTS.);
#5746 = CARTESIAN_POINT('',(2.204724409449,0.));
#5747 = CARTESIAN_POINT('',(2.204724409449,2.204724409449));
#5748 = ( GEOMETRIC_REPRESENTATION_CONTEXT(2) 
PARAMETRIC_REPRESENTATION_CONTEXT() REPRESENTATION_CONTEXT('2D SPACE',''
  ) );
#5749 = PCURVE('',#5576,#5750);
#5750 = DEFINITIONAL_REPRESENTATION('',(#5751),#5754);
#5751 = B_SPLINE_CURVE_WITH_KNOTS('',1,(#5752,#5753),.UNSPECIFIED.,.F.,
  .F.,(2,2),(0.,2.204724409449),.PIECEWISE_BEZIER_KNOTS.);
#5752 = CARTESIAN_POINT('',(0.,9.842519685039E-02));
#5753 = CARTESIAN_POINT('',(2.204724409449,9.842519685039E-02));
#5754 = ( GEOMETRIC_REPRESENTATION_CONTEXT(2) 
PARAMETRIC_REPRESENTATION_CONTEXT() REPRESENTATION_CONTEXT('2D SPACE',''
  ) );
#5755 = ORIENTED_EDGE('',*,*,#5637,.F.);
#5756 = ADVANCED_FACE('',(#5757),#5528,.T.);
#5757 = FACE_BOUND('',#5758,.T.);
#5758 = EDGE_LOOP('',(#5759,#5760,#5761,#5762));
#5759 = ORIENTED_EDGE('',*,*,#5514,.F.);
#5760 = ORIENTED_EDGE('',*,*,#5678,.T.);
#5761 = ORIENTED_EDGE('',*,*,#5617,.T.);
#5762 = ORIENTED_EDGE('',*,*,#5719,.F.);
#5763 = ADVANCED_FACE('',(#5764),#5576,.F.);
#5764 = FACE_BOUND('',#5765,.F.);
#5765 = EDGE_LOOP('',(#5766,#5767,#5768,#5769));
#5766 = ORIENTED_EDGE('',*,*,#5564,.F.);
#5767 = ORIENTED_EDGE('',*,*,#5697,.T.);
#5768 = ORIENTED_EDGE('',*,*,#5657,.T.);
#5769 = ORIENTED_EDGE('',*,*,#5738,.F.);
#5770 = ( GEOMETRIC_REPRESENTATION_CONTEXT(3) 
GLOBAL_UNCERTAINTY_ASSIGNED_CONTEXT((#5774)) 
GLOBAL_UNIT_ASSIGNED_CONTEXT((#5771,#5772,#5773)) REPRESENTATION_CONTEXT
('Context #1','3D Context with UNIT and UNCERTAINTY') );
#5771 = ( LENGTH_UNIT() NAMED_UNIT(*) SI_UNIT(.MILLI.,.METRE.) );
#5772 = ( NAMED_UNIT(*) PLANE_ANGLE_UNIT() SI_UNIT($,.RADIAN.) );
#5773 = ( NAMED_UNIT(*) SI_UNIT($,.STERADIAN.) SOLID_ANGLE_UNIT() );
#5774 = UNCERTAINTY_MEASURE_WITH_UNIT(LENGTH_MEASURE(2.E-06),#5771,
  'distance_accuracy_value','confusion accuracy');
#5775 = CONTEXT_DEPENDENT_SHAPE_REPRESENTATION(#5776,#5778);
#5776 = ( REPRESENTATION_RELATIONSHIP('','',#5475,#10) 
REPRESENTATION_RELATIONSHIP_WITH_TRANSFORMATION(#5777) 
SHAPE_REPRESENTATION_RELATIONSHIP() );
#5777 = ITEM_DEFINED_TRANSFORMATION('','',#11,#35);
#5778 = PRODUCT_DEFINITION_SHAPE('Placement','Placement of an item',
  #5779);
#5779 = NEXT_ASSEMBLY_USAGE_OCCURRENCE('6','plate_A_R','',#5,#5470,$);
#5780 = PRODUCT_RELATED_PRODUCT_CATEGORY('part',$,(#5472));
#5781 = SHAPE_DEFINITION_REPRESENTATION(#5782,#5788);
#5782 = PRODUCT_DEFINITION_SHAPE('','',#5783);
#5783 = PRODUCT_DEFINITION('design','',#5784,#5787);
#5784 = PRODUCT_DEFINITION_FORMATION('','',#5785);
#5785 = PRODUCT('plate_B_R','plate_B_R','',(#5786));
#5786 = PRODUCT_CONTEXT('',#2,'mechanical');
#5787 = PRODUCT_DEFINITION_CONTEXT('part definition',#2,'design');
#5788 = ADVANCED_BREP_SHAPE_REPRESENTATION('',(#11,#5789),#6083);
#5789 = MANIFOLD_SOLID_BREP('',#5790);
#5790 = CLOSED_SHELL('',(#5791,#5899,#5987,#6028,#6069,#6076));
#5791 = ADVANCED_FACE('',(#5792),#5805,.T.);
#5792 = FACE_BOUND('',#5793,.T.);
#5793 = EDGE_LOOP('',(#5794,#5826,#5851,#5876));
#5794 = ORIENTED_EDGE('',*,*,#5795,.F.);
#5795 = EDGE_CURVE('',#5796,#5798,#5800,.T.);
#5796 = VERTEX_POINT('',#5797);
#5797 = CARTESIAN_POINT('',(-198.534,-139.358,136.558));
#5798 = VERTEX_POINT('',#5799);
#5799 = CARTESIAN_POINT('',(-198.534,-99.358,136.558));
#5800 = SURFACE_CURVE('',#5801,(#5804,#5815),.PCURVE_S1.);
#5801 = B_SPLINE_CURVE_WITH_KNOTS('',1,(#5802,#5803),.UNSPECIFIED.,.F.,
  .F.,(2,2),(0.,1.574803149606),.PIECEWISE_BEZIER_KNOTS.);
#5802 = CARTESIAN_POINT('',(-198.534,-139.358,136.558));
#5803 = CARTESIAN_POINT('',(-198.534,-99.358,136.558));
#5804 = PCURVE('',#5805,#5810);
#5805 = B_SPLINE_SURFACE_WITH_KNOTS('',1,1,(
    (#5806,#5807)
    ,(#5808,#5809
    )),.UNSPECIFIED.,.F.,.F.,.F.,(2,2),(2,2),(0.,1.574803149606),(
    -9.842519685039E-02,0.),.PIECEWISE_BEZIER_KNOTS.);
#5806 = CARTESIAN_POINT('',(-201.034,-139.358,136.558));
#5807 = CARTESIAN_POINT('',(-198.534,-139.358,136.558));
#5808 = CARTESIAN_POINT('',(-201.034,-99.358,136.558));
#5809 = CARTESIAN_POINT('',(-198.534,-99.358,136.558));
#5810 = DEFINITIONAL_REPRESENTATION('',(#5811),#5814);
#5811 = B_SPLINE_CURVE_WITH_KNOTS('',1,(#5812,#5813),.UNSPECIFIED.,.F.,
  .F.,(2,2),(0.,1.574803149606),.PIECEWISE_BEZIER_KNOTS.);
#5812 = CARTESIAN_POINT('',(0.,0.));
#5813 = CARTESIAN_POINT('',(1.574803149606,0.));
#5814 = ( GEOMETRIC_REPRESENTATION_CONTEXT(2) 
PARAMETRIC_REPRESENTATION_CONTEXT() REPRESENTATION_CONTEXT('2D SPACE',''
  ) );
#5815 = PCURVE('',#5816,#5821);
#5816 = B_SPLINE_SURFACE_WITH_KNOTS('',1,1,(
    (#5817,#5818)
    ,(#5819,#5820
    )),.UNSPECIFIED.,.F.,.F.,.F.,(2,2),(2,2),(0.,1.574803149606),(0.,
    5.354330708661),.PIECEWISE_BEZIER_KNOTS.);
#5817 = CARTESIAN_POINT('',(-198.534,-139.358,136.558));
#5818 = CARTESIAN_POINT('',(-198.534,-139.358,272.558));
#5819 = CARTESIAN_POINT('',(-198.534,-99.358,136.558));
#5820 = CARTESIAN_POINT('',(-198.534,-99.358,272.558));
#5821 = DEFINITIONAL_REPRESENTATION('',(#5822),#5825);
#5822 = B_SPLINE_CURVE_WITH_KNOTS('',1,(#5823,#5824),.UNSPECIFIED.,.F.,
  .F.,(2,2),(0.,1.574803149606),.PIECEWISE_BEZIER_KNOTS.);
#5823 = CARTESIAN_POINT('',(0.,0.));
#5824 = CARTESIAN_POINT('',(1.574803149606,0.));
#5825 = ( GEOMETRIC_REPRESENTATION_CONTEXT(2) 
PARAMETRIC_REPRESENTATION_CONTEXT() REPRESENTATION_CONTEXT('2D SPACE',''
  ) );
#5826 = ORIENTED_EDGE('',*,*,#5827,.T.);
#5827 = EDGE_CURVE('',#5796,#5828,#5830,.T.);
#5828 = VERTEX_POINT('',#5829);
#5829 = CARTESIAN_POINT('',(-201.034,-139.358,136.558));
#5830 = SURFACE_CURVE('',#5831,(#5834,#5840),.PCURVE_S1.);
#5831 = B_SPLINE_CURVE_WITH_KNOTS('',1,(#5832,#5833),.UNSPECIFIED.,.F.,
  .F.,(2,2),(0.,9.842519685039E-02),.PIECEWISE_BEZIER_KNOTS.);
#5832 = CARTESIAN_POINT('',(-198.534,-139.358,136.558));
#5833 = CARTESIAN_POINT('',(-201.034,-139.358,136.558));
#5834 = PCURVE('',#5805,#5835);
#5835 = DEFINITIONAL_REPRESENTATION('',(#5836),#5839);
#5836 = B_SPLINE_CURVE_WITH_KNOTS('',1,(#5837,#5838),.UNSPECIFIED.,.F.,
  .F.,(2,2),(0.,9.842519685039E-02),.PIECEWISE_BEZIER_KNOTS.);
#5837 = CARTESIAN_POINT('',(0.,0.));
#5838 = CARTESIAN_POINT('',(0.,-9.842519685039E-02));
#5839 = ( GEOMETRIC_REPRESENTATION_CONTEXT(2) 
PARAMETRIC_REPRESENTATION_CONTEXT() REPRESENTATION_CONTEXT('2D SPACE',''
  ) );
#5840 = PCURVE('',#5841,#5846);
#5841 = B_SPLINE_SURFACE_WITH_KNOTS('',1,1,(
    (#5842,#5843)
    ,(#5844,#5845
    )),.UNSPECIFIED.,.F.,.F.,.F.,(2,2),(2,2),(0.,5.354330708661),(0.,
    9.842519685039E-02),.PIECEWISE_BEZIER_KNOTS.);
#5842 = CARTESIAN_POINT('',(-198.534,-139.358,136.558));
#5843 = CARTESIAN_POINT('',(-201.034,-139.358,136.558));
#5844 = CARTESIAN_POINT('',(-198.534,-139.358,272.558));
#5845 = CARTESIAN_POINT('',(-201.034,-139.358,272.558));
#5846 = DEFINITIONAL_REPRESENTATION('',(#5847),#5850);
#5847 = B_SPLINE_CURVE_WITH_KNOTS('',1,(#5848,#5849),.UNSPECIFIED.,.F.,
  .F.,(2,2),(0.,9.842519685039E-02),.PIECEWISE_BEZIER_KNOTS.);
#5848 = CARTESIAN_POINT('',(0.,0.));
#5849 = CARTESIAN_POINT('',(0.,9.842519685039E-02));
#5850 = ( GEOMETRIC_REPRESENTATION_CONTEXT(2) 
PARAMETRIC_REPRESENTATION_CONTEXT() REPRESENTATION_CONTEXT('2D SPACE',''
  ) );
#5851 = ORIENTED_EDGE('',*,*,#5852,.T.);
#5852 = EDGE_CURVE('',#5828,#5853,#5855,.T.);
#5853 = VERTEX_POINT('',#5854);
#5854 = CARTESIAN_POINT('',(-201.034,-99.358,136.558));
#5855 = SURFACE_CURVE('',#5856,(#5859,#5865),.PCURVE_S1.);
#5856 = B_SPLINE_CURVE_WITH_KNOTS('',1,(#5857,#5858),.UNSPECIFIED.,.F.,
  .F.,(2,2),(0.,1.574803149606),.PIECEWISE_BEZIER_KNOTS.);
#5857 = CARTESIAN_POINT('',(-201.034,-139.358,136.558));
#5858 = CARTESIAN_POINT('',(-201.034,-99.358,136.558));
#5859 = PCURVE('',#5805,#5860);
#5860 = DEFINITIONAL_REPRESENTATION('',(#5861),#5864);
#5861 = B_SPLINE_CURVE_WITH_KNOTS('',1,(#5862,#5863),.UNSPECIFIED.,.F.,
  .F.,(2,2),(0.,1.574803149606),.PIECEWISE_BEZIER_KNOTS.);
#5862 = CARTESIAN_POINT('',(0.,-9.842519685039E-02));
#5863 = CARTESIAN_POINT('',(1.574803149606,-9.842519685039E-02));
#5864 = ( GEOMETRIC_REPRESENTATION_CONTEXT(2) 
PARAMETRIC_REPRESENTATION_CONTEXT() REPRESENTATION_CONTEXT('2D SPACE',''
  ) );
#5865 = PCURVE('',#5866,#5871);
#5866 = B_SPLINE_SURFACE_WITH_KNOTS('',1,1,(
    (#5867,#5868)
    ,(#5869,#5870
    )),.UNSPECIFIED.,.F.,.F.,.F.,(2,2),(2,2),(0.,1.574803149606),(0.,
    5.354330708661),.PIECEWISE_BEZIER_KNOTS.);
#5867 = CARTESIAN_POINT('',(-201.034,-139.358,136.558));
#5868 = CARTESIAN_POINT('',(-201.034,-139.358,272.558));
#5869 = CARTESIAN_POINT('',(-201.034,-99.358,136.558));
#5870 = CARTESIAN_POINT('',(-201.034,-99.358,272.558));
#5871 = DEFINITIONAL_REPRESENTATION('',(#5872),#5875);
#5872 = B_SPLINE_CURVE_WITH_KNOTS('',1,(#5873,#5874),.UNSPECIFIED.,.F.,
  .F.,(2,2),(0.,1.574803149606),.PIECEWISE_BEZIER_KNOTS.);
#5873 = CARTESIAN_POINT('',(0.,0.));
#5874 = CARTESIAN_POINT('',(1.574803149606,0.));
#5875 = ( GEOMETRIC_REPRESENTATION_CONTEXT(2) 
PARAMETRIC_REPRESENTATION_CONTEXT() REPRESENTATION_CONTEXT('2D SPACE',''
  ) );
#5876 = ORIENTED_EDGE('',*,*,#5877,.F.);
#5877 = EDGE_CURVE('',#5798,#5853,#5878,.T.);
#5878 = SURFACE_CURVE('',#5879,(#5882,#5888),.PCURVE_S1.);
#5879 = B_SPLINE_CURVE_WITH_KNOTS('',1,(#5880,#5881),.UNSPECIFIED.,.F.,
  .F.,(2,2),(0.,9.842519685039E-02),.PIECEWISE_BEZIER_KNOTS.);
#5880 = CARTESIAN_POINT('',(-198.534,-99.358,136.558));
#5881 = CARTESIAN_POINT('',(-201.034,-99.358,136.558));
#5882 = PCURVE('',#5805,#5883);
#5883 = DEFINITIONAL_REPRESENTATION('',(#5884),#5887);
#5884 = B_SPLINE_CURVE_WITH_KNOTS('',1,(#5885,#5886),.UNSPECIFIED.,.F.,
  .F.,(2,2),(0.,9.842519685039E-02),.PIECEWISE_BEZIER_KNOTS.);
#5885 = CARTESIAN_POINT('',(1.574803149606,0.));
#5886 = CARTESIAN_POINT('',(1.574803149606,-9.842519685039E-02));
#5887 = ( GEOMETRIC_REPRESENTATION_CONTEXT(2) 
PARAMETRIC_REPRESENTATION_CONTEXT() REPRESENTATION_CONTEXT('2D SPACE',''
  ) );
#5888 = PCURVE('',#5889,#5894);
#5889 = B_SPLINE_SURFACE_WITH_KNOTS('',1,1,(
    (#5890,#5891)
    ,(#5892,#5893
    )),.UNSPECIFIED.,.F.,.F.,.F.,(2,2),(2,2),(0.,5.354330708661),(0.,
    9.842519685039E-02),.PIECEWISE_BEZIER_KNOTS.);
#5890 = CARTESIAN_POINT('',(-198.534,-99.358,136.558));
#5891 = CARTESIAN_POINT('',(-201.034,-99.358,136.558));
#5892 = CARTESIAN_POINT('',(-198.534,-99.358,272.558));
#5893 = CARTESIAN_POINT('',(-201.034,-99.358,272.558));
#5894 = DEFINITIONAL_REPRESENTATION('',(#5895),#5898);
#5895 = B_SPLINE_CURVE_WITH_KNOTS('',1,(#5896,#5897),.UNSPECIFIED.,.F.,
  .F.,(2,2),(0.,9.842519685039E-02),.PIECEWISE_BEZIER_KNOTS.);
#5896 = CARTESIAN_POINT('',(0.,0.));
#5897 = CARTESIAN_POINT('',(0.,9.842519685039E-02));
#5898 = ( GEOMETRIC_REPRESENTATION_CONTEXT(2) 
PARAMETRIC_REPRESENTATION_CONTEXT() REPRESENTATION_CONTEXT('2D SPACE',''
  ) );
#5899 = ADVANCED_FACE('',(#5900),#5913,.F.);
#5900 = FACE_BOUND('',#5901,.F.);
#5901 = EDGE_LOOP('',(#5902,#5929,#5949,#5969));
#5902 = ORIENTED_EDGE('',*,*,#5903,.F.);
#5903 = EDGE_CURVE('',#5904,#5906,#5908,.T.);
#5904 = VERTEX_POINT('',#5905);
#5905 = CARTESIAN_POINT('',(-198.534,-139.358,272.558));
#5906 = VERTEX_POINT('',#5907);
#5907 = CARTESIAN_POINT('',(-198.534,-99.358,272.558));
#5908 = SURFACE_CURVE('',#5909,(#5912,#5923),.PCURVE_S1.);
#5909 = B_SPLINE_CURVE_WITH_KNOTS('',1,(#5910,#5911),.UNSPECIFIED.,.F.,
  .F.,(2,2),(0.,1.574803149606),.PIECEWISE_BEZIER_KNOTS.);
#5910 = CARTESIAN_POINT('',(-198.534,-139.358,272.558));
#5911 = CARTESIAN_POINT('',(-198.534,-99.358,272.558));
#5912 = PCURVE('',#5913,#5918);
#5913 = B_SPLINE_SURFACE_WITH_KNOTS('',1,1,(
    (#5914,#5915)
    ,(#5916,#5917
    )),.UNSPECIFIED.,.F.,.F.,.F.,(2,2),(2,2),(0.,1.574803149606),(
    -9.842519685039E-02,0.),.PIECEWISE_BEZIER_KNOTS.);
#5914 = CARTESIAN_POINT('',(-201.034,-139.358,272.558));
#5915 = CARTESIAN_POINT('',(-198.534,-139.358,272.558));
#5916 = CARTESIAN_POINT('',(-201.034,-99.358,272.558));
#5917 = CARTESIAN_POINT('',(-198.534,-99.358,272.558));
#5918 = DEFINITIONAL_REPRESENTATION('',(#5919),#5922);
#5919 = B_SPLINE_CURVE_WITH_KNOTS('',1,(#5920,#5921),.UNSPECIFIED.,.F.,
  .F.,(2,2),(0.,1.574803149606),.PIECEWISE_BEZIER_KNOTS.);
#5920 = CARTESIAN_POINT('',(0.,0.));
#5921 = CARTESIAN_POINT('',(1.574803149606,0.));
#5922 = ( GEOMETRIC_REPRESENTATION_CONTEXT(2) 
PARAMETRIC_REPRESENTATION_CONTEXT() REPRESENTATION_CONTEXT('2D SPACE',''
  ) );
#5923 = PCURVE('',#5816,#5924);
#5924 = DEFINITIONAL_REPRESENTATION('',(#5925),#5928);
#5925 = B_SPLINE_CURVE_WITH_KNOTS('',1,(#5926,#5927),.UNSPECIFIED.,.F.,
  .F.,(2,2),(0.,1.574803149606),.PIECEWISE_BEZIER_KNOTS.);
#5926 = CARTESIAN_POINT('',(0.,5.354330708661));
#5927 = CARTESIAN_POINT('',(1.574803149606,5.354330708661));
#5928 = ( GEOMETRIC_REPRESENTATION_CONTEXT(2) 
PARAMETRIC_REPRESENTATION_CONTEXT() REPRESENTATION_CONTEXT('2D SPACE',''
  ) );
#5929 = ORIENTED_EDGE('',*,*,#5930,.T.);
#5930 = EDGE_CURVE('',#5904,#5931,#5933,.T.);
#5931 = VERTEX_POINT('',#5932);
#5932 = CARTESIAN_POINT('',(-201.034,-139.358,272.558));
#5933 = SURFACE_CURVE('',#5934,(#5937,#5943),.PCURVE_S1.);
#5934 = B_SPLINE_CURVE_WITH_KNOTS('',1,(#5935,#5936),.UNSPECIFIED.,.F.,
  .F.,(2,2),(0.,9.842519685039E-02),.PIECEWISE_BEZIER_KNOTS.);
#5935 = CARTESIAN_POINT('',(-198.534,-139.358,272.558));
#5936 = CARTESIAN_POINT('',(-201.034,-139.358,272.558));
#5937 = PCURVE('',#5913,#5938);
#5938 = DEFINITIONAL_REPRESENTATION('',(#5939),#5942);
#5939 = B_SPLINE_CURVE_WITH_KNOTS('',1,(#5940,#5941),.UNSPECIFIED.,.F.,
  .F.,(2,2),(0.,9.842519685039E-02),.PIECEWISE_BEZIER_KNOTS.);
#5940 = CARTESIAN_POINT('',(0.,0.));
#5941 = CARTESIAN_POINT('',(0.,-9.842519685039E-02));
#5942 = ( GEOMETRIC_REPRESENTATION_CONTEXT(2) 
PARAMETRIC_REPRESENTATION_CONTEXT() REPRESENTATION_CONTEXT('2D SPACE',''
  ) );
#5943 = PCURVE('',#5841,#5944);
#5944 = DEFINITIONAL_REPRESENTATION('',(#5945),#5948);
#5945 = B_SPLINE_CURVE_WITH_KNOTS('',1,(#5946,#5947),.UNSPECIFIED.,.F.,
  .F.,(2,2),(0.,9.842519685039E-02),.PIECEWISE_BEZIER_KNOTS.);
#5946 = CARTESIAN_POINT('',(5.354330708661,0.));
#5947 = CARTESIAN_POINT('',(5.354330708661,9.842519685039E-02));
#5948 = ( GEOMETRIC_REPRESENTATION_CONTEXT(2) 
PARAMETRIC_REPRESENTATION_CONTEXT() REPRESENTATION_CONTEXT('2D SPACE',''
  ) );
#5949 = ORIENTED_EDGE('',*,*,#5950,.T.);
#5950 = EDGE_CURVE('',#5931,#5951,#5953,.T.);
#5951 = VERTEX_POINT('',#5952);
#5952 = CARTESIAN_POINT('',(-201.034,-99.358,272.558));
#5953 = SURFACE_CURVE('',#5954,(#5957,#5963),.PCURVE_S1.);
#5954 = B_SPLINE_CURVE_WITH_KNOTS('',1,(#5955,#5956),.UNSPECIFIED.,.F.,
  .F.,(2,2),(0.,1.574803149606),.PIECEWISE_BEZIER_KNOTS.);
#5955 = CARTESIAN_POINT('',(-201.034,-139.358,272.558));
#5956 = CARTESIAN_POINT('',(-201.034,-99.358,272.558));
#5957 = PCURVE('',#5913,#5958);
#5958 = DEFINITIONAL_REPRESENTATION('',(#5959),#5962);
#5959 = B_SPLINE_CURVE_WITH_KNOTS('',1,(#5960,#5961),.UNSPECIFIED.,.F.,
  .F.,(2,2),(0.,1.574803149606),.PIECEWISE_BEZIER_KNOTS.);
#5960 = CARTESIAN_POINT('',(0.,-9.842519685039E-02));
#5961 = CARTESIAN_POINT('',(1.574803149606,-9.842519685039E-02));
#5962 = ( GEOMETRIC_REPRESENTATION_CONTEXT(2) 
PARAMETRIC_REPRESENTATION_CONTEXT() REPRESENTATION_CONTEXT('2D SPACE',''
  ) );
#5963 = PCURVE('',#5866,#5964);
#5964 = DEFINITIONAL_REPRESENTATION('',(#5965),#5968);
#5965 = B_SPLINE_CURVE_WITH_KNOTS('',1,(#5966,#5967),.UNSPECIFIED.,.F.,
  .F.,(2,2),(0.,1.574803149606),.PIECEWISE_BEZIER_KNOTS.);
#5966 = CARTESIAN_POINT('',(0.,5.354330708661));
#5967 = CARTESIAN_POINT('',(1.574803149606,5.354330708661));
#5968 = ( GEOMETRIC_REPRESENTATION_CONTEXT(2) 
PARAMETRIC_REPRESENTATION_CONTEXT() REPRESENTATION_CONTEXT('2D SPACE',''
  ) );
#5969 = ORIENTED_EDGE('',*,*,#5970,.F.);
#5970 = EDGE_CURVE('',#5906,#5951,#5971,.T.);
#5971 = SURFACE_CURVE('',#5972,(#5975,#5981),.PCURVE_S1.);
#5972 = B_SPLINE_CURVE_WITH_KNOTS('',1,(#5973,#5974),.UNSPECIFIED.,.F.,
  .F.,(2,2),(0.,9.842519685039E-02),.PIECEWISE_BEZIER_KNOTS.);
#5973 = CARTESIAN_POINT('',(-198.534,-99.358,272.558));
#5974 = CARTESIAN_POINT('',(-201.034,-99.358,272.558));
#5975 = PCURVE('',#5913,#5976);
#5976 = DEFINITIONAL_REPRESENTATION('',(#5977),#5980);
#5977 = B_SPLINE_CURVE_WITH_KNOTS('',1,(#5978,#5979),.UNSPECIFIED.,.F.,
  .F.,(2,2),(0.,9.842519685039E-02),.PIECEWISE_BEZIER_KNOTS.);
#5978 = CARTESIAN_POINT('',(1.574803149606,0.));
#5979 = CARTESIAN_POINT('',(1.574803149606,-9.842519685039E-02));
#5980 = ( GEOMETRIC_REPRESENTATION_CONTEXT(2) 
PARAMETRIC_REPRESENTATION_CONTEXT() REPRESENTATION_CONTEXT('2D SPACE',''
  ) );
#5981 = PCURVE('',#5889,#5982);
#5982 = DEFINITIONAL_REPRESENTATION('',(#5983),#5986);
#5983 = B_SPLINE_CURVE_WITH_KNOTS('',1,(#5984,#5985),.UNSPECIFIED.,.F.,
  .F.,(2,2),(0.,9.842519685039E-02),.PIECEWISE_BEZIER_KNOTS.);
#5984 = CARTESIAN_POINT('',(5.354330708661,0.));
#5985 = CARTESIAN_POINT('',(5.354330708661,9.842519685039E-02));
#5986 = ( GEOMETRIC_REPRESENTATION_CONTEXT(2) 
PARAMETRIC_REPRESENTATION_CONTEXT() REPRESENTATION_CONTEXT('2D SPACE',''
  ) );
#5987 = ADVANCED_FACE('',(#5988),#5816,.T.);
#5988 = FACE_BOUND('',#5989,.T.);
#5989 = EDGE_LOOP('',(#5990,#6008,#6009,#6027));
#5990 = ORIENTED_EDGE('',*,*,#5991,.F.);
#5991 = EDGE_CURVE('',#5796,#5904,#5992,.T.);
#5992 = SURFACE_CURVE('',#5993,(#5996,#6002),.PCURVE_S1.);
#5993 = B_SPLINE_CURVE_WITH_KNOTS('',1,(#5994,#5995),.UNSPECIFIED.,.F.,
  .F.,(2,2),(0.,5.354330708661),.PIECEWISE_BEZIER_KNOTS.);
#5994 = CARTESIAN_POINT('',(-198.534,-139.358,136.558));
#5995 = CARTESIAN_POINT('',(-198.534,-139.358,272.558));
#5996 = PCURVE('',#5816,#5997);
#5997 = DEFINITIONAL_REPRESENTATION('',(#5998),#6001);
#5998 = B_SPLINE_CURVE_WITH_KNOTS('',1,(#5999,#6000),.UNSPECIFIED.,.F.,
  .F.,(2,2),(0.,5.354330708661),.PIECEWISE_BEZIER_KNOTS.);
#5999 = CARTESIAN_POINT('',(0.,0.));
#6000 = CARTESIAN_POINT('',(0.,5.354330708661));
#6001 = ( GEOMETRIC_REPRESENTATION_CONTEXT(2) 
PARAMETRIC_REPRESENTATION_CONTEXT() REPRESENTATION_CONTEXT('2D SPACE',''
  ) );
#6002 = PCURVE('',#5841,#6003);
#6003 = DEFINITIONAL_REPRESENTATION('',(#6004),#6007);
#6004 = B_SPLINE_CURVE_WITH_KNOTS('',1,(#6005,#6006),.UNSPECIFIED.,.F.,
  .F.,(2,2),(0.,5.354330708661),.PIECEWISE_BEZIER_KNOTS.);
#6005 = CARTESIAN_POINT('',(0.,0.));
#6006 = CARTESIAN_POINT('',(5.354330708661,0.));
#6007 = ( GEOMETRIC_REPRESENTATION_CONTEXT(2) 
PARAMETRIC_REPRESENTATION_CONTEXT() REPRESENTATION_CONTEXT('2D SPACE',''
  ) );
#6008 = ORIENTED_EDGE('',*,*,#5795,.T.);
#6009 = ORIENTED_EDGE('',*,*,#6010,.T.);
#6010 = EDGE_CURVE('',#5798,#5906,#6011,.T.);
#6011 = SURFACE_CURVE('',#6012,(#6015,#6021),.PCURVE_S1.);
#6012 = B_SPLINE_CURVE_WITH_KNOTS('',1,(#6013,#6014),.UNSPECIFIED.,.F.,
  .F.,(2,2),(0.,5.354330708661),.PIECEWISE_BEZIER_KNOTS.);
#6013 = CARTESIAN_POINT('',(-198.534,-99.358,136.558));
#6014 = CARTESIAN_POINT('',(-198.534,-99.358,272.558));
#6015 = PCURVE('',#5816,#6016);
#6016 = DEFINITIONAL_REPRESENTATION('',(#6017),#6020);
#6017 = B_SPLINE_CURVE_WITH_KNOTS('',1,(#6018,#6019),.UNSPECIFIED.,.F.,
  .F.,(2,2),(0.,5.354330708661),.PIECEWISE_BEZIER_KNOTS.);
#6018 = CARTESIAN_POINT('',(1.574803149606,0.));
#6019 = CARTESIAN_POINT('',(1.574803149606,5.354330708661));
#6020 = ( GEOMETRIC_REPRESENTATION_CONTEXT(2) 
PARAMETRIC_REPRESENTATION_CONTEXT() REPRESENTATION_CONTEXT('2D SPACE',''
  ) );
#6021 = PCURVE('',#5889,#6022);
#6022 = DEFINITIONAL_REPRESENTATION('',(#6023),#6026);
#6023 = B_SPLINE_CURVE_WITH_KNOTS('',1,(#6024,#6025),.UNSPECIFIED.,.F.,
  .F.,(2,2),(0.,5.354330708661),.PIECEWISE_BEZIER_KNOTS.);
#6024 = CARTESIAN_POINT('',(0.,0.));
#6025 = CARTESIAN_POINT('',(5.354330708661,0.));
#6026 = ( GEOMETRIC_REPRESENTATION_CONTEXT(2) 
PARAMETRIC_REPRESENTATION_CONTEXT() REPRESENTATION_CONTEXT('2D SPACE',''
  ) );
#6027 = ORIENTED_EDGE('',*,*,#5903,.F.);
#6028 = ADVANCED_FACE('',(#6029),#5866,.F.);
#6029 = FACE_BOUND('',#6030,.F.);
#6030 = EDGE_LOOP('',(#6031,#6049,#6050,#6068));
#6031 = ORIENTED_EDGE('',*,*,#6032,.F.);
#6032 = EDGE_CURVE('',#5828,#5931,#6033,.T.);
#6033 = SURFACE_CURVE('',#6034,(#6037,#6043),.PCURVE_S1.);
#6034 = B_SPLINE_CURVE_WITH_KNOTS('',1,(#6035,#6036),.UNSPECIFIED.,.F.,
  .F.,(2,2),(0.,5.354330708661),.PIECEWISE_BEZIER_KNOTS.);
#6035 = CARTESIAN_POINT('',(-201.034,-139.358,136.558));
#6036 = CARTESIAN_POINT('',(-201.034,-139.358,272.558));
#6037 = PCURVE('',#5866,#6038);
#6038 = DEFINITIONAL_REPRESENTATION('',(#6039),#6042);
#6039 = B_SPLINE_CURVE_WITH_KNOTS('',1,(#6040,#6041),.UNSPECIFIED.,.F.,
  .F.,(2,2),(0.,5.354330708661),.PIECEWISE_BEZIER_KNOTS.);
#6040 = CARTESIAN_POINT('',(0.,0.));
#6041 = CARTESIAN_POINT('',(0.,5.354330708661));
#6042 = ( GEOMETRIC_REPRESENTATION_CONTEXT(2) 
PARAMETRIC_REPRESENTATION_CONTEXT() REPRESENTATION_CONTEXT('2D SPACE',''
  ) );
#6043 = PCURVE('',#5841,#6044);
#6044 = DEFINITIONAL_REPRESENTATION('',(#6045),#6048);
#6045 = B_SPLINE_CURVE_WITH_KNOTS('',1,(#6046,#6047),.UNSPECIFIED.,.F.,
  .F.,(2,2),(0.,5.354330708661),.PIECEWISE_BEZIER_KNOTS.);
#6046 = CARTESIAN_POINT('',(0.,9.842519685039E-02));
#6047 = CARTESIAN_POINT('',(5.354330708661,9.842519685039E-02));
#6048 = ( GEOMETRIC_REPRESENTATION_CONTEXT(2) 
PARAMETRIC_REPRESENTATION_CONTEXT() REPRESENTATION_CONTEXT('2D SPACE',''
  ) );
#6049 = ORIENTED_EDGE('',*,*,#5852,.T.);
#6050 = ORIENTED_EDGE('',*,*,#6051,.T.);
#6051 = EDGE_CURVE('',#5853,#5951,#6052,.T.);
#6052 = SURFACE_CURVE('',#6053,(#6056,#6062),.PCURVE_S1.);
#6053 = B_SPLINE_CURVE_WITH_KNOTS('',1,(#6054,#6055),.UNSPECIFIED.,.F.,
  .F.,(2,2),(0.,5.354330708661),.PIECEWISE_BEZIER_KNOTS.);
#6054 = CARTESIAN_POINT('',(-201.034,-99.358,136.558));
#6055 = CARTESIAN_POINT('',(-201.034,-99.358,272.558));
#6056 = PCURVE('',#5866,#6057);
#6057 = DEFINITIONAL_REPRESENTATION('',(#6058),#6061);
#6058 = B_SPLINE_CURVE_WITH_KNOTS('',1,(#6059,#6060),.UNSPECIFIED.,.F.,
  .F.,(2,2),(0.,5.354330708661),.PIECEWISE_BEZIER_KNOTS.);
#6059 = CARTESIAN_POINT('',(1.574803149606,0.));
#6060 = CARTESIAN_POINT('',(1.574803149606,5.354330708661));
#6061 = ( GEOMETRIC_REPRESENTATION_CONTEXT(2) 
PARAMETRIC_REPRESENTATION_CONTEXT() REPRESENTATION_CONTEXT('2D SPACE',''
  ) );
#6062 = PCURVE('',#5889,#6063);
#6063 = DEFINITIONAL_REPRESENTATION('',(#6064),#6067);
#6064 = B_SPLINE_CURVE_WITH_KNOTS('',1,(#6065,#6066),.UNSPECIFIED.,.F.,
  .F.,(2,2),(0.,5.354330708661),.PIECEWISE_BEZIER_KNOTS.);
#6065 = CARTESIAN_POINT('',(0.,9.842519685039E-02));
#6066 = CARTESIAN_POINT('',(5.354330708661,9.842519685039E-02));
#6067 = ( GEOMETRIC_REPRESENTATION_CONTEXT(2) 
PARAMETRIC_REPRESENTATION_CONTEXT() REPRESENTATION_CONTEXT('2D SPACE',''
  ) );
#6068 = ORIENTED_EDGE('',*,*,#5950,.F.);
#6069 = ADVANCED_FACE('',(#6070),#5841,.T.);
#6070 = FACE_BOUND('',#6071,.T.);
#6071 = EDGE_LOOP('',(#6072,#6073,#6074,#6075));
#6072 = ORIENTED_EDGE('',*,*,#5827,.F.);
#6073 = ORIENTED_EDGE('',*,*,#5991,.T.);
#6074 = ORIENTED_EDGE('',*,*,#5930,.T.);
#6075 = ORIENTED_EDGE('',*,*,#6032,.F.);
#6076 = ADVANCED_FACE('',(#6077),#5889,.F.);
#6077 = FACE_BOUND('',#6078,.F.);
#6078 = EDGE_LOOP('',(#6079,#6080,#6081,#6082));
#6079 = ORIENTED_EDGE('',*,*,#5877,.F.);
#6080 = ORIENTED_EDGE('',*,*,#6010,.T.);
#6081 = ORIENTED_EDGE('',*,*,#5970,.T.);
#6082 = ORIENTED_EDGE('',*,*,#6051,.F.);
#6083 = ( GEOMETRIC_REPRESENTATION_CONTEXT(3) 
GLOBAL_UNCERTAINTY_ASSIGNED_CONTEXT((#6087)) 
GLOBAL_UNIT_ASSIGNED_CONTEXT((#6084,#6085,#6086)) REPRESENTATION_CONTEXT
('Context #1','3D Context with UNIT and UNCERTAINTY') );
#6084 = ( LENGTH_UNIT() NAMED_UNIT(*) SI_UNIT(.MILLI.,.METRE.) );
#6085 = ( NAMED_UNIT(*) PLANE_ANGLE_UNIT() SI_UNIT($,.RADIAN.) );
#6086 = ( NAMED_UNIT(*) SI_UNIT($,.STERADIAN.) SOLID_ANGLE_UNIT() );
#6087 = UNCERTAINTY_MEASURE_WITH_UNIT(LENGTH_MEASURE(2.E-06),#6084,
  'distance_accuracy_value','confusion accuracy');
#6088 = CONTEXT_DEPENDENT_SHAPE_REPRESENTATION(#6089,#6091);
#6089 = ( REPRESENTATION_RELATIONSHIP('','',#5788,#10) 
REPRESENTATION_RELATIONSHIP_WITH_TRANSFORMATION(#6090) 
SHAPE_REPRESENTATION_RELATIONSHIP() );
#6090 = ITEM_DEFINED_TRANSFORMATION('','',#11,#39);
#6091 = PRODUCT_DEFINITION_SHAPE('Placement','Placement of an item',
  #6092);
#6092 = NEXT_ASSEMBLY_USAGE_OCCURRENCE('7','plate_B_R','',#5,#5783,$);
#6093 = PRODUCT_RELATED_PRODUCT_CATEGORY('part',$,(#5785));
#6094 = SHAPE_DEFINITION_REPRESENTATION(#6095,#6101);
#6095 = PRODUCT_DEFINITION_SHAPE('','',#6096);
#6096 = PRODUCT_DEFINITION('design','',#6097,#6100);
#6097 = PRODUCT_DEFINITION_FORMATION('','',#6098);
#6098 = PRODUCT('hub_R','hub_R','',(#6099));
#6099 = PRODUCT_CONTEXT('',#2,'mechanical');
#6100 = PRODUCT_DEFINITION_CONTEXT('part definition',#2,'design');
#6101 = ADVANCED_BREP_SHAPE_REPRESENTATION('',(#11,#6102),#6231);
#6102 = MANIFOLD_SOLID_BREP('',#6103);
#6103 = CLOSED_SHELL('',(#6104,#6223,#6227));
#6104 = ADVANCED_FACE('',(#6105),#6118,.F.);
#6105 = FACE_BOUND('',#6106,.F.);
#6106 = EDGE_LOOP('',(#6107,#6146,#6184,#6185));
#6107 = ORIENTED_EDGE('',*,*,#6108,.T.);
#6108 = EDGE_CURVE('',#6109,#6111,#6113,.T.);
#6109 = VERTEX_POINT('',#6110);
#6110 = CARTESIAN_POINT('',(-176.534,-127.358,272.558));
#6111 = VERTEX_POINT('',#6112);
#6112 = CARTESIAN_POINT('',(-198.534,-127.358,272.558));
#6113 = SEAM_CURVE('',#6114,(#6117,#6139),.PCURVE_S1.);
#6114 = B_SPLINE_CURVE_WITH_KNOTS('',1,(#6115,#6116),.UNSPECIFIED.,.F.,
  .F.,(2,2),(0.,0.866141732283),.PIECEWISE_BEZIER_KNOTS.);
#6115 = CARTESIAN_POINT('',(-176.534,-127.358,272.558));
#6116 = CARTESIAN_POINT('',(-198.534,-127.358,272.558));
#6117 = PCURVE('',#6118,#6133);
#6118 = ( BOUNDED_SURFACE() B_SPLINE_SURFACE(2,1,(
    (#6119,#6120)
    ,(#6121,#6122)
    ,(#6123,#6124)
    ,(#6125,#6126)
    ,(#6127,#6128)
    ,(#6129,#6130)
    ,(#6131,#6132
)),.UNSPECIFIED.,.T.,.F.,.F.) B_SPLINE_SURFACE_WITH_KNOTS((1,2,2,2,2,1),
  (2,2),(-2.094395102393,0.,2.094395102393,4.188790204786,6.28318530718,
    8.377580409573),(-0.866141732283,0.),.UNSPECIFIED.) 
GEOMETRIC_REPRESENTATION_ITEM() RATIONAL_B_SPLINE_SURFACE((
    (1.,1.)
    ,(0.5,0.5)
    ,(1.,1.)
    ,(0.5,0.5)
    ,(1.,1.)
    ,(0.5,0.5)
,(1.,1.))) REPRESENTATION_ITEM('') SURFACE() );
#6119 = CARTESIAN_POINT('',(-198.534,-127.358,272.558));
#6120 = CARTESIAN_POINT('',(-176.534,-127.358,272.558));
#6121 = CARTESIAN_POINT('',(-198.534,-106.5733903091,272.558));
#6122 = CARTESIAN_POINT('',(-176.534,-106.5733903091,272.558));
#6123 = CARTESIAN_POINT('',(-198.534,-116.9656951545,254.558));
#6124 = CARTESIAN_POINT('',(-176.534,-116.9656951545,254.558));
#6125 = CARTESIAN_POINT('',(-198.534,-127.358,236.558));
#6126 = CARTESIAN_POINT('',(-176.534,-127.358,236.558));
#6127 = CARTESIAN_POINT('',(-198.534,-137.7503048454,254.558));
#6128 = CARTESIAN_POINT('',(-176.534,-137.7503048454,254.558));
#6129 = CARTESIAN_POINT('',(-198.534,-148.1426096908,272.558));
#6130 = CARTESIAN_POINT('',(-176.534,-148.1426096908,272.558));
#6131 = CARTESIAN_POINT('',(-198.534,-127.358,272.558));
#6132 = CARTESIAN_POINT('',(-176.534,-127.358,272.558));
#6133 = DEFINITIONAL_REPRESENTATION('',(#6134),#6138);
#6134 = B_SPLINE_CURVE_WITH_KNOTS('',2,(#6135,#6136,#6137),
  .UNSPECIFIED.,.F.,.F.,(3,3),(0.,0.866141732283),
  .PIECEWISE_BEZIER_KNOTS.);
#6135 = CARTESIAN_POINT('',(0.,0.));
#6136 = CARTESIAN_POINT('',(0.,-0.433070866142));
#6137 = CARTESIAN_POINT('',(0.,-0.866141732283));
#6138 = ( GEOMETRIC_REPRESENTATION_CONTEXT(2) 
PARAMETRIC_REPRESENTATION_CONTEXT() REPRESENTATION_CONTEXT('2D SPACE',''
  ) );
#6139 = PCURVE('',#6118,#6140);
#6140 = DEFINITIONAL_REPRESENTATION('',(#6141),#6145);
#6141 = B_SPLINE_CURVE_WITH_KNOTS('',2,(#6142,#6143,#6144),
  .UNSPECIFIED.,.F.,.F.,(3,3),(0.,0.866141732283),
  .PIECEWISE_BEZIER_KNOTS.);
#6142 = CARTESIAN_POINT('',(6.28318530718,0.));
#6143 = CARTESIAN_POINT('',(6.28318530718,-0.433070866142));
#6144 = CARTESIAN_POINT('',(6.28318530718,-0.866141732283));
#6145 = ( GEOMETRIC_REPRESENTATION_CONTEXT(2) 
PARAMETRIC_REPRESENTATION_CONTEXT() REPRESENTATION_CONTEXT('2D SPACE',''
  ) );
#6146 = ORIENTED_EDGE('',*,*,#6147,.T.);
#6147 = EDGE_CURVE('',#6111,#6111,#6148,.T.);
#6148 = SURFACE_CURVE('',#6149,(#6157,#6168),.PCURVE_S1.);
#6149 = ( BOUNDED_CURVE() B_SPLINE_CURVE(2,(#6150,#6151,#6152,#6153,
#6154,#6155,#6156),.UNSPECIFIED.,.T.,.F.) B_SPLINE_CURVE_WITH_KNOTS((1,2
    ,2,2,2,1),(-2.094395102393,0.,2.094395102393,4.188790204786,
6.28318530718,8.377580409573),.UNSPECIFIED.) CURVE() 
GEOMETRIC_REPRESENTATION_ITEM() RATIONAL_B_SPLINE_CURVE((1.,0.5,1.,0.5,
1.,0.5,1.)) REPRESENTATION_ITEM('') );
#6150 = CARTESIAN_POINT('',(-198.534,-127.358,272.558));
#6151 = CARTESIAN_POINT('',(-198.534,-106.5733903091,272.558));
#6152 = CARTESIAN_POINT('',(-198.534,-116.9656951545,254.558));
#6153 = CARTESIAN_POINT('',(-198.534,-127.358,236.558));
#6154 = CARTESIAN_POINT('',(-198.534,-137.7503048454,254.558));
#6155 = CARTESIAN_POINT('',(-198.534,-148.1426096908,272.558));
#6156 = CARTESIAN_POINT('',(-198.534,-127.358,272.558));
#6157 = PCURVE('',#6118,#6158);
#6158 = DEFINITIONAL_REPRESENTATION('',(#6159),#6167);
#6159 = B_SPLINE_CURVE_WITH_KNOTS('',2,(#6160,#6161,#6162,#6163,#6164,
    #6165,#6166),.UNSPECIFIED.,.F.,.F.,(3,2,2,3),(0.,2.094395102393,
    4.188790204786,6.28318530718),.PIECEWISE_BEZIER_KNOTS.);
#6160 = CARTESIAN_POINT('',(0.,-0.866141732283));
#6161 = CARTESIAN_POINT('',(1.047197551197,-0.866141732283));
#6162 = CARTESIAN_POINT('',(2.094395102393,-0.866141732283));
#6163 = CARTESIAN_POINT('',(3.14159265359,-0.866141732283));
#6164 = CARTESIAN_POINT('',(4.188790204786,-0.866141732283));
#6165 = CARTESIAN_POINT('',(5.235987755983,-0.866141732283));
#6166 = CARTESIAN_POINT('',(6.28318530718,-0.866141732283));
#6167 = ( GEOMETRIC_REPRESENTATION_CONTEXT(2) 
PARAMETRIC_REPRESENTATION_CONTEXT() REPRESENTATION_CONTEXT('2D SPACE',''
  ) );
#6168 = PCURVE('',#6169,#6174);
#6169 = B_SPLINE_SURFACE_WITH_KNOTS('',1,1,(
    (#6170,#6171)
    ,(#6172,#6173
    )),.UNSPECIFIED.,.F.,.F.,.F.,(2,2),(2,2),(-0.472440944882,
    0.472440944882),(-0.472440944882,0.472440944882),
  .PIECEWISE_BEZIER_KNOTS.);
#6170 = CARTESIAN_POINT('',(-198.534,-115.358,248.558));
#6171 = CARTESIAN_POINT('',(-198.534,-115.358,272.558));
#6172 = CARTESIAN_POINT('',(-198.534,-139.358,248.558));
#6173 = CARTESIAN_POINT('',(-198.534,-139.358,272.558));
#6174 = DEFINITIONAL_REPRESENTATION('',(#6175),#6183);
#6175 = ( BOUNDED_CURVE() B_SPLINE_CURVE(2,(#6176,#6177,#6178,#6179,
#6180,#6181,#6182),.UNSPECIFIED.,.T.,.F.) B_SPLINE_CURVE_WITH_KNOTS((1,2
    ,2,2,2,1),(-2.094395102393,0.,2.094395102393,4.188790204786,
6.28318530718,8.377580409573),.UNSPECIFIED.) CURVE() 
GEOMETRIC_REPRESENTATION_ITEM() RATIONAL_B_SPLINE_CURVE((1.,0.5,1.,0.5,
1.,0.5,1.)) REPRESENTATION_ITEM('') );
#6176 = CARTESIAN_POINT('',(1.110223024625E-16,0.472440944882));
#6177 = CARTESIAN_POINT('',(-0.818291720111,0.472440944882));
#6178 = CARTESIAN_POINT('',(-0.409145860056,-0.236220472441));
#6179 = CARTESIAN_POINT('',(0.,-0.944881889764));
#6180 = CARTESIAN_POINT('',(0.409145860056,-0.236220472441));
#6181 = CARTESIAN_POINT('',(0.818291720111,0.472440944882));
#6182 = CARTESIAN_POINT('',(1.110223024625E-16,0.472440944882));
#6183 = ( GEOMETRIC_REPRESENTATION_CONTEXT(2) 
PARAMETRIC_REPRESENTATION_CONTEXT() REPRESENTATION_CONTEXT('2D SPACE',''
  ) );
#6184 = ORIENTED_EDGE('',*,*,#6108,.F.);
#6185 = ORIENTED_EDGE('',*,*,#6186,.F.);
#6186 = EDGE_CURVE('',#6109,#6109,#6187,.T.);
#6187 = SURFACE_CURVE('',#6188,(#6196,#6207),.PCURVE_S1.);
#6188 = ( BOUNDED_CURVE() B_SPLINE_CURVE(2,(#6189,#6190,#6191,#6192,
#6193,#6194,#6195),.UNSPECIFIED.,.T.,.F.) B_SPLINE_CURVE_WITH_KNOTS((1,2
    ,2,2,2,1),(-2.094395102393,0.,2.094395102393,4.188790204786,
6.28318530718,8.377580409573),.UNSPECIFIED.) CURVE() 
GEOMETRIC_REPRESENTATION_ITEM() RATIONAL_B_SPLINE_CURVE((1.,0.5,1.,0.5,
1.,0.5,1.)) REPRESENTATION_ITEM('') );
#6189 = CARTESIAN_POINT('',(-176.534,-127.358,272.558));
#6190 = CARTESIAN_POINT('',(-176.534,-106.5733903091,272.558));
#6191 = CARTESIAN_POINT('',(-176.534,-116.9656951545,254.558));
#6192 = CARTESIAN_POINT('',(-176.534,-127.358,236.558));
#6193 = CARTESIAN_POINT('',(-176.534,-137.7503048454,254.558));
#6194 = CARTESIAN_POINT('',(-176.534,-148.1426096908,272.558));
#6195 = CARTESIAN_POINT('',(-176.534,-127.358,272.558));
#6196 = PCURVE('',#6118,#6197);
#6197 = DEFINITIONAL_REPRESENTATION('',(#6198),#6206);
#6198 = B_SPLINE_CURVE_WITH_KNOTS('',2,(#6199,#6200,#6201,#6202,#6203,
    #6204,#6205),.UNSPECIFIED.,.F.,.F.,(3,2,2,3),(0.,2.094395102393,
    4.188790204786,6.28318530718),.PIECEWISE_BEZIER_KNOTS.);
#6199 = CARTESIAN_POINT('',(0.,0.));
#6200 = CARTESIAN_POINT('',(1.047197551197,1.159585391746E-30));
#6201 = CARTESIAN_POINT('',(2.094395102393,0.));
#6202 = CARTESIAN_POINT('',(3.14159265359,-1.509771773957E-16));
#6203 = CARTESIAN_POINT('',(4.188790204786,0.));
#6204 = CARTESIAN_POINT('',(5.235987755983,6.292266108899E-16));
#6205 = CARTESIAN_POINT('',(6.28318530718,0.));
#6206 = ( GEOMETRIC_REPRESENTATION_CONTEXT(2) 
PARAMETRIC_REPRESENTATION_CONTEXT() REPRESENTATION_CONTEXT('2D SPACE',''
  ) );
#6207 = PCURVE('',#6208,#6213);
#6208 = B_SPLINE_SURFACE_WITH_KNOTS('',1,1,(
    (#6209,#6210)
    ,(#6211,#6212
    )),.UNSPECIFIED.,.F.,.F.,.F.,(2,2),(2,2),(-0.472440944882,
    0.472440944882),(-0.472440944882,0.472440944882),
  .PIECEWISE_BEZIER_KNOTS.);
#6209 = CARTESIAN_POINT('',(-176.534,-115.358,248.558));
#6210 = CARTESIAN_POINT('',(-176.534,-115.358,272.558));
#6211 = CARTESIAN_POINT('',(-176.534,-139.358,248.558));
#6212 = CARTESIAN_POINT('',(-176.534,-139.358,272.558));
#6213 = DEFINITIONAL_REPRESENTATION('',(#6214),#6222);
#6214 = ( BOUNDED_CURVE() B_SPLINE_CURVE(2,(#6215,#6216,#6217,#6218,
#6219,#6220,#6221),.UNSPECIFIED.,.T.,.F.) B_SPLINE_CURVE_WITH_KNOTS((1,2
    ,2,2,2,1),(-2.094395102393,0.,2.094395102393,4.188790204786,
6.28318530718,8.377580409573),.UNSPECIFIED.) CURVE() 
GEOMETRIC_REPRESENTATION_ITEM() RATIONAL_B_SPLINE_CURVE((1.,0.5,1.,0.5,
1.,0.5,1.)) REPRESENTATION_ITEM('') );
#6215 = CARTESIAN_POINT('',(1.110223024625E-16,0.472440944882));
#6216 = CARTESIAN_POINT('',(-0.818291720111,0.472440944882));
#6217 = CARTESIAN_POINT('',(-0.409145860056,-0.236220472441));
#6218 = CARTESIAN_POINT('',(0.,-0.944881889764));
#6219 = CARTESIAN_POINT('',(0.409145860056,-0.236220472441));
#6220 = CARTESIAN_POINT('',(0.818291720111,0.472440944882));
#6221 = CARTESIAN_POINT('',(1.110223024625E-16,0.472440944882));
#6222 = ( GEOMETRIC_REPRESENTATION_CONTEXT(2) 
PARAMETRIC_REPRESENTATION_CONTEXT() REPRESENTATION_CONTEXT('2D SPACE',''
  ) );
#6223 = ADVANCED_FACE('',(#6224),#6208,.F.);
#6224 = FACE_BOUND('',#6225,.F.);
#6225 = EDGE_LOOP('',(#6226));
#6226 = ORIENTED_EDGE('',*,*,#6186,.T.);
#6227 = ADVANCED_FACE('',(#6228),#6169,.T.);
#6228 = FACE_BOUND('',#6229,.T.);
#6229 = EDGE_LOOP('',(#6230));
#6230 = ORIENTED_EDGE('',*,*,#6147,.T.);
#6231 = ( GEOMETRIC_REPRESENTATION_CONTEXT(3) 
GLOBAL_UNCERTAINTY_ASSIGNED_CONTEXT((#6235)) 
GLOBAL_UNIT_ASSIGNED_CONTEXT((#6232,#6233,#6234)) REPRESENTATION_CONTEXT
('Context #1','3D Context with UNIT and UNCERTAINTY') );
#6232 = ( LENGTH_UNIT() NAMED_UNIT(*) SI_UNIT(.MILLI.,.METRE.) );
#6233 = ( NAMED_UNIT(*) PLANE_ANGLE_UNIT() SI_UNIT($,.RADIAN.) );
#6234 = ( NAMED_UNIT(*) SI_UNIT($,.STERADIAN.) SOLID_ANGLE_UNIT() );
#6235 = UNCERTAINTY_MEASURE_WITH_UNIT(LENGTH_MEASURE(2.E-06),#6232,
  'distance_accuracy_value','confusion accuracy');
#6236 = CONTEXT_DEPENDENT_SHAPE_REPRESENTATION(#6237,#6239);
#6237 = ( REPRESENTATION_RELATIONSHIP('','',#6101,#10) 
REPRESENTATION_RELATIONSHIP_WITH_TRANSFORMATION(#6238) 
SHAPE_REPRESENTATION_RELATIONSHIP() );
#6238 = ITEM_DEFINED_TRANSFORMATION('','',#11,#43);
#6239 = PRODUCT_DEFINITION_SHAPE('Placement','Placement of an item',
  #6240);
#6240 = NEXT_ASSEMBLY_USAGE_OCCURRENCE('8','hub_R','',#5,#6096,$);
#6241 = PRODUCT_RELATED_PRODUCT_CATEGORY('part',$,(#6098));
#6242 = SHAPE_DEFINITION_REPRESENTATION(#6243,#6249);
#6243 = PRODUCT_DEFINITION_SHAPE('','',#6244);
#6244 = PRODUCT_DEFINITION('design','',#6245,#6248);
#6245 = PRODUCT_DEFINITION_FORMATION('','',#6246);
#6246 = PRODUCT('screws_R','screws_R','',(#6247));
#6247 = PRODUCT_CONTEXT('',#2,'mechanical');
#6248 = PRODUCT_DEFINITION_CONTEXT('part definition',#2,'design');
#6249 = SHAPE_REPRESENTATION('',(#11,#6250,#6907,#7564,#8100,#8636,#9172
    ,#9708,#9958,#10208,#10458),#10708);
#6250 = MANIFOLD_SOLID_BREP('',#6251);
#6251 = CLOSED_SHELL('',(#6252,#6371,#6427,#6431,#6496,#6602,#6669,#6712
    ,#6755,#6779,#6838,#6903));
#6252 = ADVANCED_FACE('',(#6253),#6266,.F.);
#6253 = FACE_BOUND('',#6254,.F.);
#6254 = EDGE_LOOP('',(#6255,#6294,#6332,#6333));
#6255 = ORIENTED_EDGE('',*,*,#6256,.T.);
#6256 = EDGE_CURVE('',#6257,#6259,#6261,.T.);
#6257 = VERTEX_POINT('',#6258);
#6258 = CARTESIAN_POINT('',(-198.534,-63.358,136.058));
#6259 = VERTEX_POINT('',#6260);
#6260 = CARTESIAN_POINT('',(-202.534,-63.358,136.058));
#6261 = SEAM_CURVE('',#6262,(#6265,#6287),.PCURVE_S1.);
#6262 = B_SPLINE_CURVE_WITH_KNOTS('',1,(#6263,#6264),.UNSPECIFIED.,.F.,
  .F.,(2,2),(0.,0.157480314961),.PIECEWISE_BEZIER_KNOTS.);
#6263 = CARTESIAN_POINT('',(-198.534,-63.358,136.058));
#6264 = CARTESIAN_POINT('',(-202.534,-63.358,136.058));
#6265 = PCURVE('',#6266,#6281);
#6266 = ( BOUNDED_SURFACE() B_SPLINE_SURFACE(2,1,(
    (#6267,#6268)
    ,(#6269,#6270)
    ,(#6271,#6272)
    ,(#6273,#6274)
    ,(#6275,#6276)
    ,(#6277,#6278)
    ,(#6279,#6280
)),.UNSPECIFIED.,.T.,.F.,.F.) B_SPLINE_SURFACE_WITH_KNOTS((1,2,2,2,2,1),
  (2,2),(-2.094395102393,0.,2.094395102393,4.188790204786,6.28318530718,
    8.377580409573),(-0.157480314961,0.),.UNSPECIFIED.) 
GEOMETRIC_REPRESENTATION_ITEM() RATIONAL_B_SPLINE_SURFACE((
    (1.,1.)
    ,(0.5,0.5)
    ,(1.,1.)
    ,(0.5,0.5)
    ,(1.,1.)
    ,(0.5,0.5)
,(1.,1.))) REPRESENTATION_ITEM('') SURFACE() );
#6267 = CARTESIAN_POINT('',(-202.534,-63.358,136.058));
#6268 = CARTESIAN_POINT('',(-198.534,-63.358,136.058));
#6269 = CARTESIAN_POINT('',(-202.534,-57.2958221735,136.058));
#6270 = CARTESIAN_POINT('',(-198.534,-57.2958221735,136.058));
#6271 = CARTESIAN_POINT('',(-202.534,-60.32691108675,130.808));
#6272 = CARTESIAN_POINT('',(-198.534,-60.32691108675,130.808));
#6273 = CARTESIAN_POINT('',(-202.534,-63.358,125.558));
#6274 = CARTESIAN_POINT('',(-198.534,-63.358,125.558));
#6275 = CARTESIAN_POINT('',(-202.534,-66.38908891324,130.808));
#6276 = CARTESIAN_POINT('',(-198.534,-66.38908891324,130.808));
#6277 = CARTESIAN_POINT('',(-202.534,-69.42017782649,136.058));
#6278 = CARTESIAN_POINT('',(-198.534,-69.42017782649,136.058));
#6279 = CARTESIAN_POINT('',(-202.534,-63.358,136.058));
#6280 = CARTESIAN_POINT('',(-198.534,-63.358,136.058));
#6281 = DEFINITIONAL_REPRESENTATION('',(#6282),#6286);
#6282 = B_SPLINE_CURVE_WITH_KNOTS('',2,(#6283,#6284,#6285),
  .UNSPECIFIED.,.F.,.F.,(3,3),(0.,0.157480314961),
  .PIECEWISE_BEZIER_KNOTS.);
#6283 = CARTESIAN_POINT('',(0.,0.));
#6284 = CARTESIAN_POINT('',(0.,-7.874015748031E-02));
#6285 = CARTESIAN_POINT('',(0.,-0.157480314961));
#6286 = ( GEOMETRIC_REPRESENTATION_CONTEXT(2) 
PARAMETRIC_REPRESENTATION_CONTEXT() REPRESENTATION_CONTEXT('2D SPACE',''
  ) );
#6287 = PCURVE('',#6266,#6288);
#6288 = DEFINITIONAL_REPRESENTATION('',(#6289),#6293);
#6289 = B_SPLINE_CURVE_WITH_KNOTS('',2,(#6290,#6291,#6292),
  .UNSPECIFIED.,.F.,.F.,(3,3),(0.,0.157480314961),
  .PIECEWISE_BEZIER_KNOTS.);
#6290 = CARTESIAN_POINT('',(6.28318530718,0.));
#6291 = CARTESIAN_POINT('',(6.28318530718,-7.874015748031E-02));
#6292 = CARTESIAN_POINT('',(6.28318530718,-0.157480314961));
#6293 = ( GEOMETRIC_REPRESENTATION_CONTEXT(2) 
PARAMETRIC_REPRESENTATION_CONTEXT() REPRESENTATION_CONTEXT('2D SPACE',''
  ) );
#6294 = ORIENTED_EDGE('',*,*,#6295,.T.);
#6295 = EDGE_CURVE('',#6259,#6259,#6296,.T.);
#6296 = SURFACE_CURVE('',#6297,(#6305,#6316),.PCURVE_S1.);
#6297 = ( BOUNDED_CURVE() B_SPLINE_CURVE(2,(#6298,#6299,#6300,#6301,
#6302,#6303,#6304),.UNSPECIFIED.,.T.,.F.) B_SPLINE_CURVE_WITH_KNOTS((1,2
    ,2,2,2,1),(-2.094395102393,0.,2.094395102393,4.188790204786,
6.28318530718,8.377580409573),.UNSPECIFIED.) CURVE() 
GEOMETRIC_REPRESENTATION_ITEM() RATIONAL_B_SPLINE_CURVE((1.,0.5,1.,0.5,
1.,0.5,1.)) REPRESENTATION_ITEM('') );
#6298 = CARTESIAN_POINT('',(-202.534,-63.358,136.058));
#6299 = CARTESIAN_POINT('',(-202.534,-57.2958221735,136.058));
#6300 = CARTESIAN_POINT('',(-202.534,-60.32691108675,130.808));
#6301 = CARTESIAN_POINT('',(-202.534,-63.358,125.558));
#6302 = CARTESIAN_POINT('',(-202.534,-66.38908891324,130.808));
#6303 = CARTESIAN_POINT('',(-202.534,-69.42017782649,136.058));
#6304 = CARTESIAN_POINT('',(-202.534,-63.358,136.058));
#6305 = PCURVE('',#6266,#6306);
#6306 = DEFINITIONAL_REPRESENTATION('',(#6307),#6315);
#6307 = B_SPLINE_CURVE_WITH_KNOTS('',2,(#6308,#6309,#6310,#6311,#6312,
    #6313,#6314),.UNSPECIFIED.,.F.,.F.,(3,2,2,3),(0.,2.094395102393,
    4.188790204786,6.28318530718),.PIECEWISE_BEZIER_KNOTS.);
#6308 = CARTESIAN_POINT('',(0.,-0.157480314961));
#6309 = CARTESIAN_POINT('',(1.047197551197,-0.157480314961));
#6310 = CARTESIAN_POINT('',(2.094395102393,-0.157480314961));
#6311 = CARTESIAN_POINT('',(3.14159265359,-0.157480314961));
#6312 = CARTESIAN_POINT('',(4.188790204786,-0.157480314961));
#6313 = CARTESIAN_POINT('',(5.235987755983,-0.157480314961));
#6314 = CARTESIAN_POINT('',(6.28318530718,-0.157480314961));
#6315 = ( GEOMETRIC_REPRESENTATION_CONTEXT(2) 
PARAMETRIC_REPRESENTATION_CONTEXT() REPRESENTATION_CONTEXT('2D SPACE',''
  ) );
#6316 = PCURVE('',#6317,#6322);
#6317 = B_SPLINE_SURFACE_WITH_KNOTS('',1,1,(
    (#6318,#6319)
    ,(#6320,#6321
    )),.UNSPECIFIED.,.F.,.F.,.F.,(2,2),(2,2),(-0.137795275591,
    0.137795275591),(-0.137795275591,0.137795275591),
  .PIECEWISE_BEZIER_KNOTS.);
#6318 = CARTESIAN_POINT('',(-202.534,-59.858,129.058));
#6319 = CARTESIAN_POINT('',(-202.534,-59.858,136.058));
#6320 = CARTESIAN_POINT('',(-202.534,-66.858,129.058));
#6321 = CARTESIAN_POINT('',(-202.534,-66.858,136.058));
#6322 = DEFINITIONAL_REPRESENTATION('',(#6323),#6331);
#6323 = ( BOUNDED_CURVE() B_SPLINE_CURVE(2,(#6324,#6325,#6326,#6327,
#6328,#6329,#6330),.UNSPECIFIED.,.T.,.F.) B_SPLINE_CURVE_WITH_KNOTS((1,2
    ,2,2,2,1),(-2.094395102393,0.,2.094395102393,4.188790204786,
6.28318530718,8.377580409573),.UNSPECIFIED.) CURVE() 
GEOMETRIC_REPRESENTATION_ITEM() RATIONAL_B_SPLINE_CURVE((1.,0.5,1.,0.5,
1.,0.5,1.)) REPRESENTATION_ITEM('') );
#6324 = CARTESIAN_POINT('',(8.881784197001E-16,0.137795275591));
#6325 = CARTESIAN_POINT('',(-0.238668418366,0.137795275591));
#6326 = CARTESIAN_POINT('',(-0.119334209183,-6.889763779528E-02));
#6327 = CARTESIAN_POINT('',(8.881784197001E-16,-0.275590551181));
#6328 = CARTESIAN_POINT('',(0.119334209183,-6.889763779528E-02));
#6329 = CARTESIAN_POINT('',(0.238668418366,0.137795275591));
#6330 = CARTESIAN_POINT('',(8.881784197001E-16,0.137795275591));
#6331 = ( GEOMETRIC_REPRESENTATION_CONTEXT(2) 
PARAMETRIC_REPRESENTATION_CONTEXT() REPRESENTATION_CONTEXT('2D SPACE',''
  ) );
#6332 = ORIENTED_EDGE('',*,*,#6256,.F.);
#6333 = ORIENTED_EDGE('',*,*,#6334,.F.);
#6334 = EDGE_CURVE('',#6257,#6257,#6335,.T.);
#6335 = SURFACE_CURVE('',#6336,(#6344,#6355),.PCURVE_S1.);
#6336 = ( BOUNDED_CURVE() B_SPLINE_CURVE(2,(#6337,#6338,#6339,#6340,
#6341,#6342,#6343),.UNSPECIFIED.,.T.,.F.) B_SPLINE_CURVE_WITH_KNOTS((1,2
    ,2,2,2,1),(-2.094395102393,0.,2.094395102393,4.188790204786,
6.28318530718,8.377580409573),.UNSPECIFIED.) CURVE() 
GEOMETRIC_REPRESENTATION_ITEM() RATIONAL_B_SPLINE_CURVE((1.,0.5,1.,0.5,
1.,0.5,1.)) REPRESENTATION_ITEM('') );
#6337 = CARTESIAN_POINT('',(-198.534,-63.358,136.058));
#6338 = CARTESIAN_POINT('',(-198.534,-57.2958221735,136.058));
#6339 = CARTESIAN_POINT('',(-198.534,-60.32691108675,130.808));
#6340 = CARTESIAN_POINT('',(-198.534,-63.358,125.558));
#6341 = CARTESIAN_POINT('',(-198.534,-66.38908891324,130.808));
#6342 = CARTESIAN_POINT('',(-198.534,-69.42017782649,136.058));
#6343 = CARTESIAN_POINT('',(-198.534,-63.358,136.058));
#6344 = PCURVE('',#6266,#6345);
#6345 = DEFINITIONAL_REPRESENTATION('',(#6346),#6354);
#6346 = B_SPLINE_CURVE_WITH_KNOTS('',2,(#6347,#6348,#6349,#6350,#6351,
    #6352,#6353),.UNSPECIFIED.,.F.,.F.,(3,2,2,3),(0.,2.094395102393,
    4.188790204786,6.28318530718),.PIECEWISE_BEZIER_KNOTS.);
#6347 = CARTESIAN_POINT('',(0.,0.));
#6348 = CARTESIAN_POINT('',(1.047197551197,-3.448087409241E-15));
#6349 = CARTESIAN_POINT('',(2.094395102393,0.));
#6350 = CARTESIAN_POINT('',(3.14159265359,-2.052188299495E-15));
#6351 = CARTESIAN_POINT('',(4.188790204786,-8.881784197001E-16));
#6352 = CARTESIAN_POINT('',(5.235987755983,-2.530437732989E-15));
#6353 = CARTESIAN_POINT('',(6.28318530718,0.));
#6354 = ( GEOMETRIC_REPRESENTATION_CONTEXT(2) 
PARAMETRIC_REPRESENTATION_CONTEXT() REPRESENTATION_CONTEXT('2D SPACE',''
  ) );
#6355 = PCURVE('',#6356,#6361);
#6356 = B_SPLINE_SURFACE_WITH_KNOTS('',1,1,(
    (#6357,#6358)
    ,(#6359,#6360
    )),.UNSPECIFIED.,.F.,.F.,.F.,(2,2),(2,2),(-0.137795275591,
    0.137795275591),(-0.137795275591,0.137795275591),
  .PIECEWISE_BEZIER_KNOTS.);
#6357 = CARTESIAN_POINT('',(-198.534,-59.858,129.058));
#6358 = CARTESIAN_POINT('',(-198.534,-59.858,136.058));
#6359 = CARTESIAN_POINT('',(-198.534,-66.858,129.058));
#6360 = CARTESIAN_POINT('',(-198.534,-66.858,136.058));
#6361 = DEFINITIONAL_REPRESENTATION('',(#6362),#6370);
#6362 = ( BOUNDED_CURVE() B_SPLINE_CURVE(2,(#6363,#6364,#6365,#6366,
#6367,#6368,#6369),.UNSPECIFIED.,.T.,.F.) B_SPLINE_CURVE_WITH_KNOTS((1,2
    ,2,2,2,1),(-2.094395102393,0.,2.094395102393,4.188790204786,
6.28318530718,8.377580409573),.UNSPECIFIED.) CURVE() 
GEOMETRIC_REPRESENTATION_ITEM() RATIONAL_B_SPLINE_CURVE((1.,0.5,1.,0.5,
1.,0.5,1.)) REPRESENTATION_ITEM('') );
#6363 = CARTESIAN_POINT('',(8.881784197001E-16,0.137795275591));
#6364 = CARTESIAN_POINT('',(-0.238668418366,0.137795275591));
#6365 = CARTESIAN_POINT('',(-0.119334209183,-6.889763779528E-02));
#6366 = CARTESIAN_POINT('',(8.881784197001E-16,-0.275590551181));
#6367 = CARTESIAN_POINT('',(0.119334209183,-6.889763779528E-02));
#6368 = CARTESIAN_POINT('',(0.238668418366,0.137795275591));
#6369 = CARTESIAN_POINT('',(8.881784197001E-16,0.137795275591));
#6370 = ( GEOMETRIC_REPRESENTATION_CONTEXT(2) 
PARAMETRIC_REPRESENTATION_CONTEXT() REPRESENTATION_CONTEXT('2D SPACE',''
  ) );
#6371 = ADVANCED_FACE('',(#6372,#6375),#6356,.F.);
#6372 = FACE_BOUND('',#6373,.F.);
#6373 = EDGE_LOOP('',(#6374));
#6374 = ORIENTED_EDGE('',*,*,#6334,.T.);
#6375 = FACE_BOUND('',#6376,.F.);
#6376 = EDGE_LOOP('',(#6377));
#6377 = ORIENTED_EDGE('',*,*,#6378,.F.);
#6378 = EDGE_CURVE('',#6379,#6379,#6381,.T.);
#6379 = VERTEX_POINT('',#6380);
#6380 = CARTESIAN_POINT('',(-198.534,-63.358,134.558));
#6381 = SURFACE_CURVE('',#6382,(#6390,#6401),.PCURVE_S1.);
#6382 = ( BOUNDED_CURVE() B_SPLINE_CURVE(2,(#6383,#6384,#6385,#6386,
#6387,#6388,#6389),.UNSPECIFIED.,.T.,.F.) B_SPLINE_CURVE_WITH_KNOTS((1,2
    ,2,2,2,1),(-2.094395102393,0.,2.094395102393,4.188790204786,
6.28318530718,8.377580409573),.UNSPECIFIED.) CURVE() 
GEOMETRIC_REPRESENTATION_ITEM() RATIONAL_B_SPLINE_CURVE((1.,0.5,1.,0.5,
1.,0.5,1.)) REPRESENTATION_ITEM('') );
#6383 = CARTESIAN_POINT('',(-198.534,-63.358,134.558));
#6384 = CARTESIAN_POINT('',(-198.534,-59.89389838486,134.558));
#6385 = CARTESIAN_POINT('',(-198.534,-61.62594919243,131.558));
#6386 = CARTESIAN_POINT('',(-198.534,-63.358,128.558));
#6387 = CARTESIAN_POINT('',(-198.534,-65.09005080756,131.558));
#6388 = CARTESIAN_POINT('',(-198.534,-66.82210161513,134.558));
#6389 = CARTESIAN_POINT('',(-198.534,-63.358,134.558));
#6390 = PCURVE('',#6356,#6391);
#6391 = DEFINITIONAL_REPRESENTATION('',(#6392),#6400);
#6392 = ( BOUNDED_CURVE() B_SPLINE_CURVE(2,(#6393,#6394,#6395,#6396,
#6397,#6398,#6399),.UNSPECIFIED.,.T.,.F.) B_SPLINE_CURVE_WITH_KNOTS((1,2
    ,2,2,2,1),(-2.094395102393,0.,2.094395102393,4.188790204786,
6.28318530718,8.377580409573),.UNSPECIFIED.) CURVE() 
GEOMETRIC_REPRESENTATION_ITEM() RATIONAL_B_SPLINE_CURVE((1.,0.5,1.,0.5,
1.,0.5,1.)) REPRESENTATION_ITEM('') );
#6393 = CARTESIAN_POINT('',(8.881784197001E-16,7.874015748031E-02));
#6394 = CARTESIAN_POINT('',(-0.136381953352,7.874015748031E-02));
#6395 = CARTESIAN_POINT('',(-6.819097667594E-02,-3.937007874016E-02));
#6396 = CARTESIAN_POINT('',(8.881784197001E-16,-0.157480314961));
#6397 = CARTESIAN_POINT('',(6.819097667594E-02,-3.937007874016E-02));
#6398 = CARTESIAN_POINT('',(0.136381953352,7.874015748031E-02));
#6399 = CARTESIAN_POINT('',(8.881784197001E-16,7.874015748031E-02));
#6400 = ( GEOMETRIC_REPRESENTATION_CONTEXT(2) 
PARAMETRIC_REPRESENTATION_CONTEXT() REPRESENTATION_CONTEXT('2D SPACE',''
  ) );
#6401 = PCURVE('',#6402,#6417);
#6402 = ( BOUNDED_SURFACE() B_SPLINE_SURFACE(2,1,(
    (#6403,#6404)
    ,(#6405,#6406)
    ,(#6407,#6408)
    ,(#6409,#6410)
    ,(#6411,#6412)
    ,(#6413,#6414)
    ,(#6415,#6416
)),.UNSPECIFIED.,.T.,.F.,.F.) B_SPLINE_SURFACE_WITH_KNOTS((1,2,2,2,2,1),
  (2,2),(-2.094395102393,0.,2.094395102393,4.188790204786,6.28318530718,
    8.377580409573),(-0.403700787402,-0.196850393701),.UNSPECIFIED.) 
GEOMETRIC_REPRESENTATION_ITEM() RATIONAL_B_SPLINE_SURFACE((
    (1.,1.)
    ,(0.5,0.5)
    ,(1.,1.)
    ,(0.5,0.5)
    ,(1.,1.)
    ,(0.5,0.5)
,(1.,1.))) REPRESENTATION_ITEM('') SURFACE() );
#6403 = CARTESIAN_POINT('',(-198.534,-63.358,134.558));
#6404 = CARTESIAN_POINT('',(-193.28,-63.358,134.558));
#6405 = CARTESIAN_POINT('',(-198.534,-59.89389838486,134.558));
#6406 = CARTESIAN_POINT('',(-193.28,-59.89389838486,134.558));
#6407 = CARTESIAN_POINT('',(-198.534,-61.62594919243,131.558));
#6408 = CARTESIAN_POINT('',(-193.28,-61.62594919243,131.558));
#6409 = CARTESIAN_POINT('',(-198.534,-63.358,128.558));
#6410 = CARTESIAN_POINT('',(-193.28,-63.358,128.558));
#6411 = CARTESIAN_POINT('',(-198.534,-65.09005080756,131.558));
#6412 = CARTESIAN_POINT('',(-193.28,-65.09005080756,131.558));
#6413 = CARTESIAN_POINT('',(-198.534,-66.82210161513,134.558));
#6414 = CARTESIAN_POINT('',(-193.28,-66.82210161513,134.558));
#6415 = CARTESIAN_POINT('',(-198.534,-63.358,134.558));
#6416 = CARTESIAN_POINT('',(-193.28,-63.358,134.558));
#6417 = DEFINITIONAL_REPRESENTATION('',(#6418),#6426);
#6418 = B_SPLINE_CURVE_WITH_KNOTS('',2,(#6419,#6420,#6421,#6422,#6423,
    #6424,#6425),.UNSPECIFIED.,.F.,.F.,(3,2,2,3),(0.,2.094395102393,
    4.188790204786,6.28318530718),.PIECEWISE_BEZIER_KNOTS.);
#6419 = CARTESIAN_POINT('',(0.,-0.403700787402));
#6420 = CARTESIAN_POINT('',(1.047197551197,-0.403700787402));
#6421 = CARTESIAN_POINT('',(2.094395102393,-0.403700787402));
#6422 = CARTESIAN_POINT('',(3.14159265359,-0.403700787402));
#6423 = CARTESIAN_POINT('',(4.188790204786,-0.403700787402));
#6424 = CARTESIAN_POINT('',(5.235987755983,-0.403700787402));
#6425 = CARTESIAN_POINT('',(6.28318530718,-0.403700787402));
#6426 = ( GEOMETRIC_REPRESENTATION_CONTEXT(2) 
PARAMETRIC_REPRESENTATION_CONTEXT() REPRESENTATION_CONTEXT('2D SPACE',''
  ) );
#6427 = ADVANCED_FACE('',(#6428),#6317,.T.);
#6428 = FACE_BOUND('',#6429,.T.);
#6429 = EDGE_LOOP('',(#6430));
#6430 = ORIENTED_EDGE('',*,*,#6295,.T.);
#6431 = ADVANCED_FACE('',(#6432),#6402,.F.);
#6432 = FACE_BOUND('',#6433,.F.);
#6433 = EDGE_LOOP('',(#6434,#6474,#6494,#6495));
#6434 = ORIENTED_EDGE('',*,*,#6435,.F.);
#6435 = EDGE_CURVE('',#6436,#6436,#6438,.T.);
#6436 = VERTEX_POINT('',#6437);
#6437 = CARTESIAN_POINT('',(-193.28,-63.358,134.558));
#6438 = SURFACE_CURVE('',#6439,(#6447,#6458),.PCURVE_S1.);
#6439 = ( BOUNDED_CURVE() B_SPLINE_CURVE(2,(#6440,#6441,#6442,#6443,
#6444,#6445,#6446),.UNSPECIFIED.,.T.,.F.) B_SPLINE_CURVE_WITH_KNOTS((1,2
    ,2,2,2,1),(-2.094395102393,0.,2.094395102393,4.188790204786,
6.28318530718,8.377580409573),.UNSPECIFIED.) CURVE() 
GEOMETRIC_REPRESENTATION_ITEM() RATIONAL_B_SPLINE_CURVE((1.,0.5,1.,0.5,
1.,0.5,1.)) REPRESENTATION_ITEM('') );
#6440 = CARTESIAN_POINT('',(-193.28,-63.358,134.558));
#6441 = CARTESIAN_POINT('',(-193.28,-59.89389838486,134.558));
#6442 = CARTESIAN_POINT('',(-193.28,-61.62594919243,131.558));
#6443 = CARTESIAN_POINT('',(-193.28,-63.358,128.558));
#6444 = CARTESIAN_POINT('',(-193.28,-65.09005080756,131.558));
#6445 = CARTESIAN_POINT('',(-193.28,-66.82210161513,134.558));
#6446 = CARTESIAN_POINT('',(-193.28,-63.358,134.558));
#6447 = PCURVE('',#6402,#6448);
#6448 = DEFINITIONAL_REPRESENTATION('',(#6449),#6457);
#6449 = B_SPLINE_CURVE_WITH_KNOTS('',2,(#6450,#6451,#6452,#6453,#6454,
    #6455,#6456),.UNSPECIFIED.,.F.,.F.,(3,2,2,3),(0.,2.094395102393,
    4.188790204786,6.28318530718),.PIECEWISE_BEZIER_KNOTS.);
#6450 = CARTESIAN_POINT('',(0.,-0.196850393701));
#6451 = CARTESIAN_POINT('',(1.047197551197,-0.196850393701));
#6452 = CARTESIAN_POINT('',(2.094395102393,-0.196850393701));
#6453 = CARTESIAN_POINT('',(3.14159265359,-0.196850393701));
#6454 = CARTESIAN_POINT('',(4.188790204786,-0.196850393701));
#6455 = CARTESIAN_POINT('',(5.235987755983,-0.196850393701));
#6456 = CARTESIAN_POINT('',(6.28318530718,-0.196850393701));
#6457 = ( GEOMETRIC_REPRESENTATION_CONTEXT(2) 
PARAMETRIC_REPRESENTATION_CONTEXT() REPRESENTATION_CONTEXT('2D SPACE',''
  ) );
#6458 = PCURVE('',#6459,#6464);
#6459 = B_SPLINE_SURFACE_WITH_KNOTS('',1,1,(
    (#6460,#6461)
    ,(#6462,#6463
    )),.UNSPECIFIED.,.F.,.F.,.F.,(2,2),(2,2),(0.,0.275590551181),(0.,
    0.318897637795),.PIECEWISE_BEZIER_KNOTS.);
#6460 = CARTESIAN_POINT('',(-193.28,-66.858,128.508));
#6461 = CARTESIAN_POINT('',(-193.28,-66.858,136.608));
#6462 = CARTESIAN_POINT('',(-193.28,-59.858,128.508));
#6463 = CARTESIAN_POINT('',(-193.28,-59.858,136.608));
#6464 = DEFINITIONAL_REPRESENTATION('',(#6465),#6473);
#6465 = ( BOUNDED_CURVE() B_SPLINE_CURVE(2,(#6466,#6467,#6468,#6469,
#6470,#6471,#6472),.UNSPECIFIED.,.T.,.F.) B_SPLINE_CURVE_WITH_KNOTS((1,2
    ,2,2,2,1),(-2.094395102393,0.,2.094395102393,4.188790204786,
6.28318530718,8.377580409573),.UNSPECIFIED.) CURVE() 
GEOMETRIC_REPRESENTATION_ITEM() RATIONAL_B_SPLINE_CURVE((1.,0.5,1.,0.5,
1.,0.5,1.)) REPRESENTATION_ITEM('') );
#6466 = CARTESIAN_POINT('',(0.137795275591,0.238188976378));
#6467 = CARTESIAN_POINT('',(0.274177228942,0.238188976378));
#6468 = CARTESIAN_POINT('',(0.205986252266,0.120078740157));
#6469 = CARTESIAN_POINT('',(0.137795275591,1.968503937008E-03));
#6470 = CARTESIAN_POINT('',(6.960429891461E-02,0.120078740157));
#6471 = CARTESIAN_POINT('',(1.413322238671E-03,0.238188976378));
#6472 = CARTESIAN_POINT('',(0.137795275591,0.238188976378));
#6473 = ( GEOMETRIC_REPRESENTATION_CONTEXT(2) 
PARAMETRIC_REPRESENTATION_CONTEXT() REPRESENTATION_CONTEXT('2D SPACE',''
  ) );
#6474 = ORIENTED_EDGE('',*,*,#6475,.T.);
#6475 = EDGE_CURVE('',#6436,#6379,#6476,.T.);
#6476 = SEAM_CURVE('',#6477,(#6480,#6487),.PCURVE_S1.);
#6477 = B_SPLINE_CURVE_WITH_KNOTS('',1,(#6478,#6479),.UNSPECIFIED.,.F.,
  .F.,(2,2),(0.196850393701,0.403700787402),.PIECEWISE_BEZIER_KNOTS.);
#6478 = CARTESIAN_POINT('',(-193.28,-63.358,134.558));
#6479 = CARTESIAN_POINT('',(-198.534,-63.358,134.558));
#6480 = PCURVE('',#6402,#6481);
#6481 = DEFINITIONAL_REPRESENTATION('',(#6482),#6486);
#6482 = B_SPLINE_CURVE_WITH_KNOTS('',2,(#6483,#6484,#6485),
  .UNSPECIFIED.,.F.,.F.,(3,3),(0.196850393701,0.403700787402),
  .PIECEWISE_BEZIER_KNOTS.);
#6483 = CARTESIAN_POINT('',(6.28318530718,-0.196850393701));
#6484 = CARTESIAN_POINT('',(6.28318530718,-0.300275590551));
#6485 = CARTESIAN_POINT('',(6.28318530718,-0.403700787402));
#6486 = ( GEOMETRIC_REPRESENTATION_CONTEXT(2) 
PARAMETRIC_REPRESENTATION_CONTEXT() REPRESENTATION_CONTEXT('2D SPACE',''
  ) );
#6487 = PCURVE('',#6402,#6488);
#6488 = DEFINITIONAL_REPRESENTATION('',(#6489),#6493);
#6489 = B_SPLINE_CURVE_WITH_KNOTS('',2,(#6490,#6491,#6492),
  .UNSPECIFIED.,.F.,.F.,(3,3),(0.196850393701,0.403700787402),
  .PIECEWISE_BEZIER_KNOTS.);
#6490 = CARTESIAN_POINT('',(0.,-0.196850393701));
#6491 = CARTESIAN_POINT('',(8.881784197001E-16,-0.300275590551));
#6492 = CARTESIAN_POINT('',(0.,-0.403700787402));
#6493 = ( GEOMETRIC_REPRESENTATION_CONTEXT(2) 
PARAMETRIC_REPRESENTATION_CONTEXT() REPRESENTATION_CONTEXT('2D SPACE',''
  ) );
#6494 = ORIENTED_EDGE('',*,*,#6378,.T.);
#6495 = ORIENTED_EDGE('',*,*,#6475,.F.);
#6496 = ADVANCED_FACE('',(#6497,#6599),#6459,.F.);
#6497 = FACE_BOUND('',#6498,.F.);
#6498 = EDGE_LOOP('',(#6499,#6526,#6551,#6576));
#6499 = ORIENTED_EDGE('',*,*,#6500,.F.);
#6500 = EDGE_CURVE('',#6501,#6503,#6505,.T.);
#6501 = VERTEX_POINT('',#6502);
#6502 = CARTESIAN_POINT('',(-193.28,-66.858,128.508));
#6503 = VERTEX_POINT('',#6504);
#6504 = CARTESIAN_POINT('',(-193.28,-66.858,136.608));
#6505 = SURFACE_CURVE('',#6506,(#6509,#6515),.PCURVE_S1.);
#6506 = B_SPLINE_CURVE_WITH_KNOTS('',1,(#6507,#6508),.UNSPECIFIED.,.F.,
  .F.,(2,2),(0.,0.318897637795),.PIECEWISE_BEZIER_KNOTS.);
#6507 = CARTESIAN_POINT('',(-193.28,-66.858,128.508));
#6508 = CARTESIAN_POINT('',(-193.28,-66.858,136.608));
#6509 = PCURVE('',#6459,#6510);
#6510 = DEFINITIONAL_REPRESENTATION('',(#6511),#6514);
#6511 = B_SPLINE_CURVE_WITH_KNOTS('',1,(#6512,#6513),.UNSPECIFIED.,.F.,
  .F.,(2,2),(0.,0.318897637795),.PIECEWISE_BEZIER_KNOTS.);
#6512 = CARTESIAN_POINT('',(0.,0.));
#6513 = CARTESIAN_POINT('',(0.,0.318897637795));
#6514 = ( GEOMETRIC_REPRESENTATION_CONTEXT(2) 
PARAMETRIC_REPRESENTATION_CONTEXT() REPRESENTATION_CONTEXT('2D SPACE',''
  ) );
#6515 = PCURVE('',#6516,#6521);
#6516 = B_SPLINE_SURFACE_WITH_KNOTS('',1,1,(
    (#6517,#6518)
    ,(#6519,#6520
    )),.UNSPECIFIED.,.F.,.F.,.F.,(2,2),(2,2),(0.,0.318897637795),(0.,
    0.185039370079),.PIECEWISE_BEZIER_KNOTS.);
#6517 = CARTESIAN_POINT('',(-188.58,-66.858,128.508));
#6518 = CARTESIAN_POINT('',(-193.28,-66.858,128.508));
#6519 = CARTESIAN_POINT('',(-188.58,-66.858,136.608));
#6520 = CARTESIAN_POINT('',(-193.28,-66.858,136.608));
#6521 = DEFINITIONAL_REPRESENTATION('',(#6522),#6525);
#6522 = B_SPLINE_CURVE_WITH_KNOTS('',1,(#6523,#6524),.UNSPECIFIED.,.F.,
  .F.,(2,2),(0.,0.318897637795),.PIECEWISE_BEZIER_KNOTS.);
#6523 = CARTESIAN_POINT('',(0.,0.185039370079));
#6524 = CARTESIAN_POINT('',(0.318897637795,0.185039370079));
#6525 = ( GEOMETRIC_REPRESENTATION_CONTEXT(2) 
PARAMETRIC_REPRESENTATION_CONTEXT() REPRESENTATION_CONTEXT('2D SPACE',''
  ) );
#6526 = ORIENTED_EDGE('',*,*,#6527,.T.);
#6527 = EDGE_CURVE('',#6501,#6528,#6530,.T.);
#6528 = VERTEX_POINT('',#6529);
#6529 = CARTESIAN_POINT('',(-193.28,-59.858,128.508));
#6530 = SURFACE_CURVE('',#6531,(#6534,#6540),.PCURVE_S1.);
#6531 = B_SPLINE_CURVE_WITH_KNOTS('',1,(#6532,#6533),.UNSPECIFIED.,.F.,
  .F.,(2,2),(0.,0.275590551181),.PIECEWISE_BEZIER_KNOTS.);
#6532 = CARTESIAN_POINT('',(-193.28,-66.858,128.508));
#6533 = CARTESIAN_POINT('',(-193.28,-59.858,128.508));
#6534 = PCURVE('',#6459,#6535);
#6535 = DEFINITIONAL_REPRESENTATION('',(#6536),#6539);
#6536 = B_SPLINE_CURVE_WITH_KNOTS('',1,(#6537,#6538),.UNSPECIFIED.,.F.,
  .F.,(2,2),(0.,0.275590551181),.PIECEWISE_BEZIER_KNOTS.);
#6537 = CARTESIAN_POINT('',(0.,0.));
#6538 = CARTESIAN_POINT('',(0.275590551181,0.));
#6539 = ( GEOMETRIC_REPRESENTATION_CONTEXT(2) 
PARAMETRIC_REPRESENTATION_CONTEXT() REPRESENTATION_CONTEXT('2D SPACE',''
  ) );
#6540 = PCURVE('',#6541,#6546);
#6541 = B_SPLINE_SURFACE_WITH_KNOTS('',1,1,(
    (#6542,#6543)
    ,(#6544,#6545
    )),.UNSPECIFIED.,.F.,.F.,.F.,(2,2),(2,2),(0.,0.275590551181),(
    -0.185039370079,0.),.PIECEWISE_BEZIER_KNOTS.);
#6542 = CARTESIAN_POINT('',(-193.28,-66.858,128.508));
#6543 = CARTESIAN_POINT('',(-188.58,-66.858,128.508));
#6544 = CARTESIAN_POINT('',(-193.28,-59.858,128.508));
#6545 = CARTESIAN_POINT('',(-188.58,-59.858,128.508));
#6546 = DEFINITIONAL_REPRESENTATION('',(#6547),#6550);
#6547 = B_SPLINE_CURVE_WITH_KNOTS('',1,(#6548,#6549),.UNSPECIFIED.,.F.,
  .F.,(2,2),(0.,0.275590551181),.PIECEWISE_BEZIER_KNOTS.);
#6548 = CARTESIAN_POINT('',(0.,-0.185039370079));
#6549 = CARTESIAN_POINT('',(0.275590551181,-0.185039370079));
#6550 = ( GEOMETRIC_REPRESENTATION_CONTEXT(2) 
PARAMETRIC_REPRESENTATION_CONTEXT() REPRESENTATION_CONTEXT('2D SPACE',''
  ) );
#6551 = ORIENTED_EDGE('',*,*,#6552,.T.);
#6552 = EDGE_CURVE('',#6528,#6553,#6555,.T.);
#6553 = VERTEX_POINT('',#6554);
#6554 = CARTESIAN_POINT('',(-193.28,-59.858,136.608));
#6555 = SURFACE_CURVE('',#6556,(#6559,#6565),.PCURVE_S1.);
#6556 = B_SPLINE_CURVE_WITH_KNOTS('',1,(#6557,#6558),.UNSPECIFIED.,.F.,
  .F.,(2,2),(0.,0.318897637795),.PIECEWISE_BEZIER_KNOTS.);
#6557 = CARTESIAN_POINT('',(-193.28,-59.858,128.508));
#6558 = CARTESIAN_POINT('',(-193.28,-59.858,136.608));
#6559 = PCURVE('',#6459,#6560);
#6560 = DEFINITIONAL_REPRESENTATION('',(#6561),#6564);
#6561 = B_SPLINE_CURVE_WITH_KNOTS('',1,(#6562,#6563),.UNSPECIFIED.,.F.,
  .F.,(2,2),(0.,0.318897637795),.PIECEWISE_BEZIER_KNOTS.);
#6562 = CARTESIAN_POINT('',(0.275590551181,0.));
#6563 = CARTESIAN_POINT('',(0.275590551181,0.318897637795));
#6564 = ( GEOMETRIC_REPRESENTATION_CONTEXT(2) 
PARAMETRIC_REPRESENTATION_CONTEXT() REPRESENTATION_CONTEXT('2D SPACE',''
  ) );
#6565 = PCURVE('',#6566,#6571);
#6566 = B_SPLINE_SURFACE_WITH_KNOTS('',1,1,(
    (#6567,#6568)
    ,(#6569,#6570
    )),.UNSPECIFIED.,.F.,.F.,.F.,(2,2),(2,2),(0.,0.318897637795),(0.,
    0.185039370079),.PIECEWISE_BEZIER_KNOTS.);
#6567 = CARTESIAN_POINT('',(-188.58,-59.858,128.508));
#6568 = CARTESIAN_POINT('',(-193.28,-59.858,128.508));
#6569 = CARTESIAN_POINT('',(-188.58,-59.858,136.608));
#6570 = CARTESIAN_POINT('',(-193.28,-59.858,136.608));
#6571 = DEFINITIONAL_REPRESENTATION('',(#6572),#6575);
#6572 = B_SPLINE_CURVE_WITH_KNOTS('',1,(#6573,#6574),.UNSPECIFIED.,.F.,
  .F.,(2,2),(0.,0.318897637795),.PIECEWISE_BEZIER_KNOTS.);
#6573 = CARTESIAN_POINT('',(0.,0.185039370079));
#6574 = CARTESIAN_POINT('',(0.318897637795,0.185039370079));
#6575 = ( GEOMETRIC_REPRESENTATION_CONTEXT(2) 
PARAMETRIC_REPRESENTATION_CONTEXT() REPRESENTATION_CONTEXT('2D SPACE',''
  ) );
#6576 = ORIENTED_EDGE('',*,*,#6577,.F.);
#6577 = EDGE_CURVE('',#6503,#6553,#6578,.T.);
#6578 = SURFACE_CURVE('',#6579,(#6582,#6588),.PCURVE_S1.);
#6579 = B_SPLINE_CURVE_WITH_KNOTS('',1,(#6580,#6581),.UNSPECIFIED.,.F.,
  .F.,(2,2),(0.,0.275590551181),.PIECEWISE_BEZIER_KNOTS.);
#6580 = CARTESIAN_POINT('',(-193.28,-66.858,136.608));
#6581 = CARTESIAN_POINT('',(-193.28,-59.858,136.608));
#6582 = PCURVE('',#6459,#6583);
#6583 = DEFINITIONAL_REPRESENTATION('',(#6584),#6587);
#6584 = B_SPLINE_CURVE_WITH_KNOTS('',1,(#6585,#6586),.UNSPECIFIED.,.F.,
  .F.,(2,2),(0.,0.275590551181),.PIECEWISE_BEZIER_KNOTS.);
#6585 = CARTESIAN_POINT('',(0.,0.318897637795));
#6586 = CARTESIAN_POINT('',(0.275590551181,0.318897637795));
#6587 = ( GEOMETRIC_REPRESENTATION_CONTEXT(2) 
PARAMETRIC_REPRESENTATION_CONTEXT() REPRESENTATION_CONTEXT('2D SPACE',''
  ) );
#6588 = PCURVE('',#6589,#6594);
#6589 = B_SPLINE_SURFACE_WITH_KNOTS('',1,1,(
    (#6590,#6591)
    ,(#6592,#6593
    )),.UNSPECIFIED.,.F.,.F.,.F.,(2,2),(2,2),(0.,0.275590551181),(
    -0.185039370079,0.),.PIECEWISE_BEZIER_KNOTS.);
#6590 = CARTESIAN_POINT('',(-193.28,-66.858,136.608));
#6591 = CARTESIAN_POINT('',(-188.58,-66.858,136.608));
#6592 = CARTESIAN_POINT('',(-193.28,-59.858,136.608));
#6593 = CARTESIAN_POINT('',(-188.58,-59.858,136.608));
#6594 = DEFINITIONAL_REPRESENTATION('',(#6595),#6598);
#6595 = B_SPLINE_CURVE_WITH_KNOTS('',1,(#6596,#6597),.UNSPECIFIED.,.F.,
  .F.,(2,2),(0.,0.275590551181),.PIECEWISE_BEZIER_KNOTS.);
#6596 = CARTESIAN_POINT('',(0.,-0.185039370079));
#6597 = CARTESIAN_POINT('',(0.275590551181,-0.185039370079));
#6598 = ( GEOMETRIC_REPRESENTATION_CONTEXT(2) 
PARAMETRIC_REPRESENTATION_CONTEXT() REPRESENTATION_CONTEXT('2D SPACE',''
  ) );
#6599 = FACE_BOUND('',#6600,.F.);
#6600 = EDGE_LOOP('',(#6601));
#6601 = ORIENTED_EDGE('',*,*,#6435,.T.);
#6602 = ADVANCED_FACE('',(#6603),#6516,.T.);
#6603 = FACE_BOUND('',#6604,.T.);
#6604 = EDGE_LOOP('',(#6605,#6625,#6650,#6668));
#6605 = ORIENTED_EDGE('',*,*,#6606,.F.);
#6606 = EDGE_CURVE('',#6607,#6501,#6609,.T.);
#6607 = VERTEX_POINT('',#6608);
#6608 = CARTESIAN_POINT('',(-188.58,-66.858,128.508));
#6609 = SURFACE_CURVE('',#6610,(#6613,#6619),.PCURVE_S1.);
#6610 = B_SPLINE_CURVE_WITH_KNOTS('',1,(#6611,#6612),.UNSPECIFIED.,.F.,
  .F.,(2,2),(0.,0.185039370079),.PIECEWISE_BEZIER_KNOTS.);
#6611 = CARTESIAN_POINT('',(-188.58,-66.858,128.508));
#6612 = CARTESIAN_POINT('',(-193.28,-66.858,128.508));
#6613 = PCURVE('',#6516,#6614);
#6614 = DEFINITIONAL_REPRESENTATION('',(#6615),#6618);
#6615 = B_SPLINE_CURVE_WITH_KNOTS('',1,(#6616,#6617),.UNSPECIFIED.,.F.,
  .F.,(2,2),(0.,0.185039370079),.PIECEWISE_BEZIER_KNOTS.);
#6616 = CARTESIAN_POINT('',(0.,0.));
#6617 = CARTESIAN_POINT('',(0.,0.185039370079));
#6618 = ( GEOMETRIC_REPRESENTATION_CONTEXT(2) 
PARAMETRIC_REPRESENTATION_CONTEXT() REPRESENTATION_CONTEXT('2D SPACE',''
  ) );
#6619 = PCURVE('',#6541,#6620);
#6620 = DEFINITIONAL_REPRESENTATION('',(#6621),#6624);
#6621 = B_SPLINE_CURVE_WITH_KNOTS('',1,(#6622,#6623),.UNSPECIFIED.,.F.,
  .F.,(2,2),(0.,0.185039370079),.PIECEWISE_BEZIER_KNOTS.);
#6622 = CARTESIAN_POINT('',(0.,0.));
#6623 = CARTESIAN_POINT('',(0.,-0.185039370079));
#6624 = ( GEOMETRIC_REPRESENTATION_CONTEXT(2) 
PARAMETRIC_REPRESENTATION_CONTEXT() REPRESENTATION_CONTEXT('2D SPACE',''
  ) );
#6625 = ORIENTED_EDGE('',*,*,#6626,.T.);
#6626 = EDGE_CURVE('',#6607,#6627,#6629,.T.);
#6627 = VERTEX_POINT('',#6628);
#6628 = CARTESIAN_POINT('',(-188.58,-66.858,136.608));
#6629 = SURFACE_CURVE('',#6630,(#6633,#6639),.PCURVE_S1.);
#6630 = B_SPLINE_CURVE_WITH_KNOTS('',1,(#6631,#6632),.UNSPECIFIED.,.F.,
  .F.,(2,2),(0.,0.318897637795),.PIECEWISE_BEZIER_KNOTS.);
#6631 = CARTESIAN_POINT('',(-188.58,-66.858,128.508));
#6632 = CARTESIAN_POINT('',(-188.58,-66.858,136.608));
#6633 = PCURVE('',#6516,#6634);
#6634 = DEFINITIONAL_REPRESENTATION('',(#6635),#6638);
#6635 = B_SPLINE_CURVE_WITH_KNOTS('',1,(#6636,#6637),.UNSPECIFIED.,.F.,
  .F.,(2,2),(0.,0.318897637795),.PIECEWISE_BEZIER_KNOTS.);
#6636 = CARTESIAN_POINT('',(0.,0.));
#6637 = CARTESIAN_POINT('',(0.318897637795,0.));
#6638 = ( GEOMETRIC_REPRESENTATION_CONTEXT(2) 
PARAMETRIC_REPRESENTATION_CONTEXT() REPRESENTATION_CONTEXT('2D SPACE',''
  ) );
#6639 = PCURVE('',#6640,#6645);
#6640 = B_SPLINE_SURFACE_WITH_KNOTS('',1,1,(
    (#6641,#6642)
    ,(#6643,#6644
    )),.UNSPECIFIED.,.F.,.F.,.F.,(2,2),(2,2),(0.,0.275590551181),(0.,
    0.318897637795),.PIECEWISE_BEZIER_KNOTS.);
#6641 = CARTESIAN_POINT('',(-188.58,-66.858,128.508));
#6642 = CARTESIAN_POINT('',(-188.58,-66.858,136.608));
#6643 = CARTESIAN_POINT('',(-188.58,-59.858,128.508));
#6644 = CARTESIAN_POINT('',(-188.58,-59.858,136.608));
#6645 = DEFINITIONAL_REPRESENTATION('',(#6646),#6649);
#6646 = B_SPLINE_CURVE_WITH_KNOTS('',1,(#6647,#6648),.UNSPECIFIED.,.F.,
  .F.,(2,2),(0.,0.318897637795),.PIECEWISE_BEZIER_KNOTS.);
#6647 = CARTESIAN_POINT('',(0.,0.));
#6648 = CARTESIAN_POINT('',(0.,0.318897637795));
#6649 = ( GEOMETRIC_REPRESENTATION_CONTEXT(2) 
PARAMETRIC_REPRESENTATION_CONTEXT() REPRESENTATION_CONTEXT('2D SPACE',''
  ) );
#6650 = ORIENTED_EDGE('',*,*,#6651,.T.);
#6651 = EDGE_CURVE('',#6627,#6503,#6652,.T.);
#6652 = SURFACE_CURVE('',#6653,(#6656,#6662),.PCURVE_S1.);
#6653 = B_SPLINE_CURVE_WITH_KNOTS('',1,(#6654,#6655),.UNSPECIFIED.,.F.,
  .F.,(2,2),(0.,0.185039370079),.PIECEWISE_BEZIER_KNOTS.);
#6654 = CARTESIAN_POINT('',(-188.58,-66.858,136.608));
#6655 = CARTESIAN_POINT('',(-193.28,-66.858,136.608));
#6656 = PCURVE('',#6516,#6657);
#6657 = DEFINITIONAL_REPRESENTATION('',(#6658),#6661);
#6658 = B_SPLINE_CURVE_WITH_KNOTS('',1,(#6659,#6660),.UNSPECIFIED.,.F.,
  .F.,(2,2),(0.,0.185039370079),.PIECEWISE_BEZIER_KNOTS.);
#6659 = CARTESIAN_POINT('',(0.318897637795,0.));
#6660 = CARTESIAN_POINT('',(0.318897637795,0.185039370079));
#6661 = ( GEOMETRIC_REPRESENTATION_CONTEXT(2) 
PARAMETRIC_REPRESENTATION_CONTEXT() REPRESENTATION_CONTEXT('2D SPACE',''
  ) );
#6662 = PCURVE('',#6589,#6663);
#6663 = DEFINITIONAL_REPRESENTATION('',(#6664),#6667);
#6664 = B_SPLINE_CURVE_WITH_KNOTS('',1,(#6665,#6666),.UNSPECIFIED.,.F.,
  .F.,(2,2),(0.,0.185039370079),.PIECEWISE_BEZIER_KNOTS.);
#6665 = CARTESIAN_POINT('',(0.,0.));
#6666 = CARTESIAN_POINT('',(0.,-0.185039370079));
#6667 = ( GEOMETRIC_REPRESENTATION_CONTEXT(2) 
PARAMETRIC_REPRESENTATION_CONTEXT() REPRESENTATION_CONTEXT('2D SPACE',''
  ) );
#6668 = ORIENTED_EDGE('',*,*,#6500,.F.);
#6669 = ADVANCED_FACE('',(#6670),#6589,.F.);
#6670 = FACE_BOUND('',#6671,.F.);
#6671 = EDGE_LOOP('',(#6672,#6692,#6693,#6694));
#6672 = ORIENTED_EDGE('',*,*,#6673,.F.);
#6673 = EDGE_CURVE('',#6627,#6674,#6676,.T.);
#6674 = VERTEX_POINT('',#6675);
#6675 = CARTESIAN_POINT('',(-188.58,-59.858,136.608));
#6676 = SURFACE_CURVE('',#6677,(#6680,#6686),.PCURVE_S1.);
#6677 = B_SPLINE_CURVE_WITH_KNOTS('',1,(#6678,#6679),.UNSPECIFIED.,.F.,
  .F.,(2,2),(0.,0.275590551181),.PIECEWISE_BEZIER_KNOTS.);
#6678 = CARTESIAN_POINT('',(-188.58,-66.858,136.608));
#6679 = CARTESIAN_POINT('',(-188.58,-59.858,136.608));
#6680 = PCURVE('',#6589,#6681);
#6681 = DEFINITIONAL_REPRESENTATION('',(#6682),#6685);
#6682 = B_SPLINE_CURVE_WITH_KNOTS('',1,(#6683,#6684),.UNSPECIFIED.,.F.,
  .F.,(2,2),(0.,0.275590551181),.PIECEWISE_BEZIER_KNOTS.);
#6683 = CARTESIAN_POINT('',(0.,0.));
#6684 = CARTESIAN_POINT('',(0.275590551181,0.));
#6685 = ( GEOMETRIC_REPRESENTATION_CONTEXT(2) 
PARAMETRIC_REPRESENTATION_CONTEXT() REPRESENTATION_CONTEXT('2D SPACE',''
  ) );
#6686 = PCURVE('',#6640,#6687);
#6687 = DEFINITIONAL_REPRESENTATION('',(#6688),#6691);
#6688 = B_SPLINE_CURVE_WITH_KNOTS('',1,(#6689,#6690),.UNSPECIFIED.,.F.,
  .F.,(2,2),(0.,0.275590551181),.PIECEWISE_BEZIER_KNOTS.);
#6689 = CARTESIAN_POINT('',(0.,0.318897637795));
#6690 = CARTESIAN_POINT('',(0.275590551181,0.318897637795));
#6691 = ( GEOMETRIC_REPRESENTATION_CONTEXT(2) 
PARAMETRIC_REPRESENTATION_CONTEXT() REPRESENTATION_CONTEXT('2D SPACE',''
  ) );
#6692 = ORIENTED_EDGE('',*,*,#6651,.T.);
#6693 = ORIENTED_EDGE('',*,*,#6577,.T.);
#6694 = ORIENTED_EDGE('',*,*,#6695,.F.);
#6695 = EDGE_CURVE('',#6674,#6553,#6696,.T.);
#6696 = SURFACE_CURVE('',#6697,(#6700,#6706),.PCURVE_S1.);
#6697 = B_SPLINE_CURVE_WITH_KNOTS('',1,(#6698,#6699),.UNSPECIFIED.,.F.,
  .F.,(2,2),(0.,0.185039370079),.PIECEWISE_BEZIER_KNOTS.);
#6698 = CARTESIAN_POINT('',(-188.58,-59.858,136.608));
#6699 = CARTESIAN_POINT('',(-193.28,-59.858,136.608));
#6700 = PCURVE('',#6589,#6701);
#6701 = DEFINITIONAL_REPRESENTATION('',(#6702),#6705);
#6702 = B_SPLINE_CURVE_WITH_KNOTS('',1,(#6703,#6704),.UNSPECIFIED.,.F.,
  .F.,(2,2),(0.,0.185039370079),.PIECEWISE_BEZIER_KNOTS.);
#6703 = CARTESIAN_POINT('',(0.275590551181,0.));
#6704 = CARTESIAN_POINT('',(0.275590551181,-0.185039370079));
#6705 = ( GEOMETRIC_REPRESENTATION_CONTEXT(2) 
PARAMETRIC_REPRESENTATION_CONTEXT() REPRESENTATION_CONTEXT('2D SPACE',''
  ) );
#6706 = PCURVE('',#6566,#6707);
#6707 = DEFINITIONAL_REPRESENTATION('',(#6708),#6711);
#6708 = B_SPLINE_CURVE_WITH_KNOTS('',1,(#6709,#6710),.UNSPECIFIED.,.F.,
  .F.,(2,2),(0.,0.185039370079),.PIECEWISE_BEZIER_KNOTS.);
#6709 = CARTESIAN_POINT('',(0.318897637795,0.));
#6710 = CARTESIAN_POINT('',(0.318897637795,0.185039370079));
#6711 = ( GEOMETRIC_REPRESENTATION_CONTEXT(2) 
PARAMETRIC_REPRESENTATION_CONTEXT() REPRESENTATION_CONTEXT('2D SPACE',''
  ) );
#6712 = ADVANCED_FACE('',(#6713),#6541,.T.);
#6713 = FACE_BOUND('',#6714,.T.);
#6714 = EDGE_LOOP('',(#6715,#6735,#6736,#6737));
#6715 = ORIENTED_EDGE('',*,*,#6716,.F.);
#6716 = EDGE_CURVE('',#6607,#6717,#6719,.T.);
#6717 = VERTEX_POINT('',#6718);
#6718 = CARTESIAN_POINT('',(-188.58,-59.858,128.508));
#6719 = SURFACE_CURVE('',#6720,(#6723,#6729),.PCURVE_S1.);
#6720 = B_SPLINE_CURVE_WITH_KNOTS('',1,(#6721,#6722),.UNSPECIFIED.,.F.,
  .F.,(2,2),(0.,0.275590551181),.PIECEWISE_BEZIER_KNOTS.);
#6721 = CARTESIAN_POINT('',(-188.58,-66.858,128.508));
#6722 = CARTESIAN_POINT('',(-188.58,-59.858,128.508));
#6723 = PCURVE('',#6541,#6724);
#6724 = DEFINITIONAL_REPRESENTATION('',(#6725),#6728);
#6725 = B_SPLINE_CURVE_WITH_KNOTS('',1,(#6726,#6727),.UNSPECIFIED.,.F.,
  .F.,(2,2),(0.,0.275590551181),.PIECEWISE_BEZIER_KNOTS.);
#6726 = CARTESIAN_POINT('',(0.,0.));
#6727 = CARTESIAN_POINT('',(0.275590551181,0.));
#6728 = ( GEOMETRIC_REPRESENTATION_CONTEXT(2) 
PARAMETRIC_REPRESENTATION_CONTEXT() REPRESENTATION_CONTEXT('2D SPACE',''
  ) );
#6729 = PCURVE('',#6640,#6730);
#6730 = DEFINITIONAL_REPRESENTATION('',(#6731),#6734);
#6731 = B_SPLINE_CURVE_WITH_KNOTS('',1,(#6732,#6733),.UNSPECIFIED.,.F.,
  .F.,(2,2),(0.,0.275590551181),.PIECEWISE_BEZIER_KNOTS.);
#6732 = CARTESIAN_POINT('',(0.,0.));
#6733 = CARTESIAN_POINT('',(0.275590551181,0.));
#6734 = ( GEOMETRIC_REPRESENTATION_CONTEXT(2) 
PARAMETRIC_REPRESENTATION_CONTEXT() REPRESENTATION_CONTEXT('2D SPACE',''
  ) );
#6735 = ORIENTED_EDGE('',*,*,#6606,.T.);
#6736 = ORIENTED_EDGE('',*,*,#6527,.T.);
#6737 = ORIENTED_EDGE('',*,*,#6738,.F.);
#6738 = EDGE_CURVE('',#6717,#6528,#6739,.T.);
#6739 = SURFACE_CURVE('',#6740,(#6743,#6749),.PCURVE_S1.);
#6740 = B_SPLINE_CURVE_WITH_KNOTS('',1,(#6741,#6742),.UNSPECIFIED.,.F.,
  .F.,(2,2),(0.,0.185039370079),.PIECEWISE_BEZIER_KNOTS.);
#6741 = CARTESIAN_POINT('',(-188.58,-59.858,128.508));
#6742 = CARTESIAN_POINT('',(-193.28,-59.858,128.508));
#6743 = PCURVE('',#6541,#6744);
#6744 = DEFINITIONAL_REPRESENTATION('',(#6745),#6748);
#6745 = B_SPLINE_CURVE_WITH_KNOTS('',1,(#6746,#6747),.UNSPECIFIED.,.F.,
  .F.,(2,2),(0.,0.185039370079),.PIECEWISE_BEZIER_KNOTS.);
#6746 = CARTESIAN_POINT('',(0.275590551181,0.));
#6747 = CARTESIAN_POINT('',(0.275590551181,-0.185039370079));
#6748 = ( GEOMETRIC_REPRESENTATION_CONTEXT(2) 
PARAMETRIC_REPRESENTATION_CONTEXT() REPRESENTATION_CONTEXT('2D SPACE',''
  ) );
#6749 = PCURVE('',#6566,#6750);
#6750 = DEFINITIONAL_REPRESENTATION('',(#6751),#6754);
#6751 = B_SPLINE_CURVE_WITH_KNOTS('',1,(#6752,#6753),.UNSPECIFIED.,.F.,
  .F.,(2,2),(0.,0.185039370079),.PIECEWISE_BEZIER_KNOTS.);
#6752 = CARTESIAN_POINT('',(0.,0.));
#6753 = CARTESIAN_POINT('',(0.,0.185039370079));
#6754 = ( GEOMETRIC_REPRESENTATION_CONTEXT(2) 
PARAMETRIC_REPRESENTATION_CONTEXT() REPRESENTATION_CONTEXT('2D SPACE',''
  ) );
#6755 = ADVANCED_FACE('',(#6756),#6566,.F.);
#6756 = FACE_BOUND('',#6757,.F.);
#6757 = EDGE_LOOP('',(#6758,#6759,#6777,#6778));
#6758 = ORIENTED_EDGE('',*,*,#6738,.F.);
#6759 = ORIENTED_EDGE('',*,*,#6760,.T.);
#6760 = EDGE_CURVE('',#6717,#6674,#6761,.T.);
#6761 = SURFACE_CURVE('',#6762,(#6765,#6771),.PCURVE_S1.);
#6762 = B_SPLINE_CURVE_WITH_KNOTS('',1,(#6763,#6764),.UNSPECIFIED.,.F.,
  .F.,(2,2),(0.,0.318897637795),.PIECEWISE_BEZIER_KNOTS.);
#6763 = CARTESIAN_POINT('',(-188.58,-59.858,128.508));
#6764 = CARTESIAN_POINT('',(-188.58,-59.858,136.608));
#6765 = PCURVE('',#6566,#6766);
#6766 = DEFINITIONAL_REPRESENTATION('',(#6767),#6770);
#6767 = B_SPLINE_CURVE_WITH_KNOTS('',1,(#6768,#6769),.UNSPECIFIED.,.F.,
  .F.,(2,2),(0.,0.318897637795),.PIECEWISE_BEZIER_KNOTS.);
#6768 = CARTESIAN_POINT('',(0.,0.));
#6769 = CARTESIAN_POINT('',(0.318897637795,0.));
#6770 = ( GEOMETRIC_REPRESENTATION_CONTEXT(2) 
PARAMETRIC_REPRESENTATION_CONTEXT() REPRESENTATION_CONTEXT('2D SPACE',''
  ) );
#6771 = PCURVE('',#6640,#6772);
#6772 = DEFINITIONAL_REPRESENTATION('',(#6773),#6776);
#6773 = B_SPLINE_CURVE_WITH_KNOTS('',1,(#6774,#6775),.UNSPECIFIED.,.F.,
  .F.,(2,2),(0.,0.318897637795),.PIECEWISE_BEZIER_KNOTS.);
#6774 = CARTESIAN_POINT('',(0.275590551181,0.));
#6775 = CARTESIAN_POINT('',(0.275590551181,0.318897637795));
#6776 = ( GEOMETRIC_REPRESENTATION_CONTEXT(2) 
PARAMETRIC_REPRESENTATION_CONTEXT() REPRESENTATION_CONTEXT('2D SPACE',''
  ) );
#6777 = ORIENTED_EDGE('',*,*,#6695,.T.);
#6778 = ORIENTED_EDGE('',*,*,#6552,.F.);
#6779 = ADVANCED_FACE('',(#6780,#6786),#6640,.T.);
#6780 = FACE_BOUND('',#6781,.T.);
#6781 = EDGE_LOOP('',(#6782,#6783,#6784,#6785));
#6782 = ORIENTED_EDGE('',*,*,#6626,.F.);
#6783 = ORIENTED_EDGE('',*,*,#6716,.T.);
#6784 = ORIENTED_EDGE('',*,*,#6760,.T.);
#6785 = ORIENTED_EDGE('',*,*,#6673,.F.);
#6786 = FACE_BOUND('',#6787,.T.);
#6787 = EDGE_LOOP('',(#6788));
#6788 = ORIENTED_EDGE('',*,*,#6789,.T.);
#6789 = EDGE_CURVE('',#6790,#6790,#6792,.T.);
#6790 = VERTEX_POINT('',#6791);
#6791 = CARTESIAN_POINT('',(-188.58,-63.358,134.558));
#6792 = SURFACE_CURVE('',#6793,(#6801,#6812),.PCURVE_S1.);
#6793 = ( BOUNDED_CURVE() B_SPLINE_CURVE(2,(#6794,#6795,#6796,#6797,
#6798,#6799,#6800),.UNSPECIFIED.,.T.,.F.) B_SPLINE_CURVE_WITH_KNOTS((1,2
    ,2,2,2,1),(-2.094395102393,0.,2.094395102393,4.188790204786,
6.28318530718,8.377580409573),.UNSPECIFIED.) CURVE() 
GEOMETRIC_REPRESENTATION_ITEM() RATIONAL_B_SPLINE_CURVE((1.,0.5,1.,0.5,
1.,0.5,1.)) REPRESENTATION_ITEM('') );
#6794 = CARTESIAN_POINT('',(-188.58,-63.358,134.558));
#6795 = CARTESIAN_POINT('',(-188.58,-59.89389838486,134.558));
#6796 = CARTESIAN_POINT('',(-188.58,-61.62594919243,131.558));
#6797 = CARTESIAN_POINT('',(-188.58,-63.358,128.558));
#6798 = CARTESIAN_POINT('',(-188.58,-65.09005080756,131.558));
#6799 = CARTESIAN_POINT('',(-188.58,-66.82210161513,134.558));
#6800 = CARTESIAN_POINT('',(-188.58,-63.358,134.558));
#6801 = PCURVE('',#6640,#6802);
#6802 = DEFINITIONAL_REPRESENTATION('',(#6803),#6811);
#6803 = ( BOUNDED_CURVE() B_SPLINE_CURVE(2,(#6804,#6805,#6806,#6807,
#6808,#6809,#6810),.UNSPECIFIED.,.T.,.F.) B_SPLINE_CURVE_WITH_KNOTS((1,2
    ,2,2,2,1),(-2.094395102393,0.,2.094395102393,4.188790204786,
6.28318530718,8.377580409573),.UNSPECIFIED.) CURVE() 
GEOMETRIC_REPRESENTATION_ITEM() RATIONAL_B_SPLINE_CURVE((1.,0.5,1.,0.5,
1.,0.5,1.)) REPRESENTATION_ITEM('') );
#6804 = CARTESIAN_POINT('',(0.137795275591,0.238188976378));
#6805 = CARTESIAN_POINT('',(0.274177228942,0.238188976378));
#6806 = CARTESIAN_POINT('',(0.205986252266,0.120078740157));
#6807 = CARTESIAN_POINT('',(0.137795275591,1.968503937008E-03));
#6808 = CARTESIAN_POINT('',(6.960429891461E-02,0.120078740157));
#6809 = CARTESIAN_POINT('',(1.413322238671E-03,0.238188976378));
#6810 = CARTESIAN_POINT('',(0.137795275591,0.238188976378));
#6811 = ( GEOMETRIC_REPRESENTATION_CONTEXT(2) 
PARAMETRIC_REPRESENTATION_CONTEXT() REPRESENTATION_CONTEXT('2D SPACE',''
  ) );
#6812 = PCURVE('',#6813,#6828);
#6813 = ( BOUNDED_SURFACE() B_SPLINE_SURFACE(2,1,(
    (#6814,#6815)
    ,(#6816,#6817)
    ,(#6818,#6819)
    ,(#6820,#6821)
    ,(#6822,#6823)
    ,(#6824,#6825)
    ,(#6826,#6827
)),.UNSPECIFIED.,.T.,.F.,.F.) B_SPLINE_SURFACE_WITH_KNOTS((1,2,2,2,2,1),
  (2,2),(-2.094395102393,0.,2.094395102393,4.188790204786,6.28318530718,
    8.377580409573),(-1.181102362205E-02,0.),.UNSPECIFIED.) 
GEOMETRIC_REPRESENTATION_ITEM() RATIONAL_B_SPLINE_SURFACE((
    (1.,1.)
    ,(0.5,0.5)
    ,(1.,1.)
    ,(0.5,0.5)
    ,(1.,1.)
    ,(0.5,0.5)
,(1.,1.))) REPRESENTATION_ITEM('') SURFACE() );
#6814 = CARTESIAN_POINT('',(-188.58,-63.358,134.558));
#6815 = CARTESIAN_POINT('',(-188.28,-63.358,134.558));
#6816 = CARTESIAN_POINT('',(-188.58,-59.89389838486,134.558));
#6817 = CARTESIAN_POINT('',(-188.28,-59.89389838486,134.558));
#6818 = CARTESIAN_POINT('',(-188.58,-61.62594919243,131.558));
#6819 = CARTESIAN_POINT('',(-188.28,-61.62594919243,131.558));
#6820 = CARTESIAN_POINT('',(-188.58,-63.358,128.558));
#6821 = CARTESIAN_POINT('',(-188.28,-63.358,128.558));
#6822 = CARTESIAN_POINT('',(-188.58,-65.09005080756,131.558));
#6823 = CARTESIAN_POINT('',(-188.28,-65.09005080756,131.558));
#6824 = CARTESIAN_POINT('',(-188.58,-66.82210161513,134.558));
#6825 = CARTESIAN_POINT('',(-188.28,-66.82210161513,134.558));
#6826 = CARTESIAN_POINT('',(-188.58,-63.358,134.558));
#6827 = CARTESIAN_POINT('',(-188.28,-63.358,134.558));
#6828 = DEFINITIONAL_REPRESENTATION('',(#6829),#6837);
#6829 = B_SPLINE_CURVE_WITH_KNOTS('',2,(#6830,#6831,#6832,#6833,#6834,
    #6835,#6836),.UNSPECIFIED.,.F.,.F.,(3,2,2,3),(0.,2.094395102393,
    4.188790204786,6.28318530718),.PIECEWISE_BEZIER_KNOTS.);
#6830 = CARTESIAN_POINT('',(0.,-1.181102362205E-02));
#6831 = CARTESIAN_POINT('',(1.047197551197,-1.181102362205E-02));
#6832 = CARTESIAN_POINT('',(2.094395102393,-1.181102362205E-02));
#6833 = CARTESIAN_POINT('',(3.14159265359,-1.181102362205E-02));
#6834 = CARTESIAN_POINT('',(4.188790204786,-1.181102362205E-02));
#6835 = CARTESIAN_POINT('',(5.235987755983,-1.181102362205E-02));
#6836 = CARTESIAN_POINT('',(6.28318530718,-1.181102362205E-02));
#6837 = ( GEOMETRIC_REPRESENTATION_CONTEXT(2) 
PARAMETRIC_REPRESENTATION_CONTEXT() REPRESENTATION_CONTEXT('2D SPACE',''
  ) );
#6838 = ADVANCED_FACE('',(#6839),#6813,.F.);
#6839 = FACE_BOUND('',#6840,.F.);
#6840 = EDGE_LOOP('',(#6841,#6881,#6901,#6902));
#6841 = ORIENTED_EDGE('',*,*,#6842,.F.);
#6842 = EDGE_CURVE('',#6843,#6843,#6845,.T.);
#6843 = VERTEX_POINT('',#6844);
#6844 = CARTESIAN_POINT('',(-188.28,-63.358,134.558));
#6845 = SURFACE_CURVE('',#6846,(#6854,#6865),.PCURVE_S1.);
#6846 = ( BOUNDED_CURVE() B_SPLINE_CURVE(2,(#6847,#6848,#6849,#6850,
#6851,#6852,#6853),.UNSPECIFIED.,.T.,.F.) B_SPLINE_CURVE_WITH_KNOTS((1,2
    ,2,2,2,1),(-2.094395102393,0.,2.094395102393,4.188790204786,
6.28318530718,8.377580409573),.UNSPECIFIED.) CURVE() 
GEOMETRIC_REPRESENTATION_ITEM() RATIONAL_B_SPLINE_CURVE((1.,0.5,1.,0.5,
1.,0.5,1.)) REPRESENTATION_ITEM('') );
#6847 = CARTESIAN_POINT('',(-188.28,-63.358,134.558));
#6848 = CARTESIAN_POINT('',(-188.28,-59.89389838486,134.558));
#6849 = CARTESIAN_POINT('',(-188.28,-61.62594919243,131.558));
#6850 = CARTESIAN_POINT('',(-188.28,-63.358,128.558));
#6851 = CARTESIAN_POINT('',(-188.28,-65.09005080756,131.558));
#6852 = CARTESIAN_POINT('',(-188.28,-66.82210161513,134.558));
#6853 = CARTESIAN_POINT('',(-188.28,-63.358,134.558));
#6854 = PCURVE('',#6813,#6855);
#6855 = DEFINITIONAL_REPRESENTATION('',(#6856),#6864);
#6856 = B_SPLINE_CURVE_WITH_KNOTS('',2,(#6857,#6858,#6859,#6860,#6861,
    #6862,#6863),.UNSPECIFIED.,.F.,.F.,(3,2,2,3),(0.,2.094395102393,
    4.188790204786,6.28318530718),.PIECEWISE_BEZIER_KNOTS.);
#6857 = CARTESIAN_POINT('',(0.,0.));
#6858 = CARTESIAN_POINT('',(1.047197551197,-3.424103810695E-16));
#6859 = CARTESIAN_POINT('',(2.094395102393,0.));
#6860 = CARTESIAN_POINT('',(3.14159265359,-2.243621503168E-15));
#6861 = CARTESIAN_POINT('',(4.188790204786,-8.881784197001E-16));
#6862 = CARTESIAN_POINT('',(5.235987755983,2.328289141132E-16));
#6863 = CARTESIAN_POINT('',(6.28318530718,0.));
#6864 = ( GEOMETRIC_REPRESENTATION_CONTEXT(2) 
PARAMETRIC_REPRESENTATION_CONTEXT() REPRESENTATION_CONTEXT('2D SPACE',''
  ) );
#6865 = PCURVE('',#6866,#6871);
#6866 = B_SPLINE_SURFACE_WITH_KNOTS('',1,1,(
    (#6867,#6868)
    ,(#6869,#6870
    )),.UNSPECIFIED.,.F.,.F.,.F.,(2,2),(2,2),(-7.874015748032E-02,
    7.874015748031E-02),(-7.874015748031E-02,7.874015748032E-02),
  .PIECEWISE_BEZIER_KNOTS.);
#6867 = CARTESIAN_POINT('',(-188.28,-61.358,130.558));
#6868 = CARTESIAN_POINT('',(-188.28,-61.358,134.558));
#6869 = CARTESIAN_POINT('',(-188.28,-65.358,130.558));
#6870 = CARTESIAN_POINT('',(-188.28,-65.358,134.558));
#6871 = DEFINITIONAL_REPRESENTATION('',(#6872),#6880);
#6872 = ( BOUNDED_CURVE() B_SPLINE_CURVE(2,(#6873,#6874,#6875,#6876,
#6877,#6878,#6879),.UNSPECIFIED.,.T.,.F.) B_SPLINE_CURVE_WITH_KNOTS((1,2
    ,2,2,2,1),(-2.094395102393,0.,2.094395102393,4.188790204786,
6.28318530718,8.377580409573),.UNSPECIFIED.) CURVE() 
GEOMETRIC_REPRESENTATION_ITEM() RATIONAL_B_SPLINE_CURVE((1.,0.5,1.,0.5,
1.,0.5,1.)) REPRESENTATION_ITEM('') );
#6873 = CARTESIAN_POINT('',(-4.440892098501E-16,7.874015748032E-02));
#6874 = CARTESIAN_POINT('',(-0.136381953352,7.874015748032E-02));
#6875 = CARTESIAN_POINT('',(-6.819097667594E-02,-3.937007874016E-02));
#6876 = CARTESIAN_POINT('',(-4.440892098501E-16,-0.157480314961));
#6877 = CARTESIAN_POINT('',(6.819097667594E-02,-3.937007874016E-02));
#6878 = CARTESIAN_POINT('',(0.136381953352,7.874015748032E-02));
#6879 = CARTESIAN_POINT('',(-4.440892098501E-16,7.874015748032E-02));
#6880 = ( GEOMETRIC_REPRESENTATION_CONTEXT(2) 
PARAMETRIC_REPRESENTATION_CONTEXT() REPRESENTATION_CONTEXT('2D SPACE',''
  ) );
#6881 = ORIENTED_EDGE('',*,*,#6882,.T.);
#6882 = EDGE_CURVE('',#6843,#6790,#6883,.T.);
#6883 = SEAM_CURVE('',#6884,(#6887,#6894),.PCURVE_S1.);
#6884 = B_SPLINE_CURVE_WITH_KNOTS('',1,(#6885,#6886),.UNSPECIFIED.,.F.,
  .F.,(2,2),(0.,1.181102362205E-02),.PIECEWISE_BEZIER_KNOTS.);
#6885 = CARTESIAN_POINT('',(-188.28,-63.358,134.558));
#6886 = CARTESIAN_POINT('',(-188.58,-63.358,134.558));
#6887 = PCURVE('',#6813,#6888);
#6888 = DEFINITIONAL_REPRESENTATION('',(#6889),#6893);
#6889 = B_SPLINE_CURVE_WITH_KNOTS('',2,(#6890,#6891,#6892),
  .UNSPECIFIED.,.F.,.F.,(3,3),(0.,1.181102362205E-02),
  .PIECEWISE_BEZIER_KNOTS.);
#6890 = CARTESIAN_POINT('',(6.28318530718,0.));
#6891 = CARTESIAN_POINT('',(6.28318530718,-5.905511811023E-03));
#6892 = CARTESIAN_POINT('',(6.28318530718,-1.181102362205E-02));
#6893 = ( GEOMETRIC_REPRESENTATION_CONTEXT(2) 
PARAMETRIC_REPRESENTATION_CONTEXT() REPRESENTATION_CONTEXT('2D SPACE',''
  ) );
#6894 = PCURVE('',#6813,#6895);
#6895 = DEFINITIONAL_REPRESENTATION('',(#6896),#6900);
#6896 = B_SPLINE_CURVE_WITH_KNOTS('',2,(#6897,#6898,#6899),
  .UNSPECIFIED.,.F.,.F.,(3,3),(0.,1.181102362205E-02),
  .PIECEWISE_BEZIER_KNOTS.);
#6897 = CARTESIAN_POINT('',(0.,0.));
#6898 = CARTESIAN_POINT('',(8.881784197001E-16,-5.905511811023E-03));
#6899 = CARTESIAN_POINT('',(0.,-1.181102362205E-02));
#6900 = ( GEOMETRIC_REPRESENTATION_CONTEXT(2) 
PARAMETRIC_REPRESENTATION_CONTEXT() REPRESENTATION_CONTEXT('2D SPACE',''
  ) );
#6901 = ORIENTED_EDGE('',*,*,#6789,.T.);
#6902 = ORIENTED_EDGE('',*,*,#6882,.F.);
#6903 = ADVANCED_FACE('',(#6904),#6866,.F.);
#6904 = FACE_BOUND('',#6905,.F.);
#6905 = EDGE_LOOP('',(#6906));
#6906 = ORIENTED_EDGE('',*,*,#6842,.T.);
#6907 = MANIFOLD_SOLID_BREP('',#6908);
#6908 = CLOSED_SHELL('',(#6909,#7028,#7084,#7088,#7153,#7259,#7326,#7369
    ,#7412,#7436,#7495,#7560));
#6909 = ADVANCED_FACE('',(#6910),#6923,.F.);
#6910 = FACE_BOUND('',#6911,.F.);
#6911 = EDGE_LOOP('',(#6912,#6951,#6989,#6990));
#6912 = ORIENTED_EDGE('',*,*,#6913,.T.);
#6913 = EDGE_CURVE('',#6914,#6916,#6918,.T.);
#6914 = VERTEX_POINT('',#6915);
#6915 = CARTESIAN_POINT('',(-198.534,-63.358,168.058));
#6916 = VERTEX_POINT('',#6917);
#6917 = CARTESIAN_POINT('',(-202.534,-63.358,168.058));
#6918 = SEAM_CURVE('',#6919,(#6922,#6944),.PCURVE_S1.);
#6919 = B_SPLINE_CURVE_WITH_KNOTS('',1,(#6920,#6921),.UNSPECIFIED.,.F.,
  .F.,(2,2),(0.,0.157480314961),.PIECEWISE_BEZIER_KNOTS.);
#6920 = CARTESIAN_POINT('',(-198.534,-63.358,168.058));
#6921 = CARTESIAN_POINT('',(-202.534,-63.358,168.058));
#6922 = PCURVE('',#6923,#6938);
#6923 = ( BOUNDED_SURFACE() B_SPLINE_SURFACE(2,1,(
    (#6924,#6925)
    ,(#6926,#6927)
    ,(#6928,#6929)
    ,(#6930,#6931)
    ,(#6932,#6933)
    ,(#6934,#6935)
    ,(#6936,#6937
)),.UNSPECIFIED.,.T.,.F.,.F.) B_SPLINE_SURFACE_WITH_KNOTS((1,2,2,2,2,1),
  (2,2),(-2.094395102393,0.,2.094395102393,4.188790204786,6.28318530718,
    8.377580409573),(-0.157480314961,0.),.UNSPECIFIED.) 
GEOMETRIC_REPRESENTATION_ITEM() RATIONAL_B_SPLINE_SURFACE((
    (1.,1.)
    ,(0.5,0.5)
    ,(1.,1.)
    ,(0.5,0.5)
    ,(1.,1.)
    ,(0.5,0.5)
,(1.,1.))) REPRESENTATION_ITEM('') SURFACE() );
#6924 = CARTESIAN_POINT('',(-202.534,-63.358,168.058));
#6925 = CARTESIAN_POINT('',(-198.534,-63.358,168.058));
#6926 = CARTESIAN_POINT('',(-202.534,-57.2958221735,168.058));
#6927 = CARTESIAN_POINT('',(-198.534,-57.2958221735,168.058));
#6928 = CARTESIAN_POINT('',(-202.534,-60.32691108675,162.808));
#6929 = CARTESIAN_POINT('',(-198.534,-60.32691108675,162.808));
#6930 = CARTESIAN_POINT('',(-202.534,-63.358,157.558));
#6931 = CARTESIAN_POINT('',(-198.534,-63.358,157.558));
#6932 = CARTESIAN_POINT('',(-202.534,-66.38908891324,162.808));
#6933 = CARTESIAN_POINT('',(-198.534,-66.38908891324,162.808));
#6934 = CARTESIAN_POINT('',(-202.534,-69.42017782649,168.058));
#6935 = CARTESIAN_POINT('',(-198.534,-69.42017782649,168.058));
#6936 = CARTESIAN_POINT('',(-202.534,-63.358,168.058));
#6937 = CARTESIAN_POINT('',(-198.534,-63.358,168.058));
#6938 = DEFINITIONAL_REPRESENTATION('',(#6939),#6943);
#6939 = B_SPLINE_CURVE_WITH_KNOTS('',2,(#6940,#6941,#6942),
  .UNSPECIFIED.,.F.,.F.,(3,3),(0.,0.157480314961),
  .PIECEWISE_BEZIER_KNOTS.);
#6940 = CARTESIAN_POINT('',(0.,0.));
#6941 = CARTESIAN_POINT('',(0.,-7.874015748031E-02));
#6942 = CARTESIAN_POINT('',(0.,-0.157480314961));
#6943 = ( GEOMETRIC_REPRESENTATION_CONTEXT(2) 
PARAMETRIC_REPRESENTATION_CONTEXT() REPRESENTATION_CONTEXT('2D SPACE',''
  ) );
#6944 = PCURVE('',#6923,#6945);
#6945 = DEFINITIONAL_REPRESENTATION('',(#6946),#6950);
#6946 = B_SPLINE_CURVE_WITH_KNOTS('',2,(#6947,#6948,#6949),
  .UNSPECIFIED.,.F.,.F.,(3,3),(0.,0.157480314961),
  .PIECEWISE_BEZIER_KNOTS.);
#6947 = CARTESIAN_POINT('',(6.28318530718,0.));
#6948 = CARTESIAN_POINT('',(6.28318530718,-7.874015748031E-02));
#6949 = CARTESIAN_POINT('',(6.28318530718,-0.157480314961));
#6950 = ( GEOMETRIC_REPRESENTATION_CONTEXT(2) 
PARAMETRIC_REPRESENTATION_CONTEXT() REPRESENTATION_CONTEXT('2D SPACE',''
  ) );
#6951 = ORIENTED_EDGE('',*,*,#6952,.T.);
#6952 = EDGE_CURVE('',#6916,#6916,#6953,.T.);
#6953 = SURFACE_CURVE('',#6954,(#6962,#6973),.PCURVE_S1.);
#6954 = ( BOUNDED_CURVE() B_SPLINE_CURVE(2,(#6955,#6956,#6957,#6958,
#6959,#6960,#6961),.UNSPECIFIED.,.T.,.F.) B_SPLINE_CURVE_WITH_KNOTS((1,2
    ,2,2,2,1),(-2.094395102393,0.,2.094395102393,4.188790204786,
6.28318530718,8.377580409573),.UNSPECIFIED.) CURVE() 
GEOMETRIC_REPRESENTATION_ITEM() RATIONAL_B_SPLINE_CURVE((1.,0.5,1.,0.5,
1.,0.5,1.)) REPRESENTATION_ITEM('') );
#6955 = CARTESIAN_POINT('',(-202.534,-63.358,168.058));
#6956 = CARTESIAN_POINT('',(-202.534,-57.2958221735,168.058));
#6957 = CARTESIAN_POINT('',(-202.534,-60.32691108675,162.808));
#6958 = CARTESIAN_POINT('',(-202.534,-63.358,157.558));
#6959 = CARTESIAN_POINT('',(-202.534,-66.38908891324,162.808));
#6960 = CARTESIAN_POINT('',(-202.534,-69.42017782649,168.058));
#6961 = CARTESIAN_POINT('',(-202.534,-63.358,168.058));
#6962 = PCURVE('',#6923,#6963);
#6963 = DEFINITIONAL_REPRESENTATION('',(#6964),#6972);
#6964 = B_SPLINE_CURVE_WITH_KNOTS('',2,(#6965,#6966,#6967,#6968,#6969,
    #6970,#6971),.UNSPECIFIED.,.F.,.F.,(3,2,2,3),(0.,2.094395102393,
    4.188790204786,6.28318530718),.PIECEWISE_BEZIER_KNOTS.);
#6965 = CARTESIAN_POINT('',(0.,-0.157480314961));
#6966 = CARTESIAN_POINT('',(1.047197551197,-0.157480314961));
#6967 = CARTESIAN_POINT('',(2.094395102393,-0.157480314961));
#6968 = CARTESIAN_POINT('',(3.14159265359,-0.157480314961));
#6969 = CARTESIAN_POINT('',(4.188790204786,-0.157480314961));
#6970 = CARTESIAN_POINT('',(5.235987755983,-0.157480314961));
#6971 = CARTESIAN_POINT('',(6.28318530718,-0.157480314961));
#6972 = ( GEOMETRIC_REPRESENTATION_CONTEXT(2) 
PARAMETRIC_REPRESENTATION_CONTEXT() REPRESENTATION_CONTEXT('2D SPACE',''
  ) );
#6973 = PCURVE('',#6974,#6979);
#6974 = B_SPLINE_SURFACE_WITH_KNOTS('',1,1,(
    (#6975,#6976)
    ,(#6977,#6978
    )),.UNSPECIFIED.,.F.,.F.,.F.,(2,2),(2,2),(-0.137795275591,
    0.137795275591),(-0.137795275591,0.137795275591),
  .PIECEWISE_BEZIER_KNOTS.);
#6975 = CARTESIAN_POINT('',(-202.534,-59.858,161.058));
#6976 = CARTESIAN_POINT('',(-202.534,-59.858,168.058));
#6977 = CARTESIAN_POINT('',(-202.534,-66.858,161.058));
#6978 = CARTESIAN_POINT('',(-202.534,-66.858,168.058));
#6979 = DEFINITIONAL_REPRESENTATION('',(#6980),#6988);
#6980 = ( BOUNDED_CURVE() B_SPLINE_CURVE(2,(#6981,#6982,#6983,#6984,
#6985,#6986,#6987),.UNSPECIFIED.,.T.,.F.) B_SPLINE_CURVE_WITH_KNOTS((1,2
    ,2,2,2,1),(-2.094395102393,0.,2.094395102393,4.188790204786,
6.28318530718,8.377580409573),.UNSPECIFIED.) CURVE() 
GEOMETRIC_REPRESENTATION_ITEM() RATIONAL_B_SPLINE_CURVE((1.,0.5,1.,0.5,
1.,0.5,1.)) REPRESENTATION_ITEM('') );
#6981 = CARTESIAN_POINT('',(8.881784197001E-16,0.137795275591));
#6982 = CARTESIAN_POINT('',(-0.238668418366,0.137795275591));
#6983 = CARTESIAN_POINT('',(-0.119334209183,-6.889763779528E-02));
#6984 = CARTESIAN_POINT('',(8.881784197001E-16,-0.275590551181));
#6985 = CARTESIAN_POINT('',(0.119334209183,-6.889763779528E-02));
#6986 = CARTESIAN_POINT('',(0.238668418366,0.137795275591));
#6987 = CARTESIAN_POINT('',(8.881784197001E-16,0.137795275591));
#6988 = ( GEOMETRIC_REPRESENTATION_CONTEXT(2) 
PARAMETRIC_REPRESENTATION_CONTEXT() REPRESENTATION_CONTEXT('2D SPACE',''
  ) );
#6989 = ORIENTED_EDGE('',*,*,#6913,.F.);
#6990 = ORIENTED_EDGE('',*,*,#6991,.F.);
#6991 = EDGE_CURVE('',#6914,#6914,#6992,.T.);
#6992 = SURFACE_CURVE('',#6993,(#7001,#7012),.PCURVE_S1.);
#6993 = ( BOUNDED_CURVE() B_SPLINE_CURVE(2,(#6994,#6995,#6996,#6997,
#6998,#6999,#7000),.UNSPECIFIED.,.T.,.F.) B_SPLINE_CURVE_WITH_KNOTS((1,2
    ,2,2,2,1),(-2.094395102393,0.,2.094395102393,4.188790204786,
6.28318530718,8.377580409573),.UNSPECIFIED.) CURVE() 
GEOMETRIC_REPRESENTATION_ITEM() RATIONAL_B_SPLINE_CURVE((1.,0.5,1.,0.5,
1.,0.5,1.)) REPRESENTATION_ITEM('') );
#6994 = CARTESIAN_POINT('',(-198.534,-63.358,168.058));
#6995 = CARTESIAN_POINT('',(-198.534,-57.2958221735,168.058));
#6996 = CARTESIAN_POINT('',(-198.534,-60.32691108675,162.808));
#6997 = CARTESIAN_POINT('',(-198.534,-63.358,157.558));
#6998 = CARTESIAN_POINT('',(-198.534,-66.38908891324,162.808));
#6999 = CARTESIAN_POINT('',(-198.534,-69.42017782649,168.058));
#7000 = CARTESIAN_POINT('',(-198.534,-63.358,168.058));
#7001 = PCURVE('',#6923,#7002);
#7002 = DEFINITIONAL_REPRESENTATION('',(#7003),#7011);
#7003 = B_SPLINE_CURVE_WITH_KNOTS('',2,(#7004,#7005,#7006,#7007,#7008,
    #7009,#7010),.UNSPECIFIED.,.F.,.F.,(3,2,2,3),(0.,2.094395102393,
    4.188790204786,6.28318530718),.PIECEWISE_BEZIER_KNOTS.);
#7004 = CARTESIAN_POINT('',(0.,0.));
#7005 = CARTESIAN_POINT('',(1.047197551197,-2.818860798351E-15));
#7006 = CARTESIAN_POINT('',(2.094395102393,0.));
#7007 = CARTESIAN_POINT('',(3.14159265359,-2.052188299495E-15));
#7008 = CARTESIAN_POINT('',(4.188790204786,-8.881784197001E-16));
#7009 = CARTESIAN_POINT('',(5.235987755983,-2.530437732989E-15));
#7010 = CARTESIAN_POINT('',(6.28318530718,0.));
#7011 = ( GEOMETRIC_REPRESENTATION_CONTEXT(2) 
PARAMETRIC_REPRESENTATION_CONTEXT() REPRESENTATION_CONTEXT('2D SPACE',''
  ) );
#7012 = PCURVE('',#7013,#7018);
#7013 = B_SPLINE_SURFACE_WITH_KNOTS('',1,1,(
    (#7014,#7015)
    ,(#7016,#7017
    )),.UNSPECIFIED.,.F.,.F.,.F.,(2,2),(2,2),(-0.137795275591,
    0.137795275591),(-0.137795275591,0.137795275591),
  .PIECEWISE_BEZIER_KNOTS.);
#7014 = CARTESIAN_POINT('',(-198.534,-59.858,161.058));
#7015 = CARTESIAN_POINT('',(-198.534,-59.858,168.058));
#7016 = CARTESIAN_POINT('',(-198.534,-66.858,161.058));
#7017 = CARTESIAN_POINT('',(-198.534,-66.858,168.058));
#7018 = DEFINITIONAL_REPRESENTATION('',(#7019),#7027);
#7019 = ( BOUNDED_CURVE() B_SPLINE_CURVE(2,(#7020,#7021,#7022,#7023,
#7024,#7025,#7026),.UNSPECIFIED.,.T.,.F.) B_SPLINE_CURVE_WITH_KNOTS((1,2
    ,2,2,2,1),(-2.094395102393,0.,2.094395102393,4.188790204786,
6.28318530718,8.377580409573),.UNSPECIFIED.) CURVE() 
GEOMETRIC_REPRESENTATION_ITEM() RATIONAL_B_SPLINE_CURVE((1.,0.5,1.,0.5,
1.,0.5,1.)) REPRESENTATION_ITEM('') );
#7020 = CARTESIAN_POINT('',(8.881784197001E-16,0.137795275591));
#7021 = CARTESIAN_POINT('',(-0.238668418366,0.137795275591));
#7022 = CARTESIAN_POINT('',(-0.119334209183,-6.889763779528E-02));
#7023 = CARTESIAN_POINT('',(8.881784197001E-16,-0.275590551181));
#7024 = CARTESIAN_POINT('',(0.119334209183,-6.889763779528E-02));
#7025 = CARTESIAN_POINT('',(0.238668418366,0.137795275591));
#7026 = CARTESIAN_POINT('',(8.881784197001E-16,0.137795275591));
#7027 = ( GEOMETRIC_REPRESENTATION_CONTEXT(2) 
PARAMETRIC_REPRESENTATION_CONTEXT() REPRESENTATION_CONTEXT('2D SPACE',''
  ) );
#7028 = ADVANCED_FACE('',(#7029,#7032),#7013,.F.);
#7029 = FACE_BOUND('',#7030,.F.);
#7030 = EDGE_LOOP('',(#7031));
#7031 = ORIENTED_EDGE('',*,*,#6991,.T.);
#7032 = FACE_BOUND('',#7033,.F.);
#7033 = EDGE_LOOP('',(#7034));
#7034 = ORIENTED_EDGE('',*,*,#7035,.F.);
#7035 = EDGE_CURVE('',#7036,#7036,#7038,.T.);
#7036 = VERTEX_POINT('',#7037);
#7037 = CARTESIAN_POINT('',(-198.534,-63.358,166.558));
#7038 = SURFACE_CURVE('',#7039,(#7047,#7058),.PCURVE_S1.);
#7039 = ( BOUNDED_CURVE() B_SPLINE_CURVE(2,(#7040,#7041,#7042,#7043,
#7044,#7045,#7046),.UNSPECIFIED.,.T.,.F.) B_SPLINE_CURVE_WITH_KNOTS((1,2
    ,2,2,2,1),(-2.094395102393,0.,2.094395102393,4.188790204786,
6.28318530718,8.377580409573),.UNSPECIFIED.) CURVE() 
GEOMETRIC_REPRESENTATION_ITEM() RATIONAL_B_SPLINE_CURVE((1.,0.5,1.,0.5,
1.,0.5,1.)) REPRESENTATION_ITEM('') );
#7040 = CARTESIAN_POINT('',(-198.534,-63.358,166.558));
#7041 = CARTESIAN_POINT('',(-198.534,-59.89389838486,166.558));
#7042 = CARTESIAN_POINT('',(-198.534,-61.62594919243,163.558));
#7043 = CARTESIAN_POINT('',(-198.534,-63.358,160.558));
#7044 = CARTESIAN_POINT('',(-198.534,-65.09005080756,163.558));
#7045 = CARTESIAN_POINT('',(-198.534,-66.82210161513,166.558));
#7046 = CARTESIAN_POINT('',(-198.534,-63.358,166.558));
#7047 = PCURVE('',#7013,#7048);
#7048 = DEFINITIONAL_REPRESENTATION('',(#7049),#7057);
#7049 = ( BOUNDED_CURVE() B_SPLINE_CURVE(2,(#7050,#7051,#7052,#7053,
#7054,#7055,#7056),.UNSPECIFIED.,.T.,.F.) B_SPLINE_CURVE_WITH_KNOTS((1,2
    ,2,2,2,1),(-2.094395102393,0.,2.094395102393,4.188790204786,
6.28318530718,8.377580409573),.UNSPECIFIED.) CURVE() 
GEOMETRIC_REPRESENTATION_ITEM() RATIONAL_B_SPLINE_CURVE((1.,0.5,1.,0.5,
1.,0.5,1.)) REPRESENTATION_ITEM('') );
#7050 = CARTESIAN_POINT('',(8.881784197001E-16,7.874015748031E-02));
#7051 = CARTESIAN_POINT('',(-0.136381953352,7.874015748031E-02));
#7052 = CARTESIAN_POINT('',(-6.819097667594E-02,-3.937007874016E-02));
#7053 = CARTESIAN_POINT('',(8.881784197001E-16,-0.157480314961));
#7054 = CARTESIAN_POINT('',(6.819097667594E-02,-3.937007874016E-02));
#7055 = CARTESIAN_POINT('',(0.136381953352,7.874015748031E-02));
#7056 = CARTESIAN_POINT('',(8.881784197001E-16,7.874015748031E-02));
#7057 = ( GEOMETRIC_REPRESENTATION_CONTEXT(2) 
PARAMETRIC_REPRESENTATION_CONTEXT() REPRESENTATION_CONTEXT('2D SPACE',''
  ) );
#7058 = PCURVE('',#7059,#7074);
#7059 = ( BOUNDED_SURFACE() B_SPLINE_SURFACE(2,1,(
    (#7060,#7061)
    ,(#7062,#7063)
    ,(#7064,#7065)
    ,(#7066,#7067)
    ,(#7068,#7069)
    ,(#7070,#7071)
    ,(#7072,#7073
)),.UNSPECIFIED.,.T.,.F.,.F.) B_SPLINE_SURFACE_WITH_KNOTS((1,2,2,2,2,1),
  (2,2),(-2.094395102393,0.,2.094395102393,4.188790204786,6.28318530718,
    8.377580409573),(-0.403700787402,-0.196850393701),.UNSPECIFIED.) 
GEOMETRIC_REPRESENTATION_ITEM() RATIONAL_B_SPLINE_SURFACE((
    (1.,1.)
    ,(0.5,0.5)
    ,(1.,1.)
    ,(0.5,0.5)
    ,(1.,1.)
    ,(0.5,0.5)
,(1.,1.))) REPRESENTATION_ITEM('') SURFACE() );
#7060 = CARTESIAN_POINT('',(-198.534,-63.358,166.558));
#7061 = CARTESIAN_POINT('',(-193.28,-63.358,166.558));
#7062 = CARTESIAN_POINT('',(-198.534,-59.89389838486,166.558));
#7063 = CARTESIAN_POINT('',(-193.28,-59.89389838486,166.558));
#7064 = CARTESIAN_POINT('',(-198.534,-61.62594919243,163.558));
#7065 = CARTESIAN_POINT('',(-193.28,-61.62594919243,163.558));
#7066 = CARTESIAN_POINT('',(-198.534,-63.358,160.558));
#7067 = CARTESIAN_POINT('',(-193.28,-63.358,160.558));
#7068 = CARTESIAN_POINT('',(-198.534,-65.09005080756,163.558));
#7069 = CARTESIAN_POINT('',(-193.28,-65.09005080756,163.558));
#7070 = CARTESIAN_POINT('',(-198.534,-66.82210161513,166.558));
#7071 = CARTESIAN_POINT('',(-193.28,-66.82210161513,166.558));
#7072 = CARTESIAN_POINT('',(-198.534,-63.358,166.558));
#7073 = CARTESIAN_POINT('',(-193.28,-63.358,166.558));
#7074 = DEFINITIONAL_REPRESENTATION('',(#7075),#7083);
#7075 = B_SPLINE_CURVE_WITH_KNOTS('',2,(#7076,#7077,#7078,#7079,#7080,
    #7081,#7082),.UNSPECIFIED.,.F.,.F.,(3,2,2,3),(0.,2.094395102393,
    4.188790204786,6.28318530718),.PIECEWISE_BEZIER_KNOTS.);
#7076 = CARTESIAN_POINT('',(0.,-0.403700787402));
#7077 = CARTESIAN_POINT('',(1.047197551197,-0.403700787402));
#7078 = CARTESIAN_POINT('',(2.094395102393,-0.403700787402));
#7079 = CARTESIAN_POINT('',(3.14159265359,-0.403700787402));
#7080 = CARTESIAN_POINT('',(4.188790204786,-0.403700787402));
#7081 = CARTESIAN_POINT('',(5.235987755983,-0.403700787402));
#7082 = CARTESIAN_POINT('',(6.28318530718,-0.403700787402));
#7083 = ( GEOMETRIC_REPRESENTATION_CONTEXT(2) 
PARAMETRIC_REPRESENTATION_CONTEXT() REPRESENTATION_CONTEXT('2D SPACE',''
  ) );
#7084 = ADVANCED_FACE('',(#7085),#6974,.T.);
#7085 = FACE_BOUND('',#7086,.T.);
#7086 = EDGE_LOOP('',(#7087));
#7087 = ORIENTED_EDGE('',*,*,#6952,.T.);
#7088 = ADVANCED_FACE('',(#7089),#7059,.F.);
#7089 = FACE_BOUND('',#7090,.F.);
#7090 = EDGE_LOOP('',(#7091,#7131,#7151,#7152));
#7091 = ORIENTED_EDGE('',*,*,#7092,.F.);
#7092 = EDGE_CURVE('',#7093,#7093,#7095,.T.);
#7093 = VERTEX_POINT('',#7094);
#7094 = CARTESIAN_POINT('',(-193.28,-63.358,166.558));
#7095 = SURFACE_CURVE('',#7096,(#7104,#7115),.PCURVE_S1.);
#7096 = ( BOUNDED_CURVE() B_SPLINE_CURVE(2,(#7097,#7098,#7099,#7100,
#7101,#7102,#7103),.UNSPECIFIED.,.T.,.F.) B_SPLINE_CURVE_WITH_KNOTS((1,2
    ,2,2,2,1),(-2.094395102393,0.,2.094395102393,4.188790204786,
6.28318530718,8.377580409573),.UNSPECIFIED.) CURVE() 
GEOMETRIC_REPRESENTATION_ITEM() RATIONAL_B_SPLINE_CURVE((1.,0.5,1.,0.5,
1.,0.5,1.)) REPRESENTATION_ITEM('') );
#7097 = CARTESIAN_POINT('',(-193.28,-63.358,166.558));
#7098 = CARTESIAN_POINT('',(-193.28,-59.89389838486,166.558));
#7099 = CARTESIAN_POINT('',(-193.28,-61.62594919243,163.558));
#7100 = CARTESIAN_POINT('',(-193.28,-63.358,160.558));
#7101 = CARTESIAN_POINT('',(-193.28,-65.09005080756,163.558));
#7102 = CARTESIAN_POINT('',(-193.28,-66.82210161513,166.558));
#7103 = CARTESIAN_POINT('',(-193.28,-63.358,166.558));
#7104 = PCURVE('',#7059,#7105);
#7105 = DEFINITIONAL_REPRESENTATION('',(#7106),#7114);
#7106 = B_SPLINE_CURVE_WITH_KNOTS('',2,(#7107,#7108,#7109,#7110,#7111,
    #7112,#7113),.UNSPECIFIED.,.F.,.F.,(3,2,2,3),(0.,2.094395102393,
    4.188790204786,6.28318530718),.PIECEWISE_BEZIER_KNOTS.);
#7107 = CARTESIAN_POINT('',(0.,-0.196850393701));
#7108 = CARTESIAN_POINT('',(1.047197551197,-0.196850393701));
#7109 = CARTESIAN_POINT('',(2.094395102393,-0.196850393701));
#7110 = CARTESIAN_POINT('',(3.14159265359,-0.196850393701));
#7111 = CARTESIAN_POINT('',(4.188790204786,-0.196850393701));
#7112 = CARTESIAN_POINT('',(5.235987755983,-0.196850393701));
#7113 = CARTESIAN_POINT('',(6.28318530718,-0.196850393701));
#7114 = ( GEOMETRIC_REPRESENTATION_CONTEXT(2) 
PARAMETRIC_REPRESENTATION_CONTEXT() REPRESENTATION_CONTEXT('2D SPACE',''
  ) );
#7115 = PCURVE('',#7116,#7121);
#7116 = B_SPLINE_SURFACE_WITH_KNOTS('',1,1,(
    (#7117,#7118)
    ,(#7119,#7120
    )),.UNSPECIFIED.,.F.,.F.,.F.,(2,2),(2,2),(0.,0.275590551181),(0.,
    0.318897637795),.PIECEWISE_BEZIER_KNOTS.);
#7117 = CARTESIAN_POINT('',(-193.28,-66.858,160.508));
#7118 = CARTESIAN_POINT('',(-193.28,-66.858,168.608));
#7119 = CARTESIAN_POINT('',(-193.28,-59.858,160.508));
#7120 = CARTESIAN_POINT('',(-193.28,-59.858,168.608));
#7121 = DEFINITIONAL_REPRESENTATION('',(#7122),#7130);
#7122 = ( BOUNDED_CURVE() B_SPLINE_CURVE(2,(#7123,#7124,#7125,#7126,
#7127,#7128,#7129),.UNSPECIFIED.,.T.,.F.) B_SPLINE_CURVE_WITH_KNOTS((1,2
    ,2,2,2,1),(-2.094395102393,0.,2.094395102393,4.188790204786,
6.28318530718,8.377580409573),.UNSPECIFIED.) CURVE() 
GEOMETRIC_REPRESENTATION_ITEM() RATIONAL_B_SPLINE_CURVE((1.,0.5,1.,0.5,
1.,0.5,1.)) REPRESENTATION_ITEM('') );
#7123 = CARTESIAN_POINT('',(0.137795275591,0.238188976378));
#7124 = CARTESIAN_POINT('',(0.274177228942,0.238188976378));
#7125 = CARTESIAN_POINT('',(0.205986252266,0.120078740157));
#7126 = CARTESIAN_POINT('',(0.137795275591,1.968503937008E-03));
#7127 = CARTESIAN_POINT('',(6.960429891461E-02,0.120078740157));
#7128 = CARTESIAN_POINT('',(1.413322238671E-03,0.238188976378));
#7129 = CARTESIAN_POINT('',(0.137795275591,0.238188976378));
#7130 = ( GEOMETRIC_REPRESENTATION_CONTEXT(2) 
PARAMETRIC_REPRESENTATION_CONTEXT() REPRESENTATION_CONTEXT('2D SPACE',''
  ) );
#7131 = ORIENTED_EDGE('',*,*,#7132,.T.);
#7132 = EDGE_CURVE('',#7093,#7036,#7133,.T.);
#7133 = SEAM_CURVE('',#7134,(#7137,#7144),.PCURVE_S1.);
#7134 = B_SPLINE_CURVE_WITH_KNOTS('',1,(#7135,#7136),.UNSPECIFIED.,.F.,
  .F.,(2,2),(0.196850393701,0.403700787402),.PIECEWISE_BEZIER_KNOTS.);
#7135 = CARTESIAN_POINT('',(-193.28,-63.358,166.558));
#7136 = CARTESIAN_POINT('',(-198.534,-63.358,166.558));
#7137 = PCURVE('',#7059,#7138);
#7138 = DEFINITIONAL_REPRESENTATION('',(#7139),#7143);
#7139 = B_SPLINE_CURVE_WITH_KNOTS('',2,(#7140,#7141,#7142),
  .UNSPECIFIED.,.F.,.F.,(3,3),(0.196850393701,0.403700787402),
  .PIECEWISE_BEZIER_KNOTS.);
#7140 = CARTESIAN_POINT('',(6.28318530718,-0.196850393701));
#7141 = CARTESIAN_POINT('',(6.28318530718,-0.300275590551));
#7142 = CARTESIAN_POINT('',(6.28318530718,-0.403700787402));
#7143 = ( GEOMETRIC_REPRESENTATION_CONTEXT(2) 
PARAMETRIC_REPRESENTATION_CONTEXT() REPRESENTATION_CONTEXT('2D SPACE',''
  ) );
#7144 = PCURVE('',#7059,#7145);
#7145 = DEFINITIONAL_REPRESENTATION('',(#7146),#7150);
#7146 = B_SPLINE_CURVE_WITH_KNOTS('',2,(#7147,#7148,#7149),
  .UNSPECIFIED.,.F.,.F.,(3,3),(0.196850393701,0.403700787402),
  .PIECEWISE_BEZIER_KNOTS.);
#7147 = CARTESIAN_POINT('',(0.,-0.196850393701));
#7148 = CARTESIAN_POINT('',(8.881784197001E-16,-0.300275590551));
#7149 = CARTESIAN_POINT('',(0.,-0.403700787402));
#7150 = ( GEOMETRIC_REPRESENTATION_CONTEXT(2) 
PARAMETRIC_REPRESENTATION_CONTEXT() REPRESENTATION_CONTEXT('2D SPACE',''
  ) );
#7151 = ORIENTED_EDGE('',*,*,#7035,.T.);
#7152 = ORIENTED_EDGE('',*,*,#7132,.F.);
#7153 = ADVANCED_FACE('',(#7154,#7256),#7116,.F.);
#7154 = FACE_BOUND('',#7155,.F.);
#7155 = EDGE_LOOP('',(#7156,#7183,#7208,#7233));
#7156 = ORIENTED_EDGE('',*,*,#7157,.F.);
#7157 = EDGE_CURVE('',#7158,#7160,#7162,.T.);
#7158 = VERTEX_POINT('',#7159);
#7159 = CARTESIAN_POINT('',(-193.28,-66.858,160.508));
#7160 = VERTEX_POINT('',#7161);
#7161 = CARTESIAN_POINT('',(-193.28,-66.858,168.608));
#7162 = SURFACE_CURVE('',#7163,(#7166,#7172),.PCURVE_S1.);
#7163 = B_SPLINE_CURVE_WITH_KNOTS('',1,(#7164,#7165),.UNSPECIFIED.,.F.,
  .F.,(2,2),(0.,0.318897637795),.PIECEWISE_BEZIER_KNOTS.);
#7164 = CARTESIAN_POINT('',(-193.28,-66.858,160.508));
#7165 = CARTESIAN_POINT('',(-193.28,-66.858,168.608));
#7166 = PCURVE('',#7116,#7167);
#7167 = DEFINITIONAL_REPRESENTATION('',(#7168),#7171);
#7168 = B_SPLINE_CURVE_WITH_KNOTS('',1,(#7169,#7170),.UNSPECIFIED.,.F.,
  .F.,(2,2),(0.,0.318897637795),.PIECEWISE_BEZIER_KNOTS.);
#7169 = CARTESIAN_POINT('',(0.,0.));
#7170 = CARTESIAN_POINT('',(0.,0.318897637795));
#7171 = ( GEOMETRIC_REPRESENTATION_CONTEXT(2) 
PARAMETRIC_REPRESENTATION_CONTEXT() REPRESENTATION_CONTEXT('2D SPACE',''
  ) );
#7172 = PCURVE('',#7173,#7178);
#7173 = B_SPLINE_SURFACE_WITH_KNOTS('',1,1,(
    (#7174,#7175)
    ,(#7176,#7177
    )),.UNSPECIFIED.,.F.,.F.,.F.,(2,2),(2,2),(0.,0.318897637795),(0.,
    0.185039370079),.PIECEWISE_BEZIER_KNOTS.);
#7174 = CARTESIAN_POINT('',(-188.58,-66.858,160.508));
#7175 = CARTESIAN_POINT('',(-193.28,-66.858,160.508));
#7176 = CARTESIAN_POINT('',(-188.58,-66.858,168.608));
#7177 = CARTESIAN_POINT('',(-193.28,-66.858,168.608));
#7178 = DEFINITIONAL_REPRESENTATION('',(#7179),#7182);
#7179 = B_SPLINE_CURVE_WITH_KNOTS('',1,(#7180,#7181),.UNSPECIFIED.,.F.,
  .F.,(2,2),(0.,0.318897637795),.PIECEWISE_BEZIER_KNOTS.);
#7180 = CARTESIAN_POINT('',(0.,0.185039370079));
#7181 = CARTESIAN_POINT('',(0.318897637795,0.185039370079));
#7182 = ( GEOMETRIC_REPRESENTATION_CONTEXT(2) 
PARAMETRIC_REPRESENTATION_CONTEXT() REPRESENTATION_CONTEXT('2D SPACE',''
  ) );
#7183 = ORIENTED_EDGE('',*,*,#7184,.T.);
#7184 = EDGE_CURVE('',#7158,#7185,#7187,.T.);
#7185 = VERTEX_POINT('',#7186);
#7186 = CARTESIAN_POINT('',(-193.28,-59.858,160.508));
#7187 = SURFACE_CURVE('',#7188,(#7191,#7197),.PCURVE_S1.);
#7188 = B_SPLINE_CURVE_WITH_KNOTS('',1,(#7189,#7190),.UNSPECIFIED.,.F.,
  .F.,(2,2),(0.,0.275590551181),.PIECEWISE_BEZIER_KNOTS.);
#7189 = CARTESIAN_POINT('',(-193.28,-66.858,160.508));
#7190 = CARTESIAN_POINT('',(-193.28,-59.858,160.508));
#7191 = PCURVE('',#7116,#7192);
#7192 = DEFINITIONAL_REPRESENTATION('',(#7193),#7196);
#7193 = B_SPLINE_CURVE_WITH_KNOTS('',1,(#7194,#7195),.UNSPECIFIED.,.F.,
  .F.,(2,2),(0.,0.275590551181),.PIECEWISE_BEZIER_KNOTS.);
#7194 = CARTESIAN_POINT('',(0.,0.));
#7195 = CARTESIAN_POINT('',(0.275590551181,0.));
#7196 = ( GEOMETRIC_REPRESENTATION_CONTEXT(2) 
PARAMETRIC_REPRESENTATION_CONTEXT() REPRESENTATION_CONTEXT('2D SPACE',''
  ) );
#7197 = PCURVE('',#7198,#7203);
#7198 = B_SPLINE_SURFACE_WITH_KNOTS('',1,1,(
    (#7199,#7200)
    ,(#7201,#7202
    )),.UNSPECIFIED.,.F.,.F.,.F.,(2,2),(2,2),(0.,0.275590551181),(
    -0.185039370079,0.),.PIECEWISE_BEZIER_KNOTS.);
#7199 = CARTESIAN_POINT('',(-193.28,-66.858,160.508));
#7200 = CARTESIAN_POINT('',(-188.58,-66.858,160.508));
#7201 = CARTESIAN_POINT('',(-193.28,-59.858,160.508));
#7202 = CARTESIAN_POINT('',(-188.58,-59.858,160.508));
#7203 = DEFINITIONAL_REPRESENTATION('',(#7204),#7207);
#7204 = B_SPLINE_CURVE_WITH_KNOTS('',1,(#7205,#7206),.UNSPECIFIED.,.F.,
  .F.,(2,2),(0.,0.275590551181),.PIECEWISE_BEZIER_KNOTS.);
#7205 = CARTESIAN_POINT('',(0.,-0.185039370079));
#7206 = CARTESIAN_POINT('',(0.275590551181,-0.185039370079));
#7207 = ( GEOMETRIC_REPRESENTATION_CONTEXT(2) 
PARAMETRIC_REPRESENTATION_CONTEXT() REPRESENTATION_CONTEXT('2D SPACE',''
  ) );
#7208 = ORIENTED_EDGE('',*,*,#7209,.T.);
#7209 = EDGE_CURVE('',#7185,#7210,#7212,.T.);
#7210 = VERTEX_POINT('',#7211);
#7211 = CARTESIAN_POINT('',(-193.28,-59.858,168.608));
#7212 = SURFACE_CURVE('',#7213,(#7216,#7222),.PCURVE_S1.);
#7213 = B_SPLINE_CURVE_WITH_KNOTS('',1,(#7214,#7215),.UNSPECIFIED.,.F.,
  .F.,(2,2),(0.,0.318897637795),.PIECEWISE_BEZIER_KNOTS.);
#7214 = CARTESIAN_POINT('',(-193.28,-59.858,160.508));
#7215 = CARTESIAN_POINT('',(-193.28,-59.858,168.608));
#7216 = PCURVE('',#7116,#7217);
#7217 = DEFINITIONAL_REPRESENTATION('',(#7218),#7221);
#7218 = B_SPLINE_CURVE_WITH_KNOTS('',1,(#7219,#7220),.UNSPECIFIED.,.F.,
  .F.,(2,2),(0.,0.318897637795),.PIECEWISE_BEZIER_KNOTS.);
#7219 = CARTESIAN_POINT('',(0.275590551181,0.));
#7220 = CARTESIAN_POINT('',(0.275590551181,0.318897637795));
#7221 = ( GEOMETRIC_REPRESENTATION_CONTEXT(2) 
PARAMETRIC_REPRESENTATION_CONTEXT() REPRESENTATION_CONTEXT('2D SPACE',''
  ) );
#7222 = PCURVE('',#7223,#7228);
#7223 = B_SPLINE_SURFACE_WITH_KNOTS('',1,1,(
    (#7224,#7225)
    ,(#7226,#7227
    )),.UNSPECIFIED.,.F.,.F.,.F.,(2,2),(2,2),(0.,0.318897637795),(0.,
    0.185039370079),.PIECEWISE_BEZIER_KNOTS.);
#7224 = CARTESIAN_POINT('',(-188.58,-59.858,160.508));
#7225 = CARTESIAN_POINT('',(-193.28,-59.858,160.508));
#7226 = CARTESIAN_POINT('',(-188.58,-59.858,168.608));
#7227 = CARTESIAN_POINT('',(-193.28,-59.858,168.608));
#7228 = DEFINITIONAL_REPRESENTATION('',(#7229),#7232);
#7229 = B_SPLINE_CURVE_WITH_KNOTS('',1,(#7230,#7231),.UNSPECIFIED.,.F.,
  .F.,(2,2),(0.,0.318897637795),.PIECEWISE_BEZIER_KNOTS.);
#7230 = CARTESIAN_POINT('',(0.,0.185039370079));
#7231 = CARTESIAN_POINT('',(0.318897637795,0.185039370079));
#7232 = ( GEOMETRIC_REPRESENTATION_CONTEXT(2) 
PARAMETRIC_REPRESENTATION_CONTEXT() REPRESENTATION_CONTEXT('2D SPACE',''
  ) );
#7233 = ORIENTED_EDGE('',*,*,#7234,.F.);
#7234 = EDGE_CURVE('',#7160,#7210,#7235,.T.);
#7235 = SURFACE_CURVE('',#7236,(#7239,#7245),.PCURVE_S1.);
#7236 = B_SPLINE_CURVE_WITH_KNOTS('',1,(#7237,#7238),.UNSPECIFIED.,.F.,
  .F.,(2,2),(0.,0.275590551181),.PIECEWISE_BEZIER_KNOTS.);
#7237 = CARTESIAN_POINT('',(-193.28,-66.858,168.608));
#7238 = CARTESIAN_POINT('',(-193.28,-59.858,168.608));
#7239 = PCURVE('',#7116,#7240);
#7240 = DEFINITIONAL_REPRESENTATION('',(#7241),#7244);
#7241 = B_SPLINE_CURVE_WITH_KNOTS('',1,(#7242,#7243),.UNSPECIFIED.,.F.,
  .F.,(2,2),(0.,0.275590551181),.PIECEWISE_BEZIER_KNOTS.);
#7242 = CARTESIAN_POINT('',(0.,0.318897637795));
#7243 = CARTESIAN_POINT('',(0.275590551181,0.318897637795));
#7244 = ( GEOMETRIC_REPRESENTATION_CONTEXT(2) 
PARAMETRIC_REPRESENTATION_CONTEXT() REPRESENTATION_CONTEXT('2D SPACE',''
  ) );
#7245 = PCURVE('',#7246,#7251);
#7246 = B_SPLINE_SURFACE_WITH_KNOTS('',1,1,(
    (#7247,#7248)
    ,(#7249,#7250
    )),.UNSPECIFIED.,.F.,.F.,.F.,(2,2),(2,2),(0.,0.275590551181),(
    -0.185039370079,0.),.PIECEWISE_BEZIER_KNOTS.);
#7247 = CARTESIAN_POINT('',(-193.28,-66.858,168.608));
#7248 = CARTESIAN_POINT('',(-188.58,-66.858,168.608));
#7249 = CARTESIAN_POINT('',(-193.28,-59.858,168.608));
#7250 = CARTESIAN_POINT('',(-188.58,-59.858,168.608));
#7251 = DEFINITIONAL_REPRESENTATION('',(#7252),#7255);
#7252 = B_SPLINE_CURVE_WITH_KNOTS('',1,(#7253,#7254),.UNSPECIFIED.,.F.,
  .F.,(2,2),(0.,0.275590551181),.PIECEWISE_BEZIER_KNOTS.);
#7253 = CARTESIAN_POINT('',(0.,-0.185039370079));
#7254 = CARTESIAN_POINT('',(0.275590551181,-0.185039370079));
#7255 = ( GEOMETRIC_REPRESENTATION_CONTEXT(2) 
PARAMETRIC_REPRESENTATION_CONTEXT() REPRESENTATION_CONTEXT('2D SPACE',''
  ) );
#7256 = FACE_BOUND('',#7257,.F.);
#7257 = EDGE_LOOP('',(#7258));
#7258 = ORIENTED_EDGE('',*,*,#7092,.T.);
#7259 = ADVANCED_FACE('',(#7260),#7173,.T.);
#7260 = FACE_BOUND('',#7261,.T.);
#7261 = EDGE_LOOP('',(#7262,#7282,#7307,#7325));
#7262 = ORIENTED_EDGE('',*,*,#7263,.F.);
#7263 = EDGE_CURVE('',#7264,#7158,#7266,.T.);
#7264 = VERTEX_POINT('',#7265);
#7265 = CARTESIAN_POINT('',(-188.58,-66.858,160.508));
#7266 = SURFACE_CURVE('',#7267,(#7270,#7276),.PCURVE_S1.);
#7267 = B_SPLINE_CURVE_WITH_KNOTS('',1,(#7268,#7269),.UNSPECIFIED.,.F.,
  .F.,(2,2),(0.,0.185039370079),.PIECEWISE_BEZIER_KNOTS.);
#7268 = CARTESIAN_POINT('',(-188.58,-66.858,160.508));
#7269 = CARTESIAN_POINT('',(-193.28,-66.858,160.508));
#7270 = PCURVE('',#7173,#7271);
#7271 = DEFINITIONAL_REPRESENTATION('',(#7272),#7275);
#7272 = B_SPLINE_CURVE_WITH_KNOTS('',1,(#7273,#7274),.UNSPECIFIED.,.F.,
  .F.,(2,2),(0.,0.185039370079),.PIECEWISE_BEZIER_KNOTS.);
#7273 = CARTESIAN_POINT('',(0.,0.));
#7274 = CARTESIAN_POINT('',(0.,0.185039370079));
#7275 = ( GEOMETRIC_REPRESENTATION_CONTEXT(2) 
PARAMETRIC_REPRESENTATION_CONTEXT() REPRESENTATION_CONTEXT('2D SPACE',''
  ) );
#7276 = PCURVE('',#7198,#7277);
#7277 = DEFINITIONAL_REPRESENTATION('',(#7278),#7281);
#7278 = B_SPLINE_CURVE_WITH_KNOTS('',1,(#7279,#7280),.UNSPECIFIED.,.F.,
  .F.,(2,2),(0.,0.185039370079),.PIECEWISE_BEZIER_KNOTS.);
#7279 = CARTESIAN_POINT('',(0.,0.));
#7280 = CARTESIAN_POINT('',(0.,-0.185039370079));
#7281 = ( GEOMETRIC_REPRESENTATION_CONTEXT(2) 
PARAMETRIC_REPRESENTATION_CONTEXT() REPRESENTATION_CONTEXT('2D SPACE',''
  ) );
#7282 = ORIENTED_EDGE('',*,*,#7283,.T.);
#7283 = EDGE_CURVE('',#7264,#7284,#7286,.T.);
#7284 = VERTEX_POINT('',#7285);
#7285 = CARTESIAN_POINT('',(-188.58,-66.858,168.608));
#7286 = SURFACE_CURVE('',#7287,(#7290,#7296),.PCURVE_S1.);
#7287 = B_SPLINE_CURVE_WITH_KNOTS('',1,(#7288,#7289),.UNSPECIFIED.,.F.,
  .F.,(2,2),(0.,0.318897637795),.PIECEWISE_BEZIER_KNOTS.);
#7288 = CARTESIAN_POINT('',(-188.58,-66.858,160.508));
#7289 = CARTESIAN_POINT('',(-188.58,-66.858,168.608));
#7290 = PCURVE('',#7173,#7291);
#7291 = DEFINITIONAL_REPRESENTATION('',(#7292),#7295);
#7292 = B_SPLINE_CURVE_WITH_KNOTS('',1,(#7293,#7294),.UNSPECIFIED.,.F.,
  .F.,(2,2),(0.,0.318897637795),.PIECEWISE_BEZIER_KNOTS.);
#7293 = CARTESIAN_POINT('',(0.,0.));
#7294 = CARTESIAN_POINT('',(0.318897637795,0.));
#7295 = ( GEOMETRIC_REPRESENTATION_CONTEXT(2) 
PARAMETRIC_REPRESENTATION_CONTEXT() REPRESENTATION_CONTEXT('2D SPACE',''
  ) );
#7296 = PCURVE('',#7297,#7302);
#7297 = B_SPLINE_SURFACE_WITH_KNOTS('',1,1,(
    (#7298,#7299)
    ,(#7300,#7301
    )),.UNSPECIFIED.,.F.,.F.,.F.,(2,2),(2,2),(0.,0.275590551181),(0.,
    0.318897637795),.PIECEWISE_BEZIER_KNOTS.);
#7298 = CARTESIAN_POINT('',(-188.58,-66.858,160.508));
#7299 = CARTESIAN_POINT('',(-188.58,-66.858,168.608));
#7300 = CARTESIAN_POINT('',(-188.58,-59.858,160.508));
#7301 = CARTESIAN_POINT('',(-188.58,-59.858,168.608));
#7302 = DEFINITIONAL_REPRESENTATION('',(#7303),#7306);
#7303 = B_SPLINE_CURVE_WITH_KNOTS('',1,(#7304,#7305),.UNSPECIFIED.,.F.,
  .F.,(2,2),(0.,0.318897637795),.PIECEWISE_BEZIER_KNOTS.);
#7304 = CARTESIAN_POINT('',(0.,0.));
#7305 = CARTESIAN_POINT('',(0.,0.318897637795));
#7306 = ( GEOMETRIC_REPRESENTATION_CONTEXT(2) 
PARAMETRIC_REPRESENTATION_CONTEXT() REPRESENTATION_CONTEXT('2D SPACE',''
  ) );
#7307 = ORIENTED_EDGE('',*,*,#7308,.T.);
#7308 = EDGE_CURVE('',#7284,#7160,#7309,.T.);
#7309 = SURFACE_CURVE('',#7310,(#7313,#7319),.PCURVE_S1.);
#7310 = B_SPLINE_CURVE_WITH_KNOTS('',1,(#7311,#7312),.UNSPECIFIED.,.F.,
  .F.,(2,2),(0.,0.185039370079),.PIECEWISE_BEZIER_KNOTS.);
#7311 = CARTESIAN_POINT('',(-188.58,-66.858,168.608));
#7312 = CARTESIAN_POINT('',(-193.28,-66.858,168.608));
#7313 = PCURVE('',#7173,#7314);
#7314 = DEFINITIONAL_REPRESENTATION('',(#7315),#7318);
#7315 = B_SPLINE_CURVE_WITH_KNOTS('',1,(#7316,#7317),.UNSPECIFIED.,.F.,
  .F.,(2,2),(0.,0.185039370079),.PIECEWISE_BEZIER_KNOTS.);
#7316 = CARTESIAN_POINT('',(0.318897637795,0.));
#7317 = CARTESIAN_POINT('',(0.318897637795,0.185039370079));
#7318 = ( GEOMETRIC_REPRESENTATION_CONTEXT(2) 
PARAMETRIC_REPRESENTATION_CONTEXT() REPRESENTATION_CONTEXT('2D SPACE',''
  ) );
#7319 = PCURVE('',#7246,#7320);
#7320 = DEFINITIONAL_REPRESENTATION('',(#7321),#7324);
#7321 = B_SPLINE_CURVE_WITH_KNOTS('',1,(#7322,#7323),.UNSPECIFIED.,.F.,
  .F.,(2,2),(0.,0.185039370079),.PIECEWISE_BEZIER_KNOTS.);
#7322 = CARTESIAN_POINT('',(0.,0.));
#7323 = CARTESIAN_POINT('',(0.,-0.185039370079));
#7324 = ( GEOMETRIC_REPRESENTATION_CONTEXT(2) 
PARAMETRIC_REPRESENTATION_CONTEXT() REPRESENTATION_CONTEXT('2D SPACE',''
  ) );
#7325 = ORIENTED_EDGE('',*,*,#7157,.F.);
#7326 = ADVANCED_FACE('',(#7327),#7246,.F.);
#7327 = FACE_BOUND('',#7328,.F.);
#7328 = EDGE_LOOP('',(#7329,#7349,#7350,#7351));
#7329 = ORIENTED_EDGE('',*,*,#7330,.F.);
#7330 = EDGE_CURVE('',#7284,#7331,#7333,.T.);
#7331 = VERTEX_POINT('',#7332);
#7332 = CARTESIAN_POINT('',(-188.58,-59.858,168.608));
#7333 = SURFACE_CURVE('',#7334,(#7337,#7343),.PCURVE_S1.);
#7334 = B_SPLINE_CURVE_WITH_KNOTS('',1,(#7335,#7336),.UNSPECIFIED.,.F.,
  .F.,(2,2),(0.,0.275590551181),.PIECEWISE_BEZIER_KNOTS.);
#7335 = CARTESIAN_POINT('',(-188.58,-66.858,168.608));
#7336 = CARTESIAN_POINT('',(-188.58,-59.858,168.608));
#7337 = PCURVE('',#7246,#7338);
#7338 = DEFINITIONAL_REPRESENTATION('',(#7339),#7342);
#7339 = B_SPLINE_CURVE_WITH_KNOTS('',1,(#7340,#7341),.UNSPECIFIED.,.F.,
  .F.,(2,2),(0.,0.275590551181),.PIECEWISE_BEZIER_KNOTS.);
#7340 = CARTESIAN_POINT('',(0.,0.));
#7341 = CARTESIAN_POINT('',(0.275590551181,0.));
#7342 = ( GEOMETRIC_REPRESENTATION_CONTEXT(2) 
PARAMETRIC_REPRESENTATION_CONTEXT() REPRESENTATION_CONTEXT('2D SPACE',''
  ) );
#7343 = PCURVE('',#7297,#7344);
#7344 = DEFINITIONAL_REPRESENTATION('',(#7345),#7348);
#7345 = B_SPLINE_CURVE_WITH_KNOTS('',1,(#7346,#7347),.UNSPECIFIED.,.F.,
  .F.,(2,2),(0.,0.275590551181),.PIECEWISE_BEZIER_KNOTS.);
#7346 = CARTESIAN_POINT('',(0.,0.318897637795));
#7347 = CARTESIAN_POINT('',(0.275590551181,0.318897637795));
#7348 = ( GEOMETRIC_REPRESENTATION_CONTEXT(2) 
PARAMETRIC_REPRESENTATION_CONTEXT() REPRESENTATION_CONTEXT('2D SPACE',''
  ) );
#7349 = ORIENTED_EDGE('',*,*,#7308,.T.);
#7350 = ORIENTED_EDGE('',*,*,#7234,.T.);
#7351 = ORIENTED_EDGE('',*,*,#7352,.F.);
#7352 = EDGE_CURVE('',#7331,#7210,#7353,.T.);
#7353 = SURFACE_CURVE('',#7354,(#7357,#7363),.PCURVE_S1.);
#7354 = B_SPLINE_CURVE_WITH_KNOTS('',1,(#7355,#7356),.UNSPECIFIED.,.F.,
  .F.,(2,2),(0.,0.185039370079),.PIECEWISE_BEZIER_KNOTS.);
#7355 = CARTESIAN_POINT('',(-188.58,-59.858,168.608));
#7356 = CARTESIAN_POINT('',(-193.28,-59.858,168.608));
#7357 = PCURVE('',#7246,#7358);
#7358 = DEFINITIONAL_REPRESENTATION('',(#7359),#7362);
#7359 = B_SPLINE_CURVE_WITH_KNOTS('',1,(#7360,#7361),.UNSPECIFIED.,.F.,
  .F.,(2,2),(0.,0.185039370079),.PIECEWISE_BEZIER_KNOTS.);
#7360 = CARTESIAN_POINT('',(0.275590551181,0.));
#7361 = CARTESIAN_POINT('',(0.275590551181,-0.185039370079));
#7362 = ( GEOMETRIC_REPRESENTATION_CONTEXT(2) 
PARAMETRIC_REPRESENTATION_CONTEXT() REPRESENTATION_CONTEXT('2D SPACE',''
  ) );
#7363 = PCURVE('',#7223,#7364);
#7364 = DEFINITIONAL_REPRESENTATION('',(#7365),#7368);
#7365 = B_SPLINE_CURVE_WITH_KNOTS('',1,(#7366,#7367),.UNSPECIFIED.,.F.,
  .F.,(2,2),(0.,0.185039370079),.PIECEWISE_BEZIER_KNOTS.);
#7366 = CARTESIAN_POINT('',(0.318897637795,0.));
#7367 = CARTESIAN_POINT('',(0.318897637795,0.185039370079));
#7368 = ( GEOMETRIC_REPRESENTATION_CONTEXT(2) 
PARAMETRIC_REPRESENTATION_CONTEXT() REPRESENTATION_CONTEXT('2D SPACE',''
  ) );
#7369 = ADVANCED_FACE('',(#7370),#7198,.T.);
#7370 = FACE_BOUND('',#7371,.T.);
#7371 = EDGE_LOOP('',(#7372,#7392,#7393,#7394));
#7372 = ORIENTED_EDGE('',*,*,#7373,.F.);
#7373 = EDGE_CURVE('',#7264,#7374,#7376,.T.);
#7374 = VERTEX_POINT('',#7375);
#7375 = CARTESIAN_POINT('',(-188.58,-59.858,160.508));
#7376 = SURFACE_CURVE('',#7377,(#7380,#7386),.PCURVE_S1.);
#7377 = B_SPLINE_CURVE_WITH_KNOTS('',1,(#7378,#7379),.UNSPECIFIED.,.F.,
  .F.,(2,2),(0.,0.275590551181),.PIECEWISE_BEZIER_KNOTS.);
#7378 = CARTESIAN_POINT('',(-188.58,-66.858,160.508));
#7379 = CARTESIAN_POINT('',(-188.58,-59.858,160.508));
#7380 = PCURVE('',#7198,#7381);
#7381 = DEFINITIONAL_REPRESENTATION('',(#7382),#7385);
#7382 = B_SPLINE_CURVE_WITH_KNOTS('',1,(#7383,#7384),.UNSPECIFIED.,.F.,
  .F.,(2,2),(0.,0.275590551181),.PIECEWISE_BEZIER_KNOTS.);
#7383 = CARTESIAN_POINT('',(0.,0.));
#7384 = CARTESIAN_POINT('',(0.275590551181,0.));
#7385 = ( GEOMETRIC_REPRESENTATION_CONTEXT(2) 
PARAMETRIC_REPRESENTATION_CONTEXT() REPRESENTATION_CONTEXT('2D SPACE',''
  ) );
#7386 = PCURVE('',#7297,#7387);
#7387 = DEFINITIONAL_REPRESENTATION('',(#7388),#7391);
#7388 = B_SPLINE_CURVE_WITH_KNOTS('',1,(#7389,#7390),.UNSPECIFIED.,.F.,
  .F.,(2,2),(0.,0.275590551181),.PIECEWISE_BEZIER_KNOTS.);
#7389 = CARTESIAN_POINT('',(0.,0.));
#7390 = CARTESIAN_POINT('',(0.275590551181,0.));
#7391 = ( GEOMETRIC_REPRESENTATION_CONTEXT(2) 
PARAMETRIC_REPRESENTATION_CONTEXT() REPRESENTATION_CONTEXT('2D SPACE',''
  ) );
#7392 = ORIENTED_EDGE('',*,*,#7263,.T.);
#7393 = ORIENTED_EDGE('',*,*,#7184,.T.);
#7394 = ORIENTED_EDGE('',*,*,#7395,.F.);
#7395 = EDGE_CURVE('',#7374,#7185,#7396,.T.);
#7396 = SURFACE_CURVE('',#7397,(#7400,#7406),.PCURVE_S1.);
#7397 = B_SPLINE_CURVE_WITH_KNOTS('',1,(#7398,#7399),.UNSPECIFIED.,.F.,
  .F.,(2,2),(0.,0.185039370079),.PIECEWISE_BEZIER_KNOTS.);
#7398 = CARTESIAN_POINT('',(-188.58,-59.858,160.508));
#7399 = CARTESIAN_POINT('',(-193.28,-59.858,160.508));
#7400 = PCURVE('',#7198,#7401);
#7401 = DEFINITIONAL_REPRESENTATION('',(#7402),#7405);
#7402 = B_SPLINE_CURVE_WITH_KNOTS('',1,(#7403,#7404),.UNSPECIFIED.,.F.,
  .F.,(2,2),(0.,0.185039370079),.PIECEWISE_BEZIER_KNOTS.);
#7403 = CARTESIAN_POINT('',(0.275590551181,0.));
#7404 = CARTESIAN_POINT('',(0.275590551181,-0.185039370079));
#7405 = ( GEOMETRIC_REPRESENTATION_CONTEXT(2) 
PARAMETRIC_REPRESENTATION_CONTEXT() REPRESENTATION_CONTEXT('2D SPACE',''
  ) );
#7406 = PCURVE('',#7223,#7407);
#7407 = DEFINITIONAL_REPRESENTATION('',(#7408),#7411);
#7408 = B_SPLINE_CURVE_WITH_KNOTS('',1,(#7409,#7410),.UNSPECIFIED.,.F.,
  .F.,(2,2),(0.,0.185039370079),.PIECEWISE_BEZIER_KNOTS.);
#7409 = CARTESIAN_POINT('',(0.,0.));
#7410 = CARTESIAN_POINT('',(0.,0.185039370079));
#7411 = ( GEOMETRIC_REPRESENTATION_CONTEXT(2) 
PARAMETRIC_REPRESENTATION_CONTEXT() REPRESENTATION_CONTEXT('2D SPACE',''
  ) );
#7412 = ADVANCED_FACE('',(#7413),#7223,.F.);
#7413 = FACE_BOUND('',#7414,.F.);
#7414 = EDGE_LOOP('',(#7415,#7416,#7434,#7435));
#7415 = ORIENTED_EDGE('',*,*,#7395,.F.);
#7416 = ORIENTED_EDGE('',*,*,#7417,.T.);
#7417 = EDGE_CURVE('',#7374,#7331,#7418,.T.);
#7418 = SURFACE_CURVE('',#7419,(#7422,#7428),.PCURVE_S1.);
#7419 = B_SPLINE_CURVE_WITH_KNOTS('',1,(#7420,#7421),.UNSPECIFIED.,.F.,
  .F.,(2,2),(0.,0.318897637795),.PIECEWISE_BEZIER_KNOTS.);
#7420 = CARTESIAN_POINT('',(-188.58,-59.858,160.508));
#7421 = CARTESIAN_POINT('',(-188.58,-59.858,168.608));
#7422 = PCURVE('',#7223,#7423);
#7423 = DEFINITIONAL_REPRESENTATION('',(#7424),#7427);
#7424 = B_SPLINE_CURVE_WITH_KNOTS('',1,(#7425,#7426),.UNSPECIFIED.,.F.,
  .F.,(2,2),(0.,0.318897637795),.PIECEWISE_BEZIER_KNOTS.);
#7425 = CARTESIAN_POINT('',(0.,0.));
#7426 = CARTESIAN_POINT('',(0.318897637795,0.));
#7427 = ( GEOMETRIC_REPRESENTATION_CONTEXT(2) 
PARAMETRIC_REPRESENTATION_CONTEXT() REPRESENTATION_CONTEXT('2D SPACE',''
  ) );
#7428 = PCURVE('',#7297,#7429);
#7429 = DEFINITIONAL_REPRESENTATION('',(#7430),#7433);
#7430 = B_SPLINE_CURVE_WITH_KNOTS('',1,(#7431,#7432),.UNSPECIFIED.,.F.,
  .F.,(2,2),(0.,0.318897637795),.PIECEWISE_BEZIER_KNOTS.);
#7431 = CARTESIAN_POINT('',(0.275590551181,0.));
#7432 = CARTESIAN_POINT('',(0.275590551181,0.318897637795));
#7433 = ( GEOMETRIC_REPRESENTATION_CONTEXT(2) 
PARAMETRIC_REPRESENTATION_CONTEXT() REPRESENTATION_CONTEXT('2D SPACE',''
  ) );
#7434 = ORIENTED_EDGE('',*,*,#7352,.T.);
#7435 = ORIENTED_EDGE('',*,*,#7209,.F.);
#7436 = ADVANCED_FACE('',(#7437,#7443),#7297,.T.);
#7437 = FACE_BOUND('',#7438,.T.);
#7438 = EDGE_LOOP('',(#7439,#7440,#7441,#7442));
#7439 = ORIENTED_EDGE('',*,*,#7283,.F.);
#7440 = ORIENTED_EDGE('',*,*,#7373,.T.);
#7441 = ORIENTED_EDGE('',*,*,#7417,.T.);
#7442 = ORIENTED_EDGE('',*,*,#7330,.F.);
#7443 = FACE_BOUND('',#7444,.T.);
#7444 = EDGE_LOOP('',(#7445));
#7445 = ORIENTED_EDGE('',*,*,#7446,.T.);
#7446 = EDGE_CURVE('',#7447,#7447,#7449,.T.);
#7447 = VERTEX_POINT('',#7448);
#7448 = CARTESIAN_POINT('',(-188.58,-63.358,166.558));
#7449 = SURFACE_CURVE('',#7450,(#7458,#7469),.PCURVE_S1.);
#7450 = ( BOUNDED_CURVE() B_SPLINE_CURVE(2,(#7451,#7452,#7453,#7454,
#7455,#7456,#7457),.UNSPECIFIED.,.T.,.F.) B_SPLINE_CURVE_WITH_KNOTS((1,2
    ,2,2,2,1),(-2.094395102393,0.,2.094395102393,4.188790204786,
6.28318530718,8.377580409573),.UNSPECIFIED.) CURVE() 
GEOMETRIC_REPRESENTATION_ITEM() RATIONAL_B_SPLINE_CURVE((1.,0.5,1.,0.5,
1.,0.5,1.)) REPRESENTATION_ITEM('') );
#7451 = CARTESIAN_POINT('',(-188.58,-63.358,166.558));
#7452 = CARTESIAN_POINT('',(-188.58,-59.89389838486,166.558));
#7453 = CARTESIAN_POINT('',(-188.58,-61.62594919243,163.558));
#7454 = CARTESIAN_POINT('',(-188.58,-63.358,160.558));
#7455 = CARTESIAN_POINT('',(-188.58,-65.09005080756,163.558));
#7456 = CARTESIAN_POINT('',(-188.58,-66.82210161513,166.558));
#7457 = CARTESIAN_POINT('',(-188.58,-63.358,166.558));
#7458 = PCURVE('',#7297,#7459);
#7459 = DEFINITIONAL_REPRESENTATION('',(#7460),#7468);
#7460 = ( BOUNDED_CURVE() B_SPLINE_CURVE(2,(#7461,#7462,#7463,#7464,
#7465,#7466,#7467),.UNSPECIFIED.,.T.,.F.) B_SPLINE_CURVE_WITH_KNOTS((1,2
    ,2,2,2,1),(-2.094395102393,0.,2.094395102393,4.188790204786,
6.28318530718,8.377580409573),.UNSPECIFIED.) CURVE() 
GEOMETRIC_REPRESENTATION_ITEM() RATIONAL_B_SPLINE_CURVE((1.,0.5,1.,0.5,
1.,0.5,1.)) REPRESENTATION_ITEM('') );
#7461 = CARTESIAN_POINT('',(0.137795275591,0.238188976378));
#7462 = CARTESIAN_POINT('',(0.274177228942,0.238188976378));
#7463 = CARTESIAN_POINT('',(0.205986252266,0.120078740157));
#7464 = CARTESIAN_POINT('',(0.137795275591,1.968503937008E-03));
#7465 = CARTESIAN_POINT('',(6.960429891461E-02,0.120078740157));
#7466 = CARTESIAN_POINT('',(1.413322238671E-03,0.238188976378));
#7467 = CARTESIAN_POINT('',(0.137795275591,0.238188976378));
#7468 = ( GEOMETRIC_REPRESENTATION_CONTEXT(2) 
PARAMETRIC_REPRESENTATION_CONTEXT() REPRESENTATION_CONTEXT('2D SPACE',''
  ) );
#7469 = PCURVE('',#7470,#7485);
#7470 = ( BOUNDED_SURFACE() B_SPLINE_SURFACE(2,1,(
    (#7471,#7472)
    ,(#7473,#7474)
    ,(#7475,#7476)
    ,(#7477,#7478)
    ,(#7479,#7480)
    ,(#7481,#7482)
    ,(#7483,#7484
)),.UNSPECIFIED.,.T.,.F.,.F.) B_SPLINE_SURFACE_WITH_KNOTS((1,2,2,2,2,1),
  (2,2),(-2.094395102393,0.,2.094395102393,4.188790204786,6.28318530718,
    8.377580409573),(-1.181102362205E-02,0.),.UNSPECIFIED.) 
GEOMETRIC_REPRESENTATION_ITEM() RATIONAL_B_SPLINE_SURFACE((
    (1.,1.)
    ,(0.5,0.5)
    ,(1.,1.)
    ,(0.5,0.5)
    ,(1.,1.)
    ,(0.5,0.5)
,(1.,1.))) REPRESENTATION_ITEM('') SURFACE() );
#7471 = CARTESIAN_POINT('',(-188.58,-63.358,166.558));
#7472 = CARTESIAN_POINT('',(-188.28,-63.358,166.558));
#7473 = CARTESIAN_POINT('',(-188.58,-59.89389838486,166.558));
#7474 = CARTESIAN_POINT('',(-188.28,-59.89389838486,166.558));
#7475 = CARTESIAN_POINT('',(-188.58,-61.62594919243,163.558));
#7476 = CARTESIAN_POINT('',(-188.28,-61.62594919243,163.558));
#7477 = CARTESIAN_POINT('',(-188.58,-63.358,160.558));
#7478 = CARTESIAN_POINT('',(-188.28,-63.358,160.558));
#7479 = CARTESIAN_POINT('',(-188.58,-65.09005080756,163.558));
#7480 = CARTESIAN_POINT('',(-188.28,-65.09005080756,163.558));
#7481 = CARTESIAN_POINT('',(-188.58,-66.82210161513,166.558));
#7482 = CARTESIAN_POINT('',(-188.28,-66.82210161513,166.558));
#7483 = CARTESIAN_POINT('',(-188.58,-63.358,166.558));
#7484 = CARTESIAN_POINT('',(-188.28,-63.358,166.558));
#7485 = DEFINITIONAL_REPRESENTATION('',(#7486),#7494);
#7486 = B_SPLINE_CURVE_WITH_KNOTS('',2,(#7487,#7488,#7489,#7490,#7491,
    #7492,#7493),.UNSPECIFIED.,.F.,.F.,(3,2,2,3),(0.,2.094395102393,
    4.188790204786,6.28318530718),.PIECEWISE_BEZIER_KNOTS.);
#7487 = CARTESIAN_POINT('',(0.,-1.181102362205E-02));
#7488 = CARTESIAN_POINT('',(1.047197551197,-1.181102362205E-02));
#7489 = CARTESIAN_POINT('',(2.094395102393,-1.181102362205E-02));
#7490 = CARTESIAN_POINT('',(3.14159265359,-1.181102362205E-02));
#7491 = CARTESIAN_POINT('',(4.188790204786,-1.181102362205E-02));
#7492 = CARTESIAN_POINT('',(5.235987755983,-1.181102362205E-02));
#7493 = CARTESIAN_POINT('',(6.28318530718,-1.181102362205E-02));
#7494 = ( GEOMETRIC_REPRESENTATION_CONTEXT(2) 
PARAMETRIC_REPRESENTATION_CONTEXT() REPRESENTATION_CONTEXT('2D SPACE',''
  ) );
#7495 = ADVANCED_FACE('',(#7496),#7470,.F.);
#7496 = FACE_BOUND('',#7497,.F.);
#7497 = EDGE_LOOP('',(#7498,#7538,#7558,#7559));
#7498 = ORIENTED_EDGE('',*,*,#7499,.F.);
#7499 = EDGE_CURVE('',#7500,#7500,#7502,.T.);
#7500 = VERTEX_POINT('',#7501);
#7501 = CARTESIAN_POINT('',(-188.28,-63.358,166.558));
#7502 = SURFACE_CURVE('',#7503,(#7511,#7522),.PCURVE_S1.);
#7503 = ( BOUNDED_CURVE() B_SPLINE_CURVE(2,(#7504,#7505,#7506,#7507,
#7508,#7509,#7510),.UNSPECIFIED.,.T.,.F.) B_SPLINE_CURVE_WITH_KNOTS((1,2
    ,2,2,2,1),(-2.094395102393,0.,2.094395102393,4.188790204786,
6.28318530718,8.377580409573),.UNSPECIFIED.) CURVE() 
GEOMETRIC_REPRESENTATION_ITEM() RATIONAL_B_SPLINE_CURVE((1.,0.5,1.,0.5,
1.,0.5,1.)) REPRESENTATION_ITEM('') );
#7504 = CARTESIAN_POINT('',(-188.28,-63.358,166.558));
#7505 = CARTESIAN_POINT('',(-188.28,-59.89389838486,166.558));
#7506 = CARTESIAN_POINT('',(-188.28,-61.62594919243,163.558));
#7507 = CARTESIAN_POINT('',(-188.28,-63.358,160.558));
#7508 = CARTESIAN_POINT('',(-188.28,-65.09005080756,163.558));
#7509 = CARTESIAN_POINT('',(-188.28,-66.82210161513,166.558));
#7510 = CARTESIAN_POINT('',(-188.28,-63.358,166.558));
#7511 = PCURVE('',#7470,#7512);
#7512 = DEFINITIONAL_REPRESENTATION('',(#7513),#7521);
#7513 = B_SPLINE_CURVE_WITH_KNOTS('',2,(#7514,#7515,#7516,#7517,#7518,
    #7519,#7520),.UNSPECIFIED.,.F.,.F.,(3,2,2,3),(0.,2.094395102393,
    4.188790204786,6.28318530718),.PIECEWISE_BEZIER_KNOTS.);
#7514 = CARTESIAN_POINT('',(0.,0.));
#7515 = CARTESIAN_POINT('',(1.047197551197,-3.424103810695E-16));
#7516 = CARTESIAN_POINT('',(2.094395102393,0.));
#7517 = CARTESIAN_POINT('',(3.14159265359,-2.243621503168E-15));
#7518 = CARTESIAN_POINT('',(4.188790204786,-8.881784197001E-16));
#7519 = CARTESIAN_POINT('',(5.235987755983,-3.963976967767E-16));
#7520 = CARTESIAN_POINT('',(6.28318530718,0.));
#7521 = ( GEOMETRIC_REPRESENTATION_CONTEXT(2) 
PARAMETRIC_REPRESENTATION_CONTEXT() REPRESENTATION_CONTEXT('2D SPACE',''
  ) );
#7522 = PCURVE('',#7523,#7528);
#7523 = B_SPLINE_SURFACE_WITH_KNOTS('',1,1,(
    (#7524,#7525)
    ,(#7526,#7527
    )),.UNSPECIFIED.,.F.,.F.,.F.,(2,2),(2,2),(-7.874015748032E-02,
    7.874015748031E-02),(-7.874015748031E-02,7.874015748032E-02),
  .PIECEWISE_BEZIER_KNOTS.);
#7524 = CARTESIAN_POINT('',(-188.28,-61.358,162.558));
#7525 = CARTESIAN_POINT('',(-188.28,-61.358,166.558));
#7526 = CARTESIAN_POINT('',(-188.28,-65.358,162.558));
#7527 = CARTESIAN_POINT('',(-188.28,-65.358,166.558));
#7528 = DEFINITIONAL_REPRESENTATION('',(#7529),#7537);
#7529 = ( BOUNDED_CURVE() B_SPLINE_CURVE(2,(#7530,#7531,#7532,#7533,
#7534,#7535,#7536),.UNSPECIFIED.,.T.,.F.) B_SPLINE_CURVE_WITH_KNOTS((1,2
    ,2,2,2,1),(-2.094395102393,0.,2.094395102393,4.188790204786,
6.28318530718,8.377580409573),.UNSPECIFIED.) CURVE() 
GEOMETRIC_REPRESENTATION_ITEM() RATIONAL_B_SPLINE_CURVE((1.,0.5,1.,0.5,
1.,0.5,1.)) REPRESENTATION_ITEM('') );
#7530 = CARTESIAN_POINT('',(-4.440892098501E-16,7.874015748032E-02));
#7531 = CARTESIAN_POINT('',(-0.136381953352,7.874015748032E-02));
#7532 = CARTESIAN_POINT('',(-6.819097667594E-02,-3.937007874016E-02));
#7533 = CARTESIAN_POINT('',(-4.440892098501E-16,-0.157480314961));
#7534 = CARTESIAN_POINT('',(6.819097667594E-02,-3.937007874016E-02));
#7535 = CARTESIAN_POINT('',(0.136381953352,7.874015748032E-02));
#7536 = CARTESIAN_POINT('',(-4.440892098501E-16,7.874015748032E-02));
#7537 = ( GEOMETRIC_REPRESENTATION_CONTEXT(2) 
PARAMETRIC_REPRESENTATION_CONTEXT() REPRESENTATION_CONTEXT('2D SPACE',''
  ) );
#7538 = ORIENTED_EDGE('',*,*,#7539,.T.);
#7539 = EDGE_CURVE('',#7500,#7447,#7540,.T.);
#7540 = SEAM_CURVE('',#7541,(#7544,#7551),.PCURVE_S1.);
#7541 = B_SPLINE_CURVE_WITH_KNOTS('',1,(#7542,#7543),.UNSPECIFIED.,.F.,
  .F.,(2,2),(0.,1.181102362205E-02),.PIECEWISE_BEZIER_KNOTS.);
#7542 = CARTESIAN_POINT('',(-188.28,-63.358,166.558));
#7543 = CARTESIAN_POINT('',(-188.58,-63.358,166.558));
#7544 = PCURVE('',#7470,#7545);
#7545 = DEFINITIONAL_REPRESENTATION('',(#7546),#7550);
#7546 = B_SPLINE_CURVE_WITH_KNOTS('',2,(#7547,#7548,#7549),
  .UNSPECIFIED.,.F.,.F.,(3,3),(0.,1.181102362205E-02),
  .PIECEWISE_BEZIER_KNOTS.);
#7547 = CARTESIAN_POINT('',(6.28318530718,0.));
#7548 = CARTESIAN_POINT('',(6.28318530718,-5.905511811023E-03));
#7549 = CARTESIAN_POINT('',(6.28318530718,-1.181102362205E-02));
#7550 = ( GEOMETRIC_REPRESENTATION_CONTEXT(2) 
PARAMETRIC_REPRESENTATION_CONTEXT() REPRESENTATION_CONTEXT('2D SPACE',''
  ) );
#7551 = PCURVE('',#7470,#7552);
#7552 = DEFINITIONAL_REPRESENTATION('',(#7553),#7557);
#7553 = B_SPLINE_CURVE_WITH_KNOTS('',2,(#7554,#7555,#7556),
  .UNSPECIFIED.,.F.,.F.,(3,3),(0.,1.181102362205E-02),
  .PIECEWISE_BEZIER_KNOTS.);
#7554 = CARTESIAN_POINT('',(0.,0.));
#7555 = CARTESIAN_POINT('',(8.881784197001E-16,-5.905511811023E-03));
#7556 = CARTESIAN_POINT('',(0.,-1.181102362205E-02));
#7557 = ( GEOMETRIC_REPRESENTATION_CONTEXT(2) 
PARAMETRIC_REPRESENTATION_CONTEXT() REPRESENTATION_CONTEXT('2D SPACE',''
  ) );
#7558 = ORIENTED_EDGE('',*,*,#7446,.T.);
#7559 = ORIENTED_EDGE('',*,*,#7539,.F.);
#7560 = ADVANCED_FACE('',(#7561),#7523,.F.);
#7561 = FACE_BOUND('',#7562,.F.);
#7562 = EDGE_LOOP('',(#7563));
#7563 = ORIENTED_EDGE('',*,*,#7499,.T.);
#7564 = MANIFOLD_SOLID_BREP('',#7565);
#7565 = CLOSED_SHELL('',(#7566,#7685,#7741,#7745,#7810,#7916,#7983,#8026
    ,#8069,#8093));
#7566 = ADVANCED_FACE('',(#7567),#7580,.F.);
#7567 = FACE_BOUND('',#7568,.F.);
#7568 = EDGE_LOOP('',(#7569,#7608,#7646,#7647));
#7569 = ORIENTED_EDGE('',*,*,#7570,.T.);
#7570 = EDGE_CURVE('',#7571,#7573,#7575,.T.);
#7571 = VERTEX_POINT('',#7572);
#7572 = CARTESIAN_POINT('',(-201.034,-103.358,144.058));
#7573 = VERTEX_POINT('',#7574);
#7574 = CARTESIAN_POINT('',(-205.034,-103.358,144.058));
#7575 = SEAM_CURVE('',#7576,(#7579,#7601),.PCURVE_S1.);
#7576 = B_SPLINE_CURVE_WITH_KNOTS('',1,(#7577,#7578),.UNSPECIFIED.,.F.,
  .F.,(2,2),(0.,0.157480314961),.PIECEWISE_BEZIER_KNOTS.);
#7577 = CARTESIAN_POINT('',(-201.034,-103.358,144.058));
#7578 = CARTESIAN_POINT('',(-205.034,-103.358,144.058));
#7579 = PCURVE('',#7580,#7595);
#7580 = ( BOUNDED_SURFACE() B_SPLINE_SURFACE(2,1,(
    (#7581,#7582)
    ,(#7583,#7584)
    ,(#7585,#7586)
    ,(#7587,#7588)
    ,(#7589,#7590)
    ,(#7591,#7592)
    ,(#7593,#7594
)),.UNSPECIFIED.,.T.,.F.,.F.) B_SPLINE_SURFACE_WITH_KNOTS((1,2,2,2,2,1),
  (2,2),(-2.094395102393,0.,2.094395102393,4.188790204786,6.28318530718,
    8.377580409573),(-0.157480314961,0.),.UNSPECIFIED.) 
GEOMETRIC_REPRESENTATION_ITEM() RATIONAL_B_SPLINE_SURFACE((
    (1.,1.)
    ,(0.5,0.5)
    ,(1.,1.)
    ,(0.5,0.5)
    ,(1.,1.)
    ,(0.5,0.5)
,(1.,1.))) REPRESENTATION_ITEM('') SURFACE() );
#7581 = CARTESIAN_POINT('',(-205.034,-103.358,144.058));
#7582 = CARTESIAN_POINT('',(-201.034,-103.358,144.058));
#7583 = CARTESIAN_POINT('',(-205.034,-97.2958221735,144.058));
#7584 = CARTESIAN_POINT('',(-201.034,-97.2958221735,144.058));
#7585 = CARTESIAN_POINT('',(-205.034,-100.3269110867,138.808));
#7586 = CARTESIAN_POINT('',(-201.034,-100.3269110867,138.808));
#7587 = CARTESIAN_POINT('',(-205.034,-103.358,133.558));
#7588 = CARTESIAN_POINT('',(-201.034,-103.358,133.558));
#7589 = CARTESIAN_POINT('',(-205.034,-106.3890889132,138.808));
#7590 = CARTESIAN_POINT('',(-201.034,-106.3890889132,138.808));
#7591 = CARTESIAN_POINT('',(-205.034,-109.4201778264,144.058));
#7592 = CARTESIAN_POINT('',(-201.034,-109.4201778264,144.058));
#7593 = CARTESIAN_POINT('',(-205.034,-103.358,144.058));
#7594 = CARTESIAN_POINT('',(-201.034,-103.358,144.058));
#7595 = DEFINITIONAL_REPRESENTATION('',(#7596),#7600);
#7596 = B_SPLINE_CURVE_WITH_KNOTS('',2,(#7597,#7598,#7599),
  .UNSPECIFIED.,.F.,.F.,(3,3),(0.,0.157480314961),
  .PIECEWISE_BEZIER_KNOTS.);
#7597 = CARTESIAN_POINT('',(0.,0.));
#7598 = CARTESIAN_POINT('',(0.,-7.874015748031E-02));
#7599 = CARTESIAN_POINT('',(0.,-0.157480314961));
#7600 = ( GEOMETRIC_REPRESENTATION_CONTEXT(2) 
PARAMETRIC_REPRESENTATION_CONTEXT() REPRESENTATION_CONTEXT('2D SPACE',''
  ) );
#7601 = PCURVE('',#7580,#7602);
#7602 = DEFINITIONAL_REPRESENTATION('',(#7603),#7607);
#7603 = B_SPLINE_CURVE_WITH_KNOTS('',2,(#7604,#7605,#7606),
  .UNSPECIFIED.,.F.,.F.,(3,3),(0.,0.157480314961),
  .PIECEWISE_BEZIER_KNOTS.);
#7604 = CARTESIAN_POINT('',(6.28318530718,0.));
#7605 = CARTESIAN_POINT('',(6.28318530718,-7.874015748031E-02));
#7606 = CARTESIAN_POINT('',(6.28318530718,-0.157480314961));
#7607 = ( GEOMETRIC_REPRESENTATION_CONTEXT(2) 
PARAMETRIC_REPRESENTATION_CONTEXT() REPRESENTATION_CONTEXT('2D SPACE',''
  ) );
#7608 = ORIENTED_EDGE('',*,*,#7609,.T.);
#7609 = EDGE_CURVE('',#7573,#7573,#7610,.T.);
#7610 = SURFACE_CURVE('',#7611,(#7619,#7630),.PCURVE_S1.);
#7611 = ( BOUNDED_CURVE() B_SPLINE_CURVE(2,(#7612,#7613,#7614,#7615,
#7616,#7617,#7618),.UNSPECIFIED.,.T.,.F.) B_SPLINE_CURVE_WITH_KNOTS((1,2
    ,2,2,2,1),(-2.094395102393,0.,2.094395102393,4.188790204786,
6.28318530718,8.377580409573),.UNSPECIFIED.) CURVE() 
GEOMETRIC_REPRESENTATION_ITEM() RATIONAL_B_SPLINE_CURVE((1.,0.5,1.,0.5,
1.,0.5,1.)) REPRESENTATION_ITEM('') );
#7612 = CARTESIAN_POINT('',(-205.034,-103.358,144.058));
#7613 = CARTESIAN_POINT('',(-205.034,-97.2958221735,144.058));
#7614 = CARTESIAN_POINT('',(-205.034,-100.3269110867,138.808));
#7615 = CARTESIAN_POINT('',(-205.034,-103.358,133.558));
#7616 = CARTESIAN_POINT('',(-205.034,-106.3890889132,138.808));
#7617 = CARTESIAN_POINT('',(-205.034,-109.4201778264,144.058));
#7618 = CARTESIAN_POINT('',(-205.034,-103.358,144.058));
#7619 = PCURVE('',#7580,#7620);
#7620 = DEFINITIONAL_REPRESENTATION('',(#7621),#7629);
#7621 = B_SPLINE_CURVE_WITH_KNOTS('',2,(#7622,#7623,#7624,#7625,#7626,
    #7627,#7628),.UNSPECIFIED.,.F.,.F.,(3,2,2,3),(0.,2.094395102393,
    4.188790204786,6.28318530718),.PIECEWISE_BEZIER_KNOTS.);
#7622 = CARTESIAN_POINT('',(0.,-0.157480314961));
#7623 = CARTESIAN_POINT('',(1.047197551197,-0.157480314961));
#7624 = CARTESIAN_POINT('',(2.094395102393,-0.157480314961));
#7625 = CARTESIAN_POINT('',(3.14159265359,-0.157480314961));
#7626 = CARTESIAN_POINT('',(4.188790204786,-0.157480314961));
#7627 = CARTESIAN_POINT('',(5.235987755983,-0.157480314961));
#7628 = CARTESIAN_POINT('',(6.28318530718,-0.157480314961));
#7629 = ( GEOMETRIC_REPRESENTATION_CONTEXT(2) 
PARAMETRIC_REPRESENTATION_CONTEXT() REPRESENTATION_CONTEXT('2D SPACE',''
  ) );
#7630 = PCURVE('',#7631,#7636);
#7631 = B_SPLINE_SURFACE_WITH_KNOTS('',1,1,(
    (#7632,#7633)
    ,(#7634,#7635
    )),.UNSPECIFIED.,.F.,.F.,.F.,(2,2),(2,2),(-0.137795275591,
    0.137795275591),(-0.137795275591,0.137795275591),
  .PIECEWISE_BEZIER_KNOTS.);
#7632 = CARTESIAN_POINT('',(-205.034,-99.858,137.058));
#7633 = CARTESIAN_POINT('',(-205.034,-99.858,144.058));
#7634 = CARTESIAN_POINT('',(-205.034,-106.858,137.058));
#7635 = CARTESIAN_POINT('',(-205.034,-106.858,144.058));
#7636 = DEFINITIONAL_REPRESENTATION('',(#7637),#7645);
#7637 = ( BOUNDED_CURVE() B_SPLINE_CURVE(2,(#7638,#7639,#7640,#7641,
#7642,#7643,#7644),.UNSPECIFIED.,.T.,.F.) B_SPLINE_CURVE_WITH_KNOTS((1,2
    ,2,2,2,1),(-2.094395102393,0.,2.094395102393,4.188790204786,
6.28318530718,8.377580409573),.UNSPECIFIED.) CURVE() 
GEOMETRIC_REPRESENTATION_ITEM() RATIONAL_B_SPLINE_CURVE((1.,0.5,1.,0.5,
1.,0.5,1.)) REPRESENTATION_ITEM('') );
#7638 = CARTESIAN_POINT('',(6.661338147751E-16,0.137795275591));
#7639 = CARTESIAN_POINT('',(-0.238668418366,0.137795275591));
#7640 = CARTESIAN_POINT('',(-0.119334209183,-6.889763779528E-02));
#7641 = CARTESIAN_POINT('',(6.661338147751E-16,-0.275590551181));
#7642 = CARTESIAN_POINT('',(0.119334209183,-6.889763779528E-02));
#7643 = CARTESIAN_POINT('',(0.238668418366,0.137795275591));
#7644 = CARTESIAN_POINT('',(6.661338147751E-16,0.137795275591));
#7645 = ( GEOMETRIC_REPRESENTATION_CONTEXT(2) 
PARAMETRIC_REPRESENTATION_CONTEXT() REPRESENTATION_CONTEXT('2D SPACE',''
  ) );
#7646 = ORIENTED_EDGE('',*,*,#7570,.F.);
#7647 = ORIENTED_EDGE('',*,*,#7648,.F.);
#7648 = EDGE_CURVE('',#7571,#7571,#7649,.T.);
#7649 = SURFACE_CURVE('',#7650,(#7658,#7669),.PCURVE_S1.);
#7650 = ( BOUNDED_CURVE() B_SPLINE_CURVE(2,(#7651,#7652,#7653,#7654,
#7655,#7656,#7657),.UNSPECIFIED.,.T.,.F.) B_SPLINE_CURVE_WITH_KNOTS((1,2
    ,2,2,2,1),(-2.094395102393,0.,2.094395102393,4.188790204786,
6.28318530718,8.377580409573),.UNSPECIFIED.) CURVE() 
GEOMETRIC_REPRESENTATION_ITEM() RATIONAL_B_SPLINE_CURVE((1.,0.5,1.,0.5,
1.,0.5,1.)) REPRESENTATION_ITEM('') );
#7651 = CARTESIAN_POINT('',(-201.034,-103.358,144.058));
#7652 = CARTESIAN_POINT('',(-201.034,-97.2958221735,144.058));
#7653 = CARTESIAN_POINT('',(-201.034,-100.3269110867,138.808));
#7654 = CARTESIAN_POINT('',(-201.034,-103.358,133.558));
#7655 = CARTESIAN_POINT('',(-201.034,-106.3890889132,138.808));
#7656 = CARTESIAN_POINT('',(-201.034,-109.4201778264,144.058));
#7657 = CARTESIAN_POINT('',(-201.034,-103.358,144.058));
#7658 = PCURVE('',#7580,#7659);
#7659 = DEFINITIONAL_REPRESENTATION('',(#7660),#7668);
#7660 = B_SPLINE_CURVE_WITH_KNOTS('',2,(#7661,#7662,#7663,#7664,#7665,
    #7666,#7667),.UNSPECIFIED.,.F.,.F.,(3,2,2,3),(0.,2.094395102393,
    4.188790204786,6.28318530718),.PIECEWISE_BEZIER_KNOTS.);
#7661 = CARTESIAN_POINT('',(0.,0.));
#7662 = CARTESIAN_POINT('',(1.047197551197,6.554841963583E-16));
#7663 = CARTESIAN_POINT('',(2.094395102393,-8.881784197001E-16));
#7664 = CARTESIAN_POINT('',(3.14159265359,-3.446480573699E-15));
#7665 = CARTESIAN_POINT('',(4.188790204786,0.));
#7666 = CARTESIAN_POINT('',(5.235987755983,-7.802037882856E-16));
#7667 = CARTESIAN_POINT('',(6.28318530718,0.));
#7668 = ( GEOMETRIC_REPRESENTATION_CONTEXT(2) 
PARAMETRIC_REPRESENTATION_CONTEXT() REPRESENTATION_CONTEXT('2D SPACE',''
  ) );
#7669 = PCURVE('',#7670,#7675);
#7670 = B_SPLINE_SURFACE_WITH_KNOTS('',1,1,(
    (#7671,#7672)
    ,(#7673,#7674
    )),.UNSPECIFIED.,.F.,.F.,.F.,(2,2),(2,2),(-0.137795275591,
    0.137795275591),(-0.137795275591,0.137795275591),
  .PIECEWISE_BEZIER_KNOTS.);
#7671 = CARTESIAN_POINT('',(-201.034,-99.858,137.058));
#7672 = CARTESIAN_POINT('',(-201.034,-99.858,144.058));
#7673 = CARTESIAN_POINT('',(-201.034,-106.858,137.058));
#7674 = CARTESIAN_POINT('',(-201.034,-106.858,144.058));
#7675 = DEFINITIONAL_REPRESENTATION('',(#7676),#7684);
#7676 = ( BOUNDED_CURVE() B_SPLINE_CURVE(2,(#7677,#7678,#7679,#7680,
#7681,#7682,#7683),.UNSPECIFIED.,.T.,.F.) B_SPLINE_CURVE_WITH_KNOTS((1,2
    ,2,2,2,1),(-2.094395102393,0.,2.094395102393,4.188790204786,
6.28318530718,8.377580409573),.UNSPECIFIED.) CURVE() 
GEOMETRIC_REPRESENTATION_ITEM() RATIONAL_B_SPLINE_CURVE((1.,0.5,1.,0.5,
1.,0.5,1.)) REPRESENTATION_ITEM('') );
#7677 = CARTESIAN_POINT('',(6.661338147751E-16,0.137795275591));
#7678 = CARTESIAN_POINT('',(-0.238668418366,0.137795275591));
#7679 = CARTESIAN_POINT('',(-0.119334209183,-6.889763779528E-02));
#7680 = CARTESIAN_POINT('',(6.661338147751E-16,-0.275590551181));
#7681 = CARTESIAN_POINT('',(0.119334209183,-6.889763779528E-02));
#7682 = CARTESIAN_POINT('',(0.238668418366,0.137795275591));
#7683 = CARTESIAN_POINT('',(6.661338147751E-16,0.137795275591));
#7684 = ( GEOMETRIC_REPRESENTATION_CONTEXT(2) 
PARAMETRIC_REPRESENTATION_CONTEXT() REPRESENTATION_CONTEXT('2D SPACE',''
  ) );
#7685 = ADVANCED_FACE('',(#7686,#7689),#7670,.F.);
#7686 = FACE_BOUND('',#7687,.F.);
#7687 = EDGE_LOOP('',(#7688));
#7688 = ORIENTED_EDGE('',*,*,#7648,.T.);
#7689 = FACE_BOUND('',#7690,.F.);
#7690 = EDGE_LOOP('',(#7691));
#7691 = ORIENTED_EDGE('',*,*,#7692,.F.);
#7692 = EDGE_CURVE('',#7693,#7693,#7695,.T.);
#7693 = VERTEX_POINT('',#7694);
#7694 = CARTESIAN_POINT('',(-201.034,-103.358,142.558));
#7695 = SURFACE_CURVE('',#7696,(#7704,#7715),.PCURVE_S1.);
#7696 = ( BOUNDED_CURVE() B_SPLINE_CURVE(2,(#7697,#7698,#7699,#7700,
#7701,#7702,#7703),.UNSPECIFIED.,.T.,.F.) B_SPLINE_CURVE_WITH_KNOTS((1,2
    ,2,2,2,1),(-2.094395102393,0.,2.094395102393,4.188790204786,
6.28318530718,8.377580409573),.UNSPECIFIED.) CURVE() 
GEOMETRIC_REPRESENTATION_ITEM() RATIONAL_B_SPLINE_CURVE((1.,0.5,1.,0.5,
1.,0.5,1.)) REPRESENTATION_ITEM('') );
#7697 = CARTESIAN_POINT('',(-201.034,-103.358,142.558));
#7698 = CARTESIAN_POINT('',(-201.034,-99.89389838486,142.558));
#7699 = CARTESIAN_POINT('',(-201.034,-101.6259491924,139.558));
#7700 = CARTESIAN_POINT('',(-201.034,-103.358,136.558));
#7701 = CARTESIAN_POINT('',(-201.034,-105.0900508075,139.558));
#7702 = CARTESIAN_POINT('',(-201.034,-106.8221016151,142.558));
#7703 = CARTESIAN_POINT('',(-201.034,-103.358,142.558));
#7704 = PCURVE('',#7670,#7705);
#7705 = DEFINITIONAL_REPRESENTATION('',(#7706),#7714);
#7706 = ( BOUNDED_CURVE() B_SPLINE_CURVE(2,(#7707,#7708,#7709,#7710,
#7711,#7712,#7713),.UNSPECIFIED.,.T.,.F.) B_SPLINE_CURVE_WITH_KNOTS((1,2
    ,2,2,2,1),(-2.094395102393,0.,2.094395102393,4.188790204786,
6.28318530718,8.377580409573),.UNSPECIFIED.) CURVE() 
GEOMETRIC_REPRESENTATION_ITEM() RATIONAL_B_SPLINE_CURVE((1.,0.5,1.,0.5,
1.,0.5,1.)) REPRESENTATION_ITEM('') );
#7707 = CARTESIAN_POINT('',(6.661338147751E-16,7.874015748031E-02));
#7708 = CARTESIAN_POINT('',(-0.136381953352,7.874015748031E-02));
#7709 = CARTESIAN_POINT('',(-6.819097667594E-02,-3.937007874016E-02));
#7710 = CARTESIAN_POINT('',(6.661338147751E-16,-0.157480314961));
#7711 = CARTESIAN_POINT('',(6.819097667594E-02,-3.937007874016E-02));
#7712 = CARTESIAN_POINT('',(0.136381953352,7.874015748031E-02));
#7713 = CARTESIAN_POINT('',(6.661338147751E-16,7.874015748031E-02));
#7714 = ( GEOMETRIC_REPRESENTATION_CONTEXT(2) 
PARAMETRIC_REPRESENTATION_CONTEXT() REPRESENTATION_CONTEXT('2D SPACE',''
  ) );
#7715 = PCURVE('',#7716,#7731);
#7716 = ( BOUNDED_SURFACE() B_SPLINE_SURFACE(2,1,(
    (#7717,#7718)
    ,(#7719,#7720)
    ,(#7721,#7722)
    ,(#7723,#7724)
    ,(#7725,#7726)
    ,(#7727,#7728)
    ,(#7729,#7730
)),.UNSPECIFIED.,.T.,.F.,.F.) B_SPLINE_SURFACE_WITH_KNOTS((1,2,2,2,2,1),
  (2,2),(-2.094395102393,0.,2.094395102393,4.188790204786,6.28318530718,
    8.377580409573),(-0.314960629921,-0.11811023622),.UNSPECIFIED.) 
GEOMETRIC_REPRESENTATION_ITEM() RATIONAL_B_SPLINE_SURFACE((
    (1.,1.)
    ,(0.5,0.5)
    ,(1.,1.)
    ,(0.5,0.5)
    ,(1.,1.)
    ,(0.5,0.5)
,(1.,1.))) REPRESENTATION_ITEM('') SURFACE() );
#7717 = CARTESIAN_POINT('',(-201.034,-103.358,142.558));
#7718 = CARTESIAN_POINT('',(-196.034,-103.358,142.558));
#7719 = CARTESIAN_POINT('',(-201.034,-99.89389838486,142.558));
#7720 = CARTESIAN_POINT('',(-196.034,-99.89389838486,142.558));
#7721 = CARTESIAN_POINT('',(-201.034,-101.6259491924,139.558));
#7722 = CARTESIAN_POINT('',(-196.034,-101.6259491924,139.558));
#7723 = CARTESIAN_POINT('',(-201.034,-103.358,136.558));
#7724 = CARTESIAN_POINT('',(-196.034,-103.358,136.558));
#7725 = CARTESIAN_POINT('',(-201.034,-105.0900508075,139.558));
#7726 = CARTESIAN_POINT('',(-196.034,-105.0900508075,139.558));
#7727 = CARTESIAN_POINT('',(-201.034,-106.8221016151,142.558));
#7728 = CARTESIAN_POINT('',(-196.034,-106.8221016151,142.558));
#7729 = CARTESIAN_POINT('',(-201.034,-103.358,142.558));
#7730 = CARTESIAN_POINT('',(-196.034,-103.358,142.558));
#7731 = DEFINITIONAL_REPRESENTATION('',(#7732),#7740);
#7732 = B_SPLINE_CURVE_WITH_KNOTS('',2,(#7733,#7734,#7735,#7736,#7737,
    #7738,#7739),.UNSPECIFIED.,.F.,.F.,(3,2,2,3),(0.,2.094395102393,
    4.188790204786,6.28318530718),.PIECEWISE_BEZIER_KNOTS.);
#7733 = CARTESIAN_POINT('',(0.,-0.314960629921));
#7734 = CARTESIAN_POINT('',(1.047197551197,-0.314960629921));
#7735 = CARTESIAN_POINT('',(2.094395102393,-0.314960629921));
#7736 = CARTESIAN_POINT('',(3.14159265359,-0.314960629921));
#7737 = CARTESIAN_POINT('',(4.188790204786,-0.314960629921));
#7738 = CARTESIAN_POINT('',(5.235987755983,-0.314960629921));
#7739 = CARTESIAN_POINT('',(6.28318530718,-0.314960629921));
#7740 = ( GEOMETRIC_REPRESENTATION_CONTEXT(2) 
PARAMETRIC_REPRESENTATION_CONTEXT() REPRESENTATION_CONTEXT('2D SPACE',''
  ) );
#7741 = ADVANCED_FACE('',(#7742),#7631,.T.);
#7742 = FACE_BOUND('',#7743,.T.);
#7743 = EDGE_LOOP('',(#7744));
#7744 = ORIENTED_EDGE('',*,*,#7609,.T.);
#7745 = ADVANCED_FACE('',(#7746),#7716,.F.);
#7746 = FACE_BOUND('',#7747,.F.);
#7747 = EDGE_LOOP('',(#7748,#7788,#7808,#7809));
#7748 = ORIENTED_EDGE('',*,*,#7749,.F.);
#7749 = EDGE_CURVE('',#7750,#7750,#7752,.T.);
#7750 = VERTEX_POINT('',#7751);
#7751 = CARTESIAN_POINT('',(-196.034,-103.358,142.558));
#7752 = SURFACE_CURVE('',#7753,(#7761,#7772),.PCURVE_S1.);
#7753 = ( BOUNDED_CURVE() B_SPLINE_CURVE(2,(#7754,#7755,#7756,#7757,
#7758,#7759,#7760),.UNSPECIFIED.,.T.,.F.) B_SPLINE_CURVE_WITH_KNOTS((1,2
    ,2,2,2,1),(-2.094395102393,0.,2.094395102393,4.188790204786,
6.28318530718,8.377580409573),.UNSPECIFIED.) CURVE() 
GEOMETRIC_REPRESENTATION_ITEM() RATIONAL_B_SPLINE_CURVE((1.,0.5,1.,0.5,
1.,0.5,1.)) REPRESENTATION_ITEM('') );
#7754 = CARTESIAN_POINT('',(-196.034,-103.358,142.558));
#7755 = CARTESIAN_POINT('',(-196.034,-99.89389838486,142.558));
#7756 = CARTESIAN_POINT('',(-196.034,-101.6259491924,139.558));
#7757 = CARTESIAN_POINT('',(-196.034,-103.358,136.558));
#7758 = CARTESIAN_POINT('',(-196.034,-105.0900508075,139.558));
#7759 = CARTESIAN_POINT('',(-196.034,-106.8221016151,142.558));
#7760 = CARTESIAN_POINT('',(-196.034,-103.358,142.558));
#7761 = PCURVE('',#7716,#7762);
#7762 = DEFINITIONAL_REPRESENTATION('',(#7763),#7771);
#7763 = B_SPLINE_CURVE_WITH_KNOTS('',2,(#7764,#7765,#7766,#7767,#7768,
    #7769,#7770),.UNSPECIFIED.,.F.,.F.,(3,2,2,3),(0.,2.094395102393,
    4.188790204786,6.28318530718),.PIECEWISE_BEZIER_KNOTS.);
#7764 = CARTESIAN_POINT('',(0.,-0.11811023622));
#7765 = CARTESIAN_POINT('',(1.047197551197,-0.11811023622));
#7766 = CARTESIAN_POINT('',(2.094395102393,-0.11811023622));
#7767 = CARTESIAN_POINT('',(3.14159265359,-0.11811023622));
#7768 = CARTESIAN_POINT('',(4.188790204786,-0.11811023622));
#7769 = CARTESIAN_POINT('',(5.235987755983,-0.11811023622));
#7770 = CARTESIAN_POINT('',(6.28318530718,-0.11811023622));
#7771 = ( GEOMETRIC_REPRESENTATION_CONTEXT(2) 
PARAMETRIC_REPRESENTATION_CONTEXT() REPRESENTATION_CONTEXT('2D SPACE',''
  ) );
#7772 = PCURVE('',#7773,#7778);
#7773 = B_SPLINE_SURFACE_WITH_KNOTS('',1,1,(
    (#7774,#7775)
    ,(#7776,#7777
    )),.UNSPECIFIED.,.F.,.F.,.F.,(2,2),(2,2),(0.,0.275590551181),(0.,
    0.318897637795),.PIECEWISE_BEZIER_KNOTS.);
#7774 = CARTESIAN_POINT('',(-196.034,-106.858,136.508));
#7775 = CARTESIAN_POINT('',(-196.034,-106.858,144.608));
#7776 = CARTESIAN_POINT('',(-196.034,-99.858,136.508));
#7777 = CARTESIAN_POINT('',(-196.034,-99.858,144.608));
#7778 = DEFINITIONAL_REPRESENTATION('',(#7779),#7787);
#7779 = ( BOUNDED_CURVE() B_SPLINE_CURVE(2,(#7780,#7781,#7782,#7783,
#7784,#7785,#7786),.UNSPECIFIED.,.T.,.F.) B_SPLINE_CURVE_WITH_KNOTS((1,2
    ,2,2,2,1),(-2.094395102393,0.,2.094395102393,4.188790204786,
6.28318530718,8.377580409573),.UNSPECIFIED.) CURVE() 
GEOMETRIC_REPRESENTATION_ITEM() RATIONAL_B_SPLINE_CURVE((1.,0.5,1.,0.5,
1.,0.5,1.)) REPRESENTATION_ITEM('') );
#7780 = CARTESIAN_POINT('',(0.137795275591,0.238188976378));
#7781 = CARTESIAN_POINT('',(0.274177228942,0.238188976378));
#7782 = CARTESIAN_POINT('',(0.205986252266,0.120078740157));
#7783 = CARTESIAN_POINT('',(0.137795275591,1.968503937008E-03));
#7784 = CARTESIAN_POINT('',(6.960429891461E-02,0.120078740157));
#7785 = CARTESIAN_POINT('',(1.413322238671E-03,0.238188976378));
#7786 = CARTESIAN_POINT('',(0.137795275591,0.238188976378));
#7787 = ( GEOMETRIC_REPRESENTATION_CONTEXT(2) 
PARAMETRIC_REPRESENTATION_CONTEXT() REPRESENTATION_CONTEXT('2D SPACE',''
  ) );
#7788 = ORIENTED_EDGE('',*,*,#7789,.T.);
#7789 = EDGE_CURVE('',#7750,#7693,#7790,.T.);
#7790 = SEAM_CURVE('',#7791,(#7794,#7801),.PCURVE_S1.);
#7791 = B_SPLINE_CURVE_WITH_KNOTS('',1,(#7792,#7793),.UNSPECIFIED.,.F.,
  .F.,(2,2),(0.11811023622,0.314960629921),.PIECEWISE_BEZIER_KNOTS.);
#7792 = CARTESIAN_POINT('',(-196.034,-103.358,142.558));
#7793 = CARTESIAN_POINT('',(-201.034,-103.358,142.558));
#7794 = PCURVE('',#7716,#7795);
#7795 = DEFINITIONAL_REPRESENTATION('',(#7796),#7800);
#7796 = B_SPLINE_CURVE_WITH_KNOTS('',2,(#7797,#7798,#7799),
  .UNSPECIFIED.,.F.,.F.,(3,3),(0.11811023622,0.314960629921),
  .PIECEWISE_BEZIER_KNOTS.);
#7797 = CARTESIAN_POINT('',(6.28318530718,-0.11811023622));
#7798 = CARTESIAN_POINT('',(6.28318530718,-0.216535433071));
#7799 = CARTESIAN_POINT('',(6.28318530718,-0.314960629921));
#7800 = ( GEOMETRIC_REPRESENTATION_CONTEXT(2) 
PARAMETRIC_REPRESENTATION_CONTEXT() REPRESENTATION_CONTEXT('2D SPACE',''
  ) );
#7801 = PCURVE('',#7716,#7802);
#7802 = DEFINITIONAL_REPRESENTATION('',(#7803),#7807);
#7803 = B_SPLINE_CURVE_WITH_KNOTS('',2,(#7804,#7805,#7806),
  .UNSPECIFIED.,.F.,.F.,(3,3),(0.11811023622,0.314960629921),
  .PIECEWISE_BEZIER_KNOTS.);
#7804 = CARTESIAN_POINT('',(0.,-0.11811023622));
#7805 = CARTESIAN_POINT('',(8.881784197001E-16,-0.216535433071));
#7806 = CARTESIAN_POINT('',(0.,-0.314960629921));
#7807 = ( GEOMETRIC_REPRESENTATION_CONTEXT(2) 
PARAMETRIC_REPRESENTATION_CONTEXT() REPRESENTATION_CONTEXT('2D SPACE',''
  ) );
#7808 = ORIENTED_EDGE('',*,*,#7692,.T.);
#7809 = ORIENTED_EDGE('',*,*,#7789,.F.);
#7810 = ADVANCED_FACE('',(#7811,#7913),#7773,.F.);
#7811 = FACE_BOUND('',#7812,.F.);
#7812 = EDGE_LOOP('',(#7813,#7840,#7865,#7890));
#7813 = ORIENTED_EDGE('',*,*,#7814,.F.);
#7814 = EDGE_CURVE('',#7815,#7817,#7819,.T.);
#7815 = VERTEX_POINT('',#7816);
#7816 = CARTESIAN_POINT('',(-196.034,-106.858,136.508));
#7817 = VERTEX_POINT('',#7818);
#7818 = CARTESIAN_POINT('',(-196.034,-106.858,144.608));
#7819 = SURFACE_CURVE('',#7820,(#7823,#7829),.PCURVE_S1.);
#7820 = B_SPLINE_CURVE_WITH_KNOTS('',1,(#7821,#7822),.UNSPECIFIED.,.F.,
  .F.,(2,2),(0.,0.318897637795),.PIECEWISE_BEZIER_KNOTS.);
#7821 = CARTESIAN_POINT('',(-196.034,-106.858,136.508));
#7822 = CARTESIAN_POINT('',(-196.034,-106.858,144.608));
#7823 = PCURVE('',#7773,#7824);
#7824 = DEFINITIONAL_REPRESENTATION('',(#7825),#7828);
#7825 = B_SPLINE_CURVE_WITH_KNOTS('',1,(#7826,#7827),.UNSPECIFIED.,.F.,
  .F.,(2,2),(0.,0.318897637795),.PIECEWISE_BEZIER_KNOTS.);
#7826 = CARTESIAN_POINT('',(0.,0.));
#7827 = CARTESIAN_POINT('',(0.,0.318897637795));
#7828 = ( GEOMETRIC_REPRESENTATION_CONTEXT(2) 
PARAMETRIC_REPRESENTATION_CONTEXT() REPRESENTATION_CONTEXT('2D SPACE',''
  ) );
#7829 = PCURVE('',#7830,#7835);
#7830 = B_SPLINE_SURFACE_WITH_KNOTS('',1,1,(
    (#7831,#7832)
    ,(#7833,#7834
    )),.UNSPECIFIED.,.F.,.F.,.F.,(2,2),(2,2),(0.,0.318897637795),(0.,
    0.185039370079),.PIECEWISE_BEZIER_KNOTS.);
#7831 = CARTESIAN_POINT('',(-191.334,-106.858,136.508));
#7832 = CARTESIAN_POINT('',(-196.034,-106.858,136.508));
#7833 = CARTESIAN_POINT('',(-191.334,-106.858,144.608));
#7834 = CARTESIAN_POINT('',(-196.034,-106.858,144.608));
#7835 = DEFINITIONAL_REPRESENTATION('',(#7836),#7839);
#7836 = B_SPLINE_CURVE_WITH_KNOTS('',1,(#7837,#7838),.UNSPECIFIED.,.F.,
  .F.,(2,2),(0.,0.318897637795),.PIECEWISE_BEZIER_KNOTS.);
#7837 = CARTESIAN_POINT('',(0.,0.185039370079));
#7838 = CARTESIAN_POINT('',(0.318897637795,0.185039370079));
#7839 = ( GEOMETRIC_REPRESENTATION_CONTEXT(2) 
PARAMETRIC_REPRESENTATION_CONTEXT() REPRESENTATION_CONTEXT('2D SPACE',''
  ) );
#7840 = ORIENTED_EDGE('',*,*,#7841,.T.);
#7841 = EDGE_CURVE('',#7815,#7842,#7844,.T.);
#7842 = VERTEX_POINT('',#7843);
#7843 = CARTESIAN_POINT('',(-196.034,-99.858,136.508));
#7844 = SURFACE_CURVE('',#7845,(#7848,#7854),.PCURVE_S1.);
#7845 = B_SPLINE_CURVE_WITH_KNOTS('',1,(#7846,#7847),.UNSPECIFIED.,.F.,
  .F.,(2,2),(0.,0.275590551181),.PIECEWISE_BEZIER_KNOTS.);
#7846 = CARTESIAN_POINT('',(-196.034,-106.858,136.508));
#7847 = CARTESIAN_POINT('',(-196.034,-99.858,136.508));
#7848 = PCURVE('',#7773,#7849);
#7849 = DEFINITIONAL_REPRESENTATION('',(#7850),#7853);
#7850 = B_SPLINE_CURVE_WITH_KNOTS('',1,(#7851,#7852),.UNSPECIFIED.,.F.,
  .F.,(2,2),(0.,0.275590551181),.PIECEWISE_BEZIER_KNOTS.);
#7851 = CARTESIAN_POINT('',(0.,0.));
#7852 = CARTESIAN_POINT('',(0.275590551181,0.));
#7853 = ( GEOMETRIC_REPRESENTATION_CONTEXT(2) 
PARAMETRIC_REPRESENTATION_CONTEXT() REPRESENTATION_CONTEXT('2D SPACE',''
  ) );
#7854 = PCURVE('',#7855,#7860);
#7855 = B_SPLINE_SURFACE_WITH_KNOTS('',1,1,(
    (#7856,#7857)
    ,(#7858,#7859
    )),.UNSPECIFIED.,.F.,.F.,.F.,(2,2),(2,2),(0.,0.275590551181),(
    -0.185039370079,0.),.PIECEWISE_BEZIER_KNOTS.);
#7856 = CARTESIAN_POINT('',(-196.034,-106.858,136.508));
#7857 = CARTESIAN_POINT('',(-191.334,-106.858,136.508));
#7858 = CARTESIAN_POINT('',(-196.034,-99.858,136.508));
#7859 = CARTESIAN_POINT('',(-191.334,-99.858,136.508));
#7860 = DEFINITIONAL_REPRESENTATION('',(#7861),#7864);
#7861 = B_SPLINE_CURVE_WITH_KNOTS('',1,(#7862,#7863),.UNSPECIFIED.,.F.,
  .F.,(2,2),(0.,0.275590551181),.PIECEWISE_BEZIER_KNOTS.);
#7862 = CARTESIAN_POINT('',(0.,-0.185039370079));
#7863 = CARTESIAN_POINT('',(0.275590551181,-0.185039370079));
#7864 = ( GEOMETRIC_REPRESENTATION_CONTEXT(2) 
PARAMETRIC_REPRESENTATION_CONTEXT() REPRESENTATION_CONTEXT('2D SPACE',''
  ) );
#7865 = ORIENTED_EDGE('',*,*,#7866,.T.);
#7866 = EDGE_CURVE('',#7842,#7867,#7869,.T.);
#7867 = VERTEX_POINT('',#7868);
#7868 = CARTESIAN_POINT('',(-196.034,-99.858,144.608));
#7869 = SURFACE_CURVE('',#7870,(#7873,#7879),.PCURVE_S1.);
#7870 = B_SPLINE_CURVE_WITH_KNOTS('',1,(#7871,#7872),.UNSPECIFIED.,.F.,
  .F.,(2,2),(0.,0.318897637795),.PIECEWISE_BEZIER_KNOTS.);
#7871 = CARTESIAN_POINT('',(-196.034,-99.858,136.508));
#7872 = CARTESIAN_POINT('',(-196.034,-99.858,144.608));
#7873 = PCURVE('',#7773,#7874);
#7874 = DEFINITIONAL_REPRESENTATION('',(#7875),#7878);
#7875 = B_SPLINE_CURVE_WITH_KNOTS('',1,(#7876,#7877),.UNSPECIFIED.,.F.,
  .F.,(2,2),(0.,0.318897637795),.PIECEWISE_BEZIER_KNOTS.);
#7876 = CARTESIAN_POINT('',(0.275590551181,0.));
#7877 = CARTESIAN_POINT('',(0.275590551181,0.318897637795));
#7878 = ( GEOMETRIC_REPRESENTATION_CONTEXT(2) 
PARAMETRIC_REPRESENTATION_CONTEXT() REPRESENTATION_CONTEXT('2D SPACE',''
  ) );
#7879 = PCURVE('',#7880,#7885);
#7880 = B_SPLINE_SURFACE_WITH_KNOTS('',1,1,(
    (#7881,#7882)
    ,(#7883,#7884
    )),.UNSPECIFIED.,.F.,.F.,.F.,(2,2),(2,2),(0.,0.318897637795),(0.,
    0.185039370079),.PIECEWISE_BEZIER_KNOTS.);
#7881 = CARTESIAN_POINT('',(-191.334,-99.858,136.508));
#7882 = CARTESIAN_POINT('',(-196.034,-99.858,136.508));
#7883 = CARTESIAN_POINT('',(-191.334,-99.858,144.608));
#7884 = CARTESIAN_POINT('',(-196.034,-99.858,144.608));
#7885 = DEFINITIONAL_REPRESENTATION('',(#7886),#7889);
#7886 = B_SPLINE_CURVE_WITH_KNOTS('',1,(#7887,#7888),.UNSPECIFIED.,.F.,
  .F.,(2,2),(0.,0.318897637795),.PIECEWISE_BEZIER_KNOTS.);
#7887 = CARTESIAN_POINT('',(0.,0.185039370079));
#7888 = CARTESIAN_POINT('',(0.318897637795,0.185039370079));
#7889 = ( GEOMETRIC_REPRESENTATION_CONTEXT(2) 
PARAMETRIC_REPRESENTATION_CONTEXT() REPRESENTATION_CONTEXT('2D SPACE',''
  ) );
#7890 = ORIENTED_EDGE('',*,*,#7891,.F.);
#7891 = EDGE_CURVE('',#7817,#7867,#7892,.T.);
#7892 = SURFACE_CURVE('',#7893,(#7896,#7902),.PCURVE_S1.);
#7893 = B_SPLINE_CURVE_WITH_KNOTS('',1,(#7894,#7895),.UNSPECIFIED.,.F.,
  .F.,(2,2),(0.,0.275590551181),.PIECEWISE_BEZIER_KNOTS.);
#7894 = CARTESIAN_POINT('',(-196.034,-106.858,144.608));
#7895 = CARTESIAN_POINT('',(-196.034,-99.858,144.608));
#7896 = PCURVE('',#7773,#7897);
#7897 = DEFINITIONAL_REPRESENTATION('',(#7898),#7901);
#7898 = B_SPLINE_CURVE_WITH_KNOTS('',1,(#7899,#7900),.UNSPECIFIED.,.F.,
  .F.,(2,2),(0.,0.275590551181),.PIECEWISE_BEZIER_KNOTS.);
#7899 = CARTESIAN_POINT('',(0.,0.318897637795));
#7900 = CARTESIAN_POINT('',(0.275590551181,0.318897637795));
#7901 = ( GEOMETRIC_REPRESENTATION_CONTEXT(2) 
PARAMETRIC_REPRESENTATION_CONTEXT() REPRESENTATION_CONTEXT('2D SPACE',''
  ) );
#7902 = PCURVE('',#7903,#7908);
#7903 = B_SPLINE_SURFACE_WITH_KNOTS('',1,1,(
    (#7904,#7905)
    ,(#7906,#7907
    )),.UNSPECIFIED.,.F.,.F.,.F.,(2,2),(2,2),(0.,0.275590551181),(
    -0.185039370079,0.),.PIECEWISE_BEZIER_KNOTS.);
#7904 = CARTESIAN_POINT('',(-196.034,-106.858,144.608));
#7905 = CARTESIAN_POINT('',(-191.334,-106.858,144.608));
#7906 = CARTESIAN_POINT('',(-196.034,-99.858,144.608));
#7907 = CARTESIAN_POINT('',(-191.334,-99.858,144.608));
#7908 = DEFINITIONAL_REPRESENTATION('',(#7909),#7912);
#7909 = B_SPLINE_CURVE_WITH_KNOTS('',1,(#7910,#7911),.UNSPECIFIED.,.F.,
  .F.,(2,2),(0.,0.275590551181),.PIECEWISE_BEZIER_KNOTS.);
#7910 = CARTESIAN_POINT('',(0.,-0.185039370079));
#7911 = CARTESIAN_POINT('',(0.275590551181,-0.185039370079));
#7912 = ( GEOMETRIC_REPRESENTATION_CONTEXT(2) 
PARAMETRIC_REPRESENTATION_CONTEXT() REPRESENTATION_CONTEXT('2D SPACE',''
  ) );
#7913 = FACE_BOUND('',#7914,.F.);
#7914 = EDGE_LOOP('',(#7915));
#7915 = ORIENTED_EDGE('',*,*,#7749,.T.);
#7916 = ADVANCED_FACE('',(#7917),#7830,.T.);
#7917 = FACE_BOUND('',#7918,.T.);
#7918 = EDGE_LOOP('',(#7919,#7939,#7964,#7982));
#7919 = ORIENTED_EDGE('',*,*,#7920,.F.);
#7920 = EDGE_CURVE('',#7921,#7815,#7923,.T.);
#7921 = VERTEX_POINT('',#7922);
#7922 = CARTESIAN_POINT('',(-191.334,-106.858,136.508));
#7923 = SURFACE_CURVE('',#7924,(#7927,#7933),.PCURVE_S1.);
#7924 = B_SPLINE_CURVE_WITH_KNOTS('',1,(#7925,#7926),.UNSPECIFIED.,.F.,
  .F.,(2,2),(0.,0.185039370079),.PIECEWISE_BEZIER_KNOTS.);
#7925 = CARTESIAN_POINT('',(-191.334,-106.858,136.508));
#7926 = CARTESIAN_POINT('',(-196.034,-106.858,136.508));
#7927 = PCURVE('',#7830,#7928);
#7928 = DEFINITIONAL_REPRESENTATION('',(#7929),#7932);
#7929 = B_SPLINE_CURVE_WITH_KNOTS('',1,(#7930,#7931),.UNSPECIFIED.,.F.,
  .F.,(2,2),(0.,0.185039370079),.PIECEWISE_BEZIER_KNOTS.);
#7930 = CARTESIAN_POINT('',(0.,0.));
#7931 = CARTESIAN_POINT('',(0.,0.185039370079));
#7932 = ( GEOMETRIC_REPRESENTATION_CONTEXT(2) 
PARAMETRIC_REPRESENTATION_CONTEXT() REPRESENTATION_CONTEXT('2D SPACE',''
  ) );
#7933 = PCURVE('',#7855,#7934);
#7934 = DEFINITIONAL_REPRESENTATION('',(#7935),#7938);
#7935 = B_SPLINE_CURVE_WITH_KNOTS('',1,(#7936,#7937),.UNSPECIFIED.,.F.,
  .F.,(2,2),(0.,0.185039370079),.PIECEWISE_BEZIER_KNOTS.);
#7936 = CARTESIAN_POINT('',(0.,0.));
#7937 = CARTESIAN_POINT('',(0.,-0.185039370079));
#7938 = ( GEOMETRIC_REPRESENTATION_CONTEXT(2) 
PARAMETRIC_REPRESENTATION_CONTEXT() REPRESENTATION_CONTEXT('2D SPACE',''
  ) );
#7939 = ORIENTED_EDGE('',*,*,#7940,.T.);
#7940 = EDGE_CURVE('',#7921,#7941,#7943,.T.);
#7941 = VERTEX_POINT('',#7942);
#7942 = CARTESIAN_POINT('',(-191.334,-106.858,144.608));
#7943 = SURFACE_CURVE('',#7944,(#7947,#7953),.PCURVE_S1.);
#7944 = B_SPLINE_CURVE_WITH_KNOTS('',1,(#7945,#7946),.UNSPECIFIED.,.F.,
  .F.,(2,2),(0.,0.318897637795),.PIECEWISE_BEZIER_KNOTS.);
#7945 = CARTESIAN_POINT('',(-191.334,-106.858,136.508));
#7946 = CARTESIAN_POINT('',(-191.334,-106.858,144.608));
#7947 = PCURVE('',#7830,#7948);
#7948 = DEFINITIONAL_REPRESENTATION('',(#7949),#7952);
#7949 = B_SPLINE_CURVE_WITH_KNOTS('',1,(#7950,#7951),.UNSPECIFIED.,.F.,
  .F.,(2,2),(0.,0.318897637795),.PIECEWISE_BEZIER_KNOTS.);
#7950 = CARTESIAN_POINT('',(0.,0.));
#7951 = CARTESIAN_POINT('',(0.318897637795,0.));
#7952 = ( GEOMETRIC_REPRESENTATION_CONTEXT(2) 
PARAMETRIC_REPRESENTATION_CONTEXT() REPRESENTATION_CONTEXT('2D SPACE',''
  ) );
#7953 = PCURVE('',#7954,#7959);
#7954 = B_SPLINE_SURFACE_WITH_KNOTS('',1,1,(
    (#7955,#7956)
    ,(#7957,#7958
    )),.UNSPECIFIED.,.F.,.F.,.F.,(2,2),(2,2),(0.,0.275590551181),(0.,
    0.318897637795),.PIECEWISE_BEZIER_KNOTS.);
#7955 = CARTESIAN_POINT('',(-191.334,-106.858,136.508));
#7956 = CARTESIAN_POINT('',(-191.334,-106.858,144.608));
#7957 = CARTESIAN_POINT('',(-191.334,-99.858,136.508));
#7958 = CARTESIAN_POINT('',(-191.334,-99.858,144.608));
#7959 = DEFINITIONAL_REPRESENTATION('',(#7960),#7963);
#7960 = B_SPLINE_CURVE_WITH_KNOTS('',1,(#7961,#7962),.UNSPECIFIED.,.F.,
  .F.,(2,2),(0.,0.318897637795),.PIECEWISE_BEZIER_KNOTS.);
#7961 = CARTESIAN_POINT('',(0.,0.));
#7962 = CARTESIAN_POINT('',(0.,0.318897637795));
#7963 = ( GEOMETRIC_REPRESENTATION_CONTEXT(2) 
PARAMETRIC_REPRESENTATION_CONTEXT() REPRESENTATION_CONTEXT('2D SPACE',''
  ) );
#7964 = ORIENTED_EDGE('',*,*,#7965,.T.);
#7965 = EDGE_CURVE('',#7941,#7817,#7966,.T.);
#7966 = SURFACE_CURVE('',#7967,(#7970,#7976),.PCURVE_S1.);
#7967 = B_SPLINE_CURVE_WITH_KNOTS('',1,(#7968,#7969),.UNSPECIFIED.,.F.,
  .F.,(2,2),(0.,0.185039370079),.PIECEWISE_BEZIER_KNOTS.);
#7968 = CARTESIAN_POINT('',(-191.334,-106.858,144.608));
#7969 = CARTESIAN_POINT('',(-196.034,-106.858,144.608));
#7970 = PCURVE('',#7830,#7971);
#7971 = DEFINITIONAL_REPRESENTATION('',(#7972),#7975);
#7972 = B_SPLINE_CURVE_WITH_KNOTS('',1,(#7973,#7974),.UNSPECIFIED.,.F.,
  .F.,(2,2),(0.,0.185039370079),.PIECEWISE_BEZIER_KNOTS.);
#7973 = CARTESIAN_POINT('',(0.318897637795,0.));
#7974 = CARTESIAN_POINT('',(0.318897637795,0.185039370079));
#7975 = ( GEOMETRIC_REPRESENTATION_CONTEXT(2) 
PARAMETRIC_REPRESENTATION_CONTEXT() REPRESENTATION_CONTEXT('2D SPACE',''
  ) );
#7976 = PCURVE('',#7903,#7977);
#7977 = DEFINITIONAL_REPRESENTATION('',(#7978),#7981);
#7978 = B_SPLINE_CURVE_WITH_KNOTS('',1,(#7979,#7980),.UNSPECIFIED.,.F.,
  .F.,(2,2),(0.,0.185039370079),.PIECEWISE_BEZIER_KNOTS.);
#7979 = CARTESIAN_POINT('',(0.,0.));
#7980 = CARTESIAN_POINT('',(0.,-0.185039370079));
#7981 = ( GEOMETRIC_REPRESENTATION_CONTEXT(2) 
PARAMETRIC_REPRESENTATION_CONTEXT() REPRESENTATION_CONTEXT('2D SPACE',''
  ) );
#7982 = ORIENTED_EDGE('',*,*,#7814,.F.);
#7983 = ADVANCED_FACE('',(#7984),#7903,.F.);
#7984 = FACE_BOUND('',#7985,.F.);
#7985 = EDGE_LOOP('',(#7986,#8006,#8007,#8008));
#7986 = ORIENTED_EDGE('',*,*,#7987,.F.);
#7987 = EDGE_CURVE('',#7941,#7988,#7990,.T.);
#7988 = VERTEX_POINT('',#7989);
#7989 = CARTESIAN_POINT('',(-191.334,-99.858,144.608));
#7990 = SURFACE_CURVE('',#7991,(#7994,#8000),.PCURVE_S1.);
#7991 = B_SPLINE_CURVE_WITH_KNOTS('',1,(#7992,#7993),.UNSPECIFIED.,.F.,
  .F.,(2,2),(0.,0.275590551181),.PIECEWISE_BEZIER_KNOTS.);
#7992 = CARTESIAN_POINT('',(-191.334,-106.858,144.608));
#7993 = CARTESIAN_POINT('',(-191.334,-99.858,144.608));
#7994 = PCURVE('',#7903,#7995);
#7995 = DEFINITIONAL_REPRESENTATION('',(#7996),#7999);
#7996 = B_SPLINE_CURVE_WITH_KNOTS('',1,(#7997,#7998),.UNSPECIFIED.,.F.,
  .F.,(2,2),(0.,0.275590551181),.PIECEWISE_BEZIER_KNOTS.);
#7997 = CARTESIAN_POINT('',(0.,0.));
#7998 = CARTESIAN_POINT('',(0.275590551181,0.));
#7999 = ( GEOMETRIC_REPRESENTATION_CONTEXT(2) 
PARAMETRIC_REPRESENTATION_CONTEXT() REPRESENTATION_CONTEXT('2D SPACE',''
  ) );
#8000 = PCURVE('',#7954,#8001);
#8001 = DEFINITIONAL_REPRESENTATION('',(#8002),#8005);
#8002 = B_SPLINE_CURVE_WITH_KNOTS('',1,(#8003,#8004),.UNSPECIFIED.,.F.,
  .F.,(2,2),(0.,0.275590551181),.PIECEWISE_BEZIER_KNOTS.);
#8003 = CARTESIAN_POINT('',(0.,0.318897637795));
#8004 = CARTESIAN_POINT('',(0.275590551181,0.318897637795));
#8005 = ( GEOMETRIC_REPRESENTATION_CONTEXT(2) 
PARAMETRIC_REPRESENTATION_CONTEXT() REPRESENTATION_CONTEXT('2D SPACE',''
  ) );
#8006 = ORIENTED_EDGE('',*,*,#7965,.T.);
#8007 = ORIENTED_EDGE('',*,*,#7891,.T.);
#8008 = ORIENTED_EDGE('',*,*,#8009,.F.);
#8009 = EDGE_CURVE('',#7988,#7867,#8010,.T.);
#8010 = SURFACE_CURVE('',#8011,(#8014,#8020),.PCURVE_S1.);
#8011 = B_SPLINE_CURVE_WITH_KNOTS('',1,(#8012,#8013),.UNSPECIFIED.,.F.,
  .F.,(2,2),(0.,0.185039370079),.PIECEWISE_BEZIER_KNOTS.);
#8012 = CARTESIAN_POINT('',(-191.334,-99.858,144.608));
#8013 = CARTESIAN_POINT('',(-196.034,-99.858,144.608));
#8014 = PCURVE('',#7903,#8015);
#8015 = DEFINITIONAL_REPRESENTATION('',(#8016),#8019);
#8016 = B_SPLINE_CURVE_WITH_KNOTS('',1,(#8017,#8018),.UNSPECIFIED.,.F.,
  .F.,(2,2),(0.,0.185039370079),.PIECEWISE_BEZIER_KNOTS.);
#8017 = CARTESIAN_POINT('',(0.275590551181,0.));
#8018 = CARTESIAN_POINT('',(0.275590551181,-0.185039370079));
#8019 = ( GEOMETRIC_REPRESENTATION_CONTEXT(2) 
PARAMETRIC_REPRESENTATION_CONTEXT() REPRESENTATION_CONTEXT('2D SPACE',''
  ) );
#8020 = PCURVE('',#7880,#8021);
#8021 = DEFINITIONAL_REPRESENTATION('',(#8022),#8025);
#8022 = B_SPLINE_CURVE_WITH_KNOTS('',1,(#8023,#8024),.UNSPECIFIED.,.F.,
  .F.,(2,2),(0.,0.185039370079),.PIECEWISE_BEZIER_KNOTS.);
#8023 = CARTESIAN_POINT('',(0.318897637795,0.));
#8024 = CARTESIAN_POINT('',(0.318897637795,0.185039370079));
#8025 = ( GEOMETRIC_REPRESENTATION_CONTEXT(2) 
PARAMETRIC_REPRESENTATION_CONTEXT() REPRESENTATION_CONTEXT('2D SPACE',''
  ) );
#8026 = ADVANCED_FACE('',(#8027),#7855,.T.);
#8027 = FACE_BOUND('',#8028,.T.);
#8028 = EDGE_LOOP('',(#8029,#8049,#8050,#8051));
#8029 = ORIENTED_EDGE('',*,*,#8030,.F.);
#8030 = EDGE_CURVE('',#7921,#8031,#8033,.T.);
#8031 = VERTEX_POINT('',#8032);
#8032 = CARTESIAN_POINT('',(-191.334,-99.858,136.508));
#8033 = SURFACE_CURVE('',#8034,(#8037,#8043),.PCURVE_S1.);
#8034 = B_SPLINE_CURVE_WITH_KNOTS('',1,(#8035,#8036),.UNSPECIFIED.,.F.,
  .F.,(2,2),(0.,0.275590551181),.PIECEWISE_BEZIER_KNOTS.);
#8035 = CARTESIAN_POINT('',(-191.334,-106.858,136.508));
#8036 = CARTESIAN_POINT('',(-191.334,-99.858,136.508));
#8037 = PCURVE('',#7855,#8038);
#8038 = DEFINITIONAL_REPRESENTATION('',(#8039),#8042);
#8039 = B_SPLINE_CURVE_WITH_KNOTS('',1,(#8040,#8041),.UNSPECIFIED.,.F.,
  .F.,(2,2),(0.,0.275590551181),.PIECEWISE_BEZIER_KNOTS.);
#8040 = CARTESIAN_POINT('',(0.,0.));
#8041 = CARTESIAN_POINT('',(0.275590551181,0.));
#8042 = ( GEOMETRIC_REPRESENTATION_CONTEXT(2) 
PARAMETRIC_REPRESENTATION_CONTEXT() REPRESENTATION_CONTEXT('2D SPACE',''
  ) );
#8043 = PCURVE('',#7954,#8044);
#8044 = DEFINITIONAL_REPRESENTATION('',(#8045),#8048);
#8045 = B_SPLINE_CURVE_WITH_KNOTS('',1,(#8046,#8047),.UNSPECIFIED.,.F.,
  .F.,(2,2),(0.,0.275590551181),.PIECEWISE_BEZIER_KNOTS.);
#8046 = CARTESIAN_POINT('',(0.,0.));
#8047 = CARTESIAN_POINT('',(0.275590551181,0.));
#8048 = ( GEOMETRIC_REPRESENTATION_CONTEXT(2) 
PARAMETRIC_REPRESENTATION_CONTEXT() REPRESENTATION_CONTEXT('2D SPACE',''
  ) );
#8049 = ORIENTED_EDGE('',*,*,#7920,.T.);
#8050 = ORIENTED_EDGE('',*,*,#7841,.T.);
#8051 = ORIENTED_EDGE('',*,*,#8052,.F.);
#8052 = EDGE_CURVE('',#8031,#7842,#8053,.T.);
#8053 = SURFACE_CURVE('',#8054,(#8057,#8063),.PCURVE_S1.);
#8054 = B_SPLINE_CURVE_WITH_KNOTS('',1,(#8055,#8056),.UNSPECIFIED.,.F.,
  .F.,(2,2),(0.,0.185039370079),.PIECEWISE_BEZIER_KNOTS.);
#8055 = CARTESIAN_POINT('',(-191.334,-99.858,136.508));
#8056 = CARTESIAN_POINT('',(-196.034,-99.858,136.508));
#8057 = PCURVE('',#7855,#8058);
#8058 = DEFINITIONAL_REPRESENTATION('',(#8059),#8062);
#8059 = B_SPLINE_CURVE_WITH_KNOTS('',1,(#8060,#8061),.UNSPECIFIED.,.F.,
  .F.,(2,2),(0.,0.185039370079),.PIECEWISE_BEZIER_KNOTS.);
#8060 = CARTESIAN_POINT('',(0.275590551181,0.));
#8061 = CARTESIAN_POINT('',(0.275590551181,-0.185039370079));
#8062 = ( GEOMETRIC_REPRESENTATION_CONTEXT(2) 
PARAMETRIC_REPRESENTATION_CONTEXT() REPRESENTATION_CONTEXT('2D SPACE',''
  ) );
#8063 = PCURVE('',#7880,#8064);
#8064 = DEFINITIONAL_REPRESENTATION('',(#8065),#8068);
#8065 = B_SPLINE_CURVE_WITH_KNOTS('',1,(#8066,#8067),.UNSPECIFIED.,.F.,
  .F.,(2,2),(0.,0.185039370079),.PIECEWISE_BEZIER_KNOTS.);
#8066 = CARTESIAN_POINT('',(0.,0.));
#8067 = CARTESIAN_POINT('',(0.,0.185039370079));
#8068 = ( GEOMETRIC_REPRESENTATION_CONTEXT(2) 
PARAMETRIC_REPRESENTATION_CONTEXT() REPRESENTATION_CONTEXT('2D SPACE',''
  ) );
#8069 = ADVANCED_FACE('',(#8070),#7880,.F.);
#8070 = FACE_BOUND('',#8071,.F.);
#8071 = EDGE_LOOP('',(#8072,#8073,#8091,#8092));
#8072 = ORIENTED_EDGE('',*,*,#8052,.F.);
#8073 = ORIENTED_EDGE('',*,*,#8074,.T.);
#8074 = EDGE_CURVE('',#8031,#7988,#8075,.T.);
#8075 = SURFACE_CURVE('',#8076,(#8079,#8085),.PCURVE_S1.);
#8076 = B_SPLINE_CURVE_WITH_KNOTS('',1,(#8077,#8078),.UNSPECIFIED.,.F.,
  .F.,(2,2),(0.,0.318897637795),.PIECEWISE_BEZIER_KNOTS.);
#8077 = CARTESIAN_POINT('',(-191.334,-99.858,136.508));
#8078 = CARTESIAN_POINT('',(-191.334,-99.858,144.608));
#8079 = PCURVE('',#7880,#8080);
#8080 = DEFINITIONAL_REPRESENTATION('',(#8081),#8084);
#8081 = B_SPLINE_CURVE_WITH_KNOTS('',1,(#8082,#8083),.UNSPECIFIED.,.F.,
  .F.,(2,2),(0.,0.318897637795),.PIECEWISE_BEZIER_KNOTS.);
#8082 = CARTESIAN_POINT('',(0.,0.));
#8083 = CARTESIAN_POINT('',(0.318897637795,0.));
#8084 = ( GEOMETRIC_REPRESENTATION_CONTEXT(2) 
PARAMETRIC_REPRESENTATION_CONTEXT() REPRESENTATION_CONTEXT('2D SPACE',''
  ) );
#8085 = PCURVE('',#7954,#8086);
#8086 = DEFINITIONAL_REPRESENTATION('',(#8087),#8090);
#8087 = B_SPLINE_CURVE_WITH_KNOTS('',1,(#8088,#8089),.UNSPECIFIED.,.F.,
  .F.,(2,2),(0.,0.318897637795),.PIECEWISE_BEZIER_KNOTS.);
#8088 = CARTESIAN_POINT('',(0.275590551181,0.));
#8089 = CARTESIAN_POINT('',(0.275590551181,0.318897637795));
#8090 = ( GEOMETRIC_REPRESENTATION_CONTEXT(2) 
PARAMETRIC_REPRESENTATION_CONTEXT() REPRESENTATION_CONTEXT('2D SPACE',''
  ) );
#8091 = ORIENTED_EDGE('',*,*,#8009,.T.);
#8092 = ORIENTED_EDGE('',*,*,#7866,.F.);
#8093 = ADVANCED_FACE('',(#8094),#7954,.T.);
#8094 = FACE_BOUND('',#8095,.T.);
#8095 = EDGE_LOOP('',(#8096,#8097,#8098,#8099));
#8096 = ORIENTED_EDGE('',*,*,#7940,.F.);
#8097 = ORIENTED_EDGE('',*,*,#8030,.T.);
#8098 = ORIENTED_EDGE('',*,*,#8074,.T.);
#8099 = ORIENTED_EDGE('',*,*,#7987,.F.);
#8100 = MANIFOLD_SOLID_BREP('',#8101);
#8101 = CLOSED_SHELL('',(#8102,#8221,#8277,#8281,#8346,#8452,#8519,#8562
    ,#8605,#8629));
#8102 = ADVANCED_FACE('',(#8103),#8116,.F.);
#8103 = FACE_BOUND('',#8104,.F.);
#8104 = EDGE_LOOP('',(#8105,#8144,#8182,#8183));
#8105 = ORIENTED_EDGE('',*,*,#8106,.T.);
#8106 = EDGE_CURVE('',#8107,#8109,#8111,.T.);
#8107 = VERTEX_POINT('',#8108);
#8108 = CARTESIAN_POINT('',(-201.034,-111.358,144.058));
#8109 = VERTEX_POINT('',#8110);
#8110 = CARTESIAN_POINT('',(-205.034,-111.358,144.058));
#8111 = SEAM_CURVE('',#8112,(#8115,#8137),.PCURVE_S1.);
#8112 = B_SPLINE_CURVE_WITH_KNOTS('',1,(#8113,#8114),.UNSPECIFIED.,.F.,
  .F.,(2,2),(0.,0.157480314961),.PIECEWISE_BEZIER_KNOTS.);
#8113 = CARTESIAN_POINT('',(-201.034,-111.358,144.058));
#8114 = CARTESIAN_POINT('',(-205.034,-111.358,144.058));
#8115 = PCURVE('',#8116,#8131);
#8116 = ( BOUNDED_SURFACE() B_SPLINE_SURFACE(2,1,(
    (#8117,#8118)
    ,(#8119,#8120)
    ,(#8121,#8122)
    ,(#8123,#8124)
    ,(#8125,#8126)
    ,(#8127,#8128)
    ,(#8129,#8130
)),.UNSPECIFIED.,.T.,.F.,.F.) B_SPLINE_SURFACE_WITH_KNOTS((1,2,2,2,2,1),
  (2,2),(-2.094395102393,0.,2.094395102393,4.188790204786,6.28318530718,
    8.377580409573),(-0.157480314961,0.),.UNSPECIFIED.) 
GEOMETRIC_REPRESENTATION_ITEM() RATIONAL_B_SPLINE_SURFACE((
    (1.,1.)
    ,(0.5,0.5)
    ,(1.,1.)
    ,(0.5,0.5)
    ,(1.,1.)
    ,(0.5,0.5)
,(1.,1.))) REPRESENTATION_ITEM('') SURFACE() );
#8117 = CARTESIAN_POINT('',(-205.034,-111.358,144.058));
#8118 = CARTESIAN_POINT('',(-201.034,-111.358,144.058));
#8119 = CARTESIAN_POINT('',(-205.034,-105.2958221735,144.058));
#8120 = CARTESIAN_POINT('',(-201.034,-105.2958221735,144.058));
#8121 = CARTESIAN_POINT('',(-205.034,-108.3269110867,138.808));
#8122 = CARTESIAN_POINT('',(-201.034,-108.3269110867,138.808));
#8123 = CARTESIAN_POINT('',(-205.034,-111.358,133.558));
#8124 = CARTESIAN_POINT('',(-201.034,-111.358,133.558));
#8125 = CARTESIAN_POINT('',(-205.034,-114.3890889132,138.808));
#8126 = CARTESIAN_POINT('',(-201.034,-114.3890889132,138.808));
#8127 = CARTESIAN_POINT('',(-205.034,-117.4201778264,144.058));
#8128 = CARTESIAN_POINT('',(-201.034,-117.4201778264,144.058));
#8129 = CARTESIAN_POINT('',(-205.034,-111.358,144.058));
#8130 = CARTESIAN_POINT('',(-201.034,-111.358,144.058));
#8131 = DEFINITIONAL_REPRESENTATION('',(#8132),#8136);
#8132 = B_SPLINE_CURVE_WITH_KNOTS('',2,(#8133,#8134,#8135),
  .UNSPECIFIED.,.F.,.F.,(3,3),(0.,0.157480314961),
  .PIECEWISE_BEZIER_KNOTS.);
#8133 = CARTESIAN_POINT('',(0.,0.));
#8134 = CARTESIAN_POINT('',(0.,-7.874015748031E-02));
#8135 = CARTESIAN_POINT('',(0.,-0.157480314961));
#8136 = ( GEOMETRIC_REPRESENTATION_CONTEXT(2) 
PARAMETRIC_REPRESENTATION_CONTEXT() REPRESENTATION_CONTEXT('2D SPACE',''
  ) );
#8137 = PCURVE('',#8116,#8138);
#8138 = DEFINITIONAL_REPRESENTATION('',(#8139),#8143);
#8139 = B_SPLINE_CURVE_WITH_KNOTS('',2,(#8140,#8141,#8142),
  .UNSPECIFIED.,.F.,.F.,(3,3),(0.,0.157480314961),
  .PIECEWISE_BEZIER_KNOTS.);
#8140 = CARTESIAN_POINT('',(6.28318530718,0.));
#8141 = CARTESIAN_POINT('',(6.28318530718,-7.874015748031E-02));
#8142 = CARTESIAN_POINT('',(6.28318530718,-0.157480314961));
#8143 = ( GEOMETRIC_REPRESENTATION_CONTEXT(2) 
PARAMETRIC_REPRESENTATION_CONTEXT() REPRESENTATION_CONTEXT('2D SPACE',''
  ) );
#8144 = ORIENTED_EDGE('',*,*,#8145,.T.);
#8145 = EDGE_CURVE('',#8109,#8109,#8146,.T.);
#8146 = SURFACE_CURVE('',#8147,(#8155,#8166),.PCURVE_S1.);
#8147 = ( BOUNDED_CURVE() B_SPLINE_CURVE(2,(#8148,#8149,#8150,#8151,
#8152,#8153,#8154),.UNSPECIFIED.,.T.,.F.) B_SPLINE_CURVE_WITH_KNOTS((1,2
    ,2,2,2,1),(-2.094395102393,0.,2.094395102393,4.188790204786,
6.28318530718,8.377580409573),.UNSPECIFIED.) CURVE() 
GEOMETRIC_REPRESENTATION_ITEM() RATIONAL_B_SPLINE_CURVE((1.,0.5,1.,0.5,
1.,0.5,1.)) REPRESENTATION_ITEM('') );
#8148 = CARTESIAN_POINT('',(-205.034,-111.358,144.058));
#8149 = CARTESIAN_POINT('',(-205.034,-105.2958221735,144.058));
#8150 = CARTESIAN_POINT('',(-205.034,-108.3269110867,138.808));
#8151 = CARTESIAN_POINT('',(-205.034,-111.358,133.558));
#8152 = CARTESIAN_POINT('',(-205.034,-114.3890889132,138.808));
#8153 = CARTESIAN_POINT('',(-205.034,-117.4201778264,144.058));
#8154 = CARTESIAN_POINT('',(-205.034,-111.358,144.058));
#8155 = PCURVE('',#8116,#8156);
#8156 = DEFINITIONAL_REPRESENTATION('',(#8157),#8165);
#8157 = B_SPLINE_CURVE_WITH_KNOTS('',2,(#8158,#8159,#8160,#8161,#8162,
    #8163,#8164),.UNSPECIFIED.,.F.,.F.,(3,2,2,3),(0.,2.094395102393,
    4.188790204786,6.28318530718),.PIECEWISE_BEZIER_KNOTS.);
#8158 = CARTESIAN_POINT('',(0.,-0.157480314961));
#8159 = CARTESIAN_POINT('',(1.047197551197,-0.157480314961));
#8160 = CARTESIAN_POINT('',(2.094395102393,-0.157480314961));
#8161 = CARTESIAN_POINT('',(3.14159265359,-0.157480314961));
#8162 = CARTESIAN_POINT('',(4.188790204786,-0.157480314961));
#8163 = CARTESIAN_POINT('',(5.235987755983,-0.157480314961));
#8164 = CARTESIAN_POINT('',(6.28318530718,-0.157480314961));
#8165 = ( GEOMETRIC_REPRESENTATION_CONTEXT(2) 
PARAMETRIC_REPRESENTATION_CONTEXT() REPRESENTATION_CONTEXT('2D SPACE',''
  ) );
#8166 = PCURVE('',#8167,#8172);
#8167 = B_SPLINE_SURFACE_WITH_KNOTS('',1,1,(
    (#8168,#8169)
    ,(#8170,#8171
    )),.UNSPECIFIED.,.F.,.F.,.F.,(2,2),(2,2),(-0.137795275591,
    0.137795275591),(-0.137795275591,0.137795275591),
  .PIECEWISE_BEZIER_KNOTS.);
#8168 = CARTESIAN_POINT('',(-205.034,-107.858,137.058));
#8169 = CARTESIAN_POINT('',(-205.034,-107.858,144.058));
#8170 = CARTESIAN_POINT('',(-205.034,-114.858,137.058));
#8171 = CARTESIAN_POINT('',(-205.034,-114.858,144.058));
#8172 = DEFINITIONAL_REPRESENTATION('',(#8173),#8181);
#8173 = ( BOUNDED_CURVE() B_SPLINE_CURVE(2,(#8174,#8175,#8176,#8177,
#8178,#8179,#8180),.UNSPECIFIED.,.T.,.F.) B_SPLINE_CURVE_WITH_KNOTS((1,2
    ,2,2,2,1),(-2.094395102393,0.,2.094395102393,4.188790204786,
6.28318530718,8.377580409573),.UNSPECIFIED.) CURVE() 
GEOMETRIC_REPRESENTATION_ITEM() RATIONAL_B_SPLINE_CURVE((1.,0.5,1.,0.5,
1.,0.5,1.)) REPRESENTATION_ITEM('') );
#8174 = CARTESIAN_POINT('',(2.22044604925E-16,0.137795275591));
#8175 = CARTESIAN_POINT('',(-0.238668418366,0.137795275591));
#8176 = CARTESIAN_POINT('',(-0.119334209183,-6.889763779528E-02));
#8177 = CARTESIAN_POINT('',(2.22044604925E-16,-0.275590551181));
#8178 = CARTESIAN_POINT('',(0.119334209183,-6.889763779528E-02));
#8179 = CARTESIAN_POINT('',(0.238668418366,0.137795275591));
#8180 = CARTESIAN_POINT('',(2.22044604925E-16,0.137795275591));
#8181 = ( GEOMETRIC_REPRESENTATION_CONTEXT(2) 
PARAMETRIC_REPRESENTATION_CONTEXT() REPRESENTATION_CONTEXT('2D SPACE',''
  ) );
#8182 = ORIENTED_EDGE('',*,*,#8106,.F.);
#8183 = ORIENTED_EDGE('',*,*,#8184,.F.);
#8184 = EDGE_CURVE('',#8107,#8107,#8185,.T.);
#8185 = SURFACE_CURVE('',#8186,(#8194,#8205),.PCURVE_S1.);
#8186 = ( BOUNDED_CURVE() B_SPLINE_CURVE(2,(#8187,#8188,#8189,#8190,
#8191,#8192,#8193),.UNSPECIFIED.,.T.,.F.) B_SPLINE_CURVE_WITH_KNOTS((1,2
    ,2,2,2,1),(-2.094395102393,0.,2.094395102393,4.188790204786,
6.28318530718,8.377580409573),.UNSPECIFIED.) CURVE() 
GEOMETRIC_REPRESENTATION_ITEM() RATIONAL_B_SPLINE_CURVE((1.,0.5,1.,0.5,
1.,0.5,1.)) REPRESENTATION_ITEM('') );
#8187 = CARTESIAN_POINT('',(-201.034,-111.358,144.058));
#8188 = CARTESIAN_POINT('',(-201.034,-105.2958221735,144.058));
#8189 = CARTESIAN_POINT('',(-201.034,-108.3269110867,138.808));
#8190 = CARTESIAN_POINT('',(-201.034,-111.358,133.558));
#8191 = CARTESIAN_POINT('',(-201.034,-114.3890889132,138.808));
#8192 = CARTESIAN_POINT('',(-201.034,-117.4201778264,144.058));
#8193 = CARTESIAN_POINT('',(-201.034,-111.358,144.058));
#8194 = PCURVE('',#8116,#8195);
#8195 = DEFINITIONAL_REPRESENTATION('',(#8196),#8204);
#8196 = B_SPLINE_CURVE_WITH_KNOTS('',2,(#8197,#8198,#8199,#8200,#8201,
    #8202,#8203),.UNSPECIFIED.,.F.,.F.,(3,2,2,3),(0.,2.094395102393,
    4.188790204786,6.28318530718),.PIECEWISE_BEZIER_KNOTS.);
#8197 = CARTESIAN_POINT('',(0.,0.));
#8198 = CARTESIAN_POINT('',(1.047197551197,6.554841963583E-16));
#8199 = CARTESIAN_POINT('',(2.094395102393,-8.881784197001E-16));
#8200 = CARTESIAN_POINT('',(3.14159265359,-3.559416704987E-16));
#8201 = CARTESIAN_POINT('',(4.188790204786,0.));
#8202 = CARTESIAN_POINT('',(5.235987755983,8.024490117569E-17));
#8203 = CARTESIAN_POINT('',(6.28318530718,0.));
#8204 = ( GEOMETRIC_REPRESENTATION_CONTEXT(2) 
PARAMETRIC_REPRESENTATION_CONTEXT() REPRESENTATION_CONTEXT('2D SPACE',''
  ) );
#8205 = PCURVE('',#8206,#8211);
#8206 = B_SPLINE_SURFACE_WITH_KNOTS('',1,1,(
    (#8207,#8208)
    ,(#8209,#8210
    )),.UNSPECIFIED.,.F.,.F.,.F.,(2,2),(2,2),(-0.137795275591,
    0.137795275591),(-0.137795275591,0.137795275591),
  .PIECEWISE_BEZIER_KNOTS.);
#8207 = CARTESIAN_POINT('',(-201.034,-107.858,137.058));
#8208 = CARTESIAN_POINT('',(-201.034,-107.858,144.058));
#8209 = CARTESIAN_POINT('',(-201.034,-114.858,137.058));
#8210 = CARTESIAN_POINT('',(-201.034,-114.858,144.058));
#8211 = DEFINITIONAL_REPRESENTATION('',(#8212),#8220);
#8212 = ( BOUNDED_CURVE() B_SPLINE_CURVE(2,(#8213,#8214,#8215,#8216,
#8217,#8218,#8219),.UNSPECIFIED.,.T.,.F.) B_SPLINE_CURVE_WITH_KNOTS((1,2
    ,2,2,2,1),(-2.094395102393,0.,2.094395102393,4.188790204786,
6.28318530718,8.377580409573),.UNSPECIFIED.) CURVE() 
GEOMETRIC_REPRESENTATION_ITEM() RATIONAL_B_SPLINE_CURVE((1.,0.5,1.,0.5,
1.,0.5,1.)) REPRESENTATION_ITEM('') );
#8213 = CARTESIAN_POINT('',(2.22044604925E-16,0.137795275591));
#8214 = CARTESIAN_POINT('',(-0.238668418366,0.137795275591));
#8215 = CARTESIAN_POINT('',(-0.119334209183,-6.889763779528E-02));
#8216 = CARTESIAN_POINT('',(2.22044604925E-16,-0.275590551181));
#8217 = CARTESIAN_POINT('',(0.119334209183,-6.889763779528E-02));
#8218 = CARTESIAN_POINT('',(0.238668418366,0.137795275591));
#8219 = CARTESIAN_POINT('',(2.22044604925E-16,0.137795275591));
#8220 = ( GEOMETRIC_REPRESENTATION_CONTEXT(2) 
PARAMETRIC_REPRESENTATION_CONTEXT() REPRESENTATION_CONTEXT('2D SPACE',''
  ) );
#8221 = ADVANCED_FACE('',(#8222,#8225),#8206,.F.);
#8222 = FACE_BOUND('',#8223,.F.);
#8223 = EDGE_LOOP('',(#8224));
#8224 = ORIENTED_EDGE('',*,*,#8184,.T.);
#8225 = FACE_BOUND('',#8226,.F.);
#8226 = EDGE_LOOP('',(#8227));
#8227 = ORIENTED_EDGE('',*,*,#8228,.F.);
#8228 = EDGE_CURVE('',#8229,#8229,#8231,.T.);
#8229 = VERTEX_POINT('',#8230);
#8230 = CARTESIAN_POINT('',(-201.034,-111.358,142.558));
#8231 = SURFACE_CURVE('',#8232,(#8240,#8251),.PCURVE_S1.);
#8232 = ( BOUNDED_CURVE() B_SPLINE_CURVE(2,(#8233,#8234,#8235,#8236,
#8237,#8238,#8239),.UNSPECIFIED.,.T.,.F.) B_SPLINE_CURVE_WITH_KNOTS((1,2
    ,2,2,2,1),(-2.094395102393,0.,2.094395102393,4.188790204786,
6.28318530718,8.377580409573),.UNSPECIFIED.) CURVE() 
GEOMETRIC_REPRESENTATION_ITEM() RATIONAL_B_SPLINE_CURVE((1.,0.5,1.,0.5,
1.,0.5,1.)) REPRESENTATION_ITEM('') );
#8233 = CARTESIAN_POINT('',(-201.034,-111.358,142.558));
#8234 = CARTESIAN_POINT('',(-201.034,-107.8938983848,142.558));
#8235 = CARTESIAN_POINT('',(-201.034,-109.6259491924,139.558));
#8236 = CARTESIAN_POINT('',(-201.034,-111.358,136.558));
#8237 = CARTESIAN_POINT('',(-201.034,-113.0900508075,139.558));
#8238 = CARTESIAN_POINT('',(-201.034,-114.8221016151,142.558));
#8239 = CARTESIAN_POINT('',(-201.034,-111.358,142.558));
#8240 = PCURVE('',#8206,#8241);
#8241 = DEFINITIONAL_REPRESENTATION('',(#8242),#8250);
#8242 = ( BOUNDED_CURVE() B_SPLINE_CURVE(2,(#8243,#8244,#8245,#8246,
#8247,#8248,#8249),.UNSPECIFIED.,.T.,.F.) B_SPLINE_CURVE_WITH_KNOTS((1,2
    ,2,2,2,1),(-2.094395102393,0.,2.094395102393,4.188790204786,
6.28318530718,8.377580409573),.UNSPECIFIED.) CURVE() 
GEOMETRIC_REPRESENTATION_ITEM() RATIONAL_B_SPLINE_CURVE((1.,0.5,1.,0.5,
1.,0.5,1.)) REPRESENTATION_ITEM('') );
#8243 = CARTESIAN_POINT('',(2.22044604925E-16,7.874015748032E-02));
#8244 = CARTESIAN_POINT('',(-0.136381953352,7.874015748032E-02));
#8245 = CARTESIAN_POINT('',(-6.819097667594E-02,-3.937007874016E-02));
#8246 = CARTESIAN_POINT('',(2.22044604925E-16,-0.157480314961));
#8247 = CARTESIAN_POINT('',(6.819097667594E-02,-3.937007874016E-02));
#8248 = CARTESIAN_POINT('',(0.136381953352,7.874015748032E-02));
#8249 = CARTESIAN_POINT('',(2.22044604925E-16,7.874015748032E-02));
#8250 = ( GEOMETRIC_REPRESENTATION_CONTEXT(2) 
PARAMETRIC_REPRESENTATION_CONTEXT() REPRESENTATION_CONTEXT('2D SPACE',''
  ) );
#8251 = PCURVE('',#8252,#8267);
#8252 = ( BOUNDED_SURFACE() B_SPLINE_SURFACE(2,1,(
    (#8253,#8254)
    ,(#8255,#8256)
    ,(#8257,#8258)
    ,(#8259,#8260)
    ,(#8261,#8262)
    ,(#8263,#8264)
    ,(#8265,#8266
)),.UNSPECIFIED.,.T.,.F.,.F.) B_SPLINE_SURFACE_WITH_KNOTS((1,2,2,2,2,1),
  (2,2),(-2.094395102393,0.,2.094395102393,4.188790204786,6.28318530718,
    8.377580409573),(-0.314960629921,-0.11811023622),.UNSPECIFIED.) 
GEOMETRIC_REPRESENTATION_ITEM() RATIONAL_B_SPLINE_SURFACE((
    (1.,1.)
    ,(0.5,0.5)
    ,(1.,1.)
    ,(0.5,0.5)
    ,(1.,1.)
    ,(0.5,0.5)
,(1.,1.))) REPRESENTATION_ITEM('') SURFACE() );
#8253 = CARTESIAN_POINT('',(-201.034,-111.358,142.558));
#8254 = CARTESIAN_POINT('',(-196.034,-111.358,142.558));
#8255 = CARTESIAN_POINT('',(-201.034,-107.8938983848,142.558));
#8256 = CARTESIAN_POINT('',(-196.034,-107.8938983848,142.558));
#8257 = CARTESIAN_POINT('',(-201.034,-109.6259491924,139.558));
#8258 = CARTESIAN_POINT('',(-196.034,-109.6259491924,139.558));
#8259 = CARTESIAN_POINT('',(-201.034,-111.358,136.558));
#8260 = CARTESIAN_POINT('',(-196.034,-111.358,136.558));
#8261 = CARTESIAN_POINT('',(-201.034,-113.0900508075,139.558));
#8262 = CARTESIAN_POINT('',(-196.034,-113.0900508075,139.558));
#8263 = CARTESIAN_POINT('',(-201.034,-114.8221016151,142.558));
#8264 = CARTESIAN_POINT('',(-196.034,-114.8221016151,142.558));
#8265 = CARTESIAN_POINT('',(-201.034,-111.358,142.558));
#8266 = CARTESIAN_POINT('',(-196.034,-111.358,142.558));
#8267 = DEFINITIONAL_REPRESENTATION('',(#8268),#8276);
#8268 = B_SPLINE_CURVE_WITH_KNOTS('',2,(#8269,#8270,#8271,#8272,#8273,
    #8274,#8275),.UNSPECIFIED.,.F.,.F.,(3,2,2,3),(0.,2.094395102393,
    4.188790204786,6.28318530718),.UNSPECIFIED.);
#8269 = CARTESIAN_POINT('',(0.,-0.314960629921));
#8270 = CARTESIAN_POINT('',(1.047197551197,-0.314960629921));
#8271 = CARTESIAN_POINT('',(2.094395102393,-0.314960629921));
#8272 = CARTESIAN_POINT('',(3.14159265359,-0.314960629921));
#8273 = CARTESIAN_POINT('',(4.188790204786,-0.314960629921));
#8274 = CARTESIAN_POINT('',(5.235987755983,-0.314960629921));
#8275 = CARTESIAN_POINT('',(6.28318530718,-0.314960629921));
#8276 = ( GEOMETRIC_REPRESENTATION_CONTEXT(2) 
PARAMETRIC_REPRESENTATION_CONTEXT() REPRESENTATION_CONTEXT('2D SPACE',''
  ) );
#8277 = ADVANCED_FACE('',(#8278),#8167,.T.);
#8278 = FACE_BOUND('',#8279,.T.);
#8279 = EDGE_LOOP('',(#8280));
#8280 = ORIENTED_EDGE('',*,*,#8145,.T.);
#8281 = ADVANCED_FACE('',(#8282),#8252,.F.);
#8282 = FACE_BOUND('',#8283,.F.);
#8283 = EDGE_LOOP('',(#8284,#8324,#8344,#8345));
#8284 = ORIENTED_EDGE('',*,*,#8285,.F.);
#8285 = EDGE_CURVE('',#8286,#8286,#8288,.T.);
#8286 = VERTEX_POINT('',#8287);
#8287 = CARTESIAN_POINT('',(-196.034,-111.358,142.558));
#8288 = SURFACE_CURVE('',#8289,(#8297,#8308),.PCURVE_S1.);
#8289 = ( BOUNDED_CURVE() B_SPLINE_CURVE(2,(#8290,#8291,#8292,#8293,
#8294,#8295,#8296),.UNSPECIFIED.,.T.,.F.) B_SPLINE_CURVE_WITH_KNOTS((1,2
    ,2,2,2,1),(-2.094395102393,0.,2.094395102393,4.188790204786,
6.28318530718,8.377580409573),.UNSPECIFIED.) CURVE() 
GEOMETRIC_REPRESENTATION_ITEM() RATIONAL_B_SPLINE_CURVE((1.,0.5,1.,0.5,
1.,0.5,1.)) REPRESENTATION_ITEM('') );
#8290 = CARTESIAN_POINT('',(-196.034,-111.358,142.558));
#8291 = CARTESIAN_POINT('',(-196.034,-107.8938983848,142.558));
#8292 = CARTESIAN_POINT('',(-196.034,-109.6259491924,139.558));
#8293 = CARTESIAN_POINT('',(-196.034,-111.358,136.558));
#8294 = CARTESIAN_POINT('',(-196.034,-113.0900508075,139.558));
#8295 = CARTESIAN_POINT('',(-196.034,-114.8221016151,142.558));
#8296 = CARTESIAN_POINT('',(-196.034,-111.358,142.558));
#8297 = PCURVE('',#8252,#8298);
#8298 = DEFINITIONAL_REPRESENTATION('',(#8299),#8307);
#8299 = B_SPLINE_CURVE_WITH_KNOTS('',2,(#8300,#8301,#8302,#8303,#8304,
    #8305,#8306),.UNSPECIFIED.,.F.,.F.,(3,2,2,3),(0.,2.094395102393,
    4.188790204786,6.28318530718),.UNSPECIFIED.);
#8300 = CARTESIAN_POINT('',(0.,-0.11811023622));
#8301 = CARTESIAN_POINT('',(1.047197551197,-0.11811023622));
#8302 = CARTESIAN_POINT('',(2.094395102393,-0.11811023622));
#8303 = CARTESIAN_POINT('',(3.14159265359,-0.11811023622));
#8304 = CARTESIAN_POINT('',(4.188790204786,-0.11811023622));
#8305 = CARTESIAN_POINT('',(5.235987755983,-0.11811023622));
#8306 = CARTESIAN_POINT('',(6.28318530718,-0.11811023622));
#8307 = ( GEOMETRIC_REPRESENTATION_CONTEXT(2) 
PARAMETRIC_REPRESENTATION_CONTEXT() REPRESENTATION_CONTEXT('2D SPACE',''
  ) );
#8308 = PCURVE('',#8309,#8314);
#8309 = B_SPLINE_SURFACE_WITH_KNOTS('',1,1,(
    (#8310,#8311)
    ,(#8312,#8313
    )),.UNSPECIFIED.,.F.,.F.,.F.,(2,2),(2,2),(0.,0.275590551181),(0.,
    0.318897637795),.PIECEWISE_BEZIER_KNOTS.);
#8310 = CARTESIAN_POINT('',(-196.034,-114.858,136.508));
#8311 = CARTESIAN_POINT('',(-196.034,-114.858,144.608));
#8312 = CARTESIAN_POINT('',(-196.034,-107.858,136.508));
#8313 = CARTESIAN_POINT('',(-196.034,-107.858,144.608));
#8314 = DEFINITIONAL_REPRESENTATION('',(#8315),#8323);
#8315 = ( BOUNDED_CURVE() B_SPLINE_CURVE(2,(#8316,#8317,#8318,#8319,
#8320,#8321,#8322),.UNSPECIFIED.,.T.,.F.) B_SPLINE_CURVE_WITH_KNOTS((1,2
    ,2,2,2,1),(-2.094395102393,0.,2.094395102393,4.188790204786,
6.28318530718,8.377580409573),.UNSPECIFIED.) CURVE() 
GEOMETRIC_REPRESENTATION_ITEM() RATIONAL_B_SPLINE_CURVE((1.,0.5,1.,0.5,
1.,0.5,1.)) REPRESENTATION_ITEM('') );
#8316 = CARTESIAN_POINT('',(0.137795275591,0.238188976378));
#8317 = CARTESIAN_POINT('',(0.274177228942,0.238188976378));
#8318 = CARTESIAN_POINT('',(0.205986252266,0.120078740157));
#8319 = CARTESIAN_POINT('',(0.137795275591,1.968503937008E-03));
#8320 = CARTESIAN_POINT('',(6.960429891461E-02,0.120078740157));
#8321 = CARTESIAN_POINT('',(1.413322238671E-03,0.238188976378));
#8322 = CARTESIAN_POINT('',(0.137795275591,0.238188976378));
#8323 = ( GEOMETRIC_REPRESENTATION_CONTEXT(2) 
PARAMETRIC_REPRESENTATION_CONTEXT() REPRESENTATION_CONTEXT('2D SPACE',''
  ) );
#8324 = ORIENTED_EDGE('',*,*,#8325,.T.);
#8325 = EDGE_CURVE('',#8286,#8229,#8326,.T.);
#8326 = SEAM_CURVE('',#8327,(#8330,#8337),.PCURVE_S1.);
#8327 = B_SPLINE_CURVE_WITH_KNOTS('',1,(#8328,#8329),.UNSPECIFIED.,.F.,
  .F.,(2,2),(0.11811023622,0.314960629921),.PIECEWISE_BEZIER_KNOTS.);
#8328 = CARTESIAN_POINT('',(-196.034,-111.358,142.558));
#8329 = CARTESIAN_POINT('',(-201.034,-111.358,142.558));
#8330 = PCURVE('',#8252,#8331);
#8331 = DEFINITIONAL_REPRESENTATION('',(#8332),#8336);
#8332 = B_SPLINE_CURVE_WITH_KNOTS('',2,(#8333,#8334,#8335),
  .UNSPECIFIED.,.F.,.F.,(3,3),(0.11811023622,0.314960629921),
  .PIECEWISE_BEZIER_KNOTS.);
#8333 = CARTESIAN_POINT('',(6.28318530718,-0.11811023622));
#8334 = CARTESIAN_POINT('',(6.28318530718,-0.216535433071));
#8335 = CARTESIAN_POINT('',(6.28318530718,-0.314960629921));
#8336 = ( GEOMETRIC_REPRESENTATION_CONTEXT(2) 
PARAMETRIC_REPRESENTATION_CONTEXT() REPRESENTATION_CONTEXT('2D SPACE',''
  ) );
#8337 = PCURVE('',#8252,#8338);
#8338 = DEFINITIONAL_REPRESENTATION('',(#8339),#8343);
#8339 = B_SPLINE_CURVE_WITH_KNOTS('',2,(#8340,#8341,#8342),
  .UNSPECIFIED.,.F.,.F.,(3,3),(0.11811023622,0.314960629921),
  .PIECEWISE_BEZIER_KNOTS.);
#8340 = CARTESIAN_POINT('',(0.,-0.11811023622));
#8341 = CARTESIAN_POINT('',(8.881784197001E-16,-0.216535433071));
#8342 = CARTESIAN_POINT('',(0.,-0.314960629921));
#8343 = ( GEOMETRIC_REPRESENTATION_CONTEXT(2) 
PARAMETRIC_REPRESENTATION_CONTEXT() REPRESENTATION_CONTEXT('2D SPACE',''
  ) );
#8344 = ORIENTED_EDGE('',*,*,#8228,.T.);
#8345 = ORIENTED_EDGE('',*,*,#8325,.F.);
#8346 = ADVANCED_FACE('',(#8347,#8449),#8309,.F.);
#8347 = FACE_BOUND('',#8348,.F.);
#8348 = EDGE_LOOP('',(#8349,#8376,#8401,#8426));
#8349 = ORIENTED_EDGE('',*,*,#8350,.F.);
#8350 = EDGE_CURVE('',#8351,#8353,#8355,.T.);
#8351 = VERTEX_POINT('',#8352);
#8352 = CARTESIAN_POINT('',(-196.034,-114.858,136.508));
#8353 = VERTEX_POINT('',#8354);
#8354 = CARTESIAN_POINT('',(-196.034,-114.858,144.608));
#8355 = SURFACE_CURVE('',#8356,(#8359,#8365),.PCURVE_S1.);
#8356 = B_SPLINE_CURVE_WITH_KNOTS('',1,(#8357,#8358),.UNSPECIFIED.,.F.,
  .F.,(2,2),(0.,0.318897637795),.PIECEWISE_BEZIER_KNOTS.);
#8357 = CARTESIAN_POINT('',(-196.034,-114.858,136.508));
#8358 = CARTESIAN_POINT('',(-196.034,-114.858,144.608));
#8359 = PCURVE('',#8309,#8360);
#8360 = DEFINITIONAL_REPRESENTATION('',(#8361),#8364);
#8361 = B_SPLINE_CURVE_WITH_KNOTS('',1,(#8362,#8363),.UNSPECIFIED.,.F.,
  .F.,(2,2),(0.,0.318897637795),.PIECEWISE_BEZIER_KNOTS.);
#8362 = CARTESIAN_POINT('',(0.,0.));
#8363 = CARTESIAN_POINT('',(0.,0.318897637795));
#8364 = ( GEOMETRIC_REPRESENTATION_CONTEXT(2) 
PARAMETRIC_REPRESENTATION_CONTEXT() REPRESENTATION_CONTEXT('2D SPACE',''
  ) );
#8365 = PCURVE('',#8366,#8371);
#8366 = B_SPLINE_SURFACE_WITH_KNOTS('',1,1,(
    (#8367,#8368)
    ,(#8369,#8370
    )),.UNSPECIFIED.,.F.,.F.,.F.,(2,2),(2,2),(0.,0.318897637795),(0.,
    0.185039370079),.PIECEWISE_BEZIER_KNOTS.);
#8367 = CARTESIAN_POINT('',(-191.334,-114.858,136.508));
#8368 = CARTESIAN_POINT('',(-196.034,-114.858,136.508));
#8369 = CARTESIAN_POINT('',(-191.334,-114.858,144.608));
#8370 = CARTESIAN_POINT('',(-196.034,-114.858,144.608));
#8371 = DEFINITIONAL_REPRESENTATION('',(#8372),#8375);
#8372 = B_SPLINE_CURVE_WITH_KNOTS('',1,(#8373,#8374),.UNSPECIFIED.,.F.,
  .F.,(2,2),(0.,0.318897637795),.PIECEWISE_BEZIER_KNOTS.);
#8373 = CARTESIAN_POINT('',(0.,0.185039370079));
#8374 = CARTESIAN_POINT('',(0.318897637795,0.185039370079));
#8375 = ( GEOMETRIC_REPRESENTATION_CONTEXT(2) 
PARAMETRIC_REPRESENTATION_CONTEXT() REPRESENTATION_CONTEXT('2D SPACE',''
  ) );
#8376 = ORIENTED_EDGE('',*,*,#8377,.T.);
#8377 = EDGE_CURVE('',#8351,#8378,#8380,.T.);
#8378 = VERTEX_POINT('',#8379);
#8379 = CARTESIAN_POINT('',(-196.034,-107.858,136.508));
#8380 = SURFACE_CURVE('',#8381,(#8384,#8390),.PCURVE_S1.);
#8381 = B_SPLINE_CURVE_WITH_KNOTS('',1,(#8382,#8383),.UNSPECIFIED.,.F.,
  .F.,(2,2),(0.,0.275590551181),.PIECEWISE_BEZIER_KNOTS.);
#8382 = CARTESIAN_POINT('',(-196.034,-114.858,136.508));
#8383 = CARTESIAN_POINT('',(-196.034,-107.858,136.508));
#8384 = PCURVE('',#8309,#8385);
#8385 = DEFINITIONAL_REPRESENTATION('',(#8386),#8389);
#8386 = B_SPLINE_CURVE_WITH_KNOTS('',1,(#8387,#8388),.UNSPECIFIED.,.F.,
  .F.,(2,2),(0.,0.275590551181),.PIECEWISE_BEZIER_KNOTS.);
#8387 = CARTESIAN_POINT('',(0.,0.));
#8388 = CARTESIAN_POINT('',(0.275590551181,0.));
#8389 = ( GEOMETRIC_REPRESENTATION_CONTEXT(2) 
PARAMETRIC_REPRESENTATION_CONTEXT() REPRESENTATION_CONTEXT('2D SPACE',''
  ) );
#8390 = PCURVE('',#8391,#8396);
#8391 = B_SPLINE_SURFACE_WITH_KNOTS('',1,1,(
    (#8392,#8393)
    ,(#8394,#8395
    )),.UNSPECIFIED.,.F.,.F.,.F.,(2,2),(2,2),(0.,0.275590551181),(
    -0.185039370079,0.),.PIECEWISE_BEZIER_KNOTS.);
#8392 = CARTESIAN_POINT('',(-196.034,-114.858,136.508));
#8393 = CARTESIAN_POINT('',(-191.334,-114.858,136.508));
#8394 = CARTESIAN_POINT('',(-196.034,-107.858,136.508));
#8395 = CARTESIAN_POINT('',(-191.334,-107.858,136.508));
#8396 = DEFINITIONAL_REPRESENTATION('',(#8397),#8400);
#8397 = B_SPLINE_CURVE_WITH_KNOTS('',1,(#8398,#8399),.UNSPECIFIED.,.F.,
  .F.,(2,2),(0.,0.275590551181),.PIECEWISE_BEZIER_KNOTS.);
#8398 = CARTESIAN_POINT('',(0.,-0.185039370079));
#8399 = CARTESIAN_POINT('',(0.275590551181,-0.185039370079));
#8400 = ( GEOMETRIC_REPRESENTATION_CONTEXT(2) 
PARAMETRIC_REPRESENTATION_CONTEXT() REPRESENTATION_CONTEXT('2D SPACE',''
  ) );
#8401 = ORIENTED_EDGE('',*,*,#8402,.T.);
#8402 = EDGE_CURVE('',#8378,#8403,#8405,.T.);
#8403 = VERTEX_POINT('',#8404);
#8404 = CARTESIAN_POINT('',(-196.034,-107.858,144.608));
#8405 = SURFACE_CURVE('',#8406,(#8409,#8415),.PCURVE_S1.);
#8406 = B_SPLINE_CURVE_WITH_KNOTS('',1,(#8407,#8408),.UNSPECIFIED.,.F.,
  .F.,(2,2),(0.,0.318897637795),.PIECEWISE_BEZIER_KNOTS.);
#8407 = CARTESIAN_POINT('',(-196.034,-107.858,136.508));
#8408 = CARTESIAN_POINT('',(-196.034,-107.858,144.608));
#8409 = PCURVE('',#8309,#8410);
#8410 = DEFINITIONAL_REPRESENTATION('',(#8411),#8414);
#8411 = B_SPLINE_CURVE_WITH_KNOTS('',1,(#8412,#8413),.UNSPECIFIED.,.F.,
  .F.,(2,2),(0.,0.318897637795),.PIECEWISE_BEZIER_KNOTS.);
#8412 = CARTESIAN_POINT('',(0.275590551181,0.));
#8413 = CARTESIAN_POINT('',(0.275590551181,0.318897637795));
#8414 = ( GEOMETRIC_REPRESENTATION_CONTEXT(2) 
PARAMETRIC_REPRESENTATION_CONTEXT() REPRESENTATION_CONTEXT('2D SPACE',''
  ) );
#8415 = PCURVE('',#8416,#8421);
#8416 = B_SPLINE_SURFACE_WITH_KNOTS('',1,1,(
    (#8417,#8418)
    ,(#8419,#8420
    )),.UNSPECIFIED.,.F.,.F.,.F.,(2,2),(2,2),(0.,0.318897637795),(0.,
    0.185039370079),.PIECEWISE_BEZIER_KNOTS.);
#8417 = CARTESIAN_POINT('',(-191.334,-107.858,136.508));
#8418 = CARTESIAN_POINT('',(-196.034,-107.858,136.508));
#8419 = CARTESIAN_POINT('',(-191.334,-107.858,144.608));
#8420 = CARTESIAN_POINT('',(-196.034,-107.858,144.608));
#8421 = DEFINITIONAL_REPRESENTATION('',(#8422),#8425);
#8422 = B_SPLINE_CURVE_WITH_KNOTS('',1,(#8423,#8424),.UNSPECIFIED.,.F.,
  .F.,(2,2),(0.,0.318897637795),.PIECEWISE_BEZIER_KNOTS.);
#8423 = CARTESIAN_POINT('',(0.,0.185039370079));
#8424 = CARTESIAN_POINT('',(0.318897637795,0.185039370079));
#8425 = ( GEOMETRIC_REPRESENTATION_CONTEXT(2) 
PARAMETRIC_REPRESENTATION_CONTEXT() REPRESENTATION_CONTEXT('2D SPACE',''
  ) );
#8426 = ORIENTED_EDGE('',*,*,#8427,.F.);
#8427 = EDGE_CURVE('',#8353,#8403,#8428,.T.);
#8428 = SURFACE_CURVE('',#8429,(#8432,#8438),.PCURVE_S1.);
#8429 = B_SPLINE_CURVE_WITH_KNOTS('',1,(#8430,#8431),.UNSPECIFIED.,.F.,
  .F.,(2,2),(0.,0.275590551181),.PIECEWISE_BEZIER_KNOTS.);
#8430 = CARTESIAN_POINT('',(-196.034,-114.858,144.608));
#8431 = CARTESIAN_POINT('',(-196.034,-107.858,144.608));
#8432 = PCURVE('',#8309,#8433);
#8433 = DEFINITIONAL_REPRESENTATION('',(#8434),#8437);
#8434 = B_SPLINE_CURVE_WITH_KNOTS('',1,(#8435,#8436),.UNSPECIFIED.,.F.,
  .F.,(2,2),(0.,0.275590551181),.PIECEWISE_BEZIER_KNOTS.);
#8435 = CARTESIAN_POINT('',(0.,0.318897637795));
#8436 = CARTESIAN_POINT('',(0.275590551181,0.318897637795));
#8437 = ( GEOMETRIC_REPRESENTATION_CONTEXT(2) 
PARAMETRIC_REPRESENTATION_CONTEXT() REPRESENTATION_CONTEXT('2D SPACE',''
  ) );
#8438 = PCURVE('',#8439,#8444);
#8439 = B_SPLINE_SURFACE_WITH_KNOTS('',1,1,(
    (#8440,#8441)
    ,(#8442,#8443
    )),.UNSPECIFIED.,.F.,.F.,.F.,(2,2),(2,2),(0.,0.275590551181),(
    -0.185039370079,0.),.PIECEWISE_BEZIER_KNOTS.);
#8440 = CARTESIAN_POINT('',(-196.034,-114.858,144.608));
#8441 = CARTESIAN_POINT('',(-191.334,-114.858,144.608));
#8442 = CARTESIAN_POINT('',(-196.034,-107.858,144.608));
#8443 = CARTESIAN_POINT('',(-191.334,-107.858,144.608));
#8444 = DEFINITIONAL_REPRESENTATION('',(#8445),#8448);
#8445 = B_SPLINE_CURVE_WITH_KNOTS('',1,(#8446,#8447),.UNSPECIFIED.,.F.,
  .F.,(2,2),(0.,0.275590551181),.PIECEWISE_BEZIER_KNOTS.);
#8446 = CARTESIAN_POINT('',(0.,-0.185039370079));
#8447 = CARTESIAN_POINT('',(0.275590551181,-0.185039370079));
#8448 = ( GEOMETRIC_REPRESENTATION_CONTEXT(2) 
PARAMETRIC_REPRESENTATION_CONTEXT() REPRESENTATION_CONTEXT('2D SPACE',''
  ) );
#8449 = FACE_BOUND('',#8450,.F.);
#8450 = EDGE_LOOP('',(#8451));
#8451 = ORIENTED_EDGE('',*,*,#8285,.T.);
#8452 = ADVANCED_FACE('',(#8453),#8366,.T.);
#8453 = FACE_BOUND('',#8454,.T.);
#8454 = EDGE_LOOP('',(#8455,#8475,#8500,#8518));
#8455 = ORIENTED_EDGE('',*,*,#8456,.F.);
#8456 = EDGE_CURVE('',#8457,#8351,#8459,.T.);
#8457 = VERTEX_POINT('',#8458);
#8458 = CARTESIAN_POINT('',(-191.334,-114.858,136.508));
#8459 = SURFACE_CURVE('',#8460,(#8463,#8469),.PCURVE_S1.);
#8460 = B_SPLINE_CURVE_WITH_KNOTS('',1,(#8461,#8462),.UNSPECIFIED.,.F.,
  .F.,(2,2),(0.,0.185039370079),.PIECEWISE_BEZIER_KNOTS.);
#8461 = CARTESIAN_POINT('',(-191.334,-114.858,136.508));
#8462 = CARTESIAN_POINT('',(-196.034,-114.858,136.508));
#8463 = PCURVE('',#8366,#8464);
#8464 = DEFINITIONAL_REPRESENTATION('',(#8465),#8468);
#8465 = B_SPLINE_CURVE_WITH_KNOTS('',1,(#8466,#8467),.UNSPECIFIED.,.F.,
  .F.,(2,2),(0.,0.185039370079),.PIECEWISE_BEZIER_KNOTS.);
#8466 = CARTESIAN_POINT('',(0.,0.));
#8467 = CARTESIAN_POINT('',(0.,0.185039370079));
#8468 = ( GEOMETRIC_REPRESENTATION_CONTEXT(2) 
PARAMETRIC_REPRESENTATION_CONTEXT() REPRESENTATION_CONTEXT('2D SPACE',''
  ) );
#8469 = PCURVE('',#8391,#8470);
#8470 = DEFINITIONAL_REPRESENTATION('',(#8471),#8474);
#8471 = B_SPLINE_CURVE_WITH_KNOTS('',1,(#8472,#8473),.UNSPECIFIED.,.F.,
  .F.,(2,2),(0.,0.185039370079),.PIECEWISE_BEZIER_KNOTS.);
#8472 = CARTESIAN_POINT('',(0.,0.));
#8473 = CARTESIAN_POINT('',(0.,-0.185039370079));
#8474 = ( GEOMETRIC_REPRESENTATION_CONTEXT(2) 
PARAMETRIC_REPRESENTATION_CONTEXT() REPRESENTATION_CONTEXT('2D SPACE',''
  ) );
#8475 = ORIENTED_EDGE('',*,*,#8476,.T.);
#8476 = EDGE_CURVE('',#8457,#8477,#8479,.T.);
#8477 = VERTEX_POINT('',#8478);
#8478 = CARTESIAN_POINT('',(-191.334,-114.858,144.608));
#8479 = SURFACE_CURVE('',#8480,(#8483,#8489),.PCURVE_S1.);
#8480 = B_SPLINE_CURVE_WITH_KNOTS('',1,(#8481,#8482),.UNSPECIFIED.,.F.,
  .F.,(2,2),(0.,0.318897637795),.PIECEWISE_BEZIER_KNOTS.);
#8481 = CARTESIAN_POINT('',(-191.334,-114.858,136.508));
#8482 = CARTESIAN_POINT('',(-191.334,-114.858,144.608));
#8483 = PCURVE('',#8366,#8484);
#8484 = DEFINITIONAL_REPRESENTATION('',(#8485),#8488);
#8485 = B_SPLINE_CURVE_WITH_KNOTS('',1,(#8486,#8487),.UNSPECIFIED.,.F.,
  .F.,(2,2),(0.,0.318897637795),.PIECEWISE_BEZIER_KNOTS.);
#8486 = CARTESIAN_POINT('',(0.,0.));
#8487 = CARTESIAN_POINT('',(0.318897637795,0.));
#8488 = ( GEOMETRIC_REPRESENTATION_CONTEXT(2) 
PARAMETRIC_REPRESENTATION_CONTEXT() REPRESENTATION_CONTEXT('2D SPACE',''
  ) );
#8489 = PCURVE('',#8490,#8495);
#8490 = B_SPLINE_SURFACE_WITH_KNOTS('',1,1,(
    (#8491,#8492)
    ,(#8493,#8494
    )),.UNSPECIFIED.,.F.,.F.,.F.,(2,2),(2,2),(0.,0.275590551181),(0.,
    0.318897637795),.PIECEWISE_BEZIER_KNOTS.);
#8491 = CARTESIAN_POINT('',(-191.334,-114.858,136.508));
#8492 = CARTESIAN_POINT('',(-191.334,-114.858,144.608));
#8493 = CARTESIAN_POINT('',(-191.334,-107.858,136.508));
#8494 = CARTESIAN_POINT('',(-191.334,-107.858,144.608));
#8495 = DEFINITIONAL_REPRESENTATION('',(#8496),#8499);
#8496 = B_SPLINE_CURVE_WITH_KNOTS('',1,(#8497,#8498),.UNSPECIFIED.,.F.,
  .F.,(2,2),(0.,0.318897637795),.PIECEWISE_BEZIER_KNOTS.);
#8497 = CARTESIAN_POINT('',(0.,0.));
#8498 = CARTESIAN_POINT('',(0.,0.318897637795));
#8499 = ( GEOMETRIC_REPRESENTATION_CONTEXT(2) 
PARAMETRIC_REPRESENTATION_CONTEXT() REPRESENTATION_CONTEXT('2D SPACE',''
  ) );
#8500 = ORIENTED_EDGE('',*,*,#8501,.T.);
#8501 = EDGE_CURVE('',#8477,#8353,#8502,.T.);
#8502 = SURFACE_CURVE('',#8503,(#8506,#8512),.PCURVE_S1.);
#8503 = B_SPLINE_CURVE_WITH_KNOTS('',1,(#8504,#8505),.UNSPECIFIED.,.F.,
  .F.,(2,2),(0.,0.185039370079),.PIECEWISE_BEZIER_KNOTS.);
#8504 = CARTESIAN_POINT('',(-191.334,-114.858,144.608));
#8505 = CARTESIAN_POINT('',(-196.034,-114.858,144.608));
#8506 = PCURVE('',#8366,#8507);
#8507 = DEFINITIONAL_REPRESENTATION('',(#8508),#8511);
#8508 = B_SPLINE_CURVE_WITH_KNOTS('',1,(#8509,#8510),.UNSPECIFIED.,.F.,
  .F.,(2,2),(0.,0.185039370079),.PIECEWISE_BEZIER_KNOTS.);
#8509 = CARTESIAN_POINT('',(0.318897637795,0.));
#8510 = CARTESIAN_POINT('',(0.318897637795,0.185039370079));
#8511 = ( GEOMETRIC_REPRESENTATION_CONTEXT(2) 
PARAMETRIC_REPRESENTATION_CONTEXT() REPRESENTATION_CONTEXT('2D SPACE',''
  ) );
#8512 = PCURVE('',#8439,#8513);
#8513 = DEFINITIONAL_REPRESENTATION('',(#8514),#8517);
#8514 = B_SPLINE_CURVE_WITH_KNOTS('',1,(#8515,#8516),.UNSPECIFIED.,.F.,
  .F.,(2,2),(0.,0.185039370079),.PIECEWISE_BEZIER_KNOTS.);
#8515 = CARTESIAN_POINT('',(0.,0.));
#8516 = CARTESIAN_POINT('',(0.,-0.185039370079));
#8517 = ( GEOMETRIC_REPRESENTATION_CONTEXT(2) 
PARAMETRIC_REPRESENTATION_CONTEXT() REPRESENTATION_CONTEXT('2D SPACE',''
  ) );
#8518 = ORIENTED_EDGE('',*,*,#8350,.F.);
#8519 = ADVANCED_FACE('',(#8520),#8439,.F.);
#8520 = FACE_BOUND('',#8521,.F.);
#8521 = EDGE_LOOP('',(#8522,#8542,#8543,#8544));
#8522 = ORIENTED_EDGE('',*,*,#8523,.F.);
#8523 = EDGE_CURVE('',#8477,#8524,#8526,.T.);
#8524 = VERTEX_POINT('',#8525);
#8525 = CARTESIAN_POINT('',(-191.334,-107.858,144.608));
#8526 = SURFACE_CURVE('',#8527,(#8530,#8536),.PCURVE_S1.);
#8527 = B_SPLINE_CURVE_WITH_KNOTS('',1,(#8528,#8529),.UNSPECIFIED.,.F.,
  .F.,(2,2),(0.,0.275590551181),.PIECEWISE_BEZIER_KNOTS.);
#8528 = CARTESIAN_POINT('',(-191.334,-114.858,144.608));
#8529 = CARTESIAN_POINT('',(-191.334,-107.858,144.608));
#8530 = PCURVE('',#8439,#8531);
#8531 = DEFINITIONAL_REPRESENTATION('',(#8532),#8535);
#8532 = B_SPLINE_CURVE_WITH_KNOTS('',1,(#8533,#8534),.UNSPECIFIED.,.F.,
  .F.,(2,2),(0.,0.275590551181),.PIECEWISE_BEZIER_KNOTS.);
#8533 = CARTESIAN_POINT('',(0.,0.));
#8534 = CARTESIAN_POINT('',(0.275590551181,0.));
#8535 = ( GEOMETRIC_REPRESENTATION_CONTEXT(2) 
PARAMETRIC_REPRESENTATION_CONTEXT() REPRESENTATION_CONTEXT('2D SPACE',''
  ) );
#8536 = PCURVE('',#8490,#8537);
#8537 = DEFINITIONAL_REPRESENTATION('',(#8538),#8541);
#8538 = B_SPLINE_CURVE_WITH_KNOTS('',1,(#8539,#8540),.UNSPECIFIED.,.F.,
  .F.,(2,2),(0.,0.275590551181),.PIECEWISE_BEZIER_KNOTS.);
#8539 = CARTESIAN_POINT('',(0.,0.318897637795));
#8540 = CARTESIAN_POINT('',(0.275590551181,0.318897637795));
#8541 = ( GEOMETRIC_REPRESENTATION_CONTEXT(2) 
PARAMETRIC_REPRESENTATION_CONTEXT() REPRESENTATION_CONTEXT('2D SPACE',''
  ) );
#8542 = ORIENTED_EDGE('',*,*,#8501,.T.);
#8543 = ORIENTED_EDGE('',*,*,#8427,.T.);
#8544 = ORIENTED_EDGE('',*,*,#8545,.F.);
#8545 = EDGE_CURVE('',#8524,#8403,#8546,.T.);
#8546 = SURFACE_CURVE('',#8547,(#8550,#8556),.PCURVE_S1.);
#8547 = B_SPLINE_CURVE_WITH_KNOTS('',1,(#8548,#8549),.UNSPECIFIED.,.F.,
  .F.,(2,2),(0.,0.185039370079),.PIECEWISE_BEZIER_KNOTS.);
#8548 = CARTESIAN_POINT('',(-191.334,-107.858,144.608));
#8549 = CARTESIAN_POINT('',(-196.034,-107.858,144.608));
#8550 = PCURVE('',#8439,#8551);
#8551 = DEFINITIONAL_REPRESENTATION('',(#8552),#8555);
#8552 = B_SPLINE_CURVE_WITH_KNOTS('',1,(#8553,#8554),.UNSPECIFIED.,.F.,
  .F.,(2,2),(0.,0.185039370079),.PIECEWISE_BEZIER_KNOTS.);
#8553 = CARTESIAN_POINT('',(0.275590551181,0.));
#8554 = CARTESIAN_POINT('',(0.275590551181,-0.185039370079));
#8555 = ( GEOMETRIC_REPRESENTATION_CONTEXT(2) 
PARAMETRIC_REPRESENTATION_CONTEXT() REPRESENTATION_CONTEXT('2D SPACE',''
  ) );
#8556 = PCURVE('',#8416,#8557);
#8557 = DEFINITIONAL_REPRESENTATION('',(#8558),#8561);
#8558 = B_SPLINE_CURVE_WITH_KNOTS('',1,(#8559,#8560),.UNSPECIFIED.,.F.,
  .F.,(2,2),(0.,0.185039370079),.PIECEWISE_BEZIER_KNOTS.);
#8559 = CARTESIAN_POINT('',(0.318897637795,0.));
#8560 = CARTESIAN_POINT('',(0.318897637795,0.185039370079));
#8561 = ( GEOMETRIC_REPRESENTATION_CONTEXT(2) 
PARAMETRIC_REPRESENTATION_CONTEXT() REPRESENTATION_CONTEXT('2D SPACE',''
  ) );
#8562 = ADVANCED_FACE('',(#8563),#8391,.T.);
#8563 = FACE_BOUND('',#8564,.T.);
#8564 = EDGE_LOOP('',(#8565,#8585,#8586,#8587));
#8565 = ORIENTED_EDGE('',*,*,#8566,.F.);
#8566 = EDGE_CURVE('',#8457,#8567,#8569,.T.);
#8567 = VERTEX_POINT('',#8568);
#8568 = CARTESIAN_POINT('',(-191.334,-107.858,136.508));
#8569 = SURFACE_CURVE('',#8570,(#8573,#8579),.PCURVE_S1.);
#8570 = B_SPLINE_CURVE_WITH_KNOTS('',1,(#8571,#8572),.UNSPECIFIED.,.F.,
  .F.,(2,2),(0.,0.275590551181),.PIECEWISE_BEZIER_KNOTS.);
#8571 = CARTESIAN_POINT('',(-191.334,-114.858,136.508));
#8572 = CARTESIAN_POINT('',(-191.334,-107.858,136.508));
#8573 = PCURVE('',#8391,#8574);
#8574 = DEFINITIONAL_REPRESENTATION('',(#8575),#8578);
#8575 = B_SPLINE_CURVE_WITH_KNOTS('',1,(#8576,#8577),.UNSPECIFIED.,.F.,
  .F.,(2,2),(0.,0.275590551181),.PIECEWISE_BEZIER_KNOTS.);
#8576 = CARTESIAN_POINT('',(0.,0.));
#8577 = CARTESIAN_POINT('',(0.275590551181,0.));
#8578 = ( GEOMETRIC_REPRESENTATION_CONTEXT(2) 
PARAMETRIC_REPRESENTATION_CONTEXT() REPRESENTATION_CONTEXT('2D SPACE',''
  ) );
#8579 = PCURVE('',#8490,#8580);
#8580 = DEFINITIONAL_REPRESENTATION('',(#8581),#8584);
#8581 = B_SPLINE_CURVE_WITH_KNOTS('',1,(#8582,#8583),.UNSPECIFIED.,.F.,
  .F.,(2,2),(0.,0.275590551181),.PIECEWISE_BEZIER_KNOTS.);
#8582 = CARTESIAN_POINT('',(0.,0.));
#8583 = CARTESIAN_POINT('',(0.275590551181,0.));
#8584 = ( GEOMETRIC_REPRESENTATION_CONTEXT(2) 
PARAMETRIC_REPRESENTATION_CONTEXT() REPRESENTATION_CONTEXT('2D SPACE',''
  ) );
#8585 = ORIENTED_EDGE('',*,*,#8456,.T.);
#8586 = ORIENTED_EDGE('',*,*,#8377,.T.);
#8587 = ORIENTED_EDGE('',*,*,#8588,.F.);
#8588 = EDGE_CURVE('',#8567,#8378,#8589,.T.);
#8589 = SURFACE_CURVE('',#8590,(#8593,#8599),.PCURVE_S1.);
#8590 = B_SPLINE_CURVE_WITH_KNOTS('',1,(#8591,#8592),.UNSPECIFIED.,.F.,
  .F.,(2,2),(0.,0.185039370079),.PIECEWISE_BEZIER_KNOTS.);
#8591 = CARTESIAN_POINT('',(-191.334,-107.858,136.508));
#8592 = CARTESIAN_POINT('',(-196.034,-107.858,136.508));
#8593 = PCURVE('',#8391,#8594);
#8594 = DEFINITIONAL_REPRESENTATION('',(#8595),#8598);
#8595 = B_SPLINE_CURVE_WITH_KNOTS('',1,(#8596,#8597),.UNSPECIFIED.,.F.,
  .F.,(2,2),(0.,0.185039370079),.PIECEWISE_BEZIER_KNOTS.);
#8596 = CARTESIAN_POINT('',(0.275590551181,0.));
#8597 = CARTESIAN_POINT('',(0.275590551181,-0.185039370079));
#8598 = ( GEOMETRIC_REPRESENTATION_CONTEXT(2) 
PARAMETRIC_REPRESENTATION_CONTEXT() REPRESENTATION_CONTEXT('2D SPACE',''
  ) );
#8599 = PCURVE('',#8416,#8600);
#8600 = DEFINITIONAL_REPRESENTATION('',(#8601),#8604);
#8601 = B_SPLINE_CURVE_WITH_KNOTS('',1,(#8602,#8603),.UNSPECIFIED.,.F.,
  .F.,(2,2),(0.,0.185039370079),.PIECEWISE_BEZIER_KNOTS.);
#8602 = CARTESIAN_POINT('',(0.,0.));
#8603 = CARTESIAN_POINT('',(0.,0.185039370079));
#8604 = ( GEOMETRIC_REPRESENTATION_CONTEXT(2) 
PARAMETRIC_REPRESENTATION_CONTEXT() REPRESENTATION_CONTEXT('2D SPACE',''
  ) );
#8605 = ADVANCED_FACE('',(#8606),#8416,.F.);
#8606 = FACE_BOUND('',#8607,.F.);
#8607 = EDGE_LOOP('',(#8608,#8609,#8627,#8628));
#8608 = ORIENTED_EDGE('',*,*,#8588,.F.);
#8609 = ORIENTED_EDGE('',*,*,#8610,.T.);
#8610 = EDGE_CURVE('',#8567,#8524,#8611,.T.);
#8611 = SURFACE_CURVE('',#8612,(#8615,#8621),.PCURVE_S1.);
#8612 = B_SPLINE_CURVE_WITH_KNOTS('',1,(#8613,#8614),.UNSPECIFIED.,.F.,
  .F.,(2,2),(0.,0.318897637795),.PIECEWISE_BEZIER_KNOTS.);
#8613 = CARTESIAN_POINT('',(-191.334,-107.858,136.508));
#8614 = CARTESIAN_POINT('',(-191.334,-107.858,144.608));
#8615 = PCURVE('',#8416,#8616);
#8616 = DEFINITIONAL_REPRESENTATION('',(#8617),#8620);
#8617 = B_SPLINE_CURVE_WITH_KNOTS('',1,(#8618,#8619),.UNSPECIFIED.,.F.,
  .F.,(2,2),(0.,0.318897637795),.PIECEWISE_BEZIER_KNOTS.);
#8618 = CARTESIAN_POINT('',(0.,0.));
#8619 = CARTESIAN_POINT('',(0.318897637795,0.));
#8620 = ( GEOMETRIC_REPRESENTATION_CONTEXT(2) 
PARAMETRIC_REPRESENTATION_CONTEXT() REPRESENTATION_CONTEXT('2D SPACE',''
  ) );
#8621 = PCURVE('',#8490,#8622);
#8622 = DEFINITIONAL_REPRESENTATION('',(#8623),#8626);
#8623 = B_SPLINE_CURVE_WITH_KNOTS('',1,(#8624,#8625),.UNSPECIFIED.,.F.,
  .F.,(2,2),(0.,0.318897637795),.PIECEWISE_BEZIER_KNOTS.);
#8624 = CARTESIAN_POINT('',(0.275590551181,0.));
#8625 = CARTESIAN_POINT('',(0.275590551181,0.318897637795));
#8626 = ( GEOMETRIC_REPRESENTATION_CONTEXT(2) 
PARAMETRIC_REPRESENTATION_CONTEXT() REPRESENTATION_CONTEXT('2D SPACE',''
  ) );
#8627 = ORIENTED_EDGE('',*,*,#8545,.T.);
#8628 = ORIENTED_EDGE('',*,*,#8402,.F.);
#8629 = ADVANCED_FACE('',(#8630),#8490,.T.);
#8630 = FACE_BOUND('',#8631,.T.);
#8631 = EDGE_LOOP('',(#8632,#8633,#8634,#8635));
#8632 = ORIENTED_EDGE('',*,*,#8476,.F.);
#8633 = ORIENTED_EDGE('',*,*,#8566,.T.);
#8634 = ORIENTED_EDGE('',*,*,#8610,.T.);
#8635 = ORIENTED_EDGE('',*,*,#8523,.F.);
#8636 = MANIFOLD_SOLID_BREP('',#8637);
#8637 = CLOSED_SHELL('',(#8638,#8757,#8813,#8817,#8882,#8988,#9055,#9098
    ,#9141,#9165));
#8638 = ADVANCED_FACE('',(#8639),#8652,.F.);
#8639 = FACE_BOUND('',#8640,.F.);
#8640 = EDGE_LOOP('',(#8641,#8680,#8718,#8719));
#8641 = ORIENTED_EDGE('',*,*,#8642,.T.);
#8642 = EDGE_CURVE('',#8643,#8645,#8647,.T.);
#8643 = VERTEX_POINT('',#8644);
#8644 = CARTESIAN_POINT('',(-201.034,-103.358,184.058));
#8645 = VERTEX_POINT('',#8646);
#8646 = CARTESIAN_POINT('',(-205.034,-103.358,184.058));
#8647 = SEAM_CURVE('',#8648,(#8651,#8673),.PCURVE_S1.);
#8648 = B_SPLINE_CURVE_WITH_KNOTS('',1,(#8649,#8650),.UNSPECIFIED.,.F.,
  .F.,(2,2),(0.,0.157480314961),.PIECEWISE_BEZIER_KNOTS.);
#8649 = CARTESIAN_POINT('',(-201.034,-103.358,184.058));
#8650 = CARTESIAN_POINT('',(-205.034,-103.358,184.058));
#8651 = PCURVE('',#8652,#8667);
#8652 = ( BOUNDED_SURFACE() B_SPLINE_SURFACE(2,1,(
    (#8653,#8654)
    ,(#8655,#8656)
    ,(#8657,#8658)
    ,(#8659,#8660)
    ,(#8661,#8662)
    ,(#8663,#8664)
    ,(#8665,#8666
)),.UNSPECIFIED.,.T.,.F.,.F.) B_SPLINE_SURFACE_WITH_KNOTS((1,2,2,2,2,1),
  (2,2),(-2.094395102393,0.,2.094395102393,4.188790204786,6.28318530718,
    8.377580409573),(-0.157480314961,0.),.UNSPECIFIED.) 
GEOMETRIC_REPRESENTATION_ITEM() RATIONAL_B_SPLINE_SURFACE((
    (1.,1.)
    ,(0.5,0.5)
    ,(1.,1.)
    ,(0.5,0.5)
    ,(1.,1.)
    ,(0.5,0.5)
,(1.,1.))) REPRESENTATION_ITEM('') SURFACE() );
#8653 = CARTESIAN_POINT('',(-205.034,-103.358,184.058));
#8654 = CARTESIAN_POINT('',(-201.034,-103.358,184.058));
#8655 = CARTESIAN_POINT('',(-205.034,-97.2958221735,184.058));
#8656 = CARTESIAN_POINT('',(-201.034,-97.2958221735,184.058));
#8657 = CARTESIAN_POINT('',(-205.034,-100.3269110867,178.808));
#8658 = CARTESIAN_POINT('',(-201.034,-100.3269110867,178.808));
#8659 = CARTESIAN_POINT('',(-205.034,-103.358,173.558));
#8660 = CARTESIAN_POINT('',(-201.034,-103.358,173.558));
#8661 = CARTESIAN_POINT('',(-205.034,-106.3890889132,178.808));
#8662 = CARTESIAN_POINT('',(-201.034,-106.3890889132,178.808));
#8663 = CARTESIAN_POINT('',(-205.034,-109.4201778264,184.058));
#8664 = CARTESIAN_POINT('',(-201.034,-109.4201778264,184.058));
#8665 = CARTESIAN_POINT('',(-205.034,-103.358,184.058));
#8666 = CARTESIAN_POINT('',(-201.034,-103.358,184.058));
#8667 = DEFINITIONAL_REPRESENTATION('',(#8668),#8672);
#8668 = B_SPLINE_CURVE_WITH_KNOTS('',2,(#8669,#8670,#8671),
  .UNSPECIFIED.,.F.,.F.,(3,3),(0.,0.157480314961),
  .PIECEWISE_BEZIER_KNOTS.);
#8669 = CARTESIAN_POINT('',(0.,0.));
#8670 = CARTESIAN_POINT('',(0.,-7.874015748031E-02));
#8671 = CARTESIAN_POINT('',(0.,-0.157480314961));
#8672 = ( GEOMETRIC_REPRESENTATION_CONTEXT(2) 
PARAMETRIC_REPRESENTATION_CONTEXT() REPRESENTATION_CONTEXT('2D SPACE',''
  ) );
#8673 = PCURVE('',#8652,#8674);
#8674 = DEFINITIONAL_REPRESENTATION('',(#8675),#8679);
#8675 = B_SPLINE_CURVE_WITH_KNOTS('',2,(#8676,#8677,#8678),
  .UNSPECIFIED.,.F.,.F.,(3,3),(0.,0.157480314961),
  .PIECEWISE_BEZIER_KNOTS.);
#8676 = CARTESIAN_POINT('',(6.28318530718,0.));
#8677 = CARTESIAN_POINT('',(6.28318530718,-7.874015748031E-02));
#8678 = CARTESIAN_POINT('',(6.28318530718,-0.157480314961));
#8679 = ( GEOMETRIC_REPRESENTATION_CONTEXT(2) 
PARAMETRIC_REPRESENTATION_CONTEXT() REPRESENTATION_CONTEXT('2D SPACE',''
  ) );
#8680 = ORIENTED_EDGE('',*,*,#8681,.T.);
#8681 = EDGE_CURVE('',#8645,#8645,#8682,.T.);
#8682 = SURFACE_CURVE('',#8683,(#8691,#8702),.PCURVE_S1.);
#8683 = ( BOUNDED_CURVE() B_SPLINE_CURVE(2,(#8684,#8685,#8686,#8687,
#8688,#8689,#8690),.UNSPECIFIED.,.T.,.F.) B_SPLINE_CURVE_WITH_KNOTS((1,2
    ,2,2,2,1),(-2.094395102393,0.,2.094395102393,4.188790204786,
6.28318530718,8.377580409573),.UNSPECIFIED.) CURVE() 
GEOMETRIC_REPRESENTATION_ITEM() RATIONAL_B_SPLINE_CURVE((1.,0.5,1.,0.5,
1.,0.5,1.)) REPRESENTATION_ITEM('') );
#8684 = CARTESIAN_POINT('',(-205.034,-103.358,184.058));
#8685 = CARTESIAN_POINT('',(-205.034,-97.2958221735,184.058));
#8686 = CARTESIAN_POINT('',(-205.034,-100.3269110867,178.808));
#8687 = CARTESIAN_POINT('',(-205.034,-103.358,173.558));
#8688 = CARTESIAN_POINT('',(-205.034,-106.3890889132,178.808));
#8689 = CARTESIAN_POINT('',(-205.034,-109.4201778264,184.058));
#8690 = CARTESIAN_POINT('',(-205.034,-103.358,184.058));
#8691 = PCURVE('',#8652,#8692);
#8692 = DEFINITIONAL_REPRESENTATION('',(#8693),#8701);
#8693 = B_SPLINE_CURVE_WITH_KNOTS('',2,(#8694,#8695,#8696,#8697,#8698,
    #8699,#8700),.UNSPECIFIED.,.F.,.F.,(3,2,2,3),(0.,2.094395102393,
    4.188790204786,6.28318530718),.PIECEWISE_BEZIER_KNOTS.);
#8694 = CARTESIAN_POINT('',(0.,-0.157480314961));
#8695 = CARTESIAN_POINT('',(1.047197551197,-0.157480314961));
#8696 = CARTESIAN_POINT('',(2.094395102393,-0.157480314961));
#8697 = CARTESIAN_POINT('',(3.14159265359,-0.157480314961));
#8698 = CARTESIAN_POINT('',(4.188790204786,-0.157480314961));
#8699 = CARTESIAN_POINT('',(5.235987755983,-0.157480314961));
#8700 = CARTESIAN_POINT('',(6.28318530718,-0.157480314961));
#8701 = ( GEOMETRIC_REPRESENTATION_CONTEXT(2) 
PARAMETRIC_REPRESENTATION_CONTEXT() REPRESENTATION_CONTEXT('2D SPACE',''
  ) );
#8702 = PCURVE('',#8703,#8708);
#8703 = B_SPLINE_SURFACE_WITH_KNOTS('',1,1,(
    (#8704,#8705)
    ,(#8706,#8707
    )),.UNSPECIFIED.,.F.,.F.,.F.,(2,2),(2,2),(-0.137795275591,
    0.137795275591),(-0.137795275591,0.137795275591),
  .PIECEWISE_BEZIER_KNOTS.);
#8704 = CARTESIAN_POINT('',(-205.034,-99.858,177.058));
#8705 = CARTESIAN_POINT('',(-205.034,-99.858,184.058));
#8706 = CARTESIAN_POINT('',(-205.034,-106.858,177.058));
#8707 = CARTESIAN_POINT('',(-205.034,-106.858,184.058));
#8708 = DEFINITIONAL_REPRESENTATION('',(#8709),#8717);
#8709 = ( BOUNDED_CURVE() B_SPLINE_CURVE(2,(#8710,#8711,#8712,#8713,
#8714,#8715,#8716),.UNSPECIFIED.,.T.,.F.) B_SPLINE_CURVE_WITH_KNOTS((1,2
    ,2,2,2,1),(-2.094395102393,0.,2.094395102393,4.188790204786,
6.28318530718,8.377580409573),.UNSPECIFIED.) CURVE() 
GEOMETRIC_REPRESENTATION_ITEM() RATIONAL_B_SPLINE_CURVE((1.,0.5,1.,0.5,
1.,0.5,1.)) REPRESENTATION_ITEM('') );
#8710 = CARTESIAN_POINT('',(2.22044604925E-16,0.137795275591));
#8711 = CARTESIAN_POINT('',(-0.238668418366,0.137795275591));
#8712 = CARTESIAN_POINT('',(-0.119334209183,-6.889763779528E-02));
#8713 = CARTESIAN_POINT('',(2.22044604925E-16,-0.275590551181));
#8714 = CARTESIAN_POINT('',(0.119334209183,-6.889763779528E-02));
#8715 = CARTESIAN_POINT('',(0.238668418366,0.137795275591));
#8716 = CARTESIAN_POINT('',(2.22044604925E-16,0.137795275591));
#8717 = ( GEOMETRIC_REPRESENTATION_CONTEXT(2) 
PARAMETRIC_REPRESENTATION_CONTEXT() REPRESENTATION_CONTEXT('2D SPACE',''
  ) );
#8718 = ORIENTED_EDGE('',*,*,#8642,.F.);
#8719 = ORIENTED_EDGE('',*,*,#8720,.F.);
#8720 = EDGE_CURVE('',#8643,#8643,#8721,.T.);
#8721 = SURFACE_CURVE('',#8722,(#8730,#8741),.PCURVE_S1.);
#8722 = ( BOUNDED_CURVE() B_SPLINE_CURVE(2,(#8723,#8724,#8725,#8726,
#8727,#8728,#8729),.UNSPECIFIED.,.T.,.F.) B_SPLINE_CURVE_WITH_KNOTS((1,2
    ,2,2,2,1),(-2.094395102393,0.,2.094395102393,4.188790204786,
6.28318530718,8.377580409573),.UNSPECIFIED.) CURVE() 
GEOMETRIC_REPRESENTATION_ITEM() RATIONAL_B_SPLINE_CURVE((1.,0.5,1.,0.5,
1.,0.5,1.)) REPRESENTATION_ITEM('') );
#8723 = CARTESIAN_POINT('',(-201.034,-103.358,184.058));
#8724 = CARTESIAN_POINT('',(-201.034,-97.2958221735,184.058));
#8725 = CARTESIAN_POINT('',(-201.034,-100.3269110867,178.808));
#8726 = CARTESIAN_POINT('',(-201.034,-103.358,173.558));
#8727 = CARTESIAN_POINT('',(-201.034,-106.3890889132,178.808));
#8728 = CARTESIAN_POINT('',(-201.034,-109.4201778264,184.058));
#8729 = CARTESIAN_POINT('',(-201.034,-103.358,184.058));
#8730 = PCURVE('',#8652,#8731);
#8731 = DEFINITIONAL_REPRESENTATION('',(#8732),#8740);
#8732 = B_SPLINE_CURVE_WITH_KNOTS('',2,(#8733,#8734,#8735,#8736,#8737,
    #8738,#8739),.UNSPECIFIED.,.F.,.F.,(3,2,2,3),(0.,2.094395102393,
    4.188790204786,6.28318530718),.PIECEWISE_BEZIER_KNOTS.);
#8733 = CARTESIAN_POINT('',(0.,0.));
#8734 = CARTESIAN_POINT('',(1.047197551197,9.423004261788E-16));
#8735 = CARTESIAN_POINT('',(2.094395102393,-8.881784197001E-16));
#8736 = CARTESIAN_POINT('',(3.14159265359,-2.872848114058E-15));
#8737 = CARTESIAN_POINT('',(4.188790204786,0.));
#8738 = CARTESIAN_POINT('',(5.235987755983,-7.802037882856E-16));
#8739 = CARTESIAN_POINT('',(6.28318530718,0.));
#8740 = ( GEOMETRIC_REPRESENTATION_CONTEXT(2) 
PARAMETRIC_REPRESENTATION_CONTEXT() REPRESENTATION_CONTEXT('2D SPACE',''
  ) );
#8741 = PCURVE('',#8742,#8747);
#8742 = B_SPLINE_SURFACE_WITH_KNOTS('',1,1,(
    (#8743,#8744)
    ,(#8745,#8746
    )),.UNSPECIFIED.,.F.,.F.,.F.,(2,2),(2,2),(-0.137795275591,
    0.137795275591),(-0.137795275591,0.137795275591),
  .PIECEWISE_BEZIER_KNOTS.);
#8743 = CARTESIAN_POINT('',(-201.034,-99.858,177.058));
#8744 = CARTESIAN_POINT('',(-201.034,-99.858,184.058));
#8745 = CARTESIAN_POINT('',(-201.034,-106.858,177.058));
#8746 = CARTESIAN_POINT('',(-201.034,-106.858,184.058));
#8747 = DEFINITIONAL_REPRESENTATION('',(#8748),#8756);
#8748 = ( BOUNDED_CURVE() B_SPLINE_CURVE(2,(#8749,#8750,#8751,#8752,
#8753,#8754,#8755),.UNSPECIFIED.,.T.,.F.) B_SPLINE_CURVE_WITH_KNOTS((1,2
    ,2,2,2,1),(-2.094395102393,0.,2.094395102393,4.188790204786,
6.28318530718,8.377580409573),.UNSPECIFIED.) CURVE() 
GEOMETRIC_REPRESENTATION_ITEM() RATIONAL_B_SPLINE_CURVE((1.,0.5,1.,0.5,
1.,0.5,1.)) REPRESENTATION_ITEM('') );
#8749 = CARTESIAN_POINT('',(2.22044604925E-16,0.137795275591));
#8750 = CARTESIAN_POINT('',(-0.238668418366,0.137795275591));
#8751 = CARTESIAN_POINT('',(-0.119334209183,-6.889763779528E-02));
#8752 = CARTESIAN_POINT('',(2.22044604925E-16,-0.275590551181));
#8753 = CARTESIAN_POINT('',(0.119334209183,-6.889763779528E-02));
#8754 = CARTESIAN_POINT('',(0.238668418366,0.137795275591));
#8755 = CARTESIAN_POINT('',(2.22044604925E-16,0.137795275591));
#8756 = ( GEOMETRIC_REPRESENTATION_CONTEXT(2) 
PARAMETRIC_REPRESENTATION_CONTEXT() REPRESENTATION_CONTEXT('2D SPACE',''
  ) );
#8757 = ADVANCED_FACE('',(#8758,#8761),#8742,.F.);
#8758 = FACE_BOUND('',#8759,.F.);
#8759 = EDGE_LOOP('',(#8760));
#8760 = ORIENTED_EDGE('',*,*,#8720,.T.);
#8761 = FACE_BOUND('',#8762,.F.);
#8762 = EDGE_LOOP('',(#8763));
#8763 = ORIENTED_EDGE('',*,*,#8764,.F.);
#8764 = EDGE_CURVE('',#8765,#8765,#8767,.T.);
#8765 = VERTEX_POINT('',#8766);
#8766 = CARTESIAN_POINT('',(-201.034,-103.358,182.558));
#8767 = SURFACE_CURVE('',#8768,(#8776,#8787),.PCURVE_S1.);
#8768 = ( BOUNDED_CURVE() B_SPLINE_CURVE(2,(#8769,#8770,#8771,#8772,
#8773,#8774,#8775),.UNSPECIFIED.,.T.,.F.) B_SPLINE_CURVE_WITH_KNOTS((1,2
    ,2,2,2,1),(-2.094395102393,0.,2.094395102393,4.188790204786,
6.28318530718,8.377580409573),.UNSPECIFIED.) CURVE() 
GEOMETRIC_REPRESENTATION_ITEM() RATIONAL_B_SPLINE_CURVE((1.,0.5,1.,0.5,
1.,0.5,1.)) REPRESENTATION_ITEM('') );
#8769 = CARTESIAN_POINT('',(-201.034,-103.358,182.558));
#8770 = CARTESIAN_POINT('',(-201.034,-99.89389838486,182.558));
#8771 = CARTESIAN_POINT('',(-201.034,-101.6259491924,179.558));
#8772 = CARTESIAN_POINT('',(-201.034,-103.358,176.558));
#8773 = CARTESIAN_POINT('',(-201.034,-105.0900508075,179.558));
#8774 = CARTESIAN_POINT('',(-201.034,-106.8221016151,182.558));
#8775 = CARTESIAN_POINT('',(-201.034,-103.358,182.558));
#8776 = PCURVE('',#8742,#8777);
#8777 = DEFINITIONAL_REPRESENTATION('',(#8778),#8786);
#8778 = ( BOUNDED_CURVE() B_SPLINE_CURVE(2,(#8779,#8780,#8781,#8782,
#8783,#8784,#8785),.UNSPECIFIED.,.T.,.F.) B_SPLINE_CURVE_WITH_KNOTS((1,2
    ,2,2,2,1),(-2.094395102393,0.,2.094395102393,4.188790204786,
6.28318530718,8.377580409573),.UNSPECIFIED.) CURVE() 
GEOMETRIC_REPRESENTATION_ITEM() RATIONAL_B_SPLINE_CURVE((1.,0.5,1.,0.5,
1.,0.5,1.)) REPRESENTATION_ITEM('') );
#8779 = CARTESIAN_POINT('',(2.22044604925E-16,7.874015748031E-02));
#8780 = CARTESIAN_POINT('',(-0.136381953352,7.874015748031E-02));
#8781 = CARTESIAN_POINT('',(-6.819097667594E-02,-3.937007874016E-02));
#8782 = CARTESIAN_POINT('',(2.22044604925E-16,-0.157480314961));
#8783 = CARTESIAN_POINT('',(6.819097667594E-02,-3.937007874016E-02));
#8784 = CARTESIAN_POINT('',(0.136381953352,7.874015748031E-02));
#8785 = CARTESIAN_POINT('',(2.22044604925E-16,7.874015748031E-02));
#8786 = ( GEOMETRIC_REPRESENTATION_CONTEXT(2) 
PARAMETRIC_REPRESENTATION_CONTEXT() REPRESENTATION_CONTEXT('2D SPACE',''
  ) );
#8787 = PCURVE('',#8788,#8803);
#8788 = ( BOUNDED_SURFACE() B_SPLINE_SURFACE(2,1,(
    (#8789,#8790)
    ,(#8791,#8792)
    ,(#8793,#8794)
    ,(#8795,#8796)
    ,(#8797,#8798)
    ,(#8799,#8800)
    ,(#8801,#8802
)),.UNSPECIFIED.,.T.,.F.,.F.) B_SPLINE_SURFACE_WITH_KNOTS((1,2,2,2,2,1),
  (2,2),(-2.094395102393,0.,2.094395102393,4.188790204786,6.28318530718,
    8.377580409573),(-0.314960629921,-0.11811023622),.UNSPECIFIED.) 
GEOMETRIC_REPRESENTATION_ITEM() RATIONAL_B_SPLINE_SURFACE((
    (1.,1.)
    ,(0.5,0.5)
    ,(1.,1.)
    ,(0.5,0.5)
    ,(1.,1.)
    ,(0.5,0.5)
,(1.,1.))) REPRESENTATION_ITEM('') SURFACE() );
#8789 = CARTESIAN_POINT('',(-201.034,-103.358,182.558));
#8790 = CARTESIAN_POINT('',(-196.034,-103.358,182.558));
#8791 = CARTESIAN_POINT('',(-201.034,-99.89389838486,182.558));
#8792 = CARTESIAN_POINT('',(-196.034,-99.89389838486,182.558));
#8793 = CARTESIAN_POINT('',(-201.034,-101.6259491924,179.558));
#8794 = CARTESIAN_POINT('',(-196.034,-101.6259491924,179.558));
#8795 = CARTESIAN_POINT('',(-201.034,-103.358,176.558));
#8796 = CARTESIAN_POINT('',(-196.034,-103.358,176.558));
#8797 = CARTESIAN_POINT('',(-201.034,-105.0900508075,179.558));
#8798 = CARTESIAN_POINT('',(-196.034,-105.0900508075,179.558));
#8799 = CARTESIAN_POINT('',(-201.034,-106.8221016151,182.558));
#8800 = CARTESIAN_POINT('',(-196.034,-106.8221016151,182.558));
#8801 = CARTESIAN_POINT('',(-201.034,-103.358,182.558));
#8802 = CARTESIAN_POINT('',(-196.034,-103.358,182.558));
#8803 = DEFINITIONAL_REPRESENTATION('',(#8804),#8812);
#8804 = B_SPLINE_CURVE_WITH_KNOTS('',2,(#8805,#8806,#8807,#8808,#8809,
    #8810,#8811),.UNSPECIFIED.,.F.,.F.,(3,2,2,3),(0.,2.094395102393,
    4.188790204786,6.28318530718),.PIECEWISE_BEZIER_KNOTS.);
#8805 = CARTESIAN_POINT('',(0.,-0.314960629921));
#8806 = CARTESIAN_POINT('',(1.047197551197,-0.314960629921));
#8807 = CARTESIAN_POINT('',(2.094395102393,-0.314960629921));
#8808 = CARTESIAN_POINT('',(3.14159265359,-0.314960629921));
#8809 = CARTESIAN_POINT('',(4.188790204786,-0.314960629921));
#8810 = CARTESIAN_POINT('',(5.235987755983,-0.314960629921));
#8811 = CARTESIAN_POINT('',(6.28318530718,-0.314960629921));
#8812 = ( GEOMETRIC_REPRESENTATION_CONTEXT(2) 
PARAMETRIC_REPRESENTATION_CONTEXT() REPRESENTATION_CONTEXT('2D SPACE',''
  ) );
#8813 = ADVANCED_FACE('',(#8814),#8703,.T.);
#8814 = FACE_BOUND('',#8815,.T.);
#8815 = EDGE_LOOP('',(#8816));
#8816 = ORIENTED_EDGE('',*,*,#8681,.T.);
#8817 = ADVANCED_FACE('',(#8818),#8788,.F.);
#8818 = FACE_BOUND('',#8819,.F.);
#8819 = EDGE_LOOP('',(#8820,#8860,#8880,#8881));
#8820 = ORIENTED_EDGE('',*,*,#8821,.F.);
#8821 = EDGE_CURVE('',#8822,#8822,#8824,.T.);
#8822 = VERTEX_POINT('',#8823);
#8823 = CARTESIAN_POINT('',(-196.034,-103.358,182.558));
#8824 = SURFACE_CURVE('',#8825,(#8833,#8844),.PCURVE_S1.);
#8825 = ( BOUNDED_CURVE() B_SPLINE_CURVE(2,(#8826,#8827,#8828,#8829,
#8830,#8831,#8832),.UNSPECIFIED.,.T.,.F.) B_SPLINE_CURVE_WITH_KNOTS((1,2
    ,2,2,2,1),(-2.094395102393,0.,2.094395102393,4.188790204786,
6.28318530718,8.377580409573),.UNSPECIFIED.) CURVE() 
GEOMETRIC_REPRESENTATION_ITEM() RATIONAL_B_SPLINE_CURVE((1.,0.5,1.,0.5,
1.,0.5,1.)) REPRESENTATION_ITEM('') );
#8826 = CARTESIAN_POINT('',(-196.034,-103.358,182.558));
#8827 = CARTESIAN_POINT('',(-196.034,-99.89389838486,182.558));
#8828 = CARTESIAN_POINT('',(-196.034,-101.6259491924,179.558));
#8829 = CARTESIAN_POINT('',(-196.034,-103.358,176.558));
#8830 = CARTESIAN_POINT('',(-196.034,-105.0900508075,179.558));
#8831 = CARTESIAN_POINT('',(-196.034,-106.8221016151,182.558));
#8832 = CARTESIAN_POINT('',(-196.034,-103.358,182.558));
#8833 = PCURVE('',#8788,#8834);
#8834 = DEFINITIONAL_REPRESENTATION('',(#8835),#8843);
#8835 = B_SPLINE_CURVE_WITH_KNOTS('',2,(#8836,#8837,#8838,#8839,#8840,
    #8841,#8842),.UNSPECIFIED.,.F.,.F.,(3,2,2,3),(0.,2.094395102393,
    4.188790204786,6.28318530718),.PIECEWISE_BEZIER_KNOTS.);
#8836 = CARTESIAN_POINT('',(0.,-0.11811023622));
#8837 = CARTESIAN_POINT('',(1.047197551197,-0.11811023622));
#8838 = CARTESIAN_POINT('',(2.094395102393,-0.11811023622));
#8839 = CARTESIAN_POINT('',(3.14159265359,-0.11811023622));
#8840 = CARTESIAN_POINT('',(4.188790204786,-0.11811023622));
#8841 = CARTESIAN_POINT('',(5.235987755983,-0.11811023622));
#8842 = CARTESIAN_POINT('',(6.28318530718,-0.11811023622));
#8843 = ( GEOMETRIC_REPRESENTATION_CONTEXT(2) 
PARAMETRIC_REPRESENTATION_CONTEXT() REPRESENTATION_CONTEXT('2D SPACE',''
  ) );
#8844 = PCURVE('',#8845,#8850);
#8845 = B_SPLINE_SURFACE_WITH_KNOTS('',1,1,(
    (#8846,#8847)
    ,(#8848,#8849
    )),.UNSPECIFIED.,.F.,.F.,.F.,(2,2),(2,2),(0.,0.275590551181),(0.,
    0.318897637795),.PIECEWISE_BEZIER_KNOTS.);
#8846 = CARTESIAN_POINT('',(-196.034,-106.858,176.508));
#8847 = CARTESIAN_POINT('',(-196.034,-106.858,184.608));
#8848 = CARTESIAN_POINT('',(-196.034,-99.858,176.508));
#8849 = CARTESIAN_POINT('',(-196.034,-99.858,184.608));
#8850 = DEFINITIONAL_REPRESENTATION('',(#8851),#8859);
#8851 = ( BOUNDED_CURVE() B_SPLINE_CURVE(2,(#8852,#8853,#8854,#8855,
#8856,#8857,#8858),.UNSPECIFIED.,.T.,.F.) B_SPLINE_CURVE_WITH_KNOTS((1,2
    ,2,2,2,1),(-2.094395102393,0.,2.094395102393,4.188790204786,
6.28318530718,8.377580409573),.UNSPECIFIED.) CURVE() 
GEOMETRIC_REPRESENTATION_ITEM() RATIONAL_B_SPLINE_CURVE((1.,0.5,1.,0.5,
1.,0.5,1.)) REPRESENTATION_ITEM('') );
#8852 = CARTESIAN_POINT('',(0.137795275591,0.238188976378));
#8853 = CARTESIAN_POINT('',(0.274177228942,0.238188976378));
#8854 = CARTESIAN_POINT('',(0.205986252266,0.120078740157));
#8855 = CARTESIAN_POINT('',(0.137795275591,1.968503937007E-03));
#8856 = CARTESIAN_POINT('',(6.960429891461E-02,0.120078740157));
#8857 = CARTESIAN_POINT('',(1.413322238671E-03,0.238188976378));
#8858 = CARTESIAN_POINT('',(0.137795275591,0.238188976378));
#8859 = ( GEOMETRIC_REPRESENTATION_CONTEXT(2) 
PARAMETRIC_REPRESENTATION_CONTEXT() REPRESENTATION_CONTEXT('2D SPACE',''
  ) );
#8860 = ORIENTED_EDGE('',*,*,#8861,.T.);
#8861 = EDGE_CURVE('',#8822,#8765,#8862,.T.);
#8862 = SEAM_CURVE('',#8863,(#8866,#8873),.PCURVE_S1.);
#8863 = B_SPLINE_CURVE_WITH_KNOTS('',1,(#8864,#8865),.UNSPECIFIED.,.F.,
  .F.,(2,2),(0.11811023622,0.314960629921),.PIECEWISE_BEZIER_KNOTS.);
#8864 = CARTESIAN_POINT('',(-196.034,-103.358,182.558));
#8865 = CARTESIAN_POINT('',(-201.034,-103.358,182.558));
#8866 = PCURVE('',#8788,#8867);
#8867 = DEFINITIONAL_REPRESENTATION('',(#8868),#8872);
#8868 = B_SPLINE_CURVE_WITH_KNOTS('',2,(#8869,#8870,#8871),
  .UNSPECIFIED.,.F.,.F.,(3,3),(0.11811023622,0.314960629921),
  .PIECEWISE_BEZIER_KNOTS.);
#8869 = CARTESIAN_POINT('',(6.28318530718,-0.11811023622));
#8870 = CARTESIAN_POINT('',(6.28318530718,-0.216535433071));
#8871 = CARTESIAN_POINT('',(6.28318530718,-0.314960629921));
#8872 = ( GEOMETRIC_REPRESENTATION_CONTEXT(2) 
PARAMETRIC_REPRESENTATION_CONTEXT() REPRESENTATION_CONTEXT('2D SPACE',''
  ) );
#8873 = PCURVE('',#8788,#8874);
#8874 = DEFINITIONAL_REPRESENTATION('',(#8875),#8879);
#8875 = B_SPLINE_CURVE_WITH_KNOTS('',2,(#8876,#8877,#8878),
  .UNSPECIFIED.,.F.,.F.,(3,3),(0.11811023622,0.314960629921),
  .PIECEWISE_BEZIER_KNOTS.);
#8876 = CARTESIAN_POINT('',(0.,-0.11811023622));
#8877 = CARTESIAN_POINT('',(8.881784197001E-16,-0.216535433071));
#8878 = CARTESIAN_POINT('',(0.,-0.314960629921));
#8879 = ( GEOMETRIC_REPRESENTATION_CONTEXT(2) 
PARAMETRIC_REPRESENTATION_CONTEXT() REPRESENTATION_CONTEXT('2D SPACE',''
  ) );
#8880 = ORIENTED_EDGE('',*,*,#8764,.T.);
#8881 = ORIENTED_EDGE('',*,*,#8861,.F.);
#8882 = ADVANCED_FACE('',(#8883,#8985),#8845,.F.);
#8883 = FACE_BOUND('',#8884,.F.);
#8884 = EDGE_LOOP('',(#8885,#8912,#8937,#8962));
#8885 = ORIENTED_EDGE('',*,*,#8886,.F.);
#8886 = EDGE_CURVE('',#8887,#8889,#8891,.T.);
#8887 = VERTEX_POINT('',#8888);
#8888 = CARTESIAN_POINT('',(-196.034,-106.858,176.508));
#8889 = VERTEX_POINT('',#8890);
#8890 = CARTESIAN_POINT('',(-196.034,-106.858,184.608));
#8891 = SURFACE_CURVE('',#8892,(#8895,#8901),.PCURVE_S1.);
#8892 = B_SPLINE_CURVE_WITH_KNOTS('',1,(#8893,#8894),.UNSPECIFIED.,.F.,
  .F.,(2,2),(0.,0.318897637795),.PIECEWISE_BEZIER_KNOTS.);
#8893 = CARTESIAN_POINT('',(-196.034,-106.858,176.508));
#8894 = CARTESIAN_POINT('',(-196.034,-106.858,184.608));
#8895 = PCURVE('',#8845,#8896);
#8896 = DEFINITIONAL_REPRESENTATION('',(#8897),#8900);
#8897 = B_SPLINE_CURVE_WITH_KNOTS('',1,(#8898,#8899),.UNSPECIFIED.,.F.,
  .F.,(2,2),(0.,0.318897637795),.PIECEWISE_BEZIER_KNOTS.);
#8898 = CARTESIAN_POINT('',(0.,0.));
#8899 = CARTESIAN_POINT('',(0.,0.318897637795));
#8900 = ( GEOMETRIC_REPRESENTATION_CONTEXT(2) 
PARAMETRIC_REPRESENTATION_CONTEXT() REPRESENTATION_CONTEXT('2D SPACE',''
  ) );
#8901 = PCURVE('',#8902,#8907);
#8902 = B_SPLINE_SURFACE_WITH_KNOTS('',1,1,(
    (#8903,#8904)
    ,(#8905,#8906
    )),.UNSPECIFIED.,.F.,.F.,.F.,(2,2),(2,2),(0.,0.318897637795),(0.,
    0.185039370079),.PIECEWISE_BEZIER_KNOTS.);
#8903 = CARTESIAN_POINT('',(-191.334,-106.858,176.508));
#8904 = CARTESIAN_POINT('',(-196.034,-106.858,176.508));
#8905 = CARTESIAN_POINT('',(-191.334,-106.858,184.608));
#8906 = CARTESIAN_POINT('',(-196.034,-106.858,184.608));
#8907 = DEFINITIONAL_REPRESENTATION('',(#8908),#8911);
#8908 = B_SPLINE_CURVE_WITH_KNOTS('',1,(#8909,#8910),.UNSPECIFIED.,.F.,
  .F.,(2,2),(0.,0.318897637795),.PIECEWISE_BEZIER_KNOTS.);
#8909 = CARTESIAN_POINT('',(0.,0.185039370079));
#8910 = CARTESIAN_POINT('',(0.318897637795,0.185039370079));
#8911 = ( GEOMETRIC_REPRESENTATION_CONTEXT(2) 
PARAMETRIC_REPRESENTATION_CONTEXT() REPRESENTATION_CONTEXT('2D SPACE',''
  ) );
#8912 = ORIENTED_EDGE('',*,*,#8913,.T.);
#8913 = EDGE_CURVE('',#8887,#8914,#8916,.T.);
#8914 = VERTEX_POINT('',#8915);
#8915 = CARTESIAN_POINT('',(-196.034,-99.858,176.508));
#8916 = SURFACE_CURVE('',#8917,(#8920,#8926),.PCURVE_S1.);
#8917 = B_SPLINE_CURVE_WITH_KNOTS('',1,(#8918,#8919),.UNSPECIFIED.,.F.,
  .F.,(2,2),(0.,0.275590551181),.PIECEWISE_BEZIER_KNOTS.);
#8918 = CARTESIAN_POINT('',(-196.034,-106.858,176.508));
#8919 = CARTESIAN_POINT('',(-196.034,-99.858,176.508));
#8920 = PCURVE('',#8845,#8921);
#8921 = DEFINITIONAL_REPRESENTATION('',(#8922),#8925);
#8922 = B_SPLINE_CURVE_WITH_KNOTS('',1,(#8923,#8924),.UNSPECIFIED.,.F.,
  .F.,(2,2),(0.,0.275590551181),.PIECEWISE_BEZIER_KNOTS.);
#8923 = CARTESIAN_POINT('',(0.,0.));
#8924 = CARTESIAN_POINT('',(0.275590551181,0.));
#8925 = ( GEOMETRIC_REPRESENTATION_CONTEXT(2) 
PARAMETRIC_REPRESENTATION_CONTEXT() REPRESENTATION_CONTEXT('2D SPACE',''
  ) );
#8926 = PCURVE('',#8927,#8932);
#8927 = B_SPLINE_SURFACE_WITH_KNOTS('',1,1,(
    (#8928,#8929)
    ,(#8930,#8931
    )),.UNSPECIFIED.,.F.,.F.,.F.,(2,2),(2,2),(0.,0.275590551181),(
    -0.185039370079,0.),.PIECEWISE_BEZIER_KNOTS.);
#8928 = CARTESIAN_POINT('',(-196.034,-106.858,176.508));
#8929 = CARTESIAN_POINT('',(-191.334,-106.858,176.508));
#8930 = CARTESIAN_POINT('',(-196.034,-99.858,176.508));
#8931 = CARTESIAN_POINT('',(-191.334,-99.858,176.508));
#8932 = DEFINITIONAL_REPRESENTATION('',(#8933),#8936);
#8933 = B_SPLINE_CURVE_WITH_KNOTS('',1,(#8934,#8935),.UNSPECIFIED.,.F.,
  .F.,(2,2),(0.,0.275590551181),.PIECEWISE_BEZIER_KNOTS.);
#8934 = CARTESIAN_POINT('',(0.,-0.185039370079));
#8935 = CARTESIAN_POINT('',(0.275590551181,-0.185039370079));
#8936 = ( GEOMETRIC_REPRESENTATION_CONTEXT(2) 
PARAMETRIC_REPRESENTATION_CONTEXT() REPRESENTATION_CONTEXT('2D SPACE',''
  ) );
#8937 = ORIENTED_EDGE('',*,*,#8938,.T.);
#8938 = EDGE_CURVE('',#8914,#8939,#8941,.T.);
#8939 = VERTEX_POINT('',#8940);
#8940 = CARTESIAN_POINT('',(-196.034,-99.858,184.608));
#8941 = SURFACE_CURVE('',#8942,(#8945,#8951),.PCURVE_S1.);
#8942 = B_SPLINE_CURVE_WITH_KNOTS('',1,(#8943,#8944),.UNSPECIFIED.,.F.,
  .F.,(2,2),(0.,0.318897637795),.PIECEWISE_BEZIER_KNOTS.);
#8943 = CARTESIAN_POINT('',(-196.034,-99.858,176.508));
#8944 = CARTESIAN_POINT('',(-196.034,-99.858,184.608));
#8945 = PCURVE('',#8845,#8946);
#8946 = DEFINITIONAL_REPRESENTATION('',(#8947),#8950);
#8947 = B_SPLINE_CURVE_WITH_KNOTS('',1,(#8948,#8949),.UNSPECIFIED.,.F.,
  .F.,(2,2),(0.,0.318897637795),.PIECEWISE_BEZIER_KNOTS.);
#8948 = CARTESIAN_POINT('',(0.275590551181,0.));
#8949 = CARTESIAN_POINT('',(0.275590551181,0.318897637795));
#8950 = ( GEOMETRIC_REPRESENTATION_CONTEXT(2) 
PARAMETRIC_REPRESENTATION_CONTEXT() REPRESENTATION_CONTEXT('2D SPACE',''
  ) );
#8951 = PCURVE('',#8952,#8957);
#8952 = B_SPLINE_SURFACE_WITH_KNOTS('',1,1,(
    (#8953,#8954)
    ,(#8955,#8956
    )),.UNSPECIFIED.,.F.,.F.,.F.,(2,2),(2,2),(0.,0.318897637795),(0.,
    0.185039370079),.PIECEWISE_BEZIER_KNOTS.);
#8953 = CARTESIAN_POINT('',(-191.334,-99.858,176.508));
#8954 = CARTESIAN_POINT('',(-196.034,-99.858,176.508));
#8955 = CARTESIAN_POINT('',(-191.334,-99.858,184.608));
#8956 = CARTESIAN_POINT('',(-196.034,-99.858,184.608));
#8957 = DEFINITIONAL_REPRESENTATION('',(#8958),#8961);
#8958 = B_SPLINE_CURVE_WITH_KNOTS('',1,(#8959,#8960),.UNSPECIFIED.,.F.,
  .F.,(2,2),(0.,0.318897637795),.PIECEWISE_BEZIER_KNOTS.);
#8959 = CARTESIAN_POINT('',(0.,0.185039370079));
#8960 = CARTESIAN_POINT('',(0.318897637795,0.185039370079));
#8961 = ( GEOMETRIC_REPRESENTATION_CONTEXT(2) 
PARAMETRIC_REPRESENTATION_CONTEXT() REPRESENTATION_CONTEXT('2D SPACE',''
  ) );
#8962 = ORIENTED_EDGE('',*,*,#8963,.F.);
#8963 = EDGE_CURVE('',#8889,#8939,#8964,.T.);
#8964 = SURFACE_CURVE('',#8965,(#8968,#8974),.PCURVE_S1.);
#8965 = B_SPLINE_CURVE_WITH_KNOTS('',1,(#8966,#8967),.UNSPECIFIED.,.F.,
  .F.,(2,2),(0.,0.275590551181),.PIECEWISE_BEZIER_KNOTS.);
#8966 = CARTESIAN_POINT('',(-196.034,-106.858,184.608));
#8967 = CARTESIAN_POINT('',(-196.034,-99.858,184.608));
#8968 = PCURVE('',#8845,#8969);
#8969 = DEFINITIONAL_REPRESENTATION('',(#8970),#8973);
#8970 = B_SPLINE_CURVE_WITH_KNOTS('',1,(#8971,#8972),.UNSPECIFIED.,.F.,
  .F.,(2,2),(0.,0.275590551181),.PIECEWISE_BEZIER_KNOTS.);
#8971 = CARTESIAN_POINT('',(0.,0.318897637795));
#8972 = CARTESIAN_POINT('',(0.275590551181,0.318897637795));
#8973 = ( GEOMETRIC_REPRESENTATION_CONTEXT(2) 
PARAMETRIC_REPRESENTATION_CONTEXT() REPRESENTATION_CONTEXT('2D SPACE',''
  ) );
#8974 = PCURVE('',#8975,#8980);
#8975 = B_SPLINE_SURFACE_WITH_KNOTS('',1,1,(
    (#8976,#8977)
    ,(#8978,#8979
    )),.UNSPECIFIED.,.F.,.F.,.F.,(2,2),(2,2),(0.,0.275590551181),(
    -0.185039370079,0.),.PIECEWISE_BEZIER_KNOTS.);
#8976 = CARTESIAN_POINT('',(-196.034,-106.858,184.608));
#8977 = CARTESIAN_POINT('',(-191.334,-106.858,184.608));
#8978 = CARTESIAN_POINT('',(-196.034,-99.858,184.608));
#8979 = CARTESIAN_POINT('',(-191.334,-99.858,184.608));
#8980 = DEFINITIONAL_REPRESENTATION('',(#8981),#8984);
#8981 = B_SPLINE_CURVE_WITH_KNOTS('',1,(#8982,#8983),.UNSPECIFIED.,.F.,
  .F.,(2,2),(0.,0.275590551181),.PIECEWISE_BEZIER_KNOTS.);
#8982 = CARTESIAN_POINT('',(0.,-0.185039370079));
#8983 = CARTESIAN_POINT('',(0.275590551181,-0.185039370079));
#8984 = ( GEOMETRIC_REPRESENTATION_CONTEXT(2) 
PARAMETRIC_REPRESENTATION_CONTEXT() REPRESENTATION_CONTEXT('2D SPACE',''
  ) );
#8985 = FACE_BOUND('',#8986,.F.);
#8986 = EDGE_LOOP('',(#8987));
#8987 = ORIENTED_EDGE('',*,*,#8821,.T.);
#8988 = ADVANCED_FACE('',(#8989),#8902,.T.);
#8989 = FACE_BOUND('',#8990,.T.);
#8990 = EDGE_LOOP('',(#8991,#9011,#9036,#9054));
#8991 = ORIENTED_EDGE('',*,*,#8992,.F.);
#8992 = EDGE_CURVE('',#8993,#8887,#8995,.T.);
#8993 = VERTEX_POINT('',#8994);
#8994 = CARTESIAN_POINT('',(-191.334,-106.858,176.508));
#8995 = SURFACE_CURVE('',#8996,(#8999,#9005),.PCURVE_S1.);
#8996 = B_SPLINE_CURVE_WITH_KNOTS('',1,(#8997,#8998),.UNSPECIFIED.,.F.,
  .F.,(2,2),(0.,0.185039370079),.PIECEWISE_BEZIER_KNOTS.);
#8997 = CARTESIAN_POINT('',(-191.334,-106.858,176.508));
#8998 = CARTESIAN_POINT('',(-196.034,-106.858,176.508));
#8999 = PCURVE('',#8902,#9000);
#9000 = DEFINITIONAL_REPRESENTATION('',(#9001),#9004);
#9001 = B_SPLINE_CURVE_WITH_KNOTS('',1,(#9002,#9003),.UNSPECIFIED.,.F.,
  .F.,(2,2),(0.,0.185039370079),.PIECEWISE_BEZIER_KNOTS.);
#9002 = CARTESIAN_POINT('',(0.,0.));
#9003 = CARTESIAN_POINT('',(0.,0.185039370079));
#9004 = ( GEOMETRIC_REPRESENTATION_CONTEXT(2) 
PARAMETRIC_REPRESENTATION_CONTEXT() REPRESENTATION_CONTEXT('2D SPACE',''
  ) );
#9005 = PCURVE('',#8927,#9006);
#9006 = DEFINITIONAL_REPRESENTATION('',(#9007),#9010);
#9007 = B_SPLINE_CURVE_WITH_KNOTS('',1,(#9008,#9009),.UNSPECIFIED.,.F.,
  .F.,(2,2),(0.,0.185039370079),.PIECEWISE_BEZIER_KNOTS.);
#9008 = CARTESIAN_POINT('',(0.,0.));
#9009 = CARTESIAN_POINT('',(0.,-0.185039370079));
#9010 = ( GEOMETRIC_REPRESENTATION_CONTEXT(2) 
PARAMETRIC_REPRESENTATION_CONTEXT() REPRESENTATION_CONTEXT('2D SPACE',''
  ) );
#9011 = ORIENTED_EDGE('',*,*,#9012,.T.);
#9012 = EDGE_CURVE('',#8993,#9013,#9015,.T.);
#9013 = VERTEX_POINT('',#9014);
#9014 = CARTESIAN_POINT('',(-191.334,-106.858,184.608));
#9015 = SURFACE_CURVE('',#9016,(#9019,#9025),.PCURVE_S1.);
#9016 = B_SPLINE_CURVE_WITH_KNOTS('',1,(#9017,#9018),.UNSPECIFIED.,.F.,
  .F.,(2,2),(0.,0.318897637795),.PIECEWISE_BEZIER_KNOTS.);
#9017 = CARTESIAN_POINT('',(-191.334,-106.858,176.508));
#9018 = CARTESIAN_POINT('',(-191.334,-106.858,184.608));
#9019 = PCURVE('',#8902,#9020);
#9020 = DEFINITIONAL_REPRESENTATION('',(#9021),#9024);
#9021 = B_SPLINE_CURVE_WITH_KNOTS('',1,(#9022,#9023),.UNSPECIFIED.,.F.,
  .F.,(2,2),(0.,0.318897637795),.PIECEWISE_BEZIER_KNOTS.);
#9022 = CARTESIAN_POINT('',(0.,0.));
#9023 = CARTESIAN_POINT('',(0.318897637795,0.));
#9024 = ( GEOMETRIC_REPRESENTATION_CONTEXT(2) 
PARAMETRIC_REPRESENTATION_CONTEXT() REPRESENTATION_CONTEXT('2D SPACE',''
  ) );
#9025 = PCURVE('',#9026,#9031);
#9026 = B_SPLINE_SURFACE_WITH_KNOTS('',1,1,(
    (#9027,#9028)
    ,(#9029,#9030
    )),.UNSPECIFIED.,.F.,.F.,.F.,(2,2),(2,2),(0.,0.275590551181),(0.,
    0.318897637795),.PIECEWISE_BEZIER_KNOTS.);
#9027 = CARTESIAN_POINT('',(-191.334,-106.858,176.508));
#9028 = CARTESIAN_POINT('',(-191.334,-106.858,184.608));
#9029 = CARTESIAN_POINT('',(-191.334,-99.858,176.508));
#9030 = CARTESIAN_POINT('',(-191.334,-99.858,184.608));
#9031 = DEFINITIONAL_REPRESENTATION('',(#9032),#9035);
#9032 = B_SPLINE_CURVE_WITH_KNOTS('',1,(#9033,#9034),.UNSPECIFIED.,.F.,
  .F.,(2,2),(0.,0.318897637795),.PIECEWISE_BEZIER_KNOTS.);
#9033 = CARTESIAN_POINT('',(0.,0.));
#9034 = CARTESIAN_POINT('',(0.,0.318897637795));
#9035 = ( GEOMETRIC_REPRESENTATION_CONTEXT(2) 
PARAMETRIC_REPRESENTATION_CONTEXT() REPRESENTATION_CONTEXT('2D SPACE',''
  ) );
#9036 = ORIENTED_EDGE('',*,*,#9037,.T.);
#9037 = EDGE_CURVE('',#9013,#8889,#9038,.T.);
#9038 = SURFACE_CURVE('',#9039,(#9042,#9048),.PCURVE_S1.);
#9039 = B_SPLINE_CURVE_WITH_KNOTS('',1,(#9040,#9041),.UNSPECIFIED.,.F.,
  .F.,(2,2),(0.,0.185039370079),.PIECEWISE_BEZIER_KNOTS.);
#9040 = CARTESIAN_POINT('',(-191.334,-106.858,184.608));
#9041 = CARTESIAN_POINT('',(-196.034,-106.858,184.608));
#9042 = PCURVE('',#8902,#9043);
#9043 = DEFINITIONAL_REPRESENTATION('',(#9044),#9047);
#9044 = B_SPLINE_CURVE_WITH_KNOTS('',1,(#9045,#9046),.UNSPECIFIED.,.F.,
  .F.,(2,2),(0.,0.185039370079),.PIECEWISE_BEZIER_KNOTS.);
#9045 = CARTESIAN_POINT('',(0.318897637795,0.));
#9046 = CARTESIAN_POINT('',(0.318897637795,0.185039370079));
#9047 = ( GEOMETRIC_REPRESENTATION_CONTEXT(2) 
PARAMETRIC_REPRESENTATION_CONTEXT() REPRESENTATION_CONTEXT('2D SPACE',''
  ) );
#9048 = PCURVE('',#8975,#9049);
#9049 = DEFINITIONAL_REPRESENTATION('',(#9050),#9053);
#9050 = B_SPLINE_CURVE_WITH_KNOTS('',1,(#9051,#9052),.UNSPECIFIED.,.F.,
  .F.,(2,2),(0.,0.185039370079),.PIECEWISE_BEZIER_KNOTS.);
#9051 = CARTESIAN_POINT('',(0.,0.));
#9052 = CARTESIAN_POINT('',(0.,-0.185039370079));
#9053 = ( GEOMETRIC_REPRESENTATION_CONTEXT(2) 
PARAMETRIC_REPRESENTATION_CONTEXT() REPRESENTATION_CONTEXT('2D SPACE',''
  ) );
#9054 = ORIENTED_EDGE('',*,*,#8886,.F.);
#9055 = ADVANCED_FACE('',(#9056),#8975,.F.);
#9056 = FACE_BOUND('',#9057,.F.);
#9057 = EDGE_LOOP('',(#9058,#9078,#9079,#9080));
#9058 = ORIENTED_EDGE('',*,*,#9059,.F.);
#9059 = EDGE_CURVE('',#9013,#9060,#9062,.T.);
#9060 = VERTEX_POINT('',#9061);
#9061 = CARTESIAN_POINT('',(-191.334,-99.858,184.608));
#9062 = SURFACE_CURVE('',#9063,(#9066,#9072),.PCURVE_S1.);
#9063 = B_SPLINE_CURVE_WITH_KNOTS('',1,(#9064,#9065),.UNSPECIFIED.,.F.,
  .F.,(2,2),(0.,0.275590551181),.PIECEWISE_BEZIER_KNOTS.);
#9064 = CARTESIAN_POINT('',(-191.334,-106.858,184.608));
#9065 = CARTESIAN_POINT('',(-191.334,-99.858,184.608));
#9066 = PCURVE('',#8975,#9067);
#9067 = DEFINITIONAL_REPRESENTATION('',(#9068),#9071);
#9068 = B_SPLINE_CURVE_WITH_KNOTS('',1,(#9069,#9070),.UNSPECIFIED.,.F.,
  .F.,(2,2),(0.,0.275590551181),.PIECEWISE_BEZIER_KNOTS.);
#9069 = CARTESIAN_POINT('',(0.,0.));
#9070 = CARTESIAN_POINT('',(0.275590551181,0.));
#9071 = ( GEOMETRIC_REPRESENTATION_CONTEXT(2) 
PARAMETRIC_REPRESENTATION_CONTEXT() REPRESENTATION_CONTEXT('2D SPACE',''
  ) );
#9072 = PCURVE('',#9026,#9073);
#9073 = DEFINITIONAL_REPRESENTATION('',(#9074),#9077);
#9074 = B_SPLINE_CURVE_WITH_KNOTS('',1,(#9075,#9076),.UNSPECIFIED.,.F.,
  .F.,(2,2),(0.,0.275590551181),.PIECEWISE_BEZIER_KNOTS.);
#9075 = CARTESIAN_POINT('',(0.,0.318897637795));
#9076 = CARTESIAN_POINT('',(0.275590551181,0.318897637795));
#9077 = ( GEOMETRIC_REPRESENTATION_CONTEXT(2) 
PARAMETRIC_REPRESENTATION_CONTEXT() REPRESENTATION_CONTEXT('2D SPACE',''
  ) );
#9078 = ORIENTED_EDGE('',*,*,#9037,.T.);
#9079 = ORIENTED_EDGE('',*,*,#8963,.T.);
#9080 = ORIENTED_EDGE('',*,*,#9081,.F.);
#9081 = EDGE_CURVE('',#9060,#8939,#9082,.T.);
#9082 = SURFACE_CURVE('',#9083,(#9086,#9092),.PCURVE_S1.);
#9083 = B_SPLINE_CURVE_WITH_KNOTS('',1,(#9084,#9085),.UNSPECIFIED.,.F.,
  .F.,(2,2),(0.,0.185039370079),.PIECEWISE_BEZIER_KNOTS.);
#9084 = CARTESIAN_POINT('',(-191.334,-99.858,184.608));
#9085 = CARTESIAN_POINT('',(-196.034,-99.858,184.608));
#9086 = PCURVE('',#8975,#9087);
#9087 = DEFINITIONAL_REPRESENTATION('',(#9088),#9091);
#9088 = B_SPLINE_CURVE_WITH_KNOTS('',1,(#9089,#9090),.UNSPECIFIED.,.F.,
  .F.,(2,2),(0.,0.185039370079),.PIECEWISE_BEZIER_KNOTS.);
#9089 = CARTESIAN_POINT('',(0.275590551181,0.));
#9090 = CARTESIAN_POINT('',(0.275590551181,-0.185039370079));
#9091 = ( GEOMETRIC_REPRESENTATION_CONTEXT(2) 
PARAMETRIC_REPRESENTATION_CONTEXT() REPRESENTATION_CONTEXT('2D SPACE',''
  ) );
#9092 = PCURVE('',#8952,#9093);
#9093 = DEFINITIONAL_REPRESENTATION('',(#9094),#9097);
#9094 = B_SPLINE_CURVE_WITH_KNOTS('',1,(#9095,#9096),.UNSPECIFIED.,.F.,
  .F.,(2,2),(0.,0.185039370079),.PIECEWISE_BEZIER_KNOTS.);
#9095 = CARTESIAN_POINT('',(0.318897637795,0.));
#9096 = CARTESIAN_POINT('',(0.318897637795,0.185039370079));
#9097 = ( GEOMETRIC_REPRESENTATION_CONTEXT(2) 
PARAMETRIC_REPRESENTATION_CONTEXT() REPRESENTATION_CONTEXT('2D SPACE',''
  ) );
#9098 = ADVANCED_FACE('',(#9099),#8927,.T.);
#9099 = FACE_BOUND('',#9100,.T.);
#9100 = EDGE_LOOP('',(#9101,#9121,#9122,#9123));
#9101 = ORIENTED_EDGE('',*,*,#9102,.F.);
#9102 = EDGE_CURVE('',#8993,#9103,#9105,.T.);
#9103 = VERTEX_POINT('',#9104);
#9104 = CARTESIAN_POINT('',(-191.334,-99.858,176.508));
#9105 = SURFACE_CURVE('',#9106,(#9109,#9115),.PCURVE_S1.);
#9106 = B_SPLINE_CURVE_WITH_KNOTS('',1,(#9107,#9108),.UNSPECIFIED.,.F.,
  .F.,(2,2),(0.,0.275590551181),.PIECEWISE_BEZIER_KNOTS.);
#9107 = CARTESIAN_POINT('',(-191.334,-106.858,176.508));
#9108 = CARTESIAN_POINT('',(-191.334,-99.858,176.508));
#9109 = PCURVE('',#8927,#9110);
#9110 = DEFINITIONAL_REPRESENTATION('',(#9111),#9114);
#9111 = B_SPLINE_CURVE_WITH_KNOTS('',1,(#9112,#9113),.UNSPECIFIED.,.F.,
  .F.,(2,2),(0.,0.275590551181),.PIECEWISE_BEZIER_KNOTS.);
#9112 = CARTESIAN_POINT('',(0.,0.));
#9113 = CARTESIAN_POINT('',(0.275590551181,0.));
#9114 = ( GEOMETRIC_REPRESENTATION_CONTEXT(2) 
PARAMETRIC_REPRESENTATION_CONTEXT() REPRESENTATION_CONTEXT('2D SPACE',''
  ) );
#9115 = PCURVE('',#9026,#9116);
#9116 = DEFINITIONAL_REPRESENTATION('',(#9117),#9120);
#9117 = B_SPLINE_CURVE_WITH_KNOTS('',1,(#9118,#9119),.UNSPECIFIED.,.F.,
  .F.,(2,2),(0.,0.275590551181),.PIECEWISE_BEZIER_KNOTS.);
#9118 = CARTESIAN_POINT('',(0.,0.));
#9119 = CARTESIAN_POINT('',(0.275590551181,0.));
#9120 = ( GEOMETRIC_REPRESENTATION_CONTEXT(2) 
PARAMETRIC_REPRESENTATION_CONTEXT() REPRESENTATION_CONTEXT('2D SPACE',''
  ) );
#9121 = ORIENTED_EDGE('',*,*,#8992,.T.);
#9122 = ORIENTED_EDGE('',*,*,#8913,.T.);
#9123 = ORIENTED_EDGE('',*,*,#9124,.F.);
#9124 = EDGE_CURVE('',#9103,#8914,#9125,.T.);
#9125 = SURFACE_CURVE('',#9126,(#9129,#9135),.PCURVE_S1.);
#9126 = B_SPLINE_CURVE_WITH_KNOTS('',1,(#9127,#9128),.UNSPECIFIED.,.F.,
  .F.,(2,2),(0.,0.185039370079),.PIECEWISE_BEZIER_KNOTS.);
#9127 = CARTESIAN_POINT('',(-191.334,-99.858,176.508));
#9128 = CARTESIAN_POINT('',(-196.034,-99.858,176.508));
#9129 = PCURVE('',#8927,#9130);
#9130 = DEFINITIONAL_REPRESENTATION('',(#9131),#9134);
#9131 = B_SPLINE_CURVE_WITH_KNOTS('',1,(#9132,#9133),.UNSPECIFIED.,.F.,
  .F.,(2,2),(0.,0.185039370079),.PIECEWISE_BEZIER_KNOTS.);
#9132 = CARTESIAN_POINT('',(0.275590551181,0.));
#9133 = CARTESIAN_POINT('',(0.275590551181,-0.185039370079));
#9134 = ( GEOMETRIC_REPRESENTATION_CONTEXT(2) 
PARAMETRIC_REPRESENTATION_CONTEXT() REPRESENTATION_CONTEXT('2D SPACE',''
  ) );
#9135 = PCURVE('',#8952,#9136);
#9136 = DEFINITIONAL_REPRESENTATION('',(#9137),#9140);
#9137 = B_SPLINE_CURVE_WITH_KNOTS('',1,(#9138,#9139),.UNSPECIFIED.,.F.,
  .F.,(2,2),(0.,0.185039370079),.PIECEWISE_BEZIER_KNOTS.);
#9138 = CARTESIAN_POINT('',(0.,0.));
#9139 = CARTESIAN_POINT('',(0.,0.185039370079));
#9140 = ( GEOMETRIC_REPRESENTATION_CONTEXT(2) 
PARAMETRIC_REPRESENTATION_CONTEXT() REPRESENTATION_CONTEXT('2D SPACE',''
  ) );
#9141 = ADVANCED_FACE('',(#9142),#8952,.F.);
#9142 = FACE_BOUND('',#9143,.F.);
#9143 = EDGE_LOOP('',(#9144,#9145,#9163,#9164));
#9144 = ORIENTED_EDGE('',*,*,#9124,.F.);
#9145 = ORIENTED_EDGE('',*,*,#9146,.T.);
#9146 = EDGE_CURVE('',#9103,#9060,#9147,.T.);
#9147 = SURFACE_CURVE('',#9148,(#9151,#9157),.PCURVE_S1.);
#9148 = B_SPLINE_CURVE_WITH_KNOTS('',1,(#9149,#9150),.UNSPECIFIED.,.F.,
  .F.,(2,2),(0.,0.318897637795),.PIECEWISE_BEZIER_KNOTS.);
#9149 = CARTESIAN_POINT('',(-191.334,-99.858,176.508));
#9150 = CARTESIAN_POINT('',(-191.334,-99.858,184.608));
#9151 = PCURVE('',#8952,#9152);
#9152 = DEFINITIONAL_REPRESENTATION('',(#9153),#9156);
#9153 = B_SPLINE_CURVE_WITH_KNOTS('',1,(#9154,#9155),.UNSPECIFIED.,.F.,
  .F.,(2,2),(0.,0.318897637795),.PIECEWISE_BEZIER_KNOTS.);
#9154 = CARTESIAN_POINT('',(0.,0.));
#9155 = CARTESIAN_POINT('',(0.318897637795,0.));
#9156 = ( GEOMETRIC_REPRESENTATION_CONTEXT(2) 
PARAMETRIC_REPRESENTATION_CONTEXT() REPRESENTATION_CONTEXT('2D SPACE',''
  ) );
#9157 = PCURVE('',#9026,#9158);
#9158 = DEFINITIONAL_REPRESENTATION('',(#9159),#9162);
#9159 = B_SPLINE_CURVE_WITH_KNOTS('',1,(#9160,#9161),.UNSPECIFIED.,.F.,
  .F.,(2,2),(0.,0.318897637795),.PIECEWISE_BEZIER_KNOTS.);
#9160 = CARTESIAN_POINT('',(0.275590551181,0.));
#9161 = CARTESIAN_POINT('',(0.275590551181,0.318897637795));
#9162 = ( GEOMETRIC_REPRESENTATION_CONTEXT(2) 
PARAMETRIC_REPRESENTATION_CONTEXT() REPRESENTATION_CONTEXT('2D SPACE',''
  ) );
#9163 = ORIENTED_EDGE('',*,*,#9081,.T.);
#9164 = ORIENTED_EDGE('',*,*,#8938,.F.);
#9165 = ADVANCED_FACE('',(#9166),#9026,.T.);
#9166 = FACE_BOUND('',#9167,.T.);
#9167 = EDGE_LOOP('',(#9168,#9169,#9170,#9171));
#9168 = ORIENTED_EDGE('',*,*,#9012,.F.);
#9169 = ORIENTED_EDGE('',*,*,#9102,.T.);
#9170 = ORIENTED_EDGE('',*,*,#9146,.T.);
#9171 = ORIENTED_EDGE('',*,*,#9059,.F.);
#9172 = MANIFOLD_SOLID_BREP('',#9173);
#9173 = CLOSED_SHELL('',(#9174,#9293,#9349,#9353,#9418,#9524,#9591,#9634
    ,#9677,#9701));
#9174 = ADVANCED_FACE('',(#9175),#9188,.F.);
#9175 = FACE_BOUND('',#9176,.F.);
#9176 = EDGE_LOOP('',(#9177,#9216,#9254,#9255));
#9177 = ORIENTED_EDGE('',*,*,#9178,.T.);
#9178 = EDGE_CURVE('',#9179,#9181,#9183,.T.);
#9179 = VERTEX_POINT('',#9180);
#9180 = CARTESIAN_POINT('',(-201.034,-111.358,184.058));
#9181 = VERTEX_POINT('',#9182);
#9182 = CARTESIAN_POINT('',(-205.034,-111.358,184.058));
#9183 = SEAM_CURVE('',#9184,(#9187,#9209),.PCURVE_S1.);
#9184 = B_SPLINE_CURVE_WITH_KNOTS('',1,(#9185,#9186),.UNSPECIFIED.,.F.,
  .F.,(2,2),(0.,0.157480314961),.PIECEWISE_BEZIER_KNOTS.);
#9185 = CARTESIAN_POINT('',(-201.034,-111.358,184.058));
#9186 = CARTESIAN_POINT('',(-205.034,-111.358,184.058));
#9187 = PCURVE('',#9188,#9203);
#9188 = ( BOUNDED_SURFACE() B_SPLINE_SURFACE(2,1,(
    (#9189,#9190)
    ,(#9191,#9192)
    ,(#9193,#9194)
    ,(#9195,#9196)
    ,(#9197,#9198)
    ,(#9199,#9200)
    ,(#9201,#9202
)),.UNSPECIFIED.,.T.,.F.,.F.) B_SPLINE_SURFACE_WITH_KNOTS((1,2,2,2,2,1),
  (2,2),(-2.094395102393,0.,2.094395102393,4.188790204786,6.28318530718,
    8.377580409573),(-0.157480314961,0.),.UNSPECIFIED.) 
GEOMETRIC_REPRESENTATION_ITEM() RATIONAL_B_SPLINE_SURFACE((
    (1.,1.)
    ,(0.5,0.5)
    ,(1.,1.)
    ,(0.5,0.5)
    ,(1.,1.)
    ,(0.5,0.5)
,(1.,1.))) REPRESENTATION_ITEM('') SURFACE() );
#9189 = CARTESIAN_POINT('',(-205.034,-111.358,184.058));
#9190 = CARTESIAN_POINT('',(-201.034,-111.358,184.058));
#9191 = CARTESIAN_POINT('',(-205.034,-105.2958221735,184.058));
#9192 = CARTESIAN_POINT('',(-201.034,-105.2958221735,184.058));
#9193 = CARTESIAN_POINT('',(-205.034,-108.3269110867,178.808));
#9194 = CARTESIAN_POINT('',(-201.034,-108.3269110867,178.808));
#9195 = CARTESIAN_POINT('',(-205.034,-111.358,173.558));
#9196 = CARTESIAN_POINT('',(-201.034,-111.358,173.558));
#9197 = CARTESIAN_POINT('',(-205.034,-114.3890889132,178.808));
#9198 = CARTESIAN_POINT('',(-201.034,-114.3890889132,178.808));
#9199 = CARTESIAN_POINT('',(-205.034,-117.4201778264,184.058));
#9200 = CARTESIAN_POINT('',(-201.034,-117.4201778264,184.058));
#9201 = CARTESIAN_POINT('',(-205.034,-111.358,184.058));
#9202 = CARTESIAN_POINT('',(-201.034,-111.358,184.058));
#9203 = DEFINITIONAL_REPRESENTATION('',(#9204),#9208);
#9204 = B_SPLINE_CURVE_WITH_KNOTS('',2,(#9205,#9206,#9207),
  .UNSPECIFIED.,.F.,.F.,(3,3),(0.,0.157480314961),
  .PIECEWISE_BEZIER_KNOTS.);
#9205 = CARTESIAN_POINT('',(0.,0.));
#9206 = CARTESIAN_POINT('',(0.,-7.874015748031E-02));
#9207 = CARTESIAN_POINT('',(0.,-0.157480314961));
#9208 = ( GEOMETRIC_REPRESENTATION_CONTEXT(2) 
PARAMETRIC_REPRESENTATION_CONTEXT() REPRESENTATION_CONTEXT('2D SPACE',''
  ) );
#9209 = PCURVE('',#9188,#9210);
#9210 = DEFINITIONAL_REPRESENTATION('',(#9211),#9215);
#9211 = B_SPLINE_CURVE_WITH_KNOTS('',2,(#9212,#9213,#9214),
  .UNSPECIFIED.,.F.,.F.,(3,3),(0.,0.157480314961),
  .PIECEWISE_BEZIER_KNOTS.);
#9212 = CARTESIAN_POINT('',(6.28318530718,0.));
#9213 = CARTESIAN_POINT('',(6.28318530718,-7.874015748031E-02));
#9214 = CARTESIAN_POINT('',(6.28318530718,-0.157480314961));
#9215 = ( GEOMETRIC_REPRESENTATION_CONTEXT(2) 
PARAMETRIC_REPRESENTATION_CONTEXT() REPRESENTATION_CONTEXT('2D SPACE',''
  ) );
#9216 = ORIENTED_EDGE('',*,*,#9217,.T.);
#9217 = EDGE_CURVE('',#9181,#9181,#9218,.T.);
#9218 = SURFACE_CURVE('',#9219,(#9227,#9238),.PCURVE_S1.);
#9219 = ( BOUNDED_CURVE() B_SPLINE_CURVE(2,(#9220,#9221,#9222,#9223,
#9224,#9225,#9226),.UNSPECIFIED.,.T.,.F.) B_SPLINE_CURVE_WITH_KNOTS((1,2
    ,2,2,2,1),(-2.094395102393,0.,2.094395102393,4.188790204786,
6.28318530718,8.377580409573),.UNSPECIFIED.) CURVE() 
GEOMETRIC_REPRESENTATION_ITEM() RATIONAL_B_SPLINE_CURVE((1.,0.5,1.,0.5,
1.,0.5,1.)) REPRESENTATION_ITEM('') );
#9220 = CARTESIAN_POINT('',(-205.034,-111.358,184.058));
#9221 = CARTESIAN_POINT('',(-205.034,-105.2958221735,184.058));
#9222 = CARTESIAN_POINT('',(-205.034,-108.3269110867,178.808));
#9223 = CARTESIAN_POINT('',(-205.034,-111.358,173.558));
#9224 = CARTESIAN_POINT('',(-205.034,-114.3890889132,178.808));
#9225 = CARTESIAN_POINT('',(-205.034,-117.4201778264,184.058));
#9226 = CARTESIAN_POINT('',(-205.034,-111.358,184.058));
#9227 = PCURVE('',#9188,#9228);
#9228 = DEFINITIONAL_REPRESENTATION('',(#9229),#9237);
#9229 = B_SPLINE_CURVE_WITH_KNOTS('',2,(#9230,#9231,#9232,#9233,#9234,
    #9235,#9236),.UNSPECIFIED.,.F.,.F.,(3,2,2,3),(0.,2.094395102393,
    4.188790204786,6.28318530718),.PIECEWISE_BEZIER_KNOTS.);
#9230 = CARTESIAN_POINT('',(0.,-0.157480314961));
#9231 = CARTESIAN_POINT('',(1.047197551197,-0.157480314961));
#9232 = CARTESIAN_POINT('',(2.094395102393,-0.157480314961));
#9233 = CARTESIAN_POINT('',(3.14159265359,-0.157480314961));
#9234 = CARTESIAN_POINT('',(4.188790204786,-0.157480314961));
#9235 = CARTESIAN_POINT('',(5.235987755983,-0.157480314961));
#9236 = CARTESIAN_POINT('',(6.28318530718,-0.157480314961));
#9237 = ( GEOMETRIC_REPRESENTATION_CONTEXT(2) 
PARAMETRIC_REPRESENTATION_CONTEXT() REPRESENTATION_CONTEXT('2D SPACE',''
  ) );
#9238 = PCURVE('',#9239,#9244);
#9239 = B_SPLINE_SURFACE_WITH_KNOTS('',1,1,(
    (#9240,#9241)
    ,(#9242,#9243
    )),.UNSPECIFIED.,.F.,.F.,.F.,(2,2),(2,2),(-0.137795275591,
    0.137795275591),(-0.137795275591,0.137795275591),
  .PIECEWISE_BEZIER_KNOTS.);
#9240 = CARTESIAN_POINT('',(-205.034,-107.858,177.058));
#9241 = CARTESIAN_POINT('',(-205.034,-107.858,184.058));
#9242 = CARTESIAN_POINT('',(-205.034,-114.858,177.058));
#9243 = CARTESIAN_POINT('',(-205.034,-114.858,184.058));
#9244 = DEFINITIONAL_REPRESENTATION('',(#9245),#9253);
#9245 = ( BOUNDED_CURVE() B_SPLINE_CURVE(2,(#9246,#9247,#9248,#9249,
#9250,#9251,#9252),.UNSPECIFIED.,.T.,.F.) B_SPLINE_CURVE_WITH_KNOTS((1,2
    ,2,2,2,1),(-2.094395102393,0.,2.094395102393,4.188790204786,
6.28318530718,8.377580409573),.UNSPECIFIED.) CURVE() 
GEOMETRIC_REPRESENTATION_ITEM() RATIONAL_B_SPLINE_CURVE((1.,0.5,1.,0.5,
1.,0.5,1.)) REPRESENTATION_ITEM('') );
#9246 = CARTESIAN_POINT('',(-2.22044604925E-16,0.137795275591));
#9247 = CARTESIAN_POINT('',(-0.238668418366,0.137795275591));
#9248 = CARTESIAN_POINT('',(-0.119334209183,-6.889763779528E-02));
#9249 = CARTESIAN_POINT('',(-2.22044604925E-16,-0.275590551181));
#9250 = CARTESIAN_POINT('',(0.119334209183,-6.889763779528E-02));
#9251 = CARTESIAN_POINT('',(0.238668418366,0.137795275591));
#9252 = CARTESIAN_POINT('',(-2.22044604925E-16,0.137795275591));
#9253 = ( GEOMETRIC_REPRESENTATION_CONTEXT(2) 
PARAMETRIC_REPRESENTATION_CONTEXT() REPRESENTATION_CONTEXT('2D SPACE',''
  ) );
#9254 = ORIENTED_EDGE('',*,*,#9178,.F.);
#9255 = ORIENTED_EDGE('',*,*,#9256,.F.);
#9256 = EDGE_CURVE('',#9179,#9179,#9257,.T.);
#9257 = SURFACE_CURVE('',#9258,(#9266,#9277),.PCURVE_S1.);
#9258 = ( BOUNDED_CURVE() B_SPLINE_CURVE(2,(#9259,#9260,#9261,#9262,
#9263,#9264,#9265),.UNSPECIFIED.,.T.,.F.) B_SPLINE_CURVE_WITH_KNOTS((1,2
    ,2,2,2,1),(-2.094395102393,0.,2.094395102393,4.188790204786,
6.28318530718,8.377580409573),.UNSPECIFIED.) CURVE() 
GEOMETRIC_REPRESENTATION_ITEM() RATIONAL_B_SPLINE_CURVE((1.,0.5,1.,0.5,
1.,0.5,1.)) REPRESENTATION_ITEM('') );
#9259 = CARTESIAN_POINT('',(-201.034,-111.358,184.058));
#9260 = CARTESIAN_POINT('',(-201.034,-105.2958221735,184.058));
#9261 = CARTESIAN_POINT('',(-201.034,-108.3269110867,178.808));
#9262 = CARTESIAN_POINT('',(-201.034,-111.358,173.558));
#9263 = CARTESIAN_POINT('',(-201.034,-114.3890889132,178.808));
#9264 = CARTESIAN_POINT('',(-201.034,-117.4201778264,184.058));
#9265 = CARTESIAN_POINT('',(-201.034,-111.358,184.058));
#9266 = PCURVE('',#9188,#9267);
#9267 = DEFINITIONAL_REPRESENTATION('',(#9268),#9276);
#9268 = B_SPLINE_CURVE_WITH_KNOTS('',2,(#9269,#9270,#9271,#9272,#9273,
    #9274,#9275),.UNSPECIFIED.,.F.,.F.,(3,2,2,3),(0.,2.094395102393,
    4.188790204786,6.28318530718),.PIECEWISE_BEZIER_KNOTS.);
#9269 = CARTESIAN_POINT('',(0.,0.));
#9270 = CARTESIAN_POINT('',(1.047197551197,9.423004261788E-16));
#9271 = CARTESIAN_POINT('',(2.094395102393,-8.881784197001E-16));
#9272 = CARTESIAN_POINT('',(3.14159265359,-2.872848114058E-15));
#9273 = CARTESIAN_POINT('',(4.188790204786,0.));
#9274 = CARTESIAN_POINT('',(5.235987755983,8.024490117569E-17));
#9275 = CARTESIAN_POINT('',(6.28318530718,0.));
#9276 = ( GEOMETRIC_REPRESENTATION_CONTEXT(2) 
PARAMETRIC_REPRESENTATION_CONTEXT() REPRESENTATION_CONTEXT('2D SPACE',''
  ) );
#9277 = PCURVE('',#9278,#9283);
#9278 = B_SPLINE_SURFACE_WITH_KNOTS('',1,1,(
    (#9279,#9280)
    ,(#9281,#9282
    )),.UNSPECIFIED.,.F.,.F.,.F.,(2,2),(2,2),(-0.137795275591,
    0.137795275591),(-0.137795275591,0.137795275591),
  .PIECEWISE_BEZIER_KNOTS.);
#9279 = CARTESIAN_POINT('',(-201.034,-107.858,177.058));
#9280 = CARTESIAN_POINT('',(-201.034,-107.858,184.058));
#9281 = CARTESIAN_POINT('',(-201.034,-114.858,177.058));
#9282 = CARTESIAN_POINT('',(-201.034,-114.858,184.058));
#9283 = DEFINITIONAL_REPRESENTATION('',(#9284),#9292);
#9284 = ( BOUNDED_CURVE() B_SPLINE_CURVE(2,(#9285,#9286,#9287,#9288,
#9289,#9290,#9291),.UNSPECIFIED.,.T.,.F.) B_SPLINE_CURVE_WITH_KNOTS((1,2
    ,2,2,2,1),(-2.094395102393,0.,2.094395102393,4.188790204786,
6.28318530718,8.377580409573),.UNSPECIFIED.) CURVE() 
GEOMETRIC_REPRESENTATION_ITEM() RATIONAL_B_SPLINE_CURVE((1.,0.5,1.,0.5,
1.,0.5,1.)) REPRESENTATION_ITEM('') );
#9285 = CARTESIAN_POINT('',(-2.22044604925E-16,0.137795275591));
#9286 = CARTESIAN_POINT('',(-0.238668418366,0.137795275591));
#9287 = CARTESIAN_POINT('',(-0.119334209183,-6.889763779528E-02));
#9288 = CARTESIAN_POINT('',(-2.22044604925E-16,-0.275590551181));
#9289 = CARTESIAN_POINT('',(0.119334209183,-6.889763779528E-02));
#9290 = CARTESIAN_POINT('',(0.238668418366,0.137795275591));
#9291 = CARTESIAN_POINT('',(-2.22044604925E-16,0.137795275591));
#9292 = ( GEOMETRIC_REPRESENTATION_CONTEXT(2) 
PARAMETRIC_REPRESENTATION_CONTEXT() REPRESENTATION_CONTEXT('2D SPACE',''
  ) );
#9293 = ADVANCED_FACE('',(#9294,#9297),#9278,.F.);
#9294 = FACE_BOUND('',#9295,.F.);
#9295 = EDGE_LOOP('',(#9296));
#9296 = ORIENTED_EDGE('',*,*,#9256,.T.);
#9297 = FACE_BOUND('',#9298,.F.);
#9298 = EDGE_LOOP('',(#9299));
#9299 = ORIENTED_EDGE('',*,*,#9300,.F.);
#9300 = EDGE_CURVE('',#9301,#9301,#9303,.T.);
#9301 = VERTEX_POINT('',#9302);
#9302 = CARTESIAN_POINT('',(-201.034,-111.358,182.558));
#9303 = SURFACE_CURVE('',#9304,(#9312,#9323),.PCURVE_S1.);
#9304 = ( BOUNDED_CURVE() B_SPLINE_CURVE(2,(#9305,#9306,#9307,#9308,
#9309,#9310,#9311),.UNSPECIFIED.,.T.,.F.) B_SPLINE_CURVE_WITH_KNOTS((1,2
    ,2,2,2,1),(-2.094395102393,0.,2.094395102393,4.188790204786,
6.28318530718,8.377580409573),.UNSPECIFIED.) CURVE() 
GEOMETRIC_REPRESENTATION_ITEM() RATIONAL_B_SPLINE_CURVE((1.,0.5,1.,0.5,
1.,0.5,1.)) REPRESENTATION_ITEM('') );
#9305 = CARTESIAN_POINT('',(-201.034,-111.358,182.558));
#9306 = CARTESIAN_POINT('',(-201.034,-107.8938983848,182.558));
#9307 = CARTESIAN_POINT('',(-201.034,-109.6259491924,179.558));
#9308 = CARTESIAN_POINT('',(-201.034,-111.358,176.558));
#9309 = CARTESIAN_POINT('',(-201.034,-113.0900508075,179.558));
#9310 = CARTESIAN_POINT('',(-201.034,-114.8221016151,182.558));
#9311 = CARTESIAN_POINT('',(-201.034,-111.358,182.558));
#9312 = PCURVE('',#9278,#9313);
#9313 = DEFINITIONAL_REPRESENTATION('',(#9314),#9322);
#9314 = ( BOUNDED_CURVE() B_SPLINE_CURVE(2,(#9315,#9316,#9317,#9318,
#9319,#9320,#9321),.UNSPECIFIED.,.T.,.F.) B_SPLINE_CURVE_WITH_KNOTS((1,2
    ,2,2,2,1),(-2.094395102393,0.,2.094395102393,4.188790204786,
6.28318530718,8.377580409573),.UNSPECIFIED.) CURVE() 
GEOMETRIC_REPRESENTATION_ITEM() RATIONAL_B_SPLINE_CURVE((1.,0.5,1.,0.5,
1.,0.5,1.)) REPRESENTATION_ITEM('') );
#9315 = CARTESIAN_POINT('',(-2.22044604925E-16,7.874015748031E-02));
#9316 = CARTESIAN_POINT('',(-0.136381953352,7.874015748031E-02));
#9317 = CARTESIAN_POINT('',(-6.819097667594E-02,-3.937007874016E-02));
#9318 = CARTESIAN_POINT('',(-2.22044604925E-16,-0.157480314961));
#9319 = CARTESIAN_POINT('',(6.819097667594E-02,-3.937007874016E-02));
#9320 = CARTESIAN_POINT('',(0.136381953352,7.874015748031E-02));
#9321 = CARTESIAN_POINT('',(-2.22044604925E-16,7.874015748031E-02));
#9322 = ( GEOMETRIC_REPRESENTATION_CONTEXT(2) 
PARAMETRIC_REPRESENTATION_CONTEXT() REPRESENTATION_CONTEXT('2D SPACE',''
  ) );
#9323 = PCURVE('',#9324,#9339);
#9324 = ( BOUNDED_SURFACE() B_SPLINE_SURFACE(2,1,(
    (#9325,#9326)
    ,(#9327,#9328)
    ,(#9329,#9330)
    ,(#9331,#9332)
    ,(#9333,#9334)
    ,(#9335,#9336)
    ,(#9337,#9338
)),.UNSPECIFIED.,.T.,.F.,.F.) B_SPLINE_SURFACE_WITH_KNOTS((1,2,2,2,2,1),
  (2,2),(-2.094395102393,0.,2.094395102393,4.188790204786,6.28318530718,
    8.377580409573),(-0.314960629921,-0.11811023622),.UNSPECIFIED.) 
GEOMETRIC_REPRESENTATION_ITEM() RATIONAL_B_SPLINE_SURFACE((
    (1.,1.)
    ,(0.5,0.5)
    ,(1.,1.)
    ,(0.5,0.5)
    ,(1.,1.)
    ,(0.5,0.5)
,(1.,1.))) REPRESENTATION_ITEM('') SURFACE() );
#9325 = CARTESIAN_POINT('',(-201.034,-111.358,182.558));
#9326 = CARTESIAN_POINT('',(-196.034,-111.358,182.558));
#9327 = CARTESIAN_POINT('',(-201.034,-107.8938983848,182.558));
#9328 = CARTESIAN_POINT('',(-196.034,-107.8938983848,182.558));
#9329 = CARTESIAN_POINT('',(-201.034,-109.6259491924,179.558));
#9330 = CARTESIAN_POINT('',(-196.034,-109.6259491924,179.558));
#9331 = CARTESIAN_POINT('',(-201.034,-111.358,176.558));
#9332 = CARTESIAN_POINT('',(-196.034,-111.358,176.558));
#9333 = CARTESIAN_POINT('',(-201.034,-113.0900508075,179.558));
#9334 = CARTESIAN_POINT('',(-196.034,-113.0900508075,179.558));
#9335 = CARTESIAN_POINT('',(-201.034,-114.8221016151,182.558));
#9336 = CARTESIAN_POINT('',(-196.034,-114.8221016151,182.558));
#9337 = CARTESIAN_POINT('',(-201.034,-111.358,182.558));
#9338 = CARTESIAN_POINT('',(-196.034,-111.358,182.558));
#9339 = DEFINITIONAL_REPRESENTATION('',(#9340),#9348);
#9340 = B_SPLINE_CURVE_WITH_KNOTS('',2,(#9341,#9342,#9343,#9344,#9345,
    #9346,#9347),.UNSPECIFIED.,.F.,.F.,(3,2,2,3),(0.,2.094395102393,
    4.188790204786,6.28318530718),.UNSPECIFIED.);
#9341 = CARTESIAN_POINT('',(0.,-0.314960629921));
#9342 = CARTESIAN_POINT('',(1.047197551197,-0.314960629921));
#9343 = CARTESIAN_POINT('',(2.094395102393,-0.314960629921));
#9344 = CARTESIAN_POINT('',(3.14159265359,-0.314960629921));
#9345 = CARTESIAN_POINT('',(4.188790204786,-0.314960629921));
#9346 = CARTESIAN_POINT('',(5.235987755983,-0.314960629921));
#9347 = CARTESIAN_POINT('',(6.28318530718,-0.314960629921));
#9348 = ( GEOMETRIC_REPRESENTATION_CONTEXT(2) 
PARAMETRIC_REPRESENTATION_CONTEXT() REPRESENTATION_CONTEXT('2D SPACE',''
  ) );
#9349 = ADVANCED_FACE('',(#9350),#9239,.T.);
#9350 = FACE_BOUND('',#9351,.T.);
#9351 = EDGE_LOOP('',(#9352));
#9352 = ORIENTED_EDGE('',*,*,#9217,.T.);
#9353 = ADVANCED_FACE('',(#9354),#9324,.F.);
#9354 = FACE_BOUND('',#9355,.F.);
#9355 = EDGE_LOOP('',(#9356,#9396,#9416,#9417));
#9356 = ORIENTED_EDGE('',*,*,#9357,.F.);
#9357 = EDGE_CURVE('',#9358,#9358,#9360,.T.);
#9358 = VERTEX_POINT('',#9359);
#9359 = CARTESIAN_POINT('',(-196.034,-111.358,182.558));
#9360 = SURFACE_CURVE('',#9361,(#9369,#9380),.PCURVE_S1.);
#9361 = ( BOUNDED_CURVE() B_SPLINE_CURVE(2,(#9362,#9363,#9364,#9365,
#9366,#9367,#9368),.UNSPECIFIED.,.T.,.F.) B_SPLINE_CURVE_WITH_KNOTS((1,2
    ,2,2,2,1),(-2.094395102393,0.,2.094395102393,4.188790204786,
6.28318530718,8.377580409573),.UNSPECIFIED.) CURVE() 
GEOMETRIC_REPRESENTATION_ITEM() RATIONAL_B_SPLINE_CURVE((1.,0.5,1.,0.5,
1.,0.5,1.)) REPRESENTATION_ITEM('') );
#9362 = CARTESIAN_POINT('',(-196.034,-111.358,182.558));
#9363 = CARTESIAN_POINT('',(-196.034,-107.8938983848,182.558));
#9364 = CARTESIAN_POINT('',(-196.034,-109.6259491924,179.558));
#9365 = CARTESIAN_POINT('',(-196.034,-111.358,176.558));
#9366 = CARTESIAN_POINT('',(-196.034,-113.0900508075,179.558));
#9367 = CARTESIAN_POINT('',(-196.034,-114.8221016151,182.558));
#9368 = CARTESIAN_POINT('',(-196.034,-111.358,182.558));
#9369 = PCURVE('',#9324,#9370);
#9370 = DEFINITIONAL_REPRESENTATION('',(#9371),#9379);
#9371 = B_SPLINE_CURVE_WITH_KNOTS('',2,(#9372,#9373,#9374,#9375,#9376,
    #9377,#9378),.UNSPECIFIED.,.F.,.F.,(3,2,2,3),(0.,2.094395102393,
    4.188790204786,6.28318530718),.UNSPECIFIED.);
#9372 = CARTESIAN_POINT('',(0.,-0.11811023622));
#9373 = CARTESIAN_POINT('',(1.047197551197,-0.11811023622));
#9374 = CARTESIAN_POINT('',(2.094395102393,-0.11811023622));
#9375 = CARTESIAN_POINT('',(3.14159265359,-0.11811023622));
#9376 = CARTESIAN_POINT('',(4.188790204786,-0.11811023622));
#9377 = CARTESIAN_POINT('',(5.235987755983,-0.11811023622));
#9378 = CARTESIAN_POINT('',(6.28318530718,-0.11811023622));
#9379 = ( GEOMETRIC_REPRESENTATION_CONTEXT(2) 
PARAMETRIC_REPRESENTATION_CONTEXT() REPRESENTATION_CONTEXT('2D SPACE',''
  ) );
#9380 = PCURVE('',#9381,#9386);
#9381 = B_SPLINE_SURFACE_WITH_KNOTS('',1,1,(
    (#9382,#9383)
    ,(#9384,#9385
    )),.UNSPECIFIED.,.F.,.F.,.F.,(2,2),(2,2),(0.,0.275590551181),(0.,
    0.318897637795),.PIECEWISE_BEZIER_KNOTS.);
#9382 = CARTESIAN_POINT('',(-196.034,-114.858,176.508));
#9383 = CARTESIAN_POINT('',(-196.034,-114.858,184.608));
#9384 = CARTESIAN_POINT('',(-196.034,-107.858,176.508));
#9385 = CARTESIAN_POINT('',(-196.034,-107.858,184.608));
#9386 = DEFINITIONAL_REPRESENTATION('',(#9387),#9395);
#9387 = ( BOUNDED_CURVE() B_SPLINE_CURVE(2,(#9388,#9389,#9390,#9391,
#9392,#9393,#9394),.UNSPECIFIED.,.T.,.F.) B_SPLINE_CURVE_WITH_KNOTS((1,2
    ,2,2,2,1),(-2.094395102393,0.,2.094395102393,4.188790204786,
6.28318530718,8.377580409573),.UNSPECIFIED.) CURVE() 
GEOMETRIC_REPRESENTATION_ITEM() RATIONAL_B_SPLINE_CURVE((1.,0.5,1.,0.5,
1.,0.5,1.)) REPRESENTATION_ITEM('') );
#9388 = CARTESIAN_POINT('',(0.137795275591,0.238188976378));
#9389 = CARTESIAN_POINT('',(0.274177228942,0.238188976378));
#9390 = CARTESIAN_POINT('',(0.205986252266,0.120078740157));
#9391 = CARTESIAN_POINT('',(0.137795275591,1.968503937007E-03));
#9392 = CARTESIAN_POINT('',(6.960429891461E-02,0.120078740157));
#9393 = CARTESIAN_POINT('',(1.413322238671E-03,0.238188976378));
#9394 = CARTESIAN_POINT('',(0.137795275591,0.238188976378));
#9395 = ( GEOMETRIC_REPRESENTATION_CONTEXT(2) 
PARAMETRIC_REPRESENTATION_CONTEXT() REPRESENTATION_CONTEXT('2D SPACE',''
  ) );
#9396 = ORIENTED_EDGE('',*,*,#9397,.T.);
#9397 = EDGE_CURVE('',#9358,#9301,#9398,.T.);
#9398 = SEAM_CURVE('',#9399,(#9402,#9409),.PCURVE_S1.);
#9399 = B_SPLINE_CURVE_WITH_KNOTS('',1,(#9400,#9401),.UNSPECIFIED.,.F.,
  .F.,(2,2),(0.11811023622,0.314960629921),.PIECEWISE_BEZIER_KNOTS.);
#9400 = CARTESIAN_POINT('',(-196.034,-111.358,182.558));
#9401 = CARTESIAN_POINT('',(-201.034,-111.358,182.558));
#9402 = PCURVE('',#9324,#9403);
#9403 = DEFINITIONAL_REPRESENTATION('',(#9404),#9408);
#9404 = B_SPLINE_CURVE_WITH_KNOTS('',2,(#9405,#9406,#9407),
  .UNSPECIFIED.,.F.,.F.,(3,3),(0.11811023622,0.314960629921),
  .PIECEWISE_BEZIER_KNOTS.);
#9405 = CARTESIAN_POINT('',(6.28318530718,-0.11811023622));
#9406 = CARTESIAN_POINT('',(6.28318530718,-0.216535433071));
#9407 = CARTESIAN_POINT('',(6.28318530718,-0.314960629921));
#9408 = ( GEOMETRIC_REPRESENTATION_CONTEXT(2) 
PARAMETRIC_REPRESENTATION_CONTEXT() REPRESENTATION_CONTEXT('2D SPACE',''
  ) );
#9409 = PCURVE('',#9324,#9410);
#9410 = DEFINITIONAL_REPRESENTATION('',(#9411),#9415);
#9411 = B_SPLINE_CURVE_WITH_KNOTS('',2,(#9412,#9413,#9414),
  .UNSPECIFIED.,.F.,.F.,(3,3),(0.11811023622,0.314960629921),
  .PIECEWISE_BEZIER_KNOTS.);
#9412 = CARTESIAN_POINT('',(0.,-0.11811023622));
#9413 = CARTESIAN_POINT('',(8.881784197001E-16,-0.216535433071));
#9414 = CARTESIAN_POINT('',(0.,-0.314960629921));
#9415 = ( GEOMETRIC_REPRESENTATION_CONTEXT(2) 
PARAMETRIC_REPRESENTATION_CONTEXT() REPRESENTATION_CONTEXT('2D SPACE',''
  ) );
#9416 = ORIENTED_EDGE('',*,*,#9300,.T.);
#9417 = ORIENTED_EDGE('',*,*,#9397,.F.);
#9418 = ADVANCED_FACE('',(#9419,#9521),#9381,.F.);
#9419 = FACE_BOUND('',#9420,.F.);
#9420 = EDGE_LOOP('',(#9421,#9448,#9473,#9498));
#9421 = ORIENTED_EDGE('',*,*,#9422,.F.);
#9422 = EDGE_CURVE('',#9423,#9425,#9427,.T.);
#9423 = VERTEX_POINT('',#9424);
#9424 = CARTESIAN_POINT('',(-196.034,-114.858,176.508));
#9425 = VERTEX_POINT('',#9426);
#9426 = CARTESIAN_POINT('',(-196.034,-114.858,184.608));
#9427 = SURFACE_CURVE('',#9428,(#9431,#9437),.PCURVE_S1.);
#9428 = B_SPLINE_CURVE_WITH_KNOTS('',1,(#9429,#9430),.UNSPECIFIED.,.F.,
  .F.,(2,2),(0.,0.318897637795),.PIECEWISE_BEZIER_KNOTS.);
#9429 = CARTESIAN_POINT('',(-196.034,-114.858,176.508));
#9430 = CARTESIAN_POINT('',(-196.034,-114.858,184.608));
#9431 = PCURVE('',#9381,#9432);
#9432 = DEFINITIONAL_REPRESENTATION('',(#9433),#9436);
#9433 = B_SPLINE_CURVE_WITH_KNOTS('',1,(#9434,#9435),.UNSPECIFIED.,.F.,
  .F.,(2,2),(0.,0.318897637795),.PIECEWISE_BEZIER_KNOTS.);
#9434 = CARTESIAN_POINT('',(0.,0.));
#9435 = CARTESIAN_POINT('',(0.,0.318897637795));
#9436 = ( GEOMETRIC_REPRESENTATION_CONTEXT(2) 
PARAMETRIC_REPRESENTATION_CONTEXT() REPRESENTATION_CONTEXT('2D SPACE',''
  ) );
#9437 = PCURVE('',#9438,#9443);
#9438 = B_SPLINE_SURFACE_WITH_KNOTS('',1,1,(
    (#9439,#9440)
    ,(#9441,#9442
    )),.UNSPECIFIED.,.F.,.F.,.F.,(2,2),(2,2),(0.,0.318897637795),(0.,
    0.185039370079),.PIECEWISE_BEZIER_KNOTS.);
#9439 = CARTESIAN_POINT('',(-191.334,-114.858,176.508));
#9440 = CARTESIAN_POINT('',(-196.034,-114.858,176.508));
#9441 = CARTESIAN_POINT('',(-191.334,-114.858,184.608));
#9442 = CARTESIAN_POINT('',(-196.034,-114.858,184.608));
#9443 = DEFINITIONAL_REPRESENTATION('',(#9444),#9447);
#9444 = B_SPLINE_CURVE_WITH_KNOTS('',1,(#9445,#9446),.UNSPECIFIED.,.F.,
  .F.,(2,2),(0.,0.318897637795),.PIECEWISE_BEZIER_KNOTS.);
#9445 = CARTESIAN_POINT('',(0.,0.185039370079));
#9446 = CARTESIAN_POINT('',(0.318897637795,0.185039370079));
#9447 = ( GEOMETRIC_REPRESENTATION_CONTEXT(2) 
PARAMETRIC_REPRESENTATION_CONTEXT() REPRESENTATION_CONTEXT('2D SPACE',''
  ) );
#9448 = ORIENTED_EDGE('',*,*,#9449,.T.);
#9449 = EDGE_CURVE('',#9423,#9450,#9452,.T.);
#9450 = VERTEX_POINT('',#9451);
#9451 = CARTESIAN_POINT('',(-196.034,-107.858,176.508));
#9452 = SURFACE_CURVE('',#9453,(#9456,#9462),.PCURVE_S1.);
#9453 = B_SPLINE_CURVE_WITH_KNOTS('',1,(#9454,#9455),.UNSPECIFIED.,.F.,
  .F.,(2,2),(0.,0.275590551181),.PIECEWISE_BEZIER_KNOTS.);
#9454 = CARTESIAN_POINT('',(-196.034,-114.858,176.508));
#9455 = CARTESIAN_POINT('',(-196.034,-107.858,176.508));
#9456 = PCURVE('',#9381,#9457);
#9457 = DEFINITIONAL_REPRESENTATION('',(#9458),#9461);
#9458 = B_SPLINE_CURVE_WITH_KNOTS('',1,(#9459,#9460),.UNSPECIFIED.,.F.,
  .F.,(2,2),(0.,0.275590551181),.PIECEWISE_BEZIER_KNOTS.);
#9459 = CARTESIAN_POINT('',(0.,0.));
#9460 = CARTESIAN_POINT('',(0.275590551181,0.));
#9461 = ( GEOMETRIC_REPRESENTATION_CONTEXT(2) 
PARAMETRIC_REPRESENTATION_CONTEXT() REPRESENTATION_CONTEXT('2D SPACE',''
  ) );
#9462 = PCURVE('',#9463,#9468);
#9463 = B_SPLINE_SURFACE_WITH_KNOTS('',1,1,(
    (#9464,#9465)
    ,(#9466,#9467
    )),.UNSPECIFIED.,.F.,.F.,.F.,(2,2),(2,2),(0.,0.275590551181),(
    -0.185039370079,0.),.PIECEWISE_BEZIER_KNOTS.);
#9464 = CARTESIAN_POINT('',(-196.034,-114.858,176.508));
#9465 = CARTESIAN_POINT('',(-191.334,-114.858,176.508));
#9466 = CARTESIAN_POINT('',(-196.034,-107.858,176.508));
#9467 = CARTESIAN_POINT('',(-191.334,-107.858,176.508));
#9468 = DEFINITIONAL_REPRESENTATION('',(#9469),#9472);
#9469 = B_SPLINE_CURVE_WITH_KNOTS('',1,(#9470,#9471),.UNSPECIFIED.,.F.,
  .F.,(2,2),(0.,0.275590551181),.PIECEWISE_BEZIER_KNOTS.);
#9470 = CARTESIAN_POINT('',(0.,-0.185039370079));
#9471 = CARTESIAN_POINT('',(0.275590551181,-0.185039370079));
#9472 = ( GEOMETRIC_REPRESENTATION_CONTEXT(2) 
PARAMETRIC_REPRESENTATION_CONTEXT() REPRESENTATION_CONTEXT('2D SPACE',''
  ) );
#9473 = ORIENTED_EDGE('',*,*,#9474,.T.);
#9474 = EDGE_CURVE('',#9450,#9475,#9477,.T.);
#9475 = VERTEX_POINT('',#9476);
#9476 = CARTESIAN_POINT('',(-196.034,-107.858,184.608));
#9477 = SURFACE_CURVE('',#9478,(#9481,#9487),.PCURVE_S1.);
#9478 = B_SPLINE_CURVE_WITH_KNOTS('',1,(#9479,#9480),.UNSPECIFIED.,.F.,
  .F.,(2,2),(0.,0.318897637795),.PIECEWISE_BEZIER_KNOTS.);
#9479 = CARTESIAN_POINT('',(-196.034,-107.858,176.508));
#9480 = CARTESIAN_POINT('',(-196.034,-107.858,184.608));
#9481 = PCURVE('',#9381,#9482);
#9482 = DEFINITIONAL_REPRESENTATION('',(#9483),#9486);
#9483 = B_SPLINE_CURVE_WITH_KNOTS('',1,(#9484,#9485),.UNSPECIFIED.,.F.,
  .F.,(2,2),(0.,0.318897637795),.PIECEWISE_BEZIER_KNOTS.);
#9484 = CARTESIAN_POINT('',(0.275590551181,0.));
#9485 = CARTESIAN_POINT('',(0.275590551181,0.318897637795));
#9486 = ( GEOMETRIC_REPRESENTATION_CONTEXT(2) 
PARAMETRIC_REPRESENTATION_CONTEXT() REPRESENTATION_CONTEXT('2D SPACE',''
  ) );
#9487 = PCURVE('',#9488,#9493);
#9488 = B_SPLINE_SURFACE_WITH_KNOTS('',1,1,(
    (#9489,#9490)
    ,(#9491,#9492
    )),.UNSPECIFIED.,.F.,.F.,.F.,(2,2),(2,2),(0.,0.318897637795),(0.,
    0.185039370079),.PIECEWISE_BEZIER_KNOTS.);
#9489 = CARTESIAN_POINT('',(-191.334,-107.858,176.508));
#9490 = CARTESIAN_POINT('',(-196.034,-107.858,176.508));
#9491 = CARTESIAN_POINT('',(-191.334,-107.858,184.608));
#9492 = CARTESIAN_POINT('',(-196.034,-107.858,184.608));
#9493 = DEFINITIONAL_REPRESENTATION('',(#9494),#9497);
#9494 = B_SPLINE_CURVE_WITH_KNOTS('',1,(#9495,#9496),.UNSPECIFIED.,.F.,
  .F.,(2,2),(0.,0.318897637795),.PIECEWISE_BEZIER_KNOTS.);
#9495 = CARTESIAN_POINT('',(0.,0.185039370079));
#9496 = CARTESIAN_POINT('',(0.318897637795,0.185039370079));
#9497 = ( GEOMETRIC_REPRESENTATION_CONTEXT(2) 
PARAMETRIC_REPRESENTATION_CONTEXT() REPRESENTATION_CONTEXT('2D SPACE',''
  ) );
#9498 = ORIENTED_EDGE('',*,*,#9499,.F.);
#9499 = EDGE_CURVE('',#9425,#9475,#9500,.T.);
#9500 = SURFACE_CURVE('',#9501,(#9504,#9510),.PCURVE_S1.);
#9501 = B_SPLINE_CURVE_WITH_KNOTS('',1,(#9502,#9503),.UNSPECIFIED.,.F.,
  .F.,(2,2),(0.,0.275590551181),.PIECEWISE_BEZIER_KNOTS.);
#9502 = CARTESIAN_POINT('',(-196.034,-114.858,184.608));
#9503 = CARTESIAN_POINT('',(-196.034,-107.858,184.608));
#9504 = PCURVE('',#9381,#9505);
#9505 = DEFINITIONAL_REPRESENTATION('',(#9506),#9509);
#9506 = B_SPLINE_CURVE_WITH_KNOTS('',1,(#9507,#9508),.UNSPECIFIED.,.F.,
  .F.,(2,2),(0.,0.275590551181),.PIECEWISE_BEZIER_KNOTS.);
#9507 = CARTESIAN_POINT('',(0.,0.318897637795));
#9508 = CARTESIAN_POINT('',(0.275590551181,0.318897637795));
#9509 = ( GEOMETRIC_REPRESENTATION_CONTEXT(2) 
PARAMETRIC_REPRESENTATION_CONTEXT() REPRESENTATION_CONTEXT('2D SPACE',''
  ) );
#9510 = PCURVE('',#9511,#9516);
#9511 = B_SPLINE_SURFACE_WITH_KNOTS('',1,1,(
    (#9512,#9513)
    ,(#9514,#9515
    )),.UNSPECIFIED.,.F.,.F.,.F.,(2,2),(2,2),(0.,0.275590551181),(
    -0.185039370079,0.),.PIECEWISE_BEZIER_KNOTS.);
#9512 = CARTESIAN_POINT('',(-196.034,-114.858,184.608));
#9513 = CARTESIAN_POINT('',(-191.334,-114.858,184.608));
#9514 = CARTESIAN_POINT('',(-196.034,-107.858,184.608));
#9515 = CARTESIAN_POINT('',(-191.334,-107.858,184.608));
#9516 = DEFINITIONAL_REPRESENTATION('',(#9517),#9520);
#9517 = B_SPLINE_CURVE_WITH_KNOTS('',1,(#9518,#9519),.UNSPECIFIED.,.F.,
  .F.,(2,2),(0.,0.275590551181),.PIECEWISE_BEZIER_KNOTS.);
#9518 = CARTESIAN_POINT('',(0.,-0.185039370079));
#9519 = CARTESIAN_POINT('',(0.275590551181,-0.185039370079));
#9520 = ( GEOMETRIC_REPRESENTATION_CONTEXT(2) 
PARAMETRIC_REPRESENTATION_CONTEXT() REPRESENTATION_CONTEXT('2D SPACE',''
  ) );
#9521 = FACE_BOUND('',#9522,.F.);
#9522 = EDGE_LOOP('',(#9523));
#9523 = ORIENTED_EDGE('',*,*,#9357,.T.);
#9524 = ADVANCED_FACE('',(#9525),#9438,.T.);
#9525 = FACE_BOUND('',#9526,.T.);
#9526 = EDGE_LOOP('',(#9527,#9547,#9572,#9590));
#9527 = ORIENTED_EDGE('',*,*,#9528,.F.);
#9528 = EDGE_CURVE('',#9529,#9423,#9531,.T.);
#9529 = VERTEX_POINT('',#9530);
#9530 = CARTESIAN_POINT('',(-191.334,-114.858,176.508));
#9531 = SURFACE_CURVE('',#9532,(#9535,#9541),.PCURVE_S1.);
#9532 = B_SPLINE_CURVE_WITH_KNOTS('',1,(#9533,#9534),.UNSPECIFIED.,.F.,
  .F.,(2,2),(0.,0.185039370079),.PIECEWISE_BEZIER_KNOTS.);
#9533 = CARTESIAN_POINT('',(-191.334,-114.858,176.508));
#9534 = CARTESIAN_POINT('',(-196.034,-114.858,176.508));
#9535 = PCURVE('',#9438,#9536);
#9536 = DEFINITIONAL_REPRESENTATION('',(#9537),#9540);
#9537 = B_SPLINE_CURVE_WITH_KNOTS('',1,(#9538,#9539),.UNSPECIFIED.,.F.,
  .F.,(2,2),(0.,0.185039370079),.PIECEWISE_BEZIER_KNOTS.);
#9538 = CARTESIAN_POINT('',(0.,0.));
#9539 = CARTESIAN_POINT('',(0.,0.185039370079));
#9540 = ( GEOMETRIC_REPRESENTATION_CONTEXT(2) 
PARAMETRIC_REPRESENTATION_CONTEXT() REPRESENTATION_CONTEXT('2D SPACE',''
  ) );
#9541 = PCURVE('',#9463,#9542);
#9542 = DEFINITIONAL_REPRESENTATION('',(#9543),#9546);
#9543 = B_SPLINE_CURVE_WITH_KNOTS('',1,(#9544,#9545),.UNSPECIFIED.,.F.,
  .F.,(2,2),(0.,0.185039370079),.PIECEWISE_BEZIER_KNOTS.);
#9544 = CARTESIAN_POINT('',(0.,0.));
#9545 = CARTESIAN_POINT('',(0.,-0.185039370079));
#9546 = ( GEOMETRIC_REPRESENTATION_CONTEXT(2) 
PARAMETRIC_REPRESENTATION_CONTEXT() REPRESENTATION_CONTEXT('2D SPACE',''
  ) );
#9547 = ORIENTED_EDGE('',*,*,#9548,.T.);
#9548 = EDGE_CURVE('',#9529,#9549,#9551,.T.);
#9549 = VERTEX_POINT('',#9550);
#9550 = CARTESIAN_POINT('',(-191.334,-114.858,184.608));
#9551 = SURFACE_CURVE('',#9552,(#9555,#9561),.PCURVE_S1.);
#9552 = B_SPLINE_CURVE_WITH_KNOTS('',1,(#9553,#9554),.UNSPECIFIED.,.F.,
  .F.,(2,2),(0.,0.318897637795),.PIECEWISE_BEZIER_KNOTS.);
#9553 = CARTESIAN_POINT('',(-191.334,-114.858,176.508));
#9554 = CARTESIAN_POINT('',(-191.334,-114.858,184.608));
#9555 = PCURVE('',#9438,#9556);
#9556 = DEFINITIONAL_REPRESENTATION('',(#9557),#9560);
#9557 = B_SPLINE_CURVE_WITH_KNOTS('',1,(#9558,#9559),.UNSPECIFIED.,.F.,
  .F.,(2,2),(0.,0.318897637795),.PIECEWISE_BEZIER_KNOTS.);
#9558 = CARTESIAN_POINT('',(0.,0.));
#9559 = CARTESIAN_POINT('',(0.318897637795,0.));
#9560 = ( GEOMETRIC_REPRESENTATION_CONTEXT(2) 
PARAMETRIC_REPRESENTATION_CONTEXT() REPRESENTATION_CONTEXT('2D SPACE',''
  ) );
#9561 = PCURVE('',#9562,#9567);
#9562 = B_SPLINE_SURFACE_WITH_KNOTS('',1,1,(
    (#9563,#9564)
    ,(#9565,#9566
    )),.UNSPECIFIED.,.F.,.F.,.F.,(2,2),(2,2),(0.,0.275590551181),(0.,
    0.318897637795),.PIECEWISE_BEZIER_KNOTS.);
#9563 = CARTESIAN_POINT('',(-191.334,-114.858,176.508));
#9564 = CARTESIAN_POINT('',(-191.334,-114.858,184.608));
#9565 = CARTESIAN_POINT('',(-191.334,-107.858,176.508));
#9566 = CARTESIAN_POINT('',(-191.334,-107.858,184.608));
#9567 = DEFINITIONAL_REPRESENTATION('',(#9568),#9571);
#9568 = B_SPLINE_CURVE_WITH_KNOTS('',1,(#9569,#9570),.UNSPECIFIED.,.F.,
  .F.,(2,2),(0.,0.318897637795),.PIECEWISE_BEZIER_KNOTS.);
#9569 = CARTESIAN_POINT('',(0.,0.));
#9570 = CARTESIAN_POINT('',(0.,0.318897637795));
#9571 = ( GEOMETRIC_REPRESENTATION_CONTEXT(2) 
PARAMETRIC_REPRESENTATION_CONTEXT() REPRESENTATION_CONTEXT('2D SPACE',''
  ) );
#9572 = ORIENTED_EDGE('',*,*,#9573,.T.);
#9573 = EDGE_CURVE('',#9549,#9425,#9574,.T.);
#9574 = SURFACE_CURVE('',#9575,(#9578,#9584),.PCURVE_S1.);
#9575 = B_SPLINE_CURVE_WITH_KNOTS('',1,(#9576,#9577),.UNSPECIFIED.,.F.,
  .F.,(2,2),(0.,0.185039370079),.PIECEWISE_BEZIER_KNOTS.);
#9576 = CARTESIAN_POINT('',(-191.334,-114.858,184.608));
#9577 = CARTESIAN_POINT('',(-196.034,-114.858,184.608));
#9578 = PCURVE('',#9438,#9579);
#9579 = DEFINITIONAL_REPRESENTATION('',(#9580),#9583);
#9580 = B_SPLINE_CURVE_WITH_KNOTS('',1,(#9581,#9582),.UNSPECIFIED.,.F.,
  .F.,(2,2),(0.,0.185039370079),.PIECEWISE_BEZIER_KNOTS.);
#9581 = CARTESIAN_POINT('',(0.318897637795,0.));
#9582 = CARTESIAN_POINT('',(0.318897637795,0.185039370079));
#9583 = ( GEOMETRIC_REPRESENTATION_CONTEXT(2) 
PARAMETRIC_REPRESENTATION_CONTEXT() REPRESENTATION_CONTEXT('2D SPACE',''
  ) );
#9584 = PCURVE('',#9511,#9585);
#9585 = DEFINITIONAL_REPRESENTATION('',(#9586),#9589);
#9586 = B_SPLINE_CURVE_WITH_KNOTS('',1,(#9587,#9588),.UNSPECIFIED.,.F.,
  .F.,(2,2),(0.,0.185039370079),.PIECEWISE_BEZIER_KNOTS.);
#9587 = CARTESIAN_POINT('',(0.,0.));
#9588 = CARTESIAN_POINT('',(0.,-0.185039370079));
#9589 = ( GEOMETRIC_REPRESENTATION_CONTEXT(2) 
PARAMETRIC_REPRESENTATION_CONTEXT() REPRESENTATION_CONTEXT('2D SPACE',''
  ) );
#9590 = ORIENTED_EDGE('',*,*,#9422,.F.);
#9591 = ADVANCED_FACE('',(#9592),#9511,.F.);
#9592 = FACE_BOUND('',#9593,.F.);
#9593 = EDGE_LOOP('',(#9594,#9614,#9615,#9616));
#9594 = ORIENTED_EDGE('',*,*,#9595,.F.);
#9595 = EDGE_CURVE('',#9549,#9596,#9598,.T.);
#9596 = VERTEX_POINT('',#9597);
#9597 = CARTESIAN_POINT('',(-191.334,-107.858,184.608));
#9598 = SURFACE_CURVE('',#9599,(#9602,#9608),.PCURVE_S1.);
#9599 = B_SPLINE_CURVE_WITH_KNOTS('',1,(#9600,#9601),.UNSPECIFIED.,.F.,
  .F.,(2,2),(0.,0.275590551181),.PIECEWISE_BEZIER_KNOTS.);
#9600 = CARTESIAN_POINT('',(-191.334,-114.858,184.608));
#9601 = CARTESIAN_POINT('',(-191.334,-107.858,184.608));
#9602 = PCURVE('',#9511,#9603);
#9603 = DEFINITIONAL_REPRESENTATION('',(#9604),#9607);
#9604 = B_SPLINE_CURVE_WITH_KNOTS('',1,(#9605,#9606),.UNSPECIFIED.,.F.,
  .F.,(2,2),(0.,0.275590551181),.PIECEWISE_BEZIER_KNOTS.);
#9605 = CARTESIAN_POINT('',(0.,0.));
#9606 = CARTESIAN_POINT('',(0.275590551181,0.));
#9607 = ( GEOMETRIC_REPRESENTATION_CONTEXT(2) 
PARAMETRIC_REPRESENTATION_CONTEXT() REPRESENTATION_CONTEXT('2D SPACE',''
  ) );
#9608 = PCURVE('',#9562,#9609);
#9609 = DEFINITIONAL_REPRESENTATION('',(#9610),#9613);
#9610 = B_SPLINE_CURVE_WITH_KNOTS('',1,(#9611,#9612),.UNSPECIFIED.,.F.,
  .F.,(2,2),(0.,0.275590551181),.PIECEWISE_BEZIER_KNOTS.);
#9611 = CARTESIAN_POINT('',(0.,0.318897637795));
#9612 = CARTESIAN_POINT('',(0.275590551181,0.318897637795));
#9613 = ( GEOMETRIC_REPRESENTATION_CONTEXT(2) 
PARAMETRIC_REPRESENTATION_CONTEXT() REPRESENTATION_CONTEXT('2D SPACE',''
  ) );
#9614 = ORIENTED_EDGE('',*,*,#9573,.T.);
#9615 = ORIENTED_EDGE('',*,*,#9499,.T.);
#9616 = ORIENTED_EDGE('',*,*,#9617,.F.);
#9617 = EDGE_CURVE('',#9596,#9475,#9618,.T.);
#9618 = SURFACE_CURVE('',#9619,(#9622,#9628),.PCURVE_S1.);
#9619 = B_SPLINE_CURVE_WITH_KNOTS('',1,(#9620,#9621),.UNSPECIFIED.,.F.,
  .F.,(2,2),(0.,0.185039370079),.PIECEWISE_BEZIER_KNOTS.);
#9620 = CARTESIAN_POINT('',(-191.334,-107.858,184.608));
#9621 = CARTESIAN_POINT('',(-196.034,-107.858,184.608));
#9622 = PCURVE('',#9511,#9623);
#9623 = DEFINITIONAL_REPRESENTATION('',(#9624),#9627);
#9624 = B_SPLINE_CURVE_WITH_KNOTS('',1,(#9625,#9626),.UNSPECIFIED.,.F.,
  .F.,(2,2),(0.,0.185039370079),.PIECEWISE_BEZIER_KNOTS.);
#9625 = CARTESIAN_POINT('',(0.275590551181,0.));
#9626 = CARTESIAN_POINT('',(0.275590551181,-0.185039370079));
#9627 = ( GEOMETRIC_REPRESENTATION_CONTEXT(2) 
PARAMETRIC_REPRESENTATION_CONTEXT() REPRESENTATION_CONTEXT('2D SPACE',''
  ) );
#9628 = PCURVE('',#9488,#9629);
#9629 = DEFINITIONAL_REPRESENTATION('',(#9630),#9633);
#9630 = B_SPLINE_CURVE_WITH_KNOTS('',1,(#9631,#9632),.UNSPECIFIED.,.F.,
  .F.,(2,2),(0.,0.185039370079),.PIECEWISE_BEZIER_KNOTS.);
#9631 = CARTESIAN_POINT('',(0.318897637795,0.));
#9632 = CARTESIAN_POINT('',(0.318897637795,0.185039370079));
#9633 = ( GEOMETRIC_REPRESENTATION_CONTEXT(2) 
PARAMETRIC_REPRESENTATION_CONTEXT() REPRESENTATION_CONTEXT('2D SPACE',''
  ) );
#9634 = ADVANCED_FACE('',(#9635),#9463,.T.);
#9635 = FACE_BOUND('',#9636,.T.);
#9636 = EDGE_LOOP('',(#9637,#9657,#9658,#9659));
#9637 = ORIENTED_EDGE('',*,*,#9638,.F.);
#9638 = EDGE_CURVE('',#9529,#9639,#9641,.T.);
#9639 = VERTEX_POINT('',#9640);
#9640 = CARTESIAN_POINT('',(-191.334,-107.858,176.508));
#9641 = SURFACE_CURVE('',#9642,(#9645,#9651),.PCURVE_S1.);
#9642 = B_SPLINE_CURVE_WITH_KNOTS('',1,(#9643,#9644),.UNSPECIFIED.,.F.,
  .F.,(2,2),(0.,0.275590551181),.PIECEWISE_BEZIER_KNOTS.);
#9643 = CARTESIAN_POINT('',(-191.334,-114.858,176.508));
#9644 = CARTESIAN_POINT('',(-191.334,-107.858,176.508));
#9645 = PCURVE('',#9463,#9646);
#9646 = DEFINITIONAL_REPRESENTATION('',(#9647),#9650);
#9647 = B_SPLINE_CURVE_WITH_KNOTS('',1,(#9648,#9649),.UNSPECIFIED.,.F.,
  .F.,(2,2),(0.,0.275590551181),.PIECEWISE_BEZIER_KNOTS.);
#9648 = CARTESIAN_POINT('',(0.,0.));
#9649 = CARTESIAN_POINT('',(0.275590551181,0.));
#9650 = ( GEOMETRIC_REPRESENTATION_CONTEXT(2) 
PARAMETRIC_REPRESENTATION_CONTEXT() REPRESENTATION_CONTEXT('2D SPACE',''
  ) );
#9651 = PCURVE('',#9562,#9652);
#9652 = DEFINITIONAL_REPRESENTATION('',(#9653),#9656);
#9653 = B_SPLINE_CURVE_WITH_KNOTS('',1,(#9654,#9655),.UNSPECIFIED.,.F.,
  .F.,(2,2),(0.,0.275590551181),.PIECEWISE_BEZIER_KNOTS.);
#9654 = CARTESIAN_POINT('',(0.,0.));
#9655 = CARTESIAN_POINT('',(0.275590551181,0.));
#9656 = ( GEOMETRIC_REPRESENTATION_CONTEXT(2) 
PARAMETRIC_REPRESENTATION_CONTEXT() REPRESENTATION_CONTEXT('2D SPACE',''
  ) );
#9657 = ORIENTED_EDGE('',*,*,#9528,.T.);
#9658 = ORIENTED_EDGE('',*,*,#9449,.T.);
#9659 = ORIENTED_EDGE('',*,*,#9660,.F.);
#9660 = EDGE_CURVE('',#9639,#9450,#9661,.T.);
#9661 = SURFACE_CURVE('',#9662,(#9665,#9671),.PCURVE_S1.);
#9662 = B_SPLINE_CURVE_WITH_KNOTS('',1,(#9663,#9664),.UNSPECIFIED.,.F.,
  .F.,(2,2),(0.,0.185039370079),.PIECEWISE_BEZIER_KNOTS.);
#9663 = CARTESIAN_POINT('',(-191.334,-107.858,176.508));
#9664 = CARTESIAN_POINT('',(-196.034,-107.858,176.508));
#9665 = PCURVE('',#9463,#9666);
#9666 = DEFINITIONAL_REPRESENTATION('',(#9667),#9670);
#9667 = B_SPLINE_CURVE_WITH_KNOTS('',1,(#9668,#9669),.UNSPECIFIED.,.F.,
  .F.,(2,2),(0.,0.185039370079),.PIECEWISE_BEZIER_KNOTS.);
#9668 = CARTESIAN_POINT('',(0.275590551181,0.));
#9669 = CARTESIAN_POINT('',(0.275590551181,-0.185039370079));
#9670 = ( GEOMETRIC_REPRESENTATION_CONTEXT(2) 
PARAMETRIC_REPRESENTATION_CONTEXT() REPRESENTATION_CONTEXT('2D SPACE',''
  ) );
#9671 = PCURVE('',#9488,#9672);
#9672 = DEFINITIONAL_REPRESENTATION('',(#9673),#9676);
#9673 = B_SPLINE_CURVE_WITH_KNOTS('',1,(#9674,#9675),.UNSPECIFIED.,.F.,
  .F.,(2,2),(0.,0.185039370079),.PIECEWISE_BEZIER_KNOTS.);
#9674 = CARTESIAN_POINT('',(0.,0.));
#9675 = CARTESIAN_POINT('',(0.,0.185039370079));
#9676 = ( GEOMETRIC_REPRESENTATION_CONTEXT(2) 
PARAMETRIC_REPRESENTATION_CONTEXT() REPRESENTATION_CONTEXT('2D SPACE',''
  ) );
#9677 = ADVANCED_FACE('',(#9678),#9488,.F.);
#9678 = FACE_BOUND('',#9679,.F.);
#9679 = EDGE_LOOP('',(#9680,#9681,#9699,#9700));
#9680 = ORIENTED_EDGE('',*,*,#9660,.F.);
#9681 = ORIENTED_EDGE('',*,*,#9682,.T.);
#9682 = EDGE_CURVE('',#9639,#9596,#9683,.T.);
#9683 = SURFACE_CURVE('',#9684,(#9687,#9693),.PCURVE_S1.);
#9684 = B_SPLINE_CURVE_WITH_KNOTS('',1,(#9685,#9686),.UNSPECIFIED.,.F.,
  .F.,(2,2),(0.,0.318897637795),.PIECEWISE_BEZIER_KNOTS.);
#9685 = CARTESIAN_POINT('',(-191.334,-107.858,176.508));
#9686 = CARTESIAN_POINT('',(-191.334,-107.858,184.608));
#9687 = PCURVE('',#9488,#9688);
#9688 = DEFINITIONAL_REPRESENTATION('',(#9689),#9692);
#9689 = B_SPLINE_CURVE_WITH_KNOTS('',1,(#9690,#9691),.UNSPECIFIED.,.F.,
  .F.,(2,2),(0.,0.318897637795),.PIECEWISE_BEZIER_KNOTS.);
#9690 = CARTESIAN_POINT('',(0.,0.));
#9691 = CARTESIAN_POINT('',(0.318897637795,0.));
#9692 = ( GEOMETRIC_REPRESENTATION_CONTEXT(2) 
PARAMETRIC_REPRESENTATION_CONTEXT() REPRESENTATION_CONTEXT('2D SPACE',''
  ) );
#9693 = PCURVE('',#9562,#9694);
#9694 = DEFINITIONAL_REPRESENTATION('',(#9695),#9698);
#9695 = B_SPLINE_CURVE_WITH_KNOTS('',1,(#9696,#9697),.UNSPECIFIED.,.F.,
  .F.,(2,2),(0.,0.318897637795),.PIECEWISE_BEZIER_KNOTS.);
#9696 = CARTESIAN_POINT('',(0.275590551181,0.));
#9697 = CARTESIAN_POINT('',(0.275590551181,0.318897637795));
#9698 = ( GEOMETRIC_REPRESENTATION_CONTEXT(2) 
PARAMETRIC_REPRESENTATION_CONTEXT() REPRESENTATION_CONTEXT('2D SPACE',''
  ) );
#9699 = ORIENTED_EDGE('',*,*,#9617,.T.);
#9700 = ORIENTED_EDGE('',*,*,#9474,.F.);
#9701 = ADVANCED_FACE('',(#9702),#9562,.T.);
#9702 = FACE_BOUND('',#9703,.T.);
#9703 = EDGE_LOOP('',(#9704,#9705,#9706,#9707));
#9704 = ORIENTED_EDGE('',*,*,#9548,.F.);
#9705 = ORIENTED_EDGE('',*,*,#9638,.T.);
#9706 = ORIENTED_EDGE('',*,*,#9682,.T.);
#9707 = ORIENTED_EDGE('',*,*,#9595,.F.);
#9708 = MANIFOLD_SOLID_BREP('',#9709);
#9709 = CLOSED_SHELL('',(#9710,#9829,#9885,#9889,#9954));
#9710 = ADVANCED_FACE('',(#9711),#9724,.F.);
#9711 = FACE_BOUND('',#9712,.F.);
#9712 = EDGE_LOOP('',(#9713,#9752,#9790,#9791));
#9713 = ORIENTED_EDGE('',*,*,#9714,.T.);
#9714 = EDGE_CURVE('',#9715,#9717,#9719,.T.);
#9715 = VERTEX_POINT('',#9716);
#9716 = CARTESIAN_POINT('',(-201.034,-119.358,256.058));
#9717 = VERTEX_POINT('',#9718);
#9718 = CARTESIAN_POINT('',(-205.034,-119.358,256.058));
#9719 = SEAM_CURVE('',#9720,(#9723,#9745),.PCURVE_S1.);
#9720 = B_SPLINE_CURVE_WITH_KNOTS('',1,(#9721,#9722),.UNSPECIFIED.,.F.,
  .F.,(2,2),(0.,0.157480314961),.PIECEWISE_BEZIER_KNOTS.);
#9721 = CARTESIAN_POINT('',(-201.034,-119.358,256.058));
#9722 = CARTESIAN_POINT('',(-205.034,-119.358,256.058));
#9723 = PCURVE('',#9724,#9739);
#9724 = ( BOUNDED_SURFACE() B_SPLINE_SURFACE(2,1,(
    (#9725,#9726)
    ,(#9727,#9728)
    ,(#9729,#9730)
    ,(#9731,#9732)
    ,(#9733,#9734)
    ,(#9735,#9736)
    ,(#9737,#9738
)),.UNSPECIFIED.,.T.,.F.,.F.) B_SPLINE_SURFACE_WITH_KNOTS((1,2,2,2,2,1),
  (2,2),(-2.094395102393,0.,2.094395102393,4.188790204786,6.28318530718,
    8.377580409573),(-0.157480314961,0.),.UNSPECIFIED.) 
GEOMETRIC_REPRESENTATION_ITEM() RATIONAL_B_SPLINE_SURFACE((
    (1.,1.)
    ,(0.5,0.5)
    ,(1.,1.)
    ,(0.5,0.5)
    ,(1.,1.)
    ,(0.5,0.5)
,(1.,1.))) REPRESENTATION_ITEM('') SURFACE() );
#9725 = CARTESIAN_POINT('',(-205.034,-119.358,256.058));
#9726 = CARTESIAN_POINT('',(-201.034,-119.358,256.058));
#9727 = CARTESIAN_POINT('',(-205.034,-113.2958221735,256.058));
#9728 = CARTESIAN_POINT('',(-201.034,-113.2958221735,256.058));
#9729 = CARTESIAN_POINT('',(-205.034,-116.3269110867,250.808));
#9730 = CARTESIAN_POINT('',(-201.034,-116.3269110867,250.808));
#9731 = CARTESIAN_POINT('',(-205.034,-119.358,245.558));
#9732 = CARTESIAN_POINT('',(-201.034,-119.358,245.558));
#9733 = CARTESIAN_POINT('',(-205.034,-122.3890889132,250.808));
#9734 = CARTESIAN_POINT('',(-201.034,-122.3890889132,250.808));
#9735 = CARTESIAN_POINT('',(-205.034,-125.4201778264,256.058));
#9736 = CARTESIAN_POINT('',(-201.034,-125.4201778264,256.058));
#9737 = CARTESIAN_POINT('',(-205.034,-119.358,256.058));
#9738 = CARTESIAN_POINT('',(-201.034,-119.358,256.058));
#9739 = DEFINITIONAL_REPRESENTATION('',(#9740),#9744);
#9740 = B_SPLINE_CURVE_WITH_KNOTS('',2,(#9741,#9742,#9743),
  .UNSPECIFIED.,.F.,.F.,(3,3),(0.,0.157480314961),
  .PIECEWISE_BEZIER_KNOTS.);
#9741 = CARTESIAN_POINT('',(0.,0.));
#9742 = CARTESIAN_POINT('',(0.,-7.874015748031E-02));
#9743 = CARTESIAN_POINT('',(0.,-0.157480314961));
#9744 = ( GEOMETRIC_REPRESENTATION_CONTEXT(2) 
PARAMETRIC_REPRESENTATION_CONTEXT() REPRESENTATION_CONTEXT('2D SPACE',''
  ) );
#9745 = PCURVE('',#9724,#9746);
#9746 = DEFINITIONAL_REPRESENTATION('',(#9747),#9751);
#9747 = B_SPLINE_CURVE_WITH_KNOTS('',2,(#9748,#9749,#9750),
  .UNSPECIFIED.,.F.,.F.,(3,3),(0.,0.157480314961),
  .PIECEWISE_BEZIER_KNOTS.);
#9748 = CARTESIAN_POINT('',(6.28318530718,0.));
#9749 = CARTESIAN_POINT('',(6.28318530718,-7.874015748031E-02));
#9750 = CARTESIAN_POINT('',(6.28318530718,-0.157480314961));
#9751 = ( GEOMETRIC_REPRESENTATION_CONTEXT(2) 
PARAMETRIC_REPRESENTATION_CONTEXT() REPRESENTATION_CONTEXT('2D SPACE',''
  ) );
#9752 = ORIENTED_EDGE('',*,*,#9753,.T.);
#9753 = EDGE_CURVE('',#9717,#9717,#9754,.T.);
#9754 = SURFACE_CURVE('',#9755,(#9763,#9774),.PCURVE_S1.);
#9755 = ( BOUNDED_CURVE() B_SPLINE_CURVE(2,(#9756,#9757,#9758,#9759,
#9760,#9761,#9762),.UNSPECIFIED.,.T.,.F.) B_SPLINE_CURVE_WITH_KNOTS((1,2
    ,2,2,2,1),(-2.094395102393,0.,2.094395102393,4.188790204786,
6.28318530718,8.377580409573),.UNSPECIFIED.) CURVE() 
GEOMETRIC_REPRESENTATION_ITEM() RATIONAL_B_SPLINE_CURVE((1.,0.5,1.,0.5,
1.,0.5,1.)) REPRESENTATION_ITEM('') );
#9756 = CARTESIAN_POINT('',(-205.034,-119.358,256.058));
#9757 = CARTESIAN_POINT('',(-205.034,-113.2958221735,256.058));
#9758 = CARTESIAN_POINT('',(-205.034,-116.3269110867,250.808));
#9759 = CARTESIAN_POINT('',(-205.034,-119.358,245.558));
#9760 = CARTESIAN_POINT('',(-205.034,-122.3890889132,250.808));
#9761 = CARTESIAN_POINT('',(-205.034,-125.4201778264,256.058));
#9762 = CARTESIAN_POINT('',(-205.034,-119.358,256.058));
#9763 = PCURVE('',#9724,#9764);
#9764 = DEFINITIONAL_REPRESENTATION('',(#9765),#9773);
#9765 = B_SPLINE_CURVE_WITH_KNOTS('',2,(#9766,#9767,#9768,#9769,#9770,
    #9771,#9772),.UNSPECIFIED.,.F.,.F.,(3,2,2,3),(0.,2.094395102393,
    4.188790204786,6.28318530718),.PIECEWISE_BEZIER_KNOTS.);
#9766 = CARTESIAN_POINT('',(0.,-0.157480314961));
#9767 = CARTESIAN_POINT('',(1.047197551197,-0.157480314961));
#9768 = CARTESIAN_POINT('',(2.094395102393,-0.157480314961));
#9769 = CARTESIAN_POINT('',(3.14159265359,-0.157480314961));
#9770 = CARTESIAN_POINT('',(4.188790204786,-0.157480314961));
#9771 = CARTESIAN_POINT('',(5.235987755983,-0.157480314961));
#9772 = CARTESIAN_POINT('',(6.28318530718,-0.157480314961));
#9773 = ( GEOMETRIC_REPRESENTATION_CONTEXT(2) 
PARAMETRIC_REPRESENTATION_CONTEXT() REPRESENTATION_CONTEXT('2D SPACE',''
  ) );
#9774 = PCURVE('',#9775,#9780);
#9775 = B_SPLINE_SURFACE_WITH_KNOTS('',1,1,(
    (#9776,#9777)
    ,(#9778,#9779
    )),.UNSPECIFIED.,.F.,.F.,.F.,(2,2),(2,2),(-0.137795275591,
    0.137795275591),(-0.137795275591,0.137795275591),
  .PIECEWISE_BEZIER_KNOTS.);
#9776 = CARTESIAN_POINT('',(-205.034,-115.858,249.058));
#9777 = CARTESIAN_POINT('',(-205.034,-115.858,256.058));
#9778 = CARTESIAN_POINT('',(-205.034,-122.858,249.058));
#9779 = CARTESIAN_POINT('',(-205.034,-122.858,256.058));
#9780 = DEFINITIONAL_REPRESENTATION('',(#9781),#9789);
#9781 = ( BOUNDED_CURVE() B_SPLINE_CURVE(2,(#9782,#9783,#9784,#9785,
#9786,#9787,#9788),.UNSPECIFIED.,.T.,.F.) B_SPLINE_CURVE_WITH_KNOTS((1,2
    ,2,2,2,1),(-2.094395102393,0.,2.094395102393,4.188790204786,
6.28318530718,8.377580409573),.UNSPECIFIED.) CURVE() 
GEOMETRIC_REPRESENTATION_ITEM() RATIONAL_B_SPLINE_CURVE((1.,0.5,1.,0.5,
1.,0.5,1.)) REPRESENTATION_ITEM('') );
#9782 = CARTESIAN_POINT('',(0.,0.137795275591));
#9783 = CARTESIAN_POINT('',(-0.238668418366,0.137795275591));
#9784 = CARTESIAN_POINT('',(-0.119334209183,-6.889763779528E-02));
#9785 = CARTESIAN_POINT('',(0.,-0.275590551181));
#9786 = CARTESIAN_POINT('',(0.119334209183,-6.889763779528E-02));
#9787 = CARTESIAN_POINT('',(0.238668418366,0.137795275591));
#9788 = CARTESIAN_POINT('',(0.,0.137795275591));
#9789 = ( GEOMETRIC_REPRESENTATION_CONTEXT(2) 
PARAMETRIC_REPRESENTATION_CONTEXT() REPRESENTATION_CONTEXT('2D SPACE',''
  ) );
#9790 = ORIENTED_EDGE('',*,*,#9714,.F.);
#9791 = ORIENTED_EDGE('',*,*,#9792,.F.);
#9792 = EDGE_CURVE('',#9715,#9715,#9793,.T.);
#9793 = SURFACE_CURVE('',#9794,(#9802,#9813),.PCURVE_S1.);
#9794 = ( BOUNDED_CURVE() B_SPLINE_CURVE(2,(#9795,#9796,#9797,#9798,
#9799,#9800,#9801),.UNSPECIFIED.,.T.,.F.) B_SPLINE_CURVE_WITH_KNOTS((1,2
    ,2,2,2,1),(-2.094395102393,0.,2.094395102393,4.188790204786,
6.28318530718,8.377580409573),.UNSPECIFIED.) CURVE() 
GEOMETRIC_REPRESENTATION_ITEM() RATIONAL_B_SPLINE_CURVE((1.,0.5,1.,0.5,
1.,0.5,1.)) REPRESENTATION_ITEM('') );
#9795 = CARTESIAN_POINT('',(-201.034,-119.358,256.058));
#9796 = CARTESIAN_POINT('',(-201.034,-113.2958221735,256.058));
#9797 = CARTESIAN_POINT('',(-201.034,-116.3269110867,250.808));
#9798 = CARTESIAN_POINT('',(-201.034,-119.358,245.558));
#9799 = CARTESIAN_POINT('',(-201.034,-122.3890889132,250.808));
#9800 = CARTESIAN_POINT('',(-201.034,-125.4201778264,256.058));
#9801 = CARTESIAN_POINT('',(-201.034,-119.358,256.058));
#9802 = PCURVE('',#9724,#9803);
#9803 = DEFINITIONAL_REPRESENTATION('',(#9804),#9812);
#9804 = B_SPLINE_CURVE_WITH_KNOTS('',2,(#9805,#9806,#9807,#9808,#9809,
    #9810,#9811),.UNSPECIFIED.,.F.,.F.,(3,2,2,3),(0.,2.094395102393,
    4.188790204786,6.28318530718),.PIECEWISE_BEZIER_KNOTS.);
#9805 = CARTESIAN_POINT('',(0.,0.));
#9806 = CARTESIAN_POINT('',(1.047197551197,5.736324596409E-16));
#9807 = CARTESIAN_POINT('',(2.094395102393,0.));
#9808 = CARTESIAN_POINT('',(3.14159265359,-4.937762709592E-15));
#9809 = CARTESIAN_POINT('',(4.188790204786,0.));
#9810 = CARTESIAN_POINT('',(5.235987755983,5.736324596409E-16));
#9811 = CARTESIAN_POINT('',(6.28318530718,0.));
#9812 = ( GEOMETRIC_REPRESENTATION_CONTEXT(2) 
PARAMETRIC_REPRESENTATION_CONTEXT() REPRESENTATION_CONTEXT('2D SPACE',''
  ) );
#9813 = PCURVE('',#9814,#9819);
#9814 = B_SPLINE_SURFACE_WITH_KNOTS('',1,1,(
    (#9815,#9816)
    ,(#9817,#9818
    )),.UNSPECIFIED.,.F.,.F.,.F.,(2,2),(2,2),(-0.137795275591,
    0.137795275591),(-0.137795275591,0.137795275591),
  .PIECEWISE_BEZIER_KNOTS.);
#9815 = CARTESIAN_POINT('',(-201.034,-115.858,249.058));
#9816 = CARTESIAN_POINT('',(-201.034,-115.858,256.058));
#9817 = CARTESIAN_POINT('',(-201.034,-122.858,249.058));
#9818 = CARTESIAN_POINT('',(-201.034,-122.858,256.058));
#9819 = DEFINITIONAL_REPRESENTATION('',(#9820),#9828);
#9820 = ( BOUNDED_CURVE() B_SPLINE_CURVE(2,(#9821,#9822,#9823,#9824,
#9825,#9826,#9827),.UNSPECIFIED.,.T.,.F.) B_SPLINE_CURVE_WITH_KNOTS((1,2
    ,2,2,2,1),(-2.094395102393,0.,2.094395102393,4.188790204786,
6.28318530718,8.377580409573),.UNSPECIFIED.) CURVE() 
GEOMETRIC_REPRESENTATION_ITEM() RATIONAL_B_SPLINE_CURVE((1.,0.5,1.,0.5,
1.,0.5,1.)) REPRESENTATION_ITEM('') );
#9821 = CARTESIAN_POINT('',(0.,0.137795275591));
#9822 = CARTESIAN_POINT('',(-0.238668418366,0.137795275591));
#9823 = CARTESIAN_POINT('',(-0.119334209183,-6.889763779528E-02));
#9824 = CARTESIAN_POINT('',(0.,-0.275590551181));
#9825 = CARTESIAN_POINT('',(0.119334209183,-6.889763779528E-02));
#9826 = CARTESIAN_POINT('',(0.238668418366,0.137795275591));
#9827 = CARTESIAN_POINT('',(0.,0.137795275591));
#9828 = ( GEOMETRIC_REPRESENTATION_CONTEXT(2) 
PARAMETRIC_REPRESENTATION_CONTEXT() REPRESENTATION_CONTEXT('2D SPACE',''
  ) );
#9829 = ADVANCED_FACE('',(#9830,#9833),#9814,.F.);
#9830 = FACE_BOUND('',#9831,.F.);
#9831 = EDGE_LOOP('',(#9832));
#9832 = ORIENTED_EDGE('',*,*,#9792,.T.);
#9833 = FACE_BOUND('',#9834,.F.);
#9834 = EDGE_LOOP('',(#9835));
#9835 = ORIENTED_EDGE('',*,*,#9836,.F.);
#9836 = EDGE_CURVE('',#9837,#9837,#9839,.T.);
#9837 = VERTEX_POINT('',#9838);
#9838 = CARTESIAN_POINT('',(-201.034,-119.358,254.558));
#9839 = SURFACE_CURVE('',#9840,(#9848,#9859),.PCURVE_S1.);
#9840 = ( BOUNDED_CURVE() B_SPLINE_CURVE(2,(#9841,#9842,#9843,#9844,
#9845,#9846,#9847),.UNSPECIFIED.,.T.,.F.) B_SPLINE_CURVE_WITH_KNOTS((1,2
    ,2,2,2,1),(-2.094395102393,0.,2.094395102393,4.188790204786,
6.28318530718,8.377580409573),.UNSPECIFIED.) CURVE() 
GEOMETRIC_REPRESENTATION_ITEM() RATIONAL_B_SPLINE_CURVE((1.,0.5,1.,0.5,
1.,0.5,1.)) REPRESENTATION_ITEM('') );
#9841 = CARTESIAN_POINT('',(-201.034,-119.358,254.558));
#9842 = CARTESIAN_POINT('',(-201.034,-115.8938983848,254.558));
#9843 = CARTESIAN_POINT('',(-201.034,-117.6259491924,251.558));
#9844 = CARTESIAN_POINT('',(-201.034,-119.358,248.558));
#9845 = CARTESIAN_POINT('',(-201.034,-121.0900508075,251.558));
#9846 = CARTESIAN_POINT('',(-201.034,-122.8221016151,254.558));
#9847 = CARTESIAN_POINT('',(-201.034,-119.358,254.558));
#9848 = PCURVE('',#9814,#9849);
#9849 = DEFINITIONAL_REPRESENTATION('',(#9850),#9858);
#9850 = ( BOUNDED_CURVE() B_SPLINE_CURVE(2,(#9851,#9852,#9853,#9854,
#9855,#9856,#9857),.UNSPECIFIED.,.T.,.F.) B_SPLINE_CURVE_WITH_KNOTS((1,2
    ,2,2,2,1),(-2.094395102393,0.,2.094395102393,4.188790204786,
6.28318530718,8.377580409573),.UNSPECIFIED.) CURVE() 
GEOMETRIC_REPRESENTATION_ITEM() RATIONAL_B_SPLINE_CURVE((1.,0.5,1.,0.5,
1.,0.5,1.)) REPRESENTATION_ITEM('') );
#9851 = CARTESIAN_POINT('',(0.,7.874015748031E-02));
#9852 = CARTESIAN_POINT('',(-0.136381953352,7.874015748031E-02));
#9853 = CARTESIAN_POINT('',(-6.819097667594E-02,-3.937007874016E-02));
#9854 = CARTESIAN_POINT('',(0.,-0.157480314961));
#9855 = CARTESIAN_POINT('',(6.819097667594E-02,-3.937007874016E-02));
#9856 = CARTESIAN_POINT('',(0.136381953352,7.874015748031E-02));
#9857 = CARTESIAN_POINT('',(0.,7.874015748031E-02));
#9858 = ( GEOMETRIC_REPRESENTATION_CONTEXT(2) 
PARAMETRIC_REPRESENTATION_CONTEXT() REPRESENTATION_CONTEXT('2D SPACE',''
  ) );
#9859 = PCURVE('',#9860,#9875);
#9860 = ( BOUNDED_SURFACE() B_SPLINE_SURFACE(2,1,(
    (#9861,#9862)
    ,(#9863,#9864)
    ,(#9865,#9866)
    ,(#9867,#9868)
    ,(#9869,#9870)
    ,(#9871,#9872)
    ,(#9873,#9874
)),.UNSPECIFIED.,.T.,.F.,.F.) B_SPLINE_SURFACE_WITH_KNOTS((1,2,2,2,2,1),
  (2,2),(-2.094395102393,0.,2.094395102393,4.188790204786,6.28318530718,
    8.377580409573),(-0.314960629921,0.),.UNSPECIFIED.) 
GEOMETRIC_REPRESENTATION_ITEM() RATIONAL_B_SPLINE_SURFACE((
    (1.,1.)
    ,(0.5,0.5)
    ,(1.,1.)
    ,(0.5,0.5)
    ,(1.,1.)
    ,(0.5,0.5)
,(1.,1.))) REPRESENTATION_ITEM('') SURFACE() );
#9861 = CARTESIAN_POINT('',(-201.034,-119.358,254.558));
#9862 = CARTESIAN_POINT('',(-193.034,-119.358,254.558));
#9863 = CARTESIAN_POINT('',(-201.034,-115.8938983848,254.558));
#9864 = CARTESIAN_POINT('',(-193.034,-115.8938983848,254.558));
#9865 = CARTESIAN_POINT('',(-201.034,-117.6259491924,251.558));
#9866 = CARTESIAN_POINT('',(-193.034,-117.6259491924,251.558));
#9867 = CARTESIAN_POINT('',(-201.034,-119.358,248.558));
#9868 = CARTESIAN_POINT('',(-193.034,-119.358,248.558));
#9869 = CARTESIAN_POINT('',(-201.034,-121.0900508075,251.558));
#9870 = CARTESIAN_POINT('',(-193.034,-121.0900508075,251.558));
#9871 = CARTESIAN_POINT('',(-201.034,-122.8221016151,254.558));
#9872 = CARTESIAN_POINT('',(-193.034,-122.8221016151,254.558));
#9873 = CARTESIAN_POINT('',(-201.034,-119.358,254.558));
#9874 = CARTESIAN_POINT('',(-193.034,-119.358,254.558));
#9875 = DEFINITIONAL_REPRESENTATION('',(#9876),#9884);
#9876 = B_SPLINE_CURVE_WITH_KNOTS('',2,(#9877,#9878,#9879,#9880,#9881,
    #9882,#9883),.UNSPECIFIED.,.F.,.F.,(3,2,2,3),(0.,2.094395102393,
    4.188790204786,6.28318530718),.PIECEWISE_BEZIER_KNOTS.);
#9877 = CARTESIAN_POINT('',(0.,-0.314960629921));
#9878 = CARTESIAN_POINT('',(1.047197551197,-0.314960629921));
#9879 = CARTESIAN_POINT('',(2.094395102393,-0.314960629921));
#9880 = CARTESIAN_POINT('',(3.14159265359,-0.314960629921));
#9881 = CARTESIAN_POINT('',(4.188790204786,-0.314960629921));
#9882 = CARTESIAN_POINT('',(5.235987755983,-0.314960629921));
#9883 = CARTESIAN_POINT('',(6.28318530718,-0.314960629921));
#9884 = ( GEOMETRIC_REPRESENTATION_CONTEXT(2) 
PARAMETRIC_REPRESENTATION_CONTEXT() REPRESENTATION_CONTEXT('2D SPACE',''
  ) );
#9885 = ADVANCED_FACE('',(#9886),#9775,.T.);
#9886 = FACE_BOUND('',#9887,.T.);
#9887 = EDGE_LOOP('',(#9888));
#9888 = ORIENTED_EDGE('',*,*,#9753,.T.);
#9889 = ADVANCED_FACE('',(#9890),#9860,.F.);
#9890 = FACE_BOUND('',#9891,.F.);
#9891 = EDGE_LOOP('',(#9892,#9914,#9915,#9916));
#9892 = ORIENTED_EDGE('',*,*,#9893,.T.);
#9893 = EDGE_CURVE('',#9894,#9837,#9896,.T.);
#9894 = VERTEX_POINT('',#9895);
#9895 = CARTESIAN_POINT('',(-193.034,-119.358,254.558));
#9896 = SEAM_CURVE('',#9897,(#9900,#9907),.PCURVE_S1.);
#9897 = B_SPLINE_CURVE_WITH_KNOTS('',1,(#9898,#9899),.UNSPECIFIED.,.F.,
  .F.,(2,2),(0.,0.314960629921),.PIECEWISE_BEZIER_KNOTS.);
#9898 = CARTESIAN_POINT('',(-193.034,-119.358,254.558));
#9899 = CARTESIAN_POINT('',(-201.034,-119.358,254.558));
#9900 = PCURVE('',#9860,#9901);
#9901 = DEFINITIONAL_REPRESENTATION('',(#9902),#9906);
#9902 = B_SPLINE_CURVE_WITH_KNOTS('',2,(#9903,#9904,#9905),
  .UNSPECIFIED.,.F.,.F.,(3,3),(0.,0.314960629921),
  .PIECEWISE_BEZIER_KNOTS.);
#9903 = CARTESIAN_POINT('',(0.,0.));
#9904 = CARTESIAN_POINT('',(0.,-0.157480314961));
#9905 = CARTESIAN_POINT('',(0.,-0.314960629921));
#9906 = ( GEOMETRIC_REPRESENTATION_CONTEXT(2) 
PARAMETRIC_REPRESENTATION_CONTEXT() REPRESENTATION_CONTEXT('2D SPACE',''
  ) );
#9907 = PCURVE('',#9860,#9908);
#9908 = DEFINITIONAL_REPRESENTATION('',(#9909),#9913);
#9909 = B_SPLINE_CURVE_WITH_KNOTS('',2,(#9910,#9911,#9912),
  .UNSPECIFIED.,.F.,.F.,(3,3),(0.,0.314960629921),
  .PIECEWISE_BEZIER_KNOTS.);
#9910 = CARTESIAN_POINT('',(6.28318530718,0.));
#9911 = CARTESIAN_POINT('',(6.28318530718,-0.157480314961));
#9912 = CARTESIAN_POINT('',(6.28318530718,-0.314960629921));
#9913 = ( GEOMETRIC_REPRESENTATION_CONTEXT(2) 
PARAMETRIC_REPRESENTATION_CONTEXT() REPRESENTATION_CONTEXT('2D SPACE',''
  ) );
#9914 = ORIENTED_EDGE('',*,*,#9836,.T.);
#9915 = ORIENTED_EDGE('',*,*,#9893,.F.);
#9916 = ORIENTED_EDGE('',*,*,#9917,.F.);
#9917 = EDGE_CURVE('',#9894,#9894,#9918,.T.);
#9918 = SURFACE_CURVE('',#9919,(#9927,#9938),.PCURVE_S1.);
#9919 = ( BOUNDED_CURVE() B_SPLINE_CURVE(2,(#9920,#9921,#9922,#9923,
#9924,#9925,#9926),.UNSPECIFIED.,.T.,.F.) B_SPLINE_CURVE_WITH_KNOTS((1,2
    ,2,2,2,1),(-2.094395102393,0.,2.094395102393,4.188790204786,
6.28318530718,8.377580409573),.UNSPECIFIED.) CURVE() 
GEOMETRIC_REPRESENTATION_ITEM() RATIONAL_B_SPLINE_CURVE((1.,0.5,1.,0.5,
1.,0.5,1.)) REPRESENTATION_ITEM('') );
#9920 = CARTESIAN_POINT('',(-193.034,-119.358,254.558));
#9921 = CARTESIAN_POINT('',(-193.034,-115.8938983848,254.558));
#9922 = CARTESIAN_POINT('',(-193.034,-117.6259491924,251.558));
#9923 = CARTESIAN_POINT('',(-193.034,-119.358,248.558));
#9924 = CARTESIAN_POINT('',(-193.034,-121.0900508075,251.558));
#9925 = CARTESIAN_POINT('',(-193.034,-122.8221016151,254.558));
#9926 = CARTESIAN_POINT('',(-193.034,-119.358,254.558));
#9927 = PCURVE('',#9860,#9928);
#9928 = DEFINITIONAL_REPRESENTATION('',(#9929),#9937);
#9929 = B_SPLINE_CURVE_WITH_KNOTS('',2,(#9930,#9931,#9932,#9933,#9934,
    #9935,#9936),.UNSPECIFIED.,.F.,.F.,(3,2,2,3),(0.,2.094395102393,
    4.188790204786,6.28318530718),.PIECEWISE_BEZIER_KNOTS.);
#9930 = CARTESIAN_POINT('',(0.,0.));
#9931 = CARTESIAN_POINT('',(1.047197551197,-2.476450417282E-15));
#9932 = CARTESIAN_POINT('',(2.094395102393,0.));
#9933 = CARTESIAN_POINT('',(3.14159265359,-4.513500591805E-15));
#9934 = CARTESIAN_POINT('',(4.188790204786,-8.881784197001E-16));
#9935 = CARTESIAN_POINT('',(5.235987755983,-1.750233944703E-15));
#9936 = CARTESIAN_POINT('',(6.28318530718,0.));
#9937 = ( GEOMETRIC_REPRESENTATION_CONTEXT(2) 
PARAMETRIC_REPRESENTATION_CONTEXT() REPRESENTATION_CONTEXT('2D SPACE',''
  ) );
#9938 = PCURVE('',#9939,#9944);
#9939 = B_SPLINE_SURFACE_WITH_KNOTS('',1,1,(
    (#9940,#9941)
    ,(#9942,#9943
    )),.UNSPECIFIED.,.F.,.F.,.F.,(2,2),(2,2),(-7.874015748032E-02,
    7.874015748031E-02),(-7.874015748031E-02,7.874015748031E-02),
  .PIECEWISE_BEZIER_KNOTS.);
#9940 = CARTESIAN_POINT('',(-193.034,-117.358,250.558));
#9941 = CARTESIAN_POINT('',(-193.034,-117.358,254.558));
#9942 = CARTESIAN_POINT('',(-193.034,-121.358,250.558));
#9943 = CARTESIAN_POINT('',(-193.034,-121.358,254.558));
#9944 = DEFINITIONAL_REPRESENTATION('',(#9945),#9953);
#9945 = ( BOUNDED_CURVE() B_SPLINE_CURVE(2,(#9946,#9947,#9948,#9949,
#9950,#9951,#9952),.UNSPECIFIED.,.T.,.F.) B_SPLINE_CURVE_WITH_KNOTS((1,2
    ,2,2,2,1),(-2.094395102393,0.,2.094395102393,4.188790204786,
6.28318530718,8.377580409573),.UNSPECIFIED.) CURVE() 
GEOMETRIC_REPRESENTATION_ITEM() RATIONAL_B_SPLINE_CURVE((1.,0.5,1.,0.5,
1.,0.5,1.)) REPRESENTATION_ITEM('') );
#9946 = CARTESIAN_POINT('',(-2.22044604925E-16,7.874015748031E-02));
#9947 = CARTESIAN_POINT('',(-0.136381953352,7.874015748031E-02));
#9948 = CARTESIAN_POINT('',(-6.819097667594E-02,-3.937007874016E-02));
#9949 = CARTESIAN_POINT('',(-2.22044604925E-16,-0.157480314961));
#9950 = CARTESIAN_POINT('',(6.819097667594E-02,-3.937007874016E-02));
#9951 = CARTESIAN_POINT('',(0.136381953352,7.874015748031E-02));
#9952 = CARTESIAN_POINT('',(-2.22044604925E-16,7.874015748031E-02));
#9953 = ( GEOMETRIC_REPRESENTATION_CONTEXT(2) 
PARAMETRIC_REPRESENTATION_CONTEXT() REPRESENTATION_CONTEXT('2D SPACE',''
  ) );
#9954 = ADVANCED_FACE('',(#9955),#9939,.F.);
#9955 = FACE_BOUND('',#9956,.F.);
#9956 = EDGE_LOOP('',(#9957));
#9957 = ORIENTED_EDGE('',*,*,#9917,.T.);
#9958 = MANIFOLD_SOLID_BREP('',#9959);
#9959 = CLOSED_SHELL('',(#9960,#10079,#10135,#10139,#10204));
#9960 = ADVANCED_FACE('',(#9961),#9974,.F.);
#9961 = FACE_BOUND('',#9962,.F.);
#9962 = EDGE_LOOP('',(#9963,#10002,#10040,#10041));
#9963 = ORIENTED_EDGE('',*,*,#9964,.T.);
#9964 = EDGE_CURVE('',#9965,#9967,#9969,.T.);
#9965 = VERTEX_POINT('',#9966);
#9966 = CARTESIAN_POINT('',(-201.034,-135.358,256.058));
#9967 = VERTEX_POINT('',#9968);
#9968 = CARTESIAN_POINT('',(-205.034,-135.358,256.058));
#9969 = SEAM_CURVE('',#9970,(#9973,#9995),.PCURVE_S1.);
#9970 = B_SPLINE_CURVE_WITH_KNOTS('',1,(#9971,#9972),.UNSPECIFIED.,.F.,
  .F.,(2,2),(0.,0.157480314961),.PIECEWISE_BEZIER_KNOTS.);
#9971 = CARTESIAN_POINT('',(-201.034,-135.358,256.058));
#9972 = CARTESIAN_POINT('',(-205.034,-135.358,256.058));
#9973 = PCURVE('',#9974,#9989);
#9974 = ( BOUNDED_SURFACE() B_SPLINE_SURFACE(2,1,(
    (#9975,#9976)
    ,(#9977,#9978)
    ,(#9979,#9980)
    ,(#9981,#9982)
    ,(#9983,#9984)
    ,(#9985,#9986)
    ,(#9987,#9988
)),.UNSPECIFIED.,.T.,.F.,.F.) B_SPLINE_SURFACE_WITH_KNOTS((1,2,2,2,2,1),
  (2,2),(-2.094395102393,0.,2.094395102393,4.188790204786,6.28318530718,
    8.377580409573),(-0.157480314961,0.),.UNSPECIFIED.) 
GEOMETRIC_REPRESENTATION_ITEM() RATIONAL_B_SPLINE_SURFACE((
    (1.,1.)
    ,(0.5,0.5)
    ,(1.,1.)
    ,(0.5,0.5)
    ,(1.,1.)
    ,(0.5,0.5)
,(1.,1.))) REPRESENTATION_ITEM('') SURFACE() );
#9975 = CARTESIAN_POINT('',(-205.034,-135.358,256.058));
#9976 = CARTESIAN_POINT('',(-201.034,-135.358,256.058));
#9977 = CARTESIAN_POINT('',(-205.034,-129.2958221735,256.058));
#9978 = CARTESIAN_POINT('',(-201.034,-129.2958221735,256.058));
#9979 = CARTESIAN_POINT('',(-205.034,-132.3269110867,250.808));
#9980 = CARTESIAN_POINT('',(-201.034,-132.3269110867,250.808));
#9981 = CARTESIAN_POINT('',(-205.034,-135.358,245.558));
#9982 = CARTESIAN_POINT('',(-201.034,-135.358,245.558));
#9983 = CARTESIAN_POINT('',(-205.034,-138.3890889132,250.808));
#9984 = CARTESIAN_POINT('',(-201.034,-138.3890889132,250.808));
#9985 = CARTESIAN_POINT('',(-205.034,-141.4201778264,256.058));
#9986 = CARTESIAN_POINT('',(-201.034,-141.4201778264,256.058));
#9987 = CARTESIAN_POINT('',(-205.034,-135.358,256.058));
#9988 = CARTESIAN_POINT('',(-201.034,-135.358,256.058));
#9989 = DEFINITIONAL_REPRESENTATION('',(#9990),#9994);
#9990 = B_SPLINE_CURVE_WITH_KNOTS('',2,(#9991,#9992,#9993),
  .UNSPECIFIED.,.F.,.F.,(3,3),(0.,0.157480314961),
  .PIECEWISE_BEZIER_KNOTS.);
#9991 = CARTESIAN_POINT('',(0.,0.));
#9992 = CARTESIAN_POINT('',(0.,-7.874015748031E-02));
#9993 = CARTESIAN_POINT('',(0.,-0.157480314961));
#9994 = ( GEOMETRIC_REPRESENTATION_CONTEXT(2) 
PARAMETRIC_REPRESENTATION_CONTEXT() REPRESENTATION_CONTEXT('2D SPACE',''
  ) );
#9995 = PCURVE('',#9974,#9996);
#9996 = DEFINITIONAL_REPRESENTATION('',(#9997),#10001);
#9997 = B_SPLINE_CURVE_WITH_KNOTS('',2,(#9998,#9999,#10000),
  .UNSPECIFIED.,.F.,.F.,(3,3),(0.,0.157480314961),
  .PIECEWISE_BEZIER_KNOTS.);
#9998 = CARTESIAN_POINT('',(6.28318530718,0.));
#9999 = CARTESIAN_POINT('',(6.28318530718,-7.874015748031E-02));
#10000 = CARTESIAN_POINT('',(6.28318530718,-0.157480314961));
#10001 = ( GEOMETRIC_REPRESENTATION_CONTEXT(2) 
PARAMETRIC_REPRESENTATION_CONTEXT() REPRESENTATION_CONTEXT('2D SPACE',''
  ) );
#10002 = ORIENTED_EDGE('',*,*,#10003,.T.);
#10003 = EDGE_CURVE('',#9967,#9967,#10004,.T.);
#10004 = SURFACE_CURVE('',#10005,(#10013,#10024),.PCURVE_S1.);
#10005 = ( BOUNDED_CURVE() B_SPLINE_CURVE(2,(#10006,#10007,#10008,#10009
    ,#10010,#10011,#10012),.UNSPECIFIED.,.T.,.F.) 
B_SPLINE_CURVE_WITH_KNOTS((1,2,2,2,2,1),(-2.094395102393,0.,
    2.094395102393,4.188790204786,6.28318530718,8.377580409573),
.UNSPECIFIED.) CURVE() GEOMETRIC_REPRESENTATION_ITEM() 
RATIONAL_B_SPLINE_CURVE((1.,0.5,1.,0.5,1.,0.5,1.)) REPRESENTATION_ITEM(
  '') );
#10006 = CARTESIAN_POINT('',(-205.034,-135.358,256.058));
#10007 = CARTESIAN_POINT('',(-205.034,-129.2958221735,256.058));
#10008 = CARTESIAN_POINT('',(-205.034,-132.3269110867,250.808));
#10009 = CARTESIAN_POINT('',(-205.034,-135.358,245.558));
#10010 = CARTESIAN_POINT('',(-205.034,-138.3890889132,250.808));
#10011 = CARTESIAN_POINT('',(-205.034,-141.4201778264,256.058));
#10012 = CARTESIAN_POINT('',(-205.034,-135.358,256.058));
#10013 = PCURVE('',#9974,#10014);
#10014 = DEFINITIONAL_REPRESENTATION('',(#10015),#10023);
#10015 = B_SPLINE_CURVE_WITH_KNOTS('',2,(#10016,#10017,#10018,#10019,
    #10020,#10021,#10022),.UNSPECIFIED.,.F.,.F.,(3,2,2,3),(0.,
    2.094395102393,4.188790204786,6.28318530718),
  .PIECEWISE_BEZIER_KNOTS.);
#10016 = CARTESIAN_POINT('',(0.,-0.157480314961));
#10017 = CARTESIAN_POINT('',(1.047197551197,-0.157480314961));
#10018 = CARTESIAN_POINT('',(2.094395102393,-0.157480314961));
#10019 = CARTESIAN_POINT('',(3.14159265359,-0.157480314961));
#10020 = CARTESIAN_POINT('',(4.188790204786,-0.157480314961));
#10021 = CARTESIAN_POINT('',(5.235987755983,-0.157480314961));
#10022 = CARTESIAN_POINT('',(6.28318530718,-0.157480314961));
#10023 = ( GEOMETRIC_REPRESENTATION_CONTEXT(2) 
PARAMETRIC_REPRESENTATION_CONTEXT() REPRESENTATION_CONTEXT('2D SPACE',''
  ) );
#10024 = PCURVE('',#10025,#10030);
#10025 = B_SPLINE_SURFACE_WITH_KNOTS('',1,1,(
    (#10026,#10027)
    ,(#10028,#10029
    )),.UNSPECIFIED.,.F.,.F.,.F.,(2,2),(2,2),(-0.137795275591,
    0.137795275591),(-0.137795275591,0.137795275591),
  .PIECEWISE_BEZIER_KNOTS.);
#10026 = CARTESIAN_POINT('',(-205.034,-131.858,249.058));
#10027 = CARTESIAN_POINT('',(-205.034,-131.858,256.058));
#10028 = CARTESIAN_POINT('',(-205.034,-138.858,249.058));
#10029 = CARTESIAN_POINT('',(-205.034,-138.858,256.058));
#10030 = DEFINITIONAL_REPRESENTATION('',(#10031),#10039);
#10031 = ( BOUNDED_CURVE() B_SPLINE_CURVE(2,(#10032,#10033,#10034,#10035
    ,#10036,#10037,#10038),.UNSPECIFIED.,.T.,.F.) 
B_SPLINE_CURVE_WITH_KNOTS((1,2,2,2,2,1),(-2.094395102393,0.,
    2.094395102393,4.188790204786,6.28318530718,8.377580409573),
.UNSPECIFIED.) CURVE() GEOMETRIC_REPRESENTATION_ITEM() 
RATIONAL_B_SPLINE_CURVE((1.,0.5,1.,0.5,1.,0.5,1.)) REPRESENTATION_ITEM(
  '') );
#10032 = CARTESIAN_POINT('',(-1.110223024625E-16,0.137795275591));
#10033 = CARTESIAN_POINT('',(-0.238668418366,0.137795275591));
#10034 = CARTESIAN_POINT('',(-0.119334209183,-6.889763779528E-02));
#10035 = CARTESIAN_POINT('',(-1.110223024625E-16,-0.275590551181));
#10036 = CARTESIAN_POINT('',(0.119334209183,-6.889763779528E-02));
#10037 = CARTESIAN_POINT('',(0.238668418366,0.137795275591));
#10038 = CARTESIAN_POINT('',(-1.110223024625E-16,0.137795275591));
#10039 = ( GEOMETRIC_REPRESENTATION_CONTEXT(2) 
PARAMETRIC_REPRESENTATION_CONTEXT() REPRESENTATION_CONTEXT('2D SPACE',''
  ) );
#10040 = ORIENTED_EDGE('',*,*,#9964,.F.);
#10041 = ORIENTED_EDGE('',*,*,#10042,.F.);
#10042 = EDGE_CURVE('',#9965,#9965,#10043,.T.);
#10043 = SURFACE_CURVE('',#10044,(#10052,#10063),.PCURVE_S1.);
#10044 = ( BOUNDED_CURVE() B_SPLINE_CURVE(2,(#10045,#10046,#10047,#10048
    ,#10049,#10050,#10051),.UNSPECIFIED.,.T.,.F.) 
B_SPLINE_CURVE_WITH_KNOTS((1,2,2,2,2,1),(-2.094395102393,0.,
    2.094395102393,4.188790204786,6.28318530718,8.377580409573),
.UNSPECIFIED.) CURVE() GEOMETRIC_REPRESENTATION_ITEM() 
RATIONAL_B_SPLINE_CURVE((1.,0.5,1.,0.5,1.,0.5,1.)) REPRESENTATION_ITEM(
  '') );
#10045 = CARTESIAN_POINT('',(-201.034,-135.358,256.058));
#10046 = CARTESIAN_POINT('',(-201.034,-129.2958221735,256.058));
#10047 = CARTESIAN_POINT('',(-201.034,-132.3269110867,250.808));
#10048 = CARTESIAN_POINT('',(-201.034,-135.358,245.558));
#10049 = CARTESIAN_POINT('',(-201.034,-138.3890889132,250.808));
#10050 = CARTESIAN_POINT('',(-201.034,-141.4201778264,256.058));
#10051 = CARTESIAN_POINT('',(-201.034,-135.358,256.058));
#10052 = PCURVE('',#9974,#10053);
#10053 = DEFINITIONAL_REPRESENTATION('',(#10054),#10062);
#10054 = B_SPLINE_CURVE_WITH_KNOTS('',2,(#10055,#10056,#10057,#10058,
    #10059,#10060,#10061),.UNSPECIFIED.,.F.,.F.,(3,2,2,3),(0.,
    2.094395102393,4.188790204786,6.28318530718),
  .PIECEWISE_BEZIER_KNOTS.);
#10055 = CARTESIAN_POINT('',(0.,0.));
#10056 = CARTESIAN_POINT('',(1.047197551197,1.722504214464E-15));
#10057 = CARTESIAN_POINT('',(2.094395102393,-8.881784197001E-16));
#10058 = CARTESIAN_POINT('',(3.14159265359,-1.614394892278E-15));
#10059 = CARTESIAN_POINT('',(4.188790204786,0.));
#10060 = CARTESIAN_POINT('',(5.235987755983,2.868162298204E-16));
#10061 = CARTESIAN_POINT('',(6.28318530718,0.));
#10062 = ( GEOMETRIC_REPRESENTATION_CONTEXT(2) 
PARAMETRIC_REPRESENTATION_CONTEXT() REPRESENTATION_CONTEXT('2D SPACE',''
  ) );
#10063 = PCURVE('',#10064,#10069);
#10064 = B_SPLINE_SURFACE_WITH_KNOTS('',1,1,(
    (#10065,#10066)
    ,(#10067,#10068
    )),.UNSPECIFIED.,.F.,.F.,.F.,(2,2),(2,2),(-0.137795275591,
    0.137795275591),(-0.137795275591,0.137795275591),
  .PIECEWISE_BEZIER_KNOTS.);
#10065 = CARTESIAN_POINT('',(-201.034,-131.858,249.058));
#10066 = CARTESIAN_POINT('',(-201.034,-131.858,256.058));
#10067 = CARTESIAN_POINT('',(-201.034,-138.858,249.058));
#10068 = CARTESIAN_POINT('',(-201.034,-138.858,256.058));
#10069 = DEFINITIONAL_REPRESENTATION('',(#10070),#10078);
#10070 = ( BOUNDED_CURVE() B_SPLINE_CURVE(2,(#10071,#10072,#10073,#10074
    ,#10075,#10076,#10077),.UNSPECIFIED.,.T.,.F.) 
B_SPLINE_CURVE_WITH_KNOTS((1,2,2,2,2,1),(-2.094395102393,0.,
    2.094395102393,4.188790204786,6.28318530718,8.377580409573),
.UNSPECIFIED.) CURVE() GEOMETRIC_REPRESENTATION_ITEM() 
RATIONAL_B_SPLINE_CURVE((1.,0.5,1.,0.5,1.,0.5,1.)) REPRESENTATION_ITEM(
  '') );
#10071 = CARTESIAN_POINT('',(-1.110223024625E-16,0.137795275591));
#10072 = CARTESIAN_POINT('',(-0.238668418366,0.137795275591));
#10073 = CARTESIAN_POINT('',(-0.119334209183,-6.889763779528E-02));
#10074 = CARTESIAN_POINT('',(-1.110223024625E-16,-0.275590551181));
#10075 = CARTESIAN_POINT('',(0.119334209183,-6.889763779528E-02));
#10076 = CARTESIAN_POINT('',(0.238668418366,0.137795275591));
#10077 = CARTESIAN_POINT('',(-1.110223024625E-16,0.137795275591));
#10078 = ( GEOMETRIC_REPRESENTATION_CONTEXT(2) 
PARAMETRIC_REPRESENTATION_CONTEXT() REPRESENTATION_CONTEXT('2D SPACE',''
  ) );
#10079 = ADVANCED_FACE('',(#10080,#10083),#10064,.F.);
#10080 = FACE_BOUND('',#10081,.F.);
#10081 = EDGE_LOOP('',(#10082));
#10082 = ORIENTED_EDGE('',*,*,#10042,.T.);
#10083 = FACE_BOUND('',#10084,.F.);
#10084 = EDGE_LOOP('',(#10085));
#10085 = ORIENTED_EDGE('',*,*,#10086,.F.);
#10086 = EDGE_CURVE('',#10087,#10087,#10089,.T.);
#10087 = VERTEX_POINT('',#10088);
#10088 = CARTESIAN_POINT('',(-201.034,-135.358,254.558));
#10089 = SURFACE_CURVE('',#10090,(#10098,#10109),.PCURVE_S1.);
#10090 = ( BOUNDED_CURVE() B_SPLINE_CURVE(2,(#10091,#10092,#10093,#10094
    ,#10095,#10096,#10097),.UNSPECIFIED.,.T.,.F.) 
B_SPLINE_CURVE_WITH_KNOTS((1,2,2,2,2,1),(-2.094395102393,0.,
    2.094395102393,4.188790204786,6.28318530718,8.377580409573),
.UNSPECIFIED.) CURVE() GEOMETRIC_REPRESENTATION_ITEM() 
RATIONAL_B_SPLINE_CURVE((1.,0.5,1.,0.5,1.,0.5,1.)) REPRESENTATION_ITEM(
  '') );
#10091 = CARTESIAN_POINT('',(-201.034,-135.358,254.558));
#10092 = CARTESIAN_POINT('',(-201.034,-131.8938983848,254.558));
#10093 = CARTESIAN_POINT('',(-201.034,-133.6259491924,251.558));
#10094 = CARTESIAN_POINT('',(-201.034,-135.358,248.558));
#10095 = CARTESIAN_POINT('',(-201.034,-137.0900508075,251.558));
#10096 = CARTESIAN_POINT('',(-201.034,-138.8221016151,254.558));
#10097 = CARTESIAN_POINT('',(-201.034,-135.358,254.558));
#10098 = PCURVE('',#10064,#10099);
#10099 = DEFINITIONAL_REPRESENTATION('',(#10100),#10108);
#10100 = ( BOUNDED_CURVE() B_SPLINE_CURVE(2,(#10101,#10102,#10103,#10104
    ,#10105,#10106,#10107),.UNSPECIFIED.,.T.,.F.) 
B_SPLINE_CURVE_WITH_KNOTS((1,2,2,2,2,1),(-2.094395102393,0.,
    2.094395102393,4.188790204786,6.28318530718,8.377580409573),
.UNSPECIFIED.) CURVE() GEOMETRIC_REPRESENTATION_ITEM() 
RATIONAL_B_SPLINE_CURVE((1.,0.5,1.,0.5,1.,0.5,1.)) REPRESENTATION_ITEM(
  '') );
#10101 = CARTESIAN_POINT('',(-1.110223024625E-16,7.874015748031E-02));
#10102 = CARTESIAN_POINT('',(-0.136381953352,7.874015748031E-02));
#10103 = CARTESIAN_POINT('',(-6.819097667594E-02,-3.937007874016E-02));
#10104 = CARTESIAN_POINT('',(-1.110223024625E-16,-0.157480314961));
#10105 = CARTESIAN_POINT('',(6.819097667594E-02,-3.937007874016E-02));
#10106 = CARTESIAN_POINT('',(0.136381953352,7.874015748031E-02));
#10107 = CARTESIAN_POINT('',(-1.110223024625E-16,7.874015748031E-02));
#10108 = ( GEOMETRIC_REPRESENTATION_CONTEXT(2) 
PARAMETRIC_REPRESENTATION_CONTEXT() REPRESENTATION_CONTEXT('2D SPACE',''
  ) );
#10109 = PCURVE('',#10110,#10125);
#10110 = ( BOUNDED_SURFACE() B_SPLINE_SURFACE(2,1,(
    (#10111,#10112)
    ,(#10113,#10114)
    ,(#10115,#10116)
    ,(#10117,#10118)
    ,(#10119,#10120)
    ,(#10121,#10122)
    ,(#10123,#10124
)),.UNSPECIFIED.,.T.,.F.,.F.) B_SPLINE_SURFACE_WITH_KNOTS((1,2,2,2,2,1),
  (2,2),(-2.094395102393,0.,2.094395102393,4.188790204786,6.28318530718,
    8.377580409573),(-0.314960629921,0.),.UNSPECIFIED.) 
GEOMETRIC_REPRESENTATION_ITEM() RATIONAL_B_SPLINE_SURFACE((
    (1.,1.)
    ,(0.5,0.5)
    ,(1.,1.)
    ,(0.5,0.5)
    ,(1.,1.)
    ,(0.5,0.5)
,(1.,1.))) REPRESENTATION_ITEM('') SURFACE() );
#10111 = CARTESIAN_POINT('',(-201.034,-135.358,254.558));
#10112 = CARTESIAN_POINT('',(-193.034,-135.358,254.558));
#10113 = CARTESIAN_POINT('',(-201.034,-131.8938983848,254.558));
#10114 = CARTESIAN_POINT('',(-193.034,-131.8938983848,254.558));
#10115 = CARTESIAN_POINT('',(-201.034,-133.6259491924,251.558));
#10116 = CARTESIAN_POINT('',(-193.034,-133.6259491924,251.558));
#10117 = CARTESIAN_POINT('',(-201.034,-135.358,248.558));
#10118 = CARTESIAN_POINT('',(-193.034,-135.358,248.558));
#10119 = CARTESIAN_POINT('',(-201.034,-137.0900508075,251.558));
#10120 = CARTESIAN_POINT('',(-193.034,-137.0900508075,251.558));
#10121 = CARTESIAN_POINT('',(-201.034,-138.8221016151,254.558));
#10122 = CARTESIAN_POINT('',(-193.034,-138.8221016151,254.558));
#10123 = CARTESIAN_POINT('',(-201.034,-135.358,254.558));
#10124 = CARTESIAN_POINT('',(-193.034,-135.358,254.558));
#10125 = DEFINITIONAL_REPRESENTATION('',(#10126),#10134);
#10126 = B_SPLINE_CURVE_WITH_KNOTS('',2,(#10127,#10128,#10129,#10130,
    #10131,#10132,#10133),.UNSPECIFIED.,.F.,.F.,(3,2,2,3),(0.,
    2.094395102393,4.188790204786,6.28318530718),
  .PIECEWISE_BEZIER_KNOTS.);
#10127 = CARTESIAN_POINT('',(0.,-0.314960629921));
#10128 = CARTESIAN_POINT('',(1.047197551197,-0.314960629921));
#10129 = CARTESIAN_POINT('',(2.094395102393,-0.314960629921));
#10130 = CARTESIAN_POINT('',(3.14159265359,-0.314960629921));
#10131 = CARTESIAN_POINT('',(4.188790204786,-0.314960629921));
#10132 = CARTESIAN_POINT('',(5.235987755983,-0.314960629921));
#10133 = CARTESIAN_POINT('',(6.28318530718,-0.314960629921));
#10134 = ( GEOMETRIC_REPRESENTATION_CONTEXT(2) 
PARAMETRIC_REPRESENTATION_CONTEXT() REPRESENTATION_CONTEXT('2D SPACE',''
  ) );
#10135 = ADVANCED_FACE('',(#10136),#10025,.T.);
#10136 = FACE_BOUND('',#10137,.T.);
#10137 = EDGE_LOOP('',(#10138));
#10138 = ORIENTED_EDGE('',*,*,#10003,.T.);
#10139 = ADVANCED_FACE('',(#10140),#10110,.F.);
#10140 = FACE_BOUND('',#10141,.F.);
#10141 = EDGE_LOOP('',(#10142,#10164,#10165,#10166));
#10142 = ORIENTED_EDGE('',*,*,#10143,.T.);
#10143 = EDGE_CURVE('',#10144,#10087,#10146,.T.);
#10144 = VERTEX_POINT('',#10145);
#10145 = CARTESIAN_POINT('',(-193.034,-135.358,254.558));
#10146 = SEAM_CURVE('',#10147,(#10150,#10157),.PCURVE_S1.);
#10147 = B_SPLINE_CURVE_WITH_KNOTS('',1,(#10148,#10149),.UNSPECIFIED.,
  .F.,.F.,(2,2),(0.,0.314960629921),.PIECEWISE_BEZIER_KNOTS.);
#10148 = CARTESIAN_POINT('',(-193.034,-135.358,254.558));
#10149 = CARTESIAN_POINT('',(-201.034,-135.358,254.558));
#10150 = PCURVE('',#10110,#10151);
#10151 = DEFINITIONAL_REPRESENTATION('',(#10152),#10156);
#10152 = B_SPLINE_CURVE_WITH_KNOTS('',2,(#10153,#10154,#10155),
  .UNSPECIFIED.,.F.,.F.,(3,3),(0.,0.314960629921),
  .PIECEWISE_BEZIER_KNOTS.);
#10153 = CARTESIAN_POINT('',(0.,0.));
#10154 = CARTESIAN_POINT('',(0.,-0.157480314961));
#10155 = CARTESIAN_POINT('',(0.,-0.314960629921));
#10156 = ( GEOMETRIC_REPRESENTATION_CONTEXT(2) 
PARAMETRIC_REPRESENTATION_CONTEXT() REPRESENTATION_CONTEXT('2D SPACE',''
  ) );
#10157 = PCURVE('',#10110,#10158);
#10158 = DEFINITIONAL_REPRESENTATION('',(#10159),#10163);
#10159 = B_SPLINE_CURVE_WITH_KNOTS('',2,(#10160,#10161,#10162),
  .UNSPECIFIED.,.F.,.F.,(3,3),(0.,0.314960629921),
  .PIECEWISE_BEZIER_KNOTS.);
#10160 = CARTESIAN_POINT('',(6.28318530718,0.));
#10161 = CARTESIAN_POINT('',(6.28318530718,-0.157480314961));
#10162 = CARTESIAN_POINT('',(6.28318530718,-0.314960629921));
#10163 = ( GEOMETRIC_REPRESENTATION_CONTEXT(2) 
PARAMETRIC_REPRESENTATION_CONTEXT() REPRESENTATION_CONTEXT('2D SPACE',''
  ) );
#10164 = ORIENTED_EDGE('',*,*,#10086,.T.);
#10165 = ORIENTED_EDGE('',*,*,#10143,.F.);
#10166 = ORIENTED_EDGE('',*,*,#10167,.F.);
#10167 = EDGE_CURVE('',#10144,#10144,#10168,.T.);
#10168 = SURFACE_CURVE('',#10169,(#10177,#10188),.PCURVE_S1.);
#10169 = ( BOUNDED_CURVE() B_SPLINE_CURVE(2,(#10170,#10171,#10172,#10173
    ,#10174,#10175,#10176),.UNSPECIFIED.,.T.,.F.) 
B_SPLINE_CURVE_WITH_KNOTS((1,2,2,2,2,1),(-2.094395102393,0.,
    2.094395102393,4.188790204786,6.28318530718,8.377580409573),
.UNSPECIFIED.) CURVE() GEOMETRIC_REPRESENTATION_ITEM() 
RATIONAL_B_SPLINE_CURVE((1.,0.5,1.,0.5,1.,0.5,1.)) REPRESENTATION_ITEM(
  '') );
#10170 = CARTESIAN_POINT('',(-193.034,-135.358,254.558));
#10171 = CARTESIAN_POINT('',(-193.034,-131.8938983848,254.558));
#10172 = CARTESIAN_POINT('',(-193.034,-133.6259491924,251.558));
#10173 = CARTESIAN_POINT('',(-193.034,-135.358,248.558));
#10174 = CARTESIAN_POINT('',(-193.034,-137.0900508075,251.558));
#10175 = CARTESIAN_POINT('',(-193.034,-138.8221016151,254.558));
#10176 = CARTESIAN_POINT('',(-193.034,-135.358,254.558));
#10177 = PCURVE('',#10110,#10178);
#10178 = DEFINITIONAL_REPRESENTATION('',(#10179),#10187);
#10179 = B_SPLINE_CURVE_WITH_KNOTS('',2,(#10180,#10181,#10182,#10183,
    #10184,#10185,#10186),.UNSPECIFIED.,.F.,.F.,(3,2,2,3),(0.,
    2.094395102393,4.188790204786,6.28318530718),
  .PIECEWISE_BEZIER_KNOTS.);
#10180 = CARTESIAN_POINT('',(0.,0.));
#10181 = CARTESIAN_POINT('',(1.047197551197,-2.476450417282E-15));
#10182 = CARTESIAN_POINT('',(2.094395102393,0.));
#10183 = CARTESIAN_POINT('',(3.14159265359,-4.513500591805E-15));
#10184 = CARTESIAN_POINT('',(4.188790204786,-8.881784197001E-16));
#10185 = CARTESIAN_POINT('',(5.235987755983,-1.121007333813E-15));
#10186 = CARTESIAN_POINT('',(6.28318530718,0.));
#10187 = ( GEOMETRIC_REPRESENTATION_CONTEXT(2) 
PARAMETRIC_REPRESENTATION_CONTEXT() REPRESENTATION_CONTEXT('2D SPACE',''
  ) );
#10188 = PCURVE('',#10189,#10194);
#10189 = B_SPLINE_SURFACE_WITH_KNOTS('',1,1,(
    (#10190,#10191)
    ,(#10192,#10193
    )),.UNSPECIFIED.,.F.,.F.,.F.,(2,2),(2,2),(-7.874015748031E-02,
    7.874015748031E-02),(-7.874015748031E-02,7.874015748031E-02),
  .PIECEWISE_BEZIER_KNOTS.);
#10190 = CARTESIAN_POINT('',(-193.034,-133.358,250.558));
#10191 = CARTESIAN_POINT('',(-193.034,-133.358,254.558));
#10192 = CARTESIAN_POINT('',(-193.034,-137.358,250.558));
#10193 = CARTESIAN_POINT('',(-193.034,-137.358,254.558));
#10194 = DEFINITIONAL_REPRESENTATION('',(#10195),#10203);
#10195 = ( BOUNDED_CURVE() B_SPLINE_CURVE(2,(#10196,#10197,#10198,#10199
    ,#10200,#10201,#10202),.UNSPECIFIED.,.T.,.F.) 
B_SPLINE_CURVE_WITH_KNOTS((1,2,2,2,2,1),(-2.094395102393,0.,
    2.094395102393,4.188790204786,6.28318530718,8.377580409573),
.UNSPECIFIED.) CURVE() GEOMETRIC_REPRESENTATION_ITEM() 
RATIONAL_B_SPLINE_CURVE((1.,0.5,1.,0.5,1.,0.5,1.)) REPRESENTATION_ITEM(
  '') );
#10196 = CARTESIAN_POINT('',(1.110223024625E-16,7.874015748031E-02));
#10197 = CARTESIAN_POINT('',(-0.136381953352,7.874015748031E-02));
#10198 = CARTESIAN_POINT('',(-6.819097667594E-02,-3.937007874016E-02));
#10199 = CARTESIAN_POINT('',(1.110223024625E-16,-0.157480314961));
#10200 = CARTESIAN_POINT('',(6.819097667594E-02,-3.937007874016E-02));
#10201 = CARTESIAN_POINT('',(0.136381953352,7.874015748031E-02));
#10202 = CARTESIAN_POINT('',(1.110223024625E-16,7.874015748031E-02));
#10203 = ( GEOMETRIC_REPRESENTATION_CONTEXT(2) 
PARAMETRIC_REPRESENTATION_CONTEXT() REPRESENTATION_CONTEXT('2D SPACE',''
  ) );
#10204 = ADVANCED_FACE('',(#10205),#10189,.F.);
#10205 = FACE_BOUND('',#10206,.F.);
#10206 = EDGE_LOOP('',(#10207));
#10207 = ORIENTED_EDGE('',*,*,#10167,.T.);
#10208 = MANIFOLD_SOLID_BREP('',#10209);
#10209 = CLOSED_SHELL('',(#10210,#10329,#10385,#10389,#10454));
#10210 = ADVANCED_FACE('',(#10211),#10224,.F.);
#10211 = FACE_BOUND('',#10212,.F.);
#10212 = EDGE_LOOP('',(#10213,#10252,#10290,#10291));
#10213 = ORIENTED_EDGE('',*,*,#10214,.T.);
#10214 = EDGE_CURVE('',#10215,#10217,#10219,.T.);
#10215 = VERTEX_POINT('',#10216);
#10216 = CARTESIAN_POINT('',(-201.034,-119.358,272.058));
#10217 = VERTEX_POINT('',#10218);
#10218 = CARTESIAN_POINT('',(-205.034,-119.358,272.058));
#10219 = SEAM_CURVE('',#10220,(#10223,#10245),.PCURVE_S1.);
#10220 = B_SPLINE_CURVE_WITH_KNOTS('',1,(#10221,#10222),.UNSPECIFIED.,
  .F.,.F.,(2,2),(0.,0.157480314961),.PIECEWISE_BEZIER_KNOTS.);
#10221 = CARTESIAN_POINT('',(-201.034,-119.358,272.058));
#10222 = CARTESIAN_POINT('',(-205.034,-119.358,272.058));
#10223 = PCURVE('',#10224,#10239);
#10224 = ( BOUNDED_SURFACE() B_SPLINE_SURFACE(2,1,(
    (#10225,#10226)
    ,(#10227,#10228)
    ,(#10229,#10230)
    ,(#10231,#10232)
    ,(#10233,#10234)
    ,(#10235,#10236)
    ,(#10237,#10238
)),.UNSPECIFIED.,.T.,.F.,.F.) B_SPLINE_SURFACE_WITH_KNOTS((1,2,2,2,2,1),
  (2,2),(-2.094395102393,0.,2.094395102393,4.188790204786,6.28318530718,
    8.377580409573),(-0.157480314961,0.),.UNSPECIFIED.) 
GEOMETRIC_REPRESENTATION_ITEM() RATIONAL_B_SPLINE_SURFACE((
    (1.,1.)
    ,(0.5,0.5)
    ,(1.,1.)
    ,(0.5,0.5)
    ,(1.,1.)
    ,(0.5,0.5)
,(1.,1.))) REPRESENTATION_ITEM('') SURFACE() );
#10225 = CARTESIAN_POINT('',(-205.034,-119.358,272.058));
#10226 = CARTESIAN_POINT('',(-201.034,-119.358,272.058));
#10227 = CARTESIAN_POINT('',(-205.034,-113.2958221735,272.058));
#10228 = CARTESIAN_POINT('',(-201.034,-113.2958221735,272.058));
#10229 = CARTESIAN_POINT('',(-205.034,-116.3269110867,266.808));
#10230 = CARTESIAN_POINT('',(-201.034,-116.3269110867,266.808));
#10231 = CARTESIAN_POINT('',(-205.034,-119.358,261.558));
#10232 = CARTESIAN_POINT('',(-201.034,-119.358,261.558));
#10233 = CARTESIAN_POINT('',(-205.034,-122.3890889132,266.808));
#10234 = CARTESIAN_POINT('',(-201.034,-122.3890889132,266.808));
#10235 = CARTESIAN_POINT('',(-205.034,-125.4201778264,272.058));
#10236 = CARTESIAN_POINT('',(-201.034,-125.4201778264,272.058));
#10237 = CARTESIAN_POINT('',(-205.034,-119.358,272.058));
#10238 = CARTESIAN_POINT('',(-201.034,-119.358,272.058));
#10239 = DEFINITIONAL_REPRESENTATION('',(#10240),#10244);
#10240 = B_SPLINE_CURVE_WITH_KNOTS('',2,(#10241,#10242,#10243),
  .UNSPECIFIED.,.F.,.F.,(3,3),(0.,0.157480314961),
  .PIECEWISE_BEZIER_KNOTS.);
#10241 = CARTESIAN_POINT('',(0.,0.));
#10242 = CARTESIAN_POINT('',(0.,-7.874015748031E-02));
#10243 = CARTESIAN_POINT('',(0.,-0.157480314961));
#10244 = ( GEOMETRIC_REPRESENTATION_CONTEXT(2) 
PARAMETRIC_REPRESENTATION_CONTEXT() REPRESENTATION_CONTEXT('2D SPACE',''
  ) );
#10245 = PCURVE('',#10224,#10246);
#10246 = DEFINITIONAL_REPRESENTATION('',(#10247),#10251);
#10247 = B_SPLINE_CURVE_WITH_KNOTS('',2,(#10248,#10249,#10250),
  .UNSPECIFIED.,.F.,.F.,(3,3),(0.,0.157480314961),
  .PIECEWISE_BEZIER_KNOTS.);
#10248 = CARTESIAN_POINT('',(6.28318530718,0.));
#10249 = CARTESIAN_POINT('',(6.28318530718,-7.874015748031E-02));
#10250 = CARTESIAN_POINT('',(6.28318530718,-0.157480314961));
#10251 = ( GEOMETRIC_REPRESENTATION_CONTEXT(2) 
PARAMETRIC_REPRESENTATION_CONTEXT() REPRESENTATION_CONTEXT('2D SPACE',''
  ) );
#10252 = ORIENTED_EDGE('',*,*,#10253,.T.);
#10253 = EDGE_CURVE('',#10217,#10217,#10254,.T.);
#10254 = SURFACE_CURVE('',#10255,(#10263,#10274),.PCURVE_S1.);
#10255 = ( BOUNDED_CURVE() B_SPLINE_CURVE(2,(#10256,#10257,#10258,#10259
    ,#10260,#10261,#10262),.UNSPECIFIED.,.T.,.F.) 
B_SPLINE_CURVE_WITH_KNOTS((1,2,2,2,2,1),(-2.094395102393,0.,
    2.094395102393,4.188790204786,6.28318530718,8.377580409573),
.UNSPECIFIED.) CURVE() GEOMETRIC_REPRESENTATION_ITEM() 
RATIONAL_B_SPLINE_CURVE((1.,0.5,1.,0.5,1.,0.5,1.)) REPRESENTATION_ITEM(
  '') );
#10256 = CARTESIAN_POINT('',(-205.034,-119.358,272.058));
#10257 = CARTESIAN_POINT('',(-205.034,-113.2958221735,272.058));
#10258 = CARTESIAN_POINT('',(-205.034,-116.3269110867,266.808));
#10259 = CARTESIAN_POINT('',(-205.034,-119.358,261.558));
#10260 = CARTESIAN_POINT('',(-205.034,-122.3890889132,266.808));
#10261 = CARTESIAN_POINT('',(-205.034,-125.4201778264,272.058));
#10262 = CARTESIAN_POINT('',(-205.034,-119.358,272.058));
#10263 = PCURVE('',#10224,#10264);
#10264 = DEFINITIONAL_REPRESENTATION('',(#10265),#10273);
#10265 = B_SPLINE_CURVE_WITH_KNOTS('',2,(#10266,#10267,#10268,#10269,
    #10270,#10271,#10272),.UNSPECIFIED.,.F.,.F.,(3,2,2,3),(0.,
    2.094395102393,4.188790204786,6.28318530718),
  .PIECEWISE_BEZIER_KNOTS.);
#10266 = CARTESIAN_POINT('',(0.,-0.157480314961));
#10267 = CARTESIAN_POINT('',(1.047197551197,-0.157480314961));
#10268 = CARTESIAN_POINT('',(2.094395102393,-0.157480314961));
#10269 = CARTESIAN_POINT('',(3.14159265359,-0.157480314961));
#10270 = CARTESIAN_POINT('',(4.188790204786,-0.157480314961));
#10271 = CARTESIAN_POINT('',(5.235987755983,-0.157480314961));
#10272 = CARTESIAN_POINT('',(6.28318530718,-0.157480314961));
#10273 = ( GEOMETRIC_REPRESENTATION_CONTEXT(2) 
PARAMETRIC_REPRESENTATION_CONTEXT() REPRESENTATION_CONTEXT('2D SPACE',''
  ) );
#10274 = PCURVE('',#10275,#10280);
#10275 = B_SPLINE_SURFACE_WITH_KNOTS('',1,1,(
    (#10276,#10277)
    ,(#10278,#10279
    )),.UNSPECIFIED.,.F.,.F.,.F.,(2,2),(2,2),(-0.137795275591,
    0.137795275591),(-0.137795275591,0.137795275591),
  .PIECEWISE_BEZIER_KNOTS.);
#10276 = CARTESIAN_POINT('',(-205.034,-115.858,265.058));
#10277 = CARTESIAN_POINT('',(-205.034,-115.858,272.058));
#10278 = CARTESIAN_POINT('',(-205.034,-122.858,265.058));
#10279 = CARTESIAN_POINT('',(-205.034,-122.858,272.058));
#10280 = DEFINITIONAL_REPRESENTATION('',(#10281),#10289);
#10281 = ( BOUNDED_CURVE() B_SPLINE_CURVE(2,(#10282,#10283,#10284,#10285
    ,#10286,#10287,#10288),.UNSPECIFIED.,.T.,.F.) 
B_SPLINE_CURVE_WITH_KNOTS((1,2,2,2,2,1),(-2.094395102393,0.,
    2.094395102393,4.188790204786,6.28318530718,8.377580409573),
.UNSPECIFIED.) CURVE() GEOMETRIC_REPRESENTATION_ITEM() 
RATIONAL_B_SPLINE_CURVE((1.,0.5,1.,0.5,1.,0.5,1.)) REPRESENTATION_ITEM(
  '') );
#10282 = CARTESIAN_POINT('',(0.,0.137795275591));
#10283 = CARTESIAN_POINT('',(-0.238668418366,0.137795275591));
#10284 = CARTESIAN_POINT('',(-0.119334209183,-6.889763779528E-02));
#10285 = CARTESIAN_POINT('',(0.,-0.275590551181));
#10286 = CARTESIAN_POINT('',(0.119334209183,-6.889763779528E-02));
#10287 = CARTESIAN_POINT('',(0.238668418366,0.137795275591));
#10288 = CARTESIAN_POINT('',(0.,0.137795275591));
#10289 = ( GEOMETRIC_REPRESENTATION_CONTEXT(2) 
PARAMETRIC_REPRESENTATION_CONTEXT() REPRESENTATION_CONTEXT('2D SPACE',''
  ) );
#10290 = ORIENTED_EDGE('',*,*,#10214,.F.);
#10291 = ORIENTED_EDGE('',*,*,#10292,.F.);
#10292 = EDGE_CURVE('',#10215,#10215,#10293,.T.);
#10293 = SURFACE_CURVE('',#10294,(#10302,#10313),.PCURVE_S1.);
#10294 = ( BOUNDED_CURVE() B_SPLINE_CURVE(2,(#10295,#10296,#10297,#10298
    ,#10299,#10300,#10301),.UNSPECIFIED.,.T.,.F.) 
B_SPLINE_CURVE_WITH_KNOTS((1,2,2,2,2,1),(-2.094395102393,0.,
    2.094395102393,4.188790204786,6.28318530718,8.377580409573),
.UNSPECIFIED.) CURVE() GEOMETRIC_REPRESENTATION_ITEM() 
RATIONAL_B_SPLINE_CURVE((1.,0.5,1.,0.5,1.,0.5,1.)) REPRESENTATION_ITEM(
  '') );
#10295 = CARTESIAN_POINT('',(-201.034,-119.358,272.058));
#10296 = CARTESIAN_POINT('',(-201.034,-113.2958221735,272.058));
#10297 = CARTESIAN_POINT('',(-201.034,-116.3269110867,266.808));
#10298 = CARTESIAN_POINT('',(-201.034,-119.358,261.558));
#10299 = CARTESIAN_POINT('',(-201.034,-122.3890889132,266.808));
#10300 = CARTESIAN_POINT('',(-201.034,-125.4201778264,272.058));
#10301 = CARTESIAN_POINT('',(-201.034,-119.358,272.058));
#10302 = PCURVE('',#10224,#10303);
#10303 = DEFINITIONAL_REPRESENTATION('',(#10304),#10312);
#10304 = B_SPLINE_CURVE_WITH_KNOTS('',2,(#10305,#10306,#10307,#10308,
    #10309,#10310,#10311),.UNSPECIFIED.,.F.,.F.,(3,2,2,3),(0.,
    2.094395102393,4.188790204786,6.28318530718),
  .PIECEWISE_BEZIER_KNOTS.);
#10305 = CARTESIAN_POINT('',(0.,0.));
#10306 = CARTESIAN_POINT('',(1.047197551197,8.185173671747E-17));
#10307 = CARTESIAN_POINT('',(2.094395102393,-8.881784197001E-16));
#10308 = CARTESIAN_POINT('',(3.14159265359,-1.271984511209E-15));
#10309 = CARTESIAN_POINT('',(4.188790204786,0.));
#10310 = CARTESIAN_POINT('',(5.235987755983,5.736324596409E-16));
#10311 = CARTESIAN_POINT('',(6.28318530718,0.));
#10312 = ( GEOMETRIC_REPRESENTATION_CONTEXT(2) 
PARAMETRIC_REPRESENTATION_CONTEXT() REPRESENTATION_CONTEXT('2D SPACE',''
  ) );
#10313 = PCURVE('',#10314,#10319);
#10314 = B_SPLINE_SURFACE_WITH_KNOTS('',1,1,(
    (#10315,#10316)
    ,(#10317,#10318
    )),.UNSPECIFIED.,.F.,.F.,.F.,(2,2),(2,2),(-0.137795275591,
    0.137795275591),(-0.137795275591,0.137795275591),
  .PIECEWISE_BEZIER_KNOTS.);
#10315 = CARTESIAN_POINT('',(-201.034,-115.858,265.058));
#10316 = CARTESIAN_POINT('',(-201.034,-115.858,272.058));
#10317 = CARTESIAN_POINT('',(-201.034,-122.858,265.058));
#10318 = CARTESIAN_POINT('',(-201.034,-122.858,272.058));
#10319 = DEFINITIONAL_REPRESENTATION('',(#10320),#10328);
#10320 = ( BOUNDED_CURVE() B_SPLINE_CURVE(2,(#10321,#10322,#10323,#10324
    ,#10325,#10326,#10327),.UNSPECIFIED.,.T.,.F.) 
B_SPLINE_CURVE_WITH_KNOTS((1,2,2,2,2,1),(-2.094395102393,0.,
    2.094395102393,4.188790204786,6.28318530718,8.377580409573),
.UNSPECIFIED.) CURVE() GEOMETRIC_REPRESENTATION_ITEM() 
RATIONAL_B_SPLINE_CURVE((1.,0.5,1.,0.5,1.,0.5,1.)) REPRESENTATION_ITEM(
  '') );
#10321 = CARTESIAN_POINT('',(0.,0.137795275591));
#10322 = CARTESIAN_POINT('',(-0.238668418366,0.137795275591));
#10323 = CARTESIAN_POINT('',(-0.119334209183,-6.889763779528E-02));
#10324 = CARTESIAN_POINT('',(0.,-0.275590551181));
#10325 = CARTESIAN_POINT('',(0.119334209183,-6.889763779528E-02));
#10326 = CARTESIAN_POINT('',(0.238668418366,0.137795275591));
#10327 = CARTESIAN_POINT('',(0.,0.137795275591));
#10328 = ( GEOMETRIC_REPRESENTATION_CONTEXT(2) 
PARAMETRIC_REPRESENTATION_CONTEXT() REPRESENTATION_CONTEXT('2D SPACE',''
  ) );
#10329 = ADVANCED_FACE('',(#10330,#10333),#10314,.F.);
#10330 = FACE_BOUND('',#10331,.F.);
#10331 = EDGE_LOOP('',(#10332));
#10332 = ORIENTED_EDGE('',*,*,#10292,.T.);
#10333 = FACE_BOUND('',#10334,.F.);
#10334 = EDGE_LOOP('',(#10335));
#10335 = ORIENTED_EDGE('',*,*,#10336,.F.);
#10336 = EDGE_CURVE('',#10337,#10337,#10339,.T.);
#10337 = VERTEX_POINT('',#10338);
#10338 = CARTESIAN_POINT('',(-201.034,-119.358,270.558));
#10339 = SURFACE_CURVE('',#10340,(#10348,#10359),.PCURVE_S1.);
#10340 = ( BOUNDED_CURVE() B_SPLINE_CURVE(2,(#10341,#10342,#10343,#10344
    ,#10345,#10346,#10347),.UNSPECIFIED.,.T.,.F.) 
B_SPLINE_CURVE_WITH_KNOTS((1,2,2,2,2,1),(-2.094395102393,0.,
    2.094395102393,4.188790204786,6.28318530718,8.377580409573),
.UNSPECIFIED.) CURVE() GEOMETRIC_REPRESENTATION_ITEM() 
RATIONAL_B_SPLINE_CURVE((1.,0.5,1.,0.5,1.,0.5,1.)) REPRESENTATION_ITEM(
  '') );
#10341 = CARTESIAN_POINT('',(-201.034,-119.358,270.558));
#10342 = CARTESIAN_POINT('',(-201.034,-115.8938983848,270.558));
#10343 = CARTESIAN_POINT('',(-201.034,-117.6259491924,267.558));
#10344 = CARTESIAN_POINT('',(-201.034,-119.358,264.558));
#10345 = CARTESIAN_POINT('',(-201.034,-121.0900508075,267.558));
#10346 = CARTESIAN_POINT('',(-201.034,-122.8221016151,270.558));
#10347 = CARTESIAN_POINT('',(-201.034,-119.358,270.558));
#10348 = PCURVE('',#10314,#10349);
#10349 = DEFINITIONAL_REPRESENTATION('',(#10350),#10358);
#10350 = ( BOUNDED_CURVE() B_SPLINE_CURVE(2,(#10351,#10352,#10353,#10354
    ,#10355,#10356,#10357),.UNSPECIFIED.,.T.,.F.) 
B_SPLINE_CURVE_WITH_KNOTS((1,2,2,2,2,1),(-2.094395102393,0.,
    2.094395102393,4.188790204786,6.28318530718,8.377580409573),
.UNSPECIFIED.) CURVE() GEOMETRIC_REPRESENTATION_ITEM() 
RATIONAL_B_SPLINE_CURVE((1.,0.5,1.,0.5,1.,0.5,1.)) REPRESENTATION_ITEM(
  '') );
#10351 = CARTESIAN_POINT('',(0.,7.874015748031E-02));
#10352 = CARTESIAN_POINT('',(-0.136381953352,7.874015748031E-02));
#10353 = CARTESIAN_POINT('',(-6.819097667594E-02,-3.937007874016E-02));
#10354 = CARTESIAN_POINT('',(0.,-0.157480314961));
#10355 = CARTESIAN_POINT('',(6.819097667594E-02,-3.937007874016E-02));
#10356 = CARTESIAN_POINT('',(0.136381953352,7.874015748031E-02));
#10357 = CARTESIAN_POINT('',(0.,7.874015748031E-02));
#10358 = ( GEOMETRIC_REPRESENTATION_CONTEXT(2) 
PARAMETRIC_REPRESENTATION_CONTEXT() REPRESENTATION_CONTEXT('2D SPACE',''
  ) );
#10359 = PCURVE('',#10360,#10375);
#10360 = ( BOUNDED_SURFACE() B_SPLINE_SURFACE(2,1,(
    (#10361,#10362)
    ,(#10363,#10364)
    ,(#10365,#10366)
    ,(#10367,#10368)
    ,(#10369,#10370)
    ,(#10371,#10372)
    ,(#10373,#10374
)),.UNSPECIFIED.,.T.,.F.,.F.) B_SPLINE_SURFACE_WITH_KNOTS((1,2,2,2,2,1),
  (2,2),(-2.094395102393,0.,2.094395102393,4.188790204786,6.28318530718,
    8.377580409573),(-0.314960629921,0.),.UNSPECIFIED.) 
GEOMETRIC_REPRESENTATION_ITEM() RATIONAL_B_SPLINE_SURFACE((
    (1.,1.)
    ,(0.5,0.5)
    ,(1.,1.)
    ,(0.5,0.5)
    ,(1.,1.)
    ,(0.5,0.5)
,(1.,1.))) REPRESENTATION_ITEM('') SURFACE() );
#10361 = CARTESIAN_POINT('',(-201.034,-119.358,270.558));
#10362 = CARTESIAN_POINT('',(-193.034,-119.358,270.558));
#10363 = CARTESIAN_POINT('',(-201.034,-115.8938983848,270.558));
#10364 = CARTESIAN_POINT('',(-193.034,-115.8938983848,270.558));
#10365 = CARTESIAN_POINT('',(-201.034,-117.6259491924,267.558));
#10366 = CARTESIAN_POINT('',(-193.034,-117.6259491924,267.558));
#10367 = CARTESIAN_POINT('',(-201.034,-119.358,264.558));
#10368 = CARTESIAN_POINT('',(-193.034,-119.358,264.558));
#10369 = CARTESIAN_POINT('',(-201.034,-121.0900508075,267.558));
#10370 = CARTESIAN_POINT('',(-193.034,-121.0900508075,267.558));
#10371 = CARTESIAN_POINT('',(-201.034,-122.8221016151,270.558));
#10372 = CARTESIAN_POINT('',(-193.034,-122.8221016151,270.558));
#10373 = CARTESIAN_POINT('',(-201.034,-119.358,270.558));
#10374 = CARTESIAN_POINT('',(-193.034,-119.358,270.558));
#10375 = DEFINITIONAL_REPRESENTATION('',(#10376),#10384);
#10376 = B_SPLINE_CURVE_WITH_KNOTS('',2,(#10377,#10378,#10379,#10380,
    #10381,#10382,#10383),.UNSPECIFIED.,.F.,.F.,(3,2,2,3),(0.,
    2.094395102393,4.188790204786,6.28318530718),
  .PIECEWISE_BEZIER_KNOTS.);
#10377 = CARTESIAN_POINT('',(0.,-0.314960629921));
#10378 = CARTESIAN_POINT('',(1.047197551197,-0.314960629921));
#10379 = CARTESIAN_POINT('',(2.094395102393,-0.314960629921));
#10380 = CARTESIAN_POINT('',(3.14159265359,-0.314960629921));
#10381 = CARTESIAN_POINT('',(4.188790204786,-0.314960629921));
#10382 = CARTESIAN_POINT('',(5.235987755983,-0.314960629921));
#10383 = CARTESIAN_POINT('',(6.28318530718,-0.314960629921));
#10384 = ( GEOMETRIC_REPRESENTATION_CONTEXT(2) 
PARAMETRIC_REPRESENTATION_CONTEXT() REPRESENTATION_CONTEXT('2D SPACE',''
  ) );
#10385 = ADVANCED_FACE('',(#10386),#10275,.T.);
#10386 = FACE_BOUND('',#10387,.T.);
#10387 = EDGE_LOOP('',(#10388));
#10388 = ORIENTED_EDGE('',*,*,#10253,.T.);
#10389 = ADVANCED_FACE('',(#10390),#10360,.F.);
#10390 = FACE_BOUND('',#10391,.F.);
#10391 = EDGE_LOOP('',(#10392,#10414,#10415,#10416));
#10392 = ORIENTED_EDGE('',*,*,#10393,.T.);
#10393 = EDGE_CURVE('',#10394,#10337,#10396,.T.);
#10394 = VERTEX_POINT('',#10395);
#10395 = CARTESIAN_POINT('',(-193.034,-119.358,270.558));
#10396 = SEAM_CURVE('',#10397,(#10400,#10407),.PCURVE_S1.);
#10397 = B_SPLINE_CURVE_WITH_KNOTS('',1,(#10398,#10399),.UNSPECIFIED.,
  .F.,.F.,(2,2),(0.,0.314960629921),.PIECEWISE_BEZIER_KNOTS.);
#10398 = CARTESIAN_POINT('',(-193.034,-119.358,270.558));
#10399 = CARTESIAN_POINT('',(-201.034,-119.358,270.558));
#10400 = PCURVE('',#10360,#10401);
#10401 = DEFINITIONAL_REPRESENTATION('',(#10402),#10406);
#10402 = B_SPLINE_CURVE_WITH_KNOTS('',2,(#10403,#10404,#10405),
  .UNSPECIFIED.,.F.,.F.,(3,3),(0.,0.314960629921),
  .PIECEWISE_BEZIER_KNOTS.);
#10403 = CARTESIAN_POINT('',(0.,0.));
#10404 = CARTESIAN_POINT('',(0.,-0.157480314961));
#10405 = CARTESIAN_POINT('',(0.,-0.314960629921));
#10406 = ( GEOMETRIC_REPRESENTATION_CONTEXT(2) 
PARAMETRIC_REPRESENTATION_CONTEXT() REPRESENTATION_CONTEXT('2D SPACE',''
  ) );
#10407 = PCURVE('',#10360,#10408);
#10408 = DEFINITIONAL_REPRESENTATION('',(#10409),#10413);
#10409 = B_SPLINE_CURVE_WITH_KNOTS('',2,(#10410,#10411,#10412),
  .UNSPECIFIED.,.F.,.F.,(3,3),(0.,0.314960629921),
  .PIECEWISE_BEZIER_KNOTS.);
#10410 = CARTESIAN_POINT('',(6.28318530718,0.));
#10411 = CARTESIAN_POINT('',(6.28318530718,-0.157480314961));
#10412 = CARTESIAN_POINT('',(6.28318530718,-0.314960629921));
#10413 = ( GEOMETRIC_REPRESENTATION_CONTEXT(2) 
PARAMETRIC_REPRESENTATION_CONTEXT() REPRESENTATION_CONTEXT('2D SPACE',''
  ) );
#10414 = ORIENTED_EDGE('',*,*,#10336,.T.);
#10415 = ORIENTED_EDGE('',*,*,#10393,.F.);
#10416 = ORIENTED_EDGE('',*,*,#10417,.F.);
#10417 = EDGE_CURVE('',#10394,#10394,#10418,.T.);
#10418 = SURFACE_CURVE('',#10419,(#10427,#10438),.PCURVE_S1.);
#10419 = ( BOUNDED_CURVE() B_SPLINE_CURVE(2,(#10420,#10421,#10422,#10423
    ,#10424,#10425,#10426),.UNSPECIFIED.,.T.,.F.) 
B_SPLINE_CURVE_WITH_KNOTS((1,2,2,2,2,1),(-2.094395102393,0.,
    2.094395102393,4.188790204786,6.28318530718,8.377580409573),
.UNSPECIFIED.) CURVE() GEOMETRIC_REPRESENTATION_ITEM() 
RATIONAL_B_SPLINE_CURVE((1.,0.5,1.,0.5,1.,0.5,1.)) REPRESENTATION_ITEM(
  '') );
#10420 = CARTESIAN_POINT('',(-193.034,-119.358,270.558));
#10421 = CARTESIAN_POINT('',(-193.034,-115.8938983848,270.558));
#10422 = CARTESIAN_POINT('',(-193.034,-117.6259491924,267.558));
#10423 = CARTESIAN_POINT('',(-193.034,-119.358,264.558));
#10424 = CARTESIAN_POINT('',(-193.034,-121.0900508075,267.558));
#10425 = CARTESIAN_POINT('',(-193.034,-122.8221016151,270.558));
#10426 = CARTESIAN_POINT('',(-193.034,-119.358,270.558));
#10427 = PCURVE('',#10360,#10428);
#10428 = DEFINITIONAL_REPRESENTATION('',(#10429),#10437);
#10429 = B_SPLINE_CURVE_WITH_KNOTS('',2,(#10430,#10431,#10432,#10433,
    #10434,#10435,#10436),.UNSPECIFIED.,.F.,.F.,(3,2,2,3),(0.,
    2.094395102393,4.188790204786,6.28318530718),
  .PIECEWISE_BEZIER_KNOTS.);
#10430 = CARTESIAN_POINT('',(0.,0.));
#10431 = CARTESIAN_POINT('',(1.047197551197,-2.189634187461E-15));
#10432 = CARTESIAN_POINT('',(2.094395102393,0.));
#10433 = CARTESIAN_POINT('',(3.14159265359,-4.513500591805E-15));
#10434 = CARTESIAN_POINT('',(4.188790204786,-8.881784197001E-16));
#10435 = CARTESIAN_POINT('',(5.235987755983,-9.700301564176E-16));
#10436 = CARTESIAN_POINT('',(6.28318530718,0.));
#10437 = ( GEOMETRIC_REPRESENTATION_CONTEXT(2) 
PARAMETRIC_REPRESENTATION_CONTEXT() REPRESENTATION_CONTEXT('2D SPACE',''
  ) );
#10438 = PCURVE('',#10439,#10444);
#10439 = B_SPLINE_SURFACE_WITH_KNOTS('',1,1,(
    (#10440,#10441)
    ,(#10442,#10443
    )),.UNSPECIFIED.,.F.,.F.,.F.,(2,2),(2,2),(-7.874015748032E-02,
    7.874015748031E-02),(-7.874015748031E-02,7.874015748031E-02),
  .PIECEWISE_BEZIER_KNOTS.);
#10440 = CARTESIAN_POINT('',(-193.034,-117.358,266.558));
#10441 = CARTESIAN_POINT('',(-193.034,-117.358,270.558));
#10442 = CARTESIAN_POINT('',(-193.034,-121.358,266.558));
#10443 = CARTESIAN_POINT('',(-193.034,-121.358,270.558));
#10444 = DEFINITIONAL_REPRESENTATION('',(#10445),#10453);
#10445 = ( BOUNDED_CURVE() B_SPLINE_CURVE(2,(#10446,#10447,#10448,#10449
    ,#10450,#10451,#10452),.UNSPECIFIED.,.T.,.F.) 
B_SPLINE_CURVE_WITH_KNOTS((1,2,2,2,2,1),(-2.094395102393,0.,
    2.094395102393,4.188790204786,6.28318530718,8.377580409573),
.UNSPECIFIED.) CURVE() GEOMETRIC_REPRESENTATION_ITEM() 
RATIONAL_B_SPLINE_CURVE((1.,0.5,1.,0.5,1.,0.5,1.)) REPRESENTATION_ITEM(
  '') );
#10446 = CARTESIAN_POINT('',(-2.22044604925E-16,7.874015748031E-02));
#10447 = CARTESIAN_POINT('',(-0.136381953352,7.874015748031E-02));
#10448 = CARTESIAN_POINT('',(-6.819097667594E-02,-3.937007874016E-02));
#10449 = CARTESIAN_POINT('',(-2.22044604925E-16,-0.157480314961));
#10450 = CARTESIAN_POINT('',(6.819097667594E-02,-3.937007874016E-02));
#10451 = CARTESIAN_POINT('',(0.136381953352,7.874015748031E-02));
#10452 = CARTESIAN_POINT('',(-2.22044604925E-16,7.874015748031E-02));
#10453 = ( GEOMETRIC_REPRESENTATION_CONTEXT(2) 
PARAMETRIC_REPRESENTATION_CONTEXT() REPRESENTATION_CONTEXT('2D SPACE',''
  ) );
#10454 = ADVANCED_FACE('',(#10455),#10439,.F.);
#10455 = FACE_BOUND('',#10456,.F.);
#10456 = EDGE_LOOP('',(#10457));
#10457 = ORIENTED_EDGE('',*,*,#10417,.T.);
#10458 = MANIFOLD_SOLID_BREP('',#10459);
#10459 = CLOSED_SHELL('',(#10460,#10579,#10635,#10639,#10704));
#10460 = ADVANCED_FACE('',(#10461),#10474,.F.);
#10461 = FACE_BOUND('',#10462,.F.);
#10462 = EDGE_LOOP('',(#10463,#10502,#10540,#10541));
#10463 = ORIENTED_EDGE('',*,*,#10464,.T.);
#10464 = EDGE_CURVE('',#10465,#10467,#10469,.T.);
#10465 = VERTEX_POINT('',#10466);
#10466 = CARTESIAN_POINT('',(-201.034,-135.358,272.058));
#10467 = VERTEX_POINT('',#10468);
#10468 = CARTESIAN_POINT('',(-205.034,-135.358,272.058));
#10469 = SEAM_CURVE('',#10470,(#10473,#10495),.PCURVE_S1.);
#10470 = B_SPLINE_CURVE_WITH_KNOTS('',1,(#10471,#10472),.UNSPECIFIED.,
  .F.,.F.,(2,2),(0.,0.157480314961),.PIECEWISE_BEZIER_KNOTS.);
#10471 = CARTESIAN_POINT('',(-201.034,-135.358,272.058));
#10472 = CARTESIAN_POINT('',(-205.034,-135.358,272.058));
#10473 = PCURVE('',#10474,#10489);
#10474 = ( BOUNDED_SURFACE() B_SPLINE_SURFACE(2,1,(
    (#10475,#10476)
    ,(#10477,#10478)
    ,(#10479,#10480)
    ,(#10481,#10482)
    ,(#10483,#10484)
    ,(#10485,#10486)
    ,(#10487,#10488
)),.UNSPECIFIED.,.T.,.F.,.F.) B_SPLINE_SURFACE_WITH_KNOTS((1,2,2,2,2,1),
  (2,2),(-2.094395102393,0.,2.094395102393,4.188790204786,6.28318530718,
    8.377580409573),(-0.157480314961,0.),.UNSPECIFIED.) 
GEOMETRIC_REPRESENTATION_ITEM() RATIONAL_B_SPLINE_SURFACE((
    (1.,1.)
    ,(0.5,0.5)
    ,(1.,1.)
    ,(0.5,0.5)
    ,(1.,1.)
    ,(0.5,0.5)
,(1.,1.))) REPRESENTATION_ITEM('') SURFACE() );
#10475 = CARTESIAN_POINT('',(-205.034,-135.358,272.058));
#10476 = CARTESIAN_POINT('',(-201.034,-135.358,272.058));
#10477 = CARTESIAN_POINT('',(-205.034,-129.2958221735,272.058));
#10478 = CARTESIAN_POINT('',(-201.034,-129.2958221735,272.058));
#10479 = CARTESIAN_POINT('',(-205.034,-132.3269110867,266.808));
#10480 = CARTESIAN_POINT('',(-201.034,-132.3269110867,266.808));
#10481 = CARTESIAN_POINT('',(-205.034,-135.358,261.558));
#10482 = CARTESIAN_POINT('',(-201.034,-135.358,261.558));
#10483 = CARTESIAN_POINT('',(-205.034,-138.3890889132,266.808));
#10484 = CARTESIAN_POINT('',(-201.034,-138.3890889132,266.808));
#10485 = CARTESIAN_POINT('',(-205.034,-141.4201778264,272.058));
#10486 = CARTESIAN_POINT('',(-201.034,-141.4201778264,272.058));
#10487 = CARTESIAN_POINT('',(-205.034,-135.358,272.058));
#10488 = CARTESIAN_POINT('',(-201.034,-135.358,272.058));
#10489 = DEFINITIONAL_REPRESENTATION('',(#10490),#10494);
#10490 = B_SPLINE_CURVE_WITH_KNOTS('',2,(#10491,#10492,#10493),
  .UNSPECIFIED.,.F.,.F.,(3,3),(0.,0.157480314961),
  .PIECEWISE_BEZIER_KNOTS.);
#10491 = CARTESIAN_POINT('',(0.,0.));
#10492 = CARTESIAN_POINT('',(0.,-7.874015748031E-02));
#10493 = CARTESIAN_POINT('',(0.,-0.157480314961));
#10494 = ( GEOMETRIC_REPRESENTATION_CONTEXT(2) 
PARAMETRIC_REPRESENTATION_CONTEXT() REPRESENTATION_CONTEXT('2D SPACE',''
  ) );
#10495 = PCURVE('',#10474,#10496);
#10496 = DEFINITIONAL_REPRESENTATION('',(#10497),#10501);
#10497 = B_SPLINE_CURVE_WITH_KNOTS('',2,(#10498,#10499,#10500),
  .UNSPECIFIED.,.F.,.F.,(3,3),(0.,0.157480314961),
  .PIECEWISE_BEZIER_KNOTS.);
#10498 = CARTESIAN_POINT('',(6.28318530718,0.));
#10499 = CARTESIAN_POINT('',(6.28318530718,-7.874015748031E-02));
#10500 = CARTESIAN_POINT('',(6.28318530718,-0.157480314961));
#10501 = ( GEOMETRIC_REPRESENTATION_CONTEXT(2) 
PARAMETRIC_REPRESENTATION_CONTEXT() REPRESENTATION_CONTEXT('2D SPACE',''
  ) );
#10502 = ORIENTED_EDGE('',*,*,#10503,.T.);
#10503 = EDGE_CURVE('',#10467,#10467,#10504,.T.);
#10504 = SURFACE_CURVE('',#10505,(#10513,#10524),.PCURVE_S1.);
#10505 = ( BOUNDED_CURVE() B_SPLINE_CURVE(2,(#10506,#10507,#10508,#10509
    ,#10510,#10511,#10512),.UNSPECIFIED.,.T.,.F.) 
B_SPLINE_CURVE_WITH_KNOTS((1,2,2,2,2,1),(-2.094395102393,0.,
    2.094395102393,4.188790204786,6.28318530718,8.377580409573),
.UNSPECIFIED.) CURVE() GEOMETRIC_REPRESENTATION_ITEM() 
RATIONAL_B_SPLINE_CURVE((1.,0.5,1.,0.5,1.,0.5,1.)) REPRESENTATION_ITEM(
  '') );
#10506 = CARTESIAN_POINT('',(-205.034,-135.358,272.058));
#10507 = CARTESIAN_POINT('',(-205.034,-129.2958221735,272.058));
#10508 = CARTESIAN_POINT('',(-205.034,-132.3269110867,266.808));
#10509 = CARTESIAN_POINT('',(-205.034,-135.358,261.558));
#10510 = CARTESIAN_POINT('',(-205.034,-138.3890889132,266.808));
#10511 = CARTESIAN_POINT('',(-205.034,-141.4201778264,272.058));
#10512 = CARTESIAN_POINT('',(-205.034,-135.358,272.058));
#10513 = PCURVE('',#10474,#10514);
#10514 = DEFINITIONAL_REPRESENTATION('',(#10515),#10523);
#10515 = B_SPLINE_CURVE_WITH_KNOTS('',2,(#10516,#10517,#10518,#10519,
    #10520,#10521,#10522),.UNSPECIFIED.,.F.,.F.,(3,2,2,3),(0.,
    2.094395102393,4.188790204786,6.28318530718),
  .PIECEWISE_BEZIER_KNOTS.);
#10516 = CARTESIAN_POINT('',(0.,-0.157480314961));
#10517 = CARTESIAN_POINT('',(1.047197551197,-0.157480314961));
#10518 = CARTESIAN_POINT('',(2.094395102393,-0.157480314961));
#10519 = CARTESIAN_POINT('',(3.14159265359,-0.157480314961));
#10520 = CARTESIAN_POINT('',(4.188790204786,-0.157480314961));
#10521 = CARTESIAN_POINT('',(5.235987755983,-0.157480314961));
#10522 = CARTESIAN_POINT('',(6.28318530718,-0.157480314961));
#10523 = ( GEOMETRIC_REPRESENTATION_CONTEXT(2) 
PARAMETRIC_REPRESENTATION_CONTEXT() REPRESENTATION_CONTEXT('2D SPACE',''
  ) );
#10524 = PCURVE('',#10525,#10530);
#10525 = B_SPLINE_SURFACE_WITH_KNOTS('',1,1,(
    (#10526,#10527)
    ,(#10528,#10529
    )),.UNSPECIFIED.,.F.,.F.,.F.,(2,2),(2,2),(-0.137795275591,
    0.137795275591),(-0.137795275591,0.137795275591),
  .PIECEWISE_BEZIER_KNOTS.);
#10526 = CARTESIAN_POINT('',(-205.034,-131.858,265.058));
#10527 = CARTESIAN_POINT('',(-205.034,-131.858,272.058));
#10528 = CARTESIAN_POINT('',(-205.034,-138.858,265.058));
#10529 = CARTESIAN_POINT('',(-205.034,-138.858,272.058));
#10530 = DEFINITIONAL_REPRESENTATION('',(#10531),#10539);
#10531 = ( BOUNDED_CURVE() B_SPLINE_CURVE(2,(#10532,#10533,#10534,#10535
    ,#10536,#10537,#10538),.UNSPECIFIED.,.T.,.F.) 
B_SPLINE_CURVE_WITH_KNOTS((1,2,2,2,2,1),(-2.094395102393,0.,
    2.094395102393,4.188790204786,6.28318530718,8.377580409573),
.UNSPECIFIED.) CURVE() GEOMETRIC_REPRESENTATION_ITEM() 
RATIONAL_B_SPLINE_CURVE((1.,0.5,1.,0.5,1.,0.5,1.)) REPRESENTATION_ITEM(
  '') );
#10532 = CARTESIAN_POINT('',(-1.110223024625E-16,0.137795275591));
#10533 = CARTESIAN_POINT('',(-0.238668418366,0.137795275591));
#10534 = CARTESIAN_POINT('',(-0.119334209183,-6.889763779528E-02));
#10535 = CARTESIAN_POINT('',(-1.110223024625E-16,-0.275590551181));
#10536 = CARTESIAN_POINT('',(0.119334209183,-6.889763779528E-02));
#10537 = CARTESIAN_POINT('',(0.238668418366,0.137795275591));
#10538 = CARTESIAN_POINT('',(-1.110223024625E-16,0.137795275591));
#10539 = ( GEOMETRIC_REPRESENTATION_CONTEXT(2) 
PARAMETRIC_REPRESENTATION_CONTEXT() REPRESENTATION_CONTEXT('2D SPACE',''
  ) );
#10540 = ORIENTED_EDGE('',*,*,#10464,.F.);
#10541 = ORIENTED_EDGE('',*,*,#10542,.F.);
#10542 = EDGE_CURVE('',#10465,#10465,#10543,.T.);
#10543 = SURFACE_CURVE('',#10544,(#10552,#10563),.PCURVE_S1.);
#10544 = ( BOUNDED_CURVE() B_SPLINE_CURVE(2,(#10545,#10546,#10547,#10548
    ,#10549,#10550,#10551),.UNSPECIFIED.,.T.,.F.) 
B_SPLINE_CURVE_WITH_KNOTS((1,2,2,2,2,1),(-2.094395102393,0.,
    2.094395102393,4.188790204786,6.28318530718,8.377580409573),
.UNSPECIFIED.) CURVE() GEOMETRIC_REPRESENTATION_ITEM() 
RATIONAL_B_SPLINE_CURVE((1.,0.5,1.,0.5,1.,0.5,1.)) REPRESENTATION_ITEM(
  '') );
#10545 = CARTESIAN_POINT('',(-201.034,-135.358,272.058));
#10546 = CARTESIAN_POINT('',(-201.034,-129.2958221735,272.058));
#10547 = CARTESIAN_POINT('',(-201.034,-132.3269110867,266.808));
#10548 = CARTESIAN_POINT('',(-201.034,-135.358,261.558));
#10549 = CARTESIAN_POINT('',(-201.034,-138.3890889132,266.808));
#10550 = CARTESIAN_POINT('',(-201.034,-141.4201778264,272.058));
#10551 = CARTESIAN_POINT('',(-201.034,-135.358,272.058));
#10552 = PCURVE('',#10474,#10553);
#10553 = DEFINITIONAL_REPRESENTATION('',(#10554),#10562);
#10554 = B_SPLINE_CURVE_WITH_KNOTS('',2,(#10555,#10556,#10557,#10558,
    #10559,#10560,#10561),.UNSPECIFIED.,.F.,.F.,(3,2,2,3),(0.,
    2.094395102393,4.188790204786,6.28318530718),
  .PIECEWISE_BEZIER_KNOTS.);
#10555 = CARTESIAN_POINT('',(0.,0.));
#10556 = CARTESIAN_POINT('',(1.047197551197,6.554841963583E-16));
#10557 = CARTESIAN_POINT('',(2.094395102393,-8.881784197001E-16));
#10558 = CARTESIAN_POINT('',(3.14159265359,-1.614394892278E-15));
#10559 = CARTESIAN_POINT('',(4.188790204786,0.));
#10560 = CARTESIAN_POINT('',(5.235987755983,8.604486894613E-16));
#10561 = CARTESIAN_POINT('',(6.28318530718,0.));
#10562 = ( GEOMETRIC_REPRESENTATION_CONTEXT(2) 
PARAMETRIC_REPRESENTATION_CONTEXT() REPRESENTATION_CONTEXT('2D SPACE',''
  ) );
#10563 = PCURVE('',#10564,#10569);
#10564 = B_SPLINE_SURFACE_WITH_KNOTS('',1,1,(
    (#10565,#10566)
    ,(#10567,#10568
    )),.UNSPECIFIED.,.F.,.F.,.F.,(2,2),(2,2),(-0.137795275591,
    0.137795275591),(-0.137795275591,0.137795275591),
  .PIECEWISE_BEZIER_KNOTS.);
#10565 = CARTESIAN_POINT('',(-201.034,-131.858,265.058));
#10566 = CARTESIAN_POINT('',(-201.034,-131.858,272.058));
#10567 = CARTESIAN_POINT('',(-201.034,-138.858,265.058));
#10568 = CARTESIAN_POINT('',(-201.034,-138.858,272.058));
#10569 = DEFINITIONAL_REPRESENTATION('',(#10570),#10578);
#10570 = ( BOUNDED_CURVE() B_SPLINE_CURVE(2,(#10571,#10572,#10573,#10574
    ,#10575,#10576,#10577),.UNSPECIFIED.,.T.,.F.) 
B_SPLINE_CURVE_WITH_KNOTS((1,2,2,2,2,1),(-2.094395102393,0.,
    2.094395102393,4.188790204786,6.28318530718,8.377580409573),
.UNSPECIFIED.) CURVE() GEOMETRIC_REPRESENTATION_ITEM() 
RATIONAL_B_SPLINE_CURVE((1.,0.5,1.,0.5,1.,0.5,1.)) REPRESENTATION_ITEM(
  '') );
#10571 = CARTESIAN_POINT('',(-1.110223024625E-16,0.137795275591));
#10572 = CARTESIAN_POINT('',(-0.238668418366,0.137795275591));
#10573 = CARTESIAN_POINT('',(-0.119334209183,-6.889763779528E-02));
#10574 = CARTESIAN_POINT('',(-1.110223024625E-16,-0.275590551181));
#10575 = CARTESIAN_POINT('',(0.119334209183,-6.889763779528E-02));
#10576 = CARTESIAN_POINT('',(0.238668418366,0.137795275591));
#10577 = CARTESIAN_POINT('',(-1.110223024625E-16,0.137795275591));
#10578 = ( GEOMETRIC_REPRESENTATION_CONTEXT(2) 
PARAMETRIC_REPRESENTATION_CONTEXT() REPRESENTATION_CONTEXT('2D SPACE',''
  ) );
#10579 = ADVANCED_FACE('',(#10580,#10583),#10564,.F.);
#10580 = FACE_BOUND('',#10581,.F.);
#10581 = EDGE_LOOP('',(#10582));
#10582 = ORIENTED_EDGE('',*,*,#10542,.T.);
#10583 = FACE_BOUND('',#10584,.F.);
#10584 = EDGE_LOOP('',(#10585));
#10585 = ORIENTED_EDGE('',*,*,#10586,.F.);
#10586 = EDGE_CURVE('',#10587,#10587,#10589,.T.);
#10587 = VERTEX_POINT('',#10588);
#10588 = CARTESIAN_POINT('',(-201.034,-135.358,270.558));
#10589 = SURFACE_CURVE('',#10590,(#10598,#10609),.PCURVE_S1.);
#10590 = ( BOUNDED_CURVE() B_SPLINE_CURVE(2,(#10591,#10592,#10593,#10594
    ,#10595,#10596,#10597),.UNSPECIFIED.,.T.,.F.) 
B_SPLINE_CURVE_WITH_KNOTS((1,2,2,2,2,1),(-2.094395102393,0.,
    2.094395102393,4.188790204786,6.28318530718,8.377580409573),
.UNSPECIFIED.) CURVE() GEOMETRIC_REPRESENTATION_ITEM() 
RATIONAL_B_SPLINE_CURVE((1.,0.5,1.,0.5,1.,0.5,1.)) REPRESENTATION_ITEM(
  '') );
#10591 = CARTESIAN_POINT('',(-201.034,-135.358,270.558));
#10592 = CARTESIAN_POINT('',(-201.034,-131.8938983848,270.558));
#10593 = CARTESIAN_POINT('',(-201.034,-133.6259491924,267.558));
#10594 = CARTESIAN_POINT('',(-201.034,-135.358,264.558));
#10595 = CARTESIAN_POINT('',(-201.034,-137.0900508075,267.558));
#10596 = CARTESIAN_POINT('',(-201.034,-138.8221016151,270.558));
#10597 = CARTESIAN_POINT('',(-201.034,-135.358,270.558));
#10598 = PCURVE('',#10564,#10599);
#10599 = DEFINITIONAL_REPRESENTATION('',(#10600),#10608);
#10600 = ( BOUNDED_CURVE() B_SPLINE_CURVE(2,(#10601,#10602,#10603,#10604
    ,#10605,#10606,#10607),.UNSPECIFIED.,.T.,.F.) 
B_SPLINE_CURVE_WITH_KNOTS((1,2,2,2,2,1),(-2.094395102393,0.,
    2.094395102393,4.188790204786,6.28318530718,8.377580409573),
.UNSPECIFIED.) CURVE() GEOMETRIC_REPRESENTATION_ITEM() 
RATIONAL_B_SPLINE_CURVE((1.,0.5,1.,0.5,1.,0.5,1.)) REPRESENTATION_ITEM(
  '') );
#10601 = CARTESIAN_POINT('',(-1.110223024625E-16,7.874015748031E-02));
#10602 = CARTESIAN_POINT('',(-0.136381953352,7.874015748031E-02));
#10603 = CARTESIAN_POINT('',(-6.819097667594E-02,-3.937007874016E-02));
#10604 = CARTESIAN_POINT('',(-1.110223024625E-16,-0.157480314961));
#10605 = CARTESIAN_POINT('',(6.819097667594E-02,-3.937007874016E-02));
#10606 = CARTESIAN_POINT('',(0.136381953352,7.874015748031E-02));
#10607 = CARTESIAN_POINT('',(-1.110223024625E-16,7.874015748031E-02));
#10608 = ( GEOMETRIC_REPRESENTATION_CONTEXT(2) 
PARAMETRIC_REPRESENTATION_CONTEXT() REPRESENTATION_CONTEXT('2D SPACE',''
  ) );
#10609 = PCURVE('',#10610,#10625);
#10610 = ( BOUNDED_SURFACE() B_SPLINE_SURFACE(2,1,(
    (#10611,#10612)
    ,(#10613,#10614)
    ,(#10615,#10616)
    ,(#10617,#10618)
    ,(#10619,#10620)
    ,(#10621,#10622)
    ,(#10623,#10624
)),.UNSPECIFIED.,.T.,.F.,.F.) B_SPLINE_SURFACE_WITH_KNOTS((1,2,2,2,2,1),
  (2,2),(-2.094395102393,0.,2.094395102393,4.188790204786,6.28318530718,
    8.377580409573),(-0.314960629921,0.),.UNSPECIFIED.) 
GEOMETRIC_REPRESENTATION_ITEM() RATIONAL_B_SPLINE_SURFACE((
    (1.,1.)
    ,(0.5,0.5)
    ,(1.,1.)
    ,(0.5,0.5)
    ,(1.,1.)
    ,(0.5,0.5)
,(1.,1.))) REPRESENTATION_ITEM('') SURFACE() );
#10611 = CARTESIAN_POINT('',(-201.034,-135.358,270.558));
#10612 = CARTESIAN_POINT('',(-193.034,-135.358,270.558));
#10613 = CARTESIAN_POINT('',(-201.034,-131.8938983848,270.558));
#10614 = CARTESIAN_POINT('',(-193.034,-131.8938983848,270.558));
#10615 = CARTESIAN_POINT('',(-201.034,-133.6259491924,267.558));
#10616 = CARTESIAN_POINT('',(-193.034,-133.6259491924,267.558));
#10617 = CARTESIAN_POINT('',(-201.034,-135.358,264.558));
#10618 = CARTESIAN_POINT('',(-193.034,-135.358,264.558));
#10619 = CARTESIAN_POINT('',(-201.034,-137.0900508075,267.558));
#10620 = CARTESIAN_POINT('',(-193.034,-137.0900508075,267.558));
#10621 = CARTESIAN_POINT('',(-201.034,-138.8221016151,270.558));
#10622 = CARTESIAN_POINT('',(-193.034,-138.8221016151,270.558));
#10623 = CARTESIAN_POINT('',(-201.034,-135.358,270.558));
#10624 = CARTESIAN_POINT('',(-193.034,-135.358,270.558));
#10625 = DEFINITIONAL_REPRESENTATION('',(#10626),#10634);
#10626 = B_SPLINE_CURVE_WITH_KNOTS('',2,(#10627,#10628,#10629,#10630,
    #10631,#10632,#10633),.UNSPECIFIED.,.F.,.F.,(3,2,2,3),(0.,
    2.094395102393,4.188790204786,6.28318530718),
  .PIECEWISE_BEZIER_KNOTS.);
#10627 = CARTESIAN_POINT('',(0.,-0.314960629921));
#10628 = CARTESIAN_POINT('',(1.047197551197,-0.314960629921));
#10629 = CARTESIAN_POINT('',(2.094395102393,-0.314960629921));
#10630 = CARTESIAN_POINT('',(3.14159265359,-0.314960629921));
#10631 = CARTESIAN_POINT('',(4.188790204786,-0.314960629921));
#10632 = CARTESIAN_POINT('',(5.235987755983,-0.314960629921));
#10633 = CARTESIAN_POINT('',(6.28318530718,-0.314960629921));
#10634 = ( GEOMETRIC_REPRESENTATION_CONTEXT(2) 
PARAMETRIC_REPRESENTATION_CONTEXT() REPRESENTATION_CONTEXT('2D SPACE',''
  ) );
#10635 = ADVANCED_FACE('',(#10636),#10525,.T.);
#10636 = FACE_BOUND('',#10637,.T.);
#10637 = EDGE_LOOP('',(#10638));
#10638 = ORIENTED_EDGE('',*,*,#10503,.T.);
#10639 = ADVANCED_FACE('',(#10640),#10610,.F.);
#10640 = FACE_BOUND('',#10641,.F.);
#10641 = EDGE_LOOP('',(#10642,#10664,#10665,#10666));
#10642 = ORIENTED_EDGE('',*,*,#10643,.T.);
#10643 = EDGE_CURVE('',#10644,#10587,#10646,.T.);
#10644 = VERTEX_POINT('',#10645);
#10645 = CARTESIAN_POINT('',(-193.034,-135.358,270.558));
#10646 = SEAM_CURVE('',#10647,(#10650,#10657),.PCURVE_S1.);
#10647 = B_SPLINE_CURVE_WITH_KNOTS('',1,(#10648,#10649),.UNSPECIFIED.,
  .F.,.F.,(2,2),(0.,0.314960629921),.PIECEWISE_BEZIER_KNOTS.);
#10648 = CARTESIAN_POINT('',(-193.034,-135.358,270.558));
#10649 = CARTESIAN_POINT('',(-201.034,-135.358,270.558));
#10650 = PCURVE('',#10610,#10651);
#10651 = DEFINITIONAL_REPRESENTATION('',(#10652),#10656);
#10652 = B_SPLINE_CURVE_WITH_KNOTS('',2,(#10653,#10654,#10655),
  .UNSPECIFIED.,.F.,.F.,(3,3),(0.,0.314960629921),
  .PIECEWISE_BEZIER_KNOTS.);
#10653 = CARTESIAN_POINT('',(0.,0.));
#10654 = CARTESIAN_POINT('',(0.,-0.157480314961));
#10655 = CARTESIAN_POINT('',(0.,-0.314960629921));
#10656 = ( GEOMETRIC_REPRESENTATION_CONTEXT(2) 
PARAMETRIC_REPRESENTATION_CONTEXT() REPRESENTATION_CONTEXT('2D SPACE',''
  ) );
#10657 = PCURVE('',#10610,#10658);
#10658 = DEFINITIONAL_REPRESENTATION('',(#10659),#10663);
#10659 = B_SPLINE_CURVE_WITH_KNOTS('',2,(#10660,#10661,#10662),
  .UNSPECIFIED.,.F.,.F.,(3,3),(0.,0.314960629921),
  .PIECEWISE_BEZIER_KNOTS.);
#10660 = CARTESIAN_POINT('',(6.28318530718,0.));
#10661 = CARTESIAN_POINT('',(6.28318530718,-0.157480314961));
#10662 = CARTESIAN_POINT('',(6.28318530718,-0.314960629921));
#10663 = ( GEOMETRIC_REPRESENTATION_CONTEXT(2) 
PARAMETRIC_REPRESENTATION_CONTEXT() REPRESENTATION_CONTEXT('2D SPACE',''
  ) );
#10664 = ORIENTED_EDGE('',*,*,#10586,.T.);
#10665 = ORIENTED_EDGE('',*,*,#10643,.F.);
#10666 = ORIENTED_EDGE('',*,*,#10667,.F.);
#10667 = EDGE_CURVE('',#10644,#10644,#10668,.T.);
#10668 = SURFACE_CURVE('',#10669,(#10677,#10688),.PCURVE_S1.);
#10669 = ( BOUNDED_CURVE() B_SPLINE_CURVE(2,(#10670,#10671,#10672,#10673
    ,#10674,#10675,#10676),.UNSPECIFIED.,.T.,.F.) 
B_SPLINE_CURVE_WITH_KNOTS((1,2,2,2,2,1),(-2.094395102393,0.,
    2.094395102393,4.188790204786,6.28318530718,8.377580409573),
.UNSPECIFIED.) CURVE() GEOMETRIC_REPRESENTATION_ITEM() 
RATIONAL_B_SPLINE_CURVE((1.,0.5,1.,0.5,1.,0.5,1.)) REPRESENTATION_ITEM(
  '') );
#10670 = CARTESIAN_POINT('',(-193.034,-135.358,270.558));
#10671 = CARTESIAN_POINT('',(-193.034,-131.8938983848,270.558));
#10672 = CARTESIAN_POINT('',(-193.034,-133.6259491924,267.558));
#10673 = CARTESIAN_POINT('',(-193.034,-135.358,264.558));
#10674 = CARTESIAN_POINT('',(-193.034,-137.0900508075,267.558));
#10675 = CARTESIAN_POINT('',(-193.034,-138.8221016151,270.558));
#10676 = CARTESIAN_POINT('',(-193.034,-135.358,270.558));
#10677 = PCURVE('',#10610,#10678);
#10678 = DEFINITIONAL_REPRESENTATION('',(#10679),#10687);
#10679 = B_SPLINE_CURVE_WITH_KNOTS('',2,(#10680,#10681,#10682,#10683,
    #10684,#10685,#10686),.UNSPECIFIED.,.F.,.F.,(3,2,2,3),(0.,
    2.094395102393,4.188790204786,6.28318530718),
  .PIECEWISE_BEZIER_KNOTS.);
#10680 = CARTESIAN_POINT('',(0.,0.));
#10681 = CARTESIAN_POINT('',(1.047197551197,-2.476450417282E-15));
#10682 = CARTESIAN_POINT('',(2.094395102393,0.));
#10683 = CARTESIAN_POINT('',(3.14159265359,-4.513500591805E-15));
#10684 = CARTESIAN_POINT('',(4.188790204786,-8.881784197001E-16));
#10685 = CARTESIAN_POINT('',(5.235987755983,-9.700301564176E-16));
#10686 = CARTESIAN_POINT('',(6.28318530718,0.));
#10687 = ( GEOMETRIC_REPRESENTATION_CONTEXT(2) 
PARAMETRIC_REPRESENTATION_CONTEXT() REPRESENTATION_CONTEXT('2D SPACE',''
  ) );
#10688 = PCURVE('',#10689,#10694);
#10689 = B_SPLINE_SURFACE_WITH_KNOTS('',1,1,(
    (#10690,#10691)
    ,(#10692,#10693
    )),.UNSPECIFIED.,.F.,.F.,.F.,(2,2),(2,2),(-7.874015748031E-02,
    7.874015748031E-02),(-7.874015748031E-02,7.874015748031E-02),
  .PIECEWISE_BEZIER_KNOTS.);
#10690 = CARTESIAN_POINT('',(-193.034,-133.358,266.558));
#10691 = CARTESIAN_POINT('',(-193.034,-133.358,270.558));
#10692 = CARTESIAN_POINT('',(-193.034,-137.358,266.558));
#10693 = CARTESIAN_POINT('',(-193.034,-137.358,270.558));
#10694 = DEFINITIONAL_REPRESENTATION('',(#10695),#10703);
#10695 = ( BOUNDED_CURVE() B_SPLINE_CURVE(2,(#10696,#10697,#10698,#10699
    ,#10700,#10701,#10702),.UNSPECIFIED.,.T.,.F.) 
B_SPLINE_CURVE_WITH_KNOTS((1,2,2,2,2,1),(-2.094395102393,0.,
    2.094395102393,4.188790204786,6.28318530718,8.377580409573),
.UNSPECIFIED.) CURVE() GEOMETRIC_REPRESENTATION_ITEM() 
RATIONAL_B_SPLINE_CURVE((1.,0.5,1.,0.5,1.,0.5,1.)) REPRESENTATION_ITEM(
  '') );
#10696 = CARTESIAN_POINT('',(1.110223024625E-16,7.874015748031E-02));
#10697 = CARTESIAN_POINT('',(-0.136381953352,7.874015748031E-02));
#10698 = CARTESIAN_POINT('',(-6.819097667594E-02,-3.937007874016E-02));
#10699 = CARTESIAN_POINT('',(1.110223024625E-16,-0.157480314961));
#10700 = CARTESIAN_POINT('',(6.819097667594E-02,-3.937007874016E-02));
#10701 = CARTESIAN_POINT('',(0.136381953352,7.874015748031E-02));
#10702 = CARTESIAN_POINT('',(1.110223024625E-16,7.874015748031E-02));
#10703 = ( GEOMETRIC_REPRESENTATION_CONTEXT(2) 
PARAMETRIC_REPRESENTATION_CONTEXT() REPRESENTATION_CONTEXT('2D SPACE',''
  ) );
#10704 = ADVANCED_FACE('',(#10705),#10689,.F.);
#10705 = FACE_BOUND('',#10706,.F.);
#10706 = EDGE_LOOP('',(#10707));
#10707 = ORIENTED_EDGE('',*,*,#10667,.T.);
#10708 = ( GEOMETRIC_REPRESENTATION_CONTEXT(3) 
GLOBAL_UNCERTAINTY_ASSIGNED_CONTEXT((#10712)) 
GLOBAL_UNIT_ASSIGNED_CONTEXT((#10709,#10710,#10711)) 
REPRESENTATION_CONTEXT('Context #1',
  '3D Context with UNIT and UNCERTAINTY') );
#10709 = ( LENGTH_UNIT() NAMED_UNIT(*) SI_UNIT(.MILLI.,.METRE.) );
#10710 = ( NAMED_UNIT(*) PLANE_ANGLE_UNIT() SI_UNIT($,.RADIAN.) );
#10711 = ( NAMED_UNIT(*) SI_UNIT($,.STERADIAN.) SOLID_ANGLE_UNIT() );
#10712 = UNCERTAINTY_MEASURE_WITH_UNIT(LENGTH_MEASURE(2.E-06),#10709,
  'distance_accuracy_value','confusion accuracy');
#10713 = CONTEXT_DEPENDENT_SHAPE_REPRESENTATION(#10714,#10716);
#10714 = ( REPRESENTATION_RELATIONSHIP('','',#6249,#10) 
REPRESENTATION_RELATIONSHIP_WITH_TRANSFORMATION(#10715) 
SHAPE_REPRESENTATION_RELATIONSHIP() );
#10715 = ITEM_DEFINED_TRANSFORMATION('','',#11,#47);
#10716 = PRODUCT_DEFINITION_SHAPE('Placement','Placement of an item',
  #10717);
#10717 = NEXT_ASSEMBLY_USAGE_OCCURRENCE('9','screws_R','',#5,#6244,$);
#10718 = PRODUCT_RELATED_PRODUCT_CATEGORY('part',$,(#6246));
#10719 = SHAPE_DEFINITION_REPRESENTATION(#10720,#10726);
#10720 = PRODUCT_DEFINITION_SHAPE('','',#10721);
#10721 = PRODUCT_DEFINITION('design','',#10722,#10725);
#10722 = PRODUCT_DEFINITION_FORMATION('','',#10723);
#10723 = PRODUCT('collar_R','collar_R','',(#10724));
#10724 = PRODUCT_CONTEXT('',#2,'mechanical');
#10725 = PRODUCT_DEFINITION_CONTEXT('part definition',#2,'design');
#10726 = ADVANCED_BREP_SHAPE_REPRESENTATION('',(#11,#10727),#10856);
#10727 = MANIFOLD_SOLID_BREP('',#10728);
#10728 = CLOSED_SHELL('',(#10729,#10848,#10852));
#10729 = ADVANCED_FACE('',(#10730),#10743,.F.);
#10730 = FACE_BOUND('',#10731,.F.);
#10731 = EDGE_LOOP('',(#10732,#10771,#10809,#10810));
#10732 = ORIENTED_EDGE('',*,*,#10733,.T.);
#10733 = EDGE_CURVE('',#10734,#10736,#10738,.T.);
#10734 = VERTEX_POINT('',#10735);
#10735 = CARTESIAN_POINT('',(-96.72,-127.358,270.558));
#10736 = VERTEX_POINT('',#10737);
#10737 = CARTESIAN_POINT('',(-105.72,-127.358,270.558));
#10738 = SEAM_CURVE('',#10739,(#10742,#10764),.PCURVE_S1.);
#10739 = B_SPLINE_CURVE_WITH_KNOTS('',1,(#10740,#10741),.UNSPECIFIED.,
  .F.,.F.,(2,2),(0.,0.354330708661),.PIECEWISE_BEZIER_KNOTS.);
#10740 = CARTESIAN_POINT('',(-96.72,-127.358,270.558));
#10741 = CARTESIAN_POINT('',(-105.72,-127.358,270.558));
#10742 = PCURVE('',#10743,#10758);
#10743 = ( BOUNDED_SURFACE() B_SPLINE_SURFACE(2,1,(
    (#10744,#10745)
    ,(#10746,#10747)
    ,(#10748,#10749)
    ,(#10750,#10751)
    ,(#10752,#10753)
    ,(#10754,#10755)
    ,(#10756,#10757
)),.UNSPECIFIED.,.T.,.F.,.F.) B_SPLINE_SURFACE_WITH_KNOTS((1,2,2,2,2,1),
  (2,2),(-2.094395102393,0.,2.094395102393,4.188790204786,6.28318530718,
    8.377580409573),(-0.354330708661,0.),.UNSPECIFIED.) 
GEOMETRIC_REPRESENTATION_ITEM() RATIONAL_B_SPLINE_SURFACE((
    (1.,1.)
    ,(0.5,0.5)
    ,(1.,1.)
    ,(0.5,0.5)
    ,(1.,1.)
    ,(0.5,0.5)
,(1.,1.))) REPRESENTATION_ITEM('') SURFACE() );
#10744 = CARTESIAN_POINT('',(-105.72,-127.358,270.558));
#10745 = CARTESIAN_POINT('',(-96.72,-127.358,270.558));
#10746 = CARTESIAN_POINT('',(-105.72,-110.0374919243,270.558));
#10747 = CARTESIAN_POINT('',(-96.72,-110.0374919243,270.558));
#10748 = CARTESIAN_POINT('',(-105.72,-118.6977459621,255.558));
#10749 = CARTESIAN_POINT('',(-96.72,-118.6977459621,255.558));
#10750 = CARTESIAN_POINT('',(-105.72,-127.358,240.558));
#10751 = CARTESIAN_POINT('',(-96.72,-127.358,240.558));
#10752 = CARTESIAN_POINT('',(-105.72,-136.0182540378,255.558));
#10753 = CARTESIAN_POINT('',(-96.72,-136.0182540378,255.558));
#10754 = CARTESIAN_POINT('',(-105.72,-144.6785080756,270.558));
#10755 = CARTESIAN_POINT('',(-96.72,-144.6785080756,270.558));
#10756 = CARTESIAN_POINT('',(-105.72,-127.358,270.558));
#10757 = CARTESIAN_POINT('',(-96.72,-127.358,270.558));
#10758 = DEFINITIONAL_REPRESENTATION('',(#10759),#10763);
#10759 = B_SPLINE_CURVE_WITH_KNOTS('',2,(#10760,#10761,#10762),
  .UNSPECIFIED.,.F.,.F.,(3,3),(0.,0.354330708661),
  .PIECEWISE_BEZIER_KNOTS.);
#10760 = CARTESIAN_POINT('',(0.,0.));
#10761 = CARTESIAN_POINT('',(0.,-0.177165354331));
#10762 = CARTESIAN_POINT('',(0.,-0.354330708661));
#10763 = ( GEOMETRIC_REPRESENTATION_CONTEXT(2) 
PARAMETRIC_REPRESENTATION_CONTEXT() REPRESENTATION_CONTEXT('2D SPACE',''
  ) );
#10764 = PCURVE('',#10743,#10765);
#10765 = DEFINITIONAL_REPRESENTATION('',(#10766),#10770);
#10766 = B_SPLINE_CURVE_WITH_KNOTS('',2,(#10767,#10768,#10769),
  .UNSPECIFIED.,.F.,.F.,(3,3),(0.,0.354330708661),
  .PIECEWISE_BEZIER_KNOTS.);
#10767 = CARTESIAN_POINT('',(6.28318530718,0.));
#10768 = CARTESIAN_POINT('',(6.28318530718,-0.177165354331));
#10769 = CARTESIAN_POINT('',(6.28318530718,-0.354330708661));
#10770 = ( GEOMETRIC_REPRESENTATION_CONTEXT(2) 
PARAMETRIC_REPRESENTATION_CONTEXT() REPRESENTATION_CONTEXT('2D SPACE',''
  ) );
#10771 = ORIENTED_EDGE('',*,*,#10772,.T.);
#10772 = EDGE_CURVE('',#10736,#10736,#10773,.T.);
#10773 = SURFACE_CURVE('',#10774,(#10782,#10793),.PCURVE_S1.);
#10774 = ( BOUNDED_CURVE() B_SPLINE_CURVE(2,(#10775,#10776,#10777,#10778
    ,#10779,#10780,#10781),.UNSPECIFIED.,.T.,.F.) 
B_SPLINE_CURVE_WITH_KNOTS((1,2,2,2,2,1),(-2.094395102393,0.,
    2.094395102393,4.188790204786,6.28318530718,8.377580409573),
.UNSPECIFIED.) CURVE() GEOMETRIC_REPRESENTATION_ITEM() 
RATIONAL_B_SPLINE_CURVE((1.,0.5,1.,0.5,1.,0.5,1.)) REPRESENTATION_ITEM(
  '') );
#10775 = CARTESIAN_POINT('',(-105.72,-127.358,270.558));
#10776 = CARTESIAN_POINT('',(-105.72,-110.0374919243,270.558));
#10777 = CARTESIAN_POINT('',(-105.72,-118.6977459621,255.558));
#10778 = CARTESIAN_POINT('',(-105.72,-127.358,240.558));
#10779 = CARTESIAN_POINT('',(-105.72,-136.0182540378,255.558));
#10780 = CARTESIAN_POINT('',(-105.72,-144.6785080756,270.558));
#10781 = CARTESIAN_POINT('',(-105.72,-127.358,270.558));
#10782 = PCURVE('',#10743,#10783);
#10783 = DEFINITIONAL_REPRESENTATION('',(#10784),#10792);
#10784 = B_SPLINE_CURVE_WITH_KNOTS('',2,(#10785,#10786,#10787,#10788,
    #10789,#10790,#10791),.UNSPECIFIED.,.F.,.F.,(3,2,2,3),(0.,
    2.094395102393,4.188790204786,6.28318530718),
  .PIECEWISE_BEZIER_KNOTS.);
#10785 = CARTESIAN_POINT('',(0.,-0.354330708661));
#10786 = CARTESIAN_POINT('',(1.047197551197,-0.354330708661));
#10787 = CARTESIAN_POINT('',(2.094395102393,-0.354330708661));
#10788 = CARTESIAN_POINT('',(3.14159265359,-0.354330708661));
#10789 = CARTESIAN_POINT('',(4.188790204786,-0.354330708661));
#10790 = CARTESIAN_POINT('',(5.235987755983,-0.354330708661));
#10791 = CARTESIAN_POINT('',(6.28318530718,-0.354330708661));
#10792 = ( GEOMETRIC_REPRESENTATION_CONTEXT(2) 
PARAMETRIC_REPRESENTATION_CONTEXT() REPRESENTATION_CONTEXT('2D SPACE',''
  ) );
#10793 = PCURVE('',#10794,#10799);
#10794 = B_SPLINE_SURFACE_WITH_KNOTS('',1,1,(
    (#10795,#10796)
    ,(#10797,#10798
    )),.UNSPECIFIED.,.F.,.F.,.F.,(2,2),(2,2),(-0.393700787402,
    0.393700787402),(-0.393700787402,0.393700787402),
  .PIECEWISE_BEZIER_KNOTS.);
#10795 = CARTESIAN_POINT('',(-105.72,-117.358,250.558));
#10796 = CARTESIAN_POINT('',(-105.72,-117.358,270.558));
#10797 = CARTESIAN_POINT('',(-105.72,-137.358,250.558));
#10798 = CARTESIAN_POINT('',(-105.72,-137.358,270.558));
#10799 = DEFINITIONAL_REPRESENTATION('',(#10800),#10808);
#10800 = ( BOUNDED_CURVE() B_SPLINE_CURVE(2,(#10801,#10802,#10803,#10804
    ,#10805,#10806,#10807),.UNSPECIFIED.,.T.,.F.) 
B_SPLINE_CURVE_WITH_KNOTS((1,2,2,2,2,1),(-2.094395102393,0.,
    2.094395102393,4.188790204786,6.28318530718,8.377580409573),
.UNSPECIFIED.) CURVE() GEOMETRIC_REPRESENTATION_ITEM() 
RATIONAL_B_SPLINE_CURVE((1.,0.5,1.,0.5,1.,0.5,1.)) REPRESENTATION_ITEM(
  '') );
#10801 = CARTESIAN_POINT('',(2.22044604925E-16,0.393700787402));
#10802 = CARTESIAN_POINT('',(-0.681909766759,0.393700787402));
#10803 = CARTESIAN_POINT('',(-0.34095488338,-0.196850393701));
#10804 = CARTESIAN_POINT('',(1.110223024625E-16,-0.787401574803));
#10805 = CARTESIAN_POINT('',(0.34095488338,-0.196850393701));
#10806 = CARTESIAN_POINT('',(0.681909766759,0.393700787402));
#10807 = CARTESIAN_POINT('',(2.22044604925E-16,0.393700787402));
#10808 = ( GEOMETRIC_REPRESENTATION_CONTEXT(2) 
PARAMETRIC_REPRESENTATION_CONTEXT() REPRESENTATION_CONTEXT('2D SPACE',''
  ) );
#10809 = ORIENTED_EDGE('',*,*,#10733,.F.);
#10810 = ORIENTED_EDGE('',*,*,#10811,.F.);
#10811 = EDGE_CURVE('',#10734,#10734,#10812,.T.);
#10812 = SURFACE_CURVE('',#10813,(#10821,#10832),.PCURVE_S1.);
#10813 = ( BOUNDED_CURVE() B_SPLINE_CURVE(2,(#10814,#10815,#10816,#10817
    ,#10818,#10819,#10820),.UNSPECIFIED.,.T.,.F.) 
B_SPLINE_CURVE_WITH_KNOTS((1,2,2,2,2,1),(-2.094395102393,0.,
    2.094395102393,4.188790204786,6.28318530718,8.377580409573),
.UNSPECIFIED.) CURVE() GEOMETRIC_REPRESENTATION_ITEM() 
RATIONAL_B_SPLINE_CURVE((1.,0.5,1.,0.5,1.,0.5,1.)) REPRESENTATION_ITEM(
  '') );
#10814 = CARTESIAN_POINT('',(-96.72,-127.358,270.558));
#10815 = CARTESIAN_POINT('',(-96.72,-110.0374919243,270.558));
#10816 = CARTESIAN_POINT('',(-96.72,-118.6977459621,255.558));
#10817 = CARTESIAN_POINT('',(-96.72,-127.358,240.558));
#10818 = CARTESIAN_POINT('',(-96.72,-136.0182540378,255.558));
#10819 = CARTESIAN_POINT('',(-96.72,-144.6785080756,270.558));
#10820 = CARTESIAN_POINT('',(-96.72,-127.358,270.558));
#10821 = PCURVE('',#10743,#10822);
#10822 = DEFINITIONAL_REPRESENTATION('',(#10823),#10831);
#10823 = B_SPLINE_CURVE_WITH_KNOTS('',2,(#10824,#10825,#10826,#10827,
    #10828,#10829,#10830),.UNSPECIFIED.,.F.,.F.,(3,2,2,3),(0.,
    2.094395102393,4.188790204786,6.28318530718),
  .PIECEWISE_BEZIER_KNOTS.);
#10824 = CARTESIAN_POINT('',(0.,0.));
#10825 = CARTESIAN_POINT('',(1.047197551197,-1.00542996722E-15));
#10826 = CARTESIAN_POINT('',(2.094395102393,0.));
#10827 = CARTESIAN_POINT('',(3.14159265359,-3.384590619816E-16));
#10828 = CARTESIAN_POINT('',(4.188790204786,0.));
#10829 = CARTESIAN_POINT('',(5.235987755983,-6.191126043204E-16));
#10830 = CARTESIAN_POINT('',(6.28318530718,0.));
#10831 = ( GEOMETRIC_REPRESENTATION_CONTEXT(2) 
PARAMETRIC_REPRESENTATION_CONTEXT() REPRESENTATION_CONTEXT('2D SPACE',''
  ) );
#10832 = PCURVE('',#10833,#10838);
#10833 = B_SPLINE_SURFACE_WITH_KNOTS('',1,1,(
    (#10834,#10835)
    ,(#10836,#10837
    )),.UNSPECIFIED.,.F.,.F.,.F.,(2,2),(2,2),(-0.393700787402,
    0.393700787402),(-0.393700787402,0.393700787402),
  .PIECEWISE_BEZIER_KNOTS.);
#10834 = CARTESIAN_POINT('',(-96.72,-117.358,250.558));
#10835 = CARTESIAN_POINT('',(-96.72,-117.358,270.558));
#10836 = CARTESIAN_POINT('',(-96.72,-137.358,250.558));
#10837 = CARTESIAN_POINT('',(-96.72,-137.358,270.558));
#10838 = DEFINITIONAL_REPRESENTATION('',(#10839),#10847);
#10839 = ( BOUNDED_CURVE() B_SPLINE_CURVE(2,(#10840,#10841,#10842,#10843
    ,#10844,#10845,#10846),.UNSPECIFIED.,.T.,.F.) 
B_SPLINE_CURVE_WITH_KNOTS((1,2,2,2,2,1),(-2.094395102393,0.,
    2.094395102393,4.188790204786,6.28318530718,8.377580409573),
.UNSPECIFIED.) CURVE() GEOMETRIC_REPRESENTATION_ITEM() 
RATIONAL_B_SPLINE_CURVE((1.,0.5,1.,0.5,1.,0.5,1.)) REPRESENTATION_ITEM(
  '') );
#10840 = CARTESIAN_POINT('',(2.22044604925E-16,0.393700787402));
#10841 = CARTESIAN_POINT('',(-0.681909766759,0.393700787402));
#10842 = CARTESIAN_POINT('',(-0.34095488338,-0.196850393701));
#10843 = CARTESIAN_POINT('',(1.110223024625E-16,-0.787401574803));
#10844 = CARTESIAN_POINT('',(0.34095488338,-0.196850393701));
#10845 = CARTESIAN_POINT('',(0.681909766759,0.393700787402));
#10846 = CARTESIAN_POINT('',(2.22044604925E-16,0.393700787402));
#10847 = ( GEOMETRIC_REPRESENTATION_CONTEXT(2) 
PARAMETRIC_REPRESENTATION_CONTEXT() REPRESENTATION_CONTEXT('2D SPACE',''
  ) );
#10848 = ADVANCED_FACE('',(#10849),#10833,.F.);
#10849 = FACE_BOUND('',#10850,.F.);
#10850 = EDGE_LOOP('',(#10851));
#10851 = ORIENTED_EDGE('',*,*,#10811,.T.);
#10852 = ADVANCED_FACE('',(#10853),#10794,.T.);
#10853 = FACE_BOUND('',#10854,.T.);
#10854 = EDGE_LOOP('',(#10855));
#10855 = ORIENTED_EDGE('',*,*,#10772,.T.);
#10856 = ( GEOMETRIC_REPRESENTATION_CONTEXT(3) 
GLOBAL_UNCERTAINTY_ASSIGNED_CONTEXT((#10860)) 
GLOBAL_UNIT_ASSIGNED_CONTEXT((#10857,#10858,#10859)) 
REPRESENTATION_CONTEXT('Context #1',
  '3D Context with UNIT and UNCERTAINTY') );
#10857 = ( LENGTH_UNIT() NAMED_UNIT(*) SI_UNIT(.MILLI.,.METRE.) );
#10858 = ( NAMED_UNIT(*) PLANE_ANGLE_UNIT() SI_UNIT($,.RADIAN.) );
#10859 = ( NAMED_UNIT(*) SI_UNIT($,.STERADIAN.) SOLID_ANGLE_UNIT() );
#10860 = UNCERTAINTY_MEASURE_WITH_UNIT(LENGTH_MEASURE(2.E-06),#10857,
  'distance_accuracy_value','confusion accuracy');
#10861 = CONTEXT_DEPENDENT_SHAPE_REPRESENTATION(#10862,#10864);
#10862 = ( REPRESENTATION_RELATIONSHIP('','',#10726,#10) 
REPRESENTATION_RELATIONSHIP_WITH_TRANSFORMATION(#10863) 
SHAPE_REPRESENTATION_RELATIONSHIP() );
#10863 = ITEM_DEFINED_TRANSFORMATION('','',#11,#51);
#10864 = PRODUCT_DEFINITION_SHAPE('Placement','Placement of an item',
  #10865);
#10865 = NEXT_ASSEMBLY_USAGE_OCCURRENCE('10','collar_R','',#5,#10721,$);
#10866 = PRODUCT_RELATED_PRODUCT_CATEGORY('part',$,(#10723));
#10867 = SHAPE_DEFINITION_REPRESENTATION(#10868,#10874);
#10868 = PRODUCT_DEFINITION_SHAPE('','',#10869);
#10869 = PRODUCT_DEFINITION('design','',#10870,#10873);
#10870 = PRODUCT_DEFINITION_FORMATION('','',#10871);
#10871 = PRODUCT('shaft','shaft','',(#10872));
#10872 = PRODUCT_CONTEXT('',#2,'mechanical');
#10873 = PRODUCT_DEFINITION_CONTEXT('part definition',#2,'design');
#10874 = ADVANCED_BREP_SHAPE_REPRESENTATION('',(#11,#10875),#11004);
#10875 = MANIFOLD_SOLID_BREP('',#10876);
#10876 = CLOSED_SHELL('',(#10877,#10996,#11000));
#10877 = ADVANCED_FACE('',(#10878),#10891,.T.);
#10878 = FACE_BOUND('',#10879,.T.);
#10879 = EDGE_LOOP('',(#10880,#10919,#10957,#10958));
#10880 = ORIENTED_EDGE('',*,*,#10881,.T.);
#10881 = EDGE_CURVE('',#10882,#10884,#10886,.T.);
#10882 = VERTEX_POINT('',#10883);
#10883 = CARTESIAN_POINT('',(-191.89,-127.358,264.558));
#10884 = VERTEX_POINT('',#10885);
#10885 = CARTESIAN_POINT('',(72.11,-127.358,264.558));
#10886 = SEAM_CURVE('',#10887,(#10890,#10912),.PCURVE_S1.);
#10887 = B_SPLINE_CURVE_WITH_KNOTS('',1,(#10888,#10889),.UNSPECIFIED.,
  .F.,.F.,(2,2),(0.,10.393700787402),.PIECEWISE_BEZIER_KNOTS.);
#10888 = CARTESIAN_POINT('',(-191.89,-127.358,264.558));
#10889 = CARTESIAN_POINT('',(72.11,-127.358,264.558));
#10890 = PCURVE('',#10891,#10906);
#10891 = ( BOUNDED_SURFACE() B_SPLINE_SURFACE(2,1,(
    (#10892,#10893)
    ,(#10894,#10895)
    ,(#10896,#10897)
    ,(#10898,#10899)
    ,(#10900,#10901)
    ,(#10902,#10903)
    ,(#10904,#10905
)),.UNSPECIFIED.,.T.,.F.,.F.) B_SPLINE_SURFACE_WITH_KNOTS((1,2,2,2,2,1),
  (2,2),(-2.094395102393,0.,2.094395102393,4.188790204786,6.28318530718,
    8.377580409573),(-10.3937007874,0.),.UNSPECIFIED.) 
GEOMETRIC_REPRESENTATION_ITEM() RATIONAL_B_SPLINE_SURFACE((
    (1.,1.)
    ,(0.5,0.5)
    ,(1.,1.)
    ,(0.5,0.5)
    ,(1.,1.)
    ,(0.5,0.5)
,(1.,1.))) REPRESENTATION_ITEM('') SURFACE() );
#10892 = CARTESIAN_POINT('',(72.11,-127.358,264.558));
#10893 = CARTESIAN_POINT('',(-191.89,-127.358,264.558));
#10894 = CARTESIAN_POINT('',(72.11,-120.4297967697,264.558));
#10895 = CARTESIAN_POINT('',(-191.89,-120.4297967697,264.558));
#10896 = CARTESIAN_POINT('',(72.11,-123.8938983848,258.558));
#10897 = CARTESIAN_POINT('',(-191.89,-123.8938983848,258.558));
#10898 = CARTESIAN_POINT('',(72.11,-127.358,252.558));
#10899 = CARTESIAN_POINT('',(-191.89,-127.358,252.558));
#10900 = CARTESIAN_POINT('',(72.11,-130.8221016151,258.558));
#10901 = CARTESIAN_POINT('',(-191.89,-130.8221016151,258.558));
#10902 = CARTESIAN_POINT('',(72.11,-134.2862032302,264.558));
#10903 = CARTESIAN_POINT('',(-191.89,-134.2862032302,264.558));
#10904 = CARTESIAN_POINT('',(72.11,-127.358,264.558));
#10905 = CARTESIAN_POINT('',(-191.89,-127.358,264.558));
#10906 = DEFINITIONAL_REPRESENTATION('',(#10907),#10911);
#10907 = B_SPLINE_CURVE_WITH_KNOTS('',2,(#10908,#10909,#10910),
  .UNSPECIFIED.,.F.,.F.,(3,3),(0.,10.393700787402),
  .PIECEWISE_BEZIER_KNOTS.);
#10908 = CARTESIAN_POINT('',(0.,0.));
#10909 = CARTESIAN_POINT('',(0.,-5.196850393701));
#10910 = CARTESIAN_POINT('',(0.,-10.3937007874));
#10911 = ( GEOMETRIC_REPRESENTATION_CONTEXT(2) 
PARAMETRIC_REPRESENTATION_CONTEXT() REPRESENTATION_CONTEXT('2D SPACE',''
  ) );
#10912 = PCURVE('',#10891,#10913);
#10913 = DEFINITIONAL_REPRESENTATION('',(#10914),#10918);
#10914 = B_SPLINE_CURVE_WITH_KNOTS('',2,(#10915,#10916,#10917),
  .UNSPECIFIED.,.F.,.F.,(3,3),(0.,10.393700787402),
  .PIECEWISE_BEZIER_KNOTS.);
#10915 = CARTESIAN_POINT('',(6.28318530718,0.));
#10916 = CARTESIAN_POINT('',(6.28318530718,-5.196850393701));
#10917 = CARTESIAN_POINT('',(6.28318530718,-10.3937007874));
#10918 = ( GEOMETRIC_REPRESENTATION_CONTEXT(2) 
PARAMETRIC_REPRESENTATION_CONTEXT() REPRESENTATION_CONTEXT('2D SPACE',''
  ) );
#10919 = ORIENTED_EDGE('',*,*,#10920,.T.);
#10920 = EDGE_CURVE('',#10884,#10884,#10921,.T.);
#10921 = SURFACE_CURVE('',#10922,(#10930,#10941),.PCURVE_S1.);
#10922 = ( BOUNDED_CURVE() B_SPLINE_CURVE(2,(#10923,#10924,#10925,#10926
    ,#10927,#10928,#10929),.UNSPECIFIED.,.T.,.F.) 
B_SPLINE_CURVE_WITH_KNOTS((1,2,2,2,2,1),(-2.094395102393,0.,
    2.094395102393,4.188790204786,6.28318530718,8.377580409573),
.UNSPECIFIED.) CURVE() GEOMETRIC_REPRESENTATION_ITEM() 
RATIONAL_B_SPLINE_CURVE((1.,0.5,1.,0.5,1.,0.5,1.)) REPRESENTATION_ITEM(
  '') );
#10923 = CARTESIAN_POINT('',(72.11,-127.358,264.558));
#10924 = CARTESIAN_POINT('',(72.11,-120.4297967697,264.558));
#10925 = CARTESIAN_POINT('',(72.11,-123.8938983848,258.558));
#10926 = CARTESIAN_POINT('',(72.11,-127.358,252.558));
#10927 = CARTESIAN_POINT('',(72.11,-130.8221016151,258.558));
#10928 = CARTESIAN_POINT('',(72.11,-134.2862032302,264.558));
#10929 = CARTESIAN_POINT('',(72.11,-127.358,264.558));
#10930 = PCURVE('',#10891,#10931);
#10931 = DEFINITIONAL_REPRESENTATION('',(#10932),#10940);
#10932 = B_SPLINE_CURVE_WITH_KNOTS('',2,(#10933,#10934,#10935,#10936,
    #10937,#10938,#10939),.UNSPECIFIED.,.F.,.F.,(3,2,2,3),(0.,
    2.094395102393,4.188790204786,6.28318530718),
  .PIECEWISE_BEZIER_KNOTS.);
#10933 = CARTESIAN_POINT('',(0.,-10.3937007874));
#10934 = CARTESIAN_POINT('',(1.047197551197,-10.3937007874));
#10935 = CARTESIAN_POINT('',(2.094395102393,-10.3937007874));
#10936 = CARTESIAN_POINT('',(3.14159265359,-10.3937007874));
#10937 = CARTESIAN_POINT('',(4.188790204786,-10.3937007874));
#10938 = CARTESIAN_POINT('',(5.235987755983,-10.3937007874));
#10939 = CARTESIAN_POINT('',(6.28318530718,-10.3937007874));
#10940 = ( GEOMETRIC_REPRESENTATION_CONTEXT(2) 
PARAMETRIC_REPRESENTATION_CONTEXT() REPRESENTATION_CONTEXT('2D SPACE',''
  ) );
#10941 = PCURVE('',#10942,#10947);
#10942 = B_SPLINE_SURFACE_WITH_KNOTS('',1,1,(
    (#10943,#10944)
    ,(#10945,#10946
    )),.UNSPECIFIED.,.F.,.F.,.F.,(2,2),(2,2),(-0.157480314961,
    0.157480314961),(-0.157480314961,0.157480314961),
  .PIECEWISE_BEZIER_KNOTS.);
#10943 = CARTESIAN_POINT('',(72.11,-123.358,256.558));
#10944 = CARTESIAN_POINT('',(72.11,-123.358,264.558));
#10945 = CARTESIAN_POINT('',(72.11,-131.358,256.558));
#10946 = CARTESIAN_POINT('',(72.11,-131.358,264.558));
#10947 = DEFINITIONAL_REPRESENTATION('',(#10948),#10956);
#10948 = ( BOUNDED_CURVE() B_SPLINE_CURVE(2,(#10949,#10950,#10951,#10952
    ,#10953,#10954,#10955),.UNSPECIFIED.,.T.,.F.) 
B_SPLINE_CURVE_WITH_KNOTS((1,2,2,2,2,1),(-2.094395102393,0.,
    2.094395102393,4.188790204786,6.28318530718,8.377580409573),
.UNSPECIFIED.) CURVE() GEOMETRIC_REPRESENTATION_ITEM() 
RATIONAL_B_SPLINE_CURVE((1.,0.5,1.,0.5,1.,0.5,1.)) REPRESENTATION_ITEM(
  '') );
#10949 = CARTESIAN_POINT('',(-1.110223024625E-16,0.157480314961));
#10950 = CARTESIAN_POINT('',(-0.272763906704,0.157480314961));
#10951 = CARTESIAN_POINT('',(-0.136381953352,-7.874015748031E-02));
#10952 = CARTESIAN_POINT('',(-1.110223024625E-16,-0.314960629921));
#10953 = CARTESIAN_POINT('',(0.136381953352,-7.874015748031E-02));
#10954 = CARTESIAN_POINT('',(0.272763906704,0.157480314961));
#10955 = CARTESIAN_POINT('',(-1.110223024625E-16,0.157480314961));
#10956 = ( GEOMETRIC_REPRESENTATION_CONTEXT(2) 
PARAMETRIC_REPRESENTATION_CONTEXT() REPRESENTATION_CONTEXT('2D SPACE',''
  ) );
#10957 = ORIENTED_EDGE('',*,*,#10881,.F.);
#10958 = ORIENTED_EDGE('',*,*,#10959,.F.);
#10959 = EDGE_CURVE('',#10882,#10882,#10960,.T.);
#10960 = SURFACE_CURVE('',#10961,(#10969,#10980),.PCURVE_S1.);
#10961 = ( BOUNDED_CURVE() B_SPLINE_CURVE(2,(#10962,#10963,#10964,#10965
    ,#10966,#10967,#10968),.UNSPECIFIED.,.T.,.F.) 
B_SPLINE_CURVE_WITH_KNOTS((1,2,2,2,2,1),(-2.094395102393,0.,
    2.094395102393,4.188790204786,6.28318530718,8.377580409573),
.UNSPECIFIED.) CURVE() GEOMETRIC_REPRESENTATION_ITEM() 
RATIONAL_B_SPLINE_CURVE((1.,0.5,1.,0.5,1.,0.5,1.)) REPRESENTATION_ITEM(
  '') );
#10962 = CARTESIAN_POINT('',(-191.89,-127.358,264.558));
#10963 = CARTESIAN_POINT('',(-191.89,-120.4297967697,264.558));
#10964 = CARTESIAN_POINT('',(-191.89,-123.8938983848,258.558));
#10965 = CARTESIAN_POINT('',(-191.89,-127.358,252.558));
#10966 = CARTESIAN_POINT('',(-191.89,-130.8221016151,258.558));
#10967 = CARTESIAN_POINT('',(-191.89,-134.2862032302,264.558));
#10968 = CARTESIAN_POINT('',(-191.89,-127.358,264.558));
#10969 = PCURVE('',#10891,#10970);
#10970 = DEFINITIONAL_REPRESENTATION('',(#10971),#10979);
#10971 = B_SPLINE_CURVE_WITH_KNOTS('',2,(#10972,#10973,#10974,#10975,
    #10976,#10977,#10978),.UNSPECIFIED.,.F.,.F.,(3,2,2,3),(0.,
    2.094395102393,4.188790204786,6.28318530718),
  .PIECEWISE_BEZIER_KNOTS.);
#10972 = CARTESIAN_POINT('',(0.,0.));
#10973 = CARTESIAN_POINT('',(1.047197551197,-9.160428407103E-16));
#10974 = CARTESIAN_POINT('',(2.094395102393,0.));
#10975 = CARTESIAN_POINT('',(3.14159265359,-1.358390524247E-16));
#10976 = CARTESIAN_POINT('',(4.188790204786,0.));
#10977 = CARTESIAN_POINT('',(5.235987755983,-1.832085681421E-15));
#10978 = CARTESIAN_POINT('',(6.28318530718,0.));
#10979 = ( GEOMETRIC_REPRESENTATION_CONTEXT(2) 
PARAMETRIC_REPRESENTATION_CONTEXT() REPRESENTATION_CONTEXT('2D SPACE',''
  ) );
#10980 = PCURVE('',#10981,#10986);
#10981 = B_SPLINE_SURFACE_WITH_KNOTS('',1,1,(
    (#10982,#10983)
    ,(#10984,#10985
    )),.UNSPECIFIED.,.F.,.F.,.F.,(2,2),(2,2),(-0.157480314961,
    0.157480314961),(-0.157480314961,0.157480314961),
  .PIECEWISE_BEZIER_KNOTS.);
#10982 = CARTESIAN_POINT('',(-191.89,-123.358,256.558));
#10983 = CARTESIAN_POINT('',(-191.89,-123.358,264.558));
#10984 = CARTESIAN_POINT('',(-191.89,-131.358,256.558));
#10985 = CARTESIAN_POINT('',(-191.89,-131.358,264.558));
#10986 = DEFINITIONAL_REPRESENTATION('',(#10987),#10995);
#10987 = ( BOUNDED_CURVE() B_SPLINE_CURVE(2,(#10988,#10989,#10990,#10991
    ,#10992,#10993,#10994),.UNSPECIFIED.,.T.,.F.) 
B_SPLINE_CURVE_WITH_KNOTS((1,2,2,2,2,1),(-2.094395102393,0.,
    2.094395102393,4.188790204786,6.28318530718,8.377580409573),
.UNSPECIFIED.) CURVE() GEOMETRIC_REPRESENTATION_ITEM() 
RATIONAL_B_SPLINE_CURVE((1.,0.5,1.,0.5,1.,0.5,1.)) REPRESENTATION_ITEM(
  '') );
#10988 = CARTESIAN_POINT('',(-1.110223024625E-16,0.157480314961));
#10989 = CARTESIAN_POINT('',(-0.272763906704,0.157480314961));
#10990 = CARTESIAN_POINT('',(-0.136381953352,-7.874015748031E-02));
#10991 = CARTESIAN_POINT('',(-1.110223024625E-16,-0.314960629921));
#10992 = CARTESIAN_POINT('',(0.136381953352,-7.874015748031E-02));
#10993 = CARTESIAN_POINT('',(0.272763906704,0.157480314961));
#10994 = CARTESIAN_POINT('',(-1.110223024625E-16,0.157480314961));
#10995 = ( GEOMETRIC_REPRESENTATION_CONTEXT(2) 
PARAMETRIC_REPRESENTATION_CONTEXT() REPRESENTATION_CONTEXT('2D SPACE',''
  ) );
#10996 = ADVANCED_FACE('',(#10997),#10981,.T.);
#10997 = FACE_BOUND('',#10998,.T.);
#10998 = EDGE_LOOP('',(#10999));
#10999 = ORIENTED_EDGE('',*,*,#10959,.T.);
#11000 = ADVANCED_FACE('',(#11001),#10942,.F.);
#11001 = FACE_BOUND('',#11002,.F.);
#11002 = EDGE_LOOP('',(#11003));
#11003 = ORIENTED_EDGE('',*,*,#10920,.T.);
#11004 = ( GEOMETRIC_REPRESENTATION_CONTEXT(3) 
GLOBAL_UNCERTAINTY_ASSIGNED_CONTEXT((#11008)) 
GLOBAL_UNIT_ASSIGNED_CONTEXT((#11005,#11006,#11007)) 
REPRESENTATION_CONTEXT('Context #1',
  '3D Context with UNIT and UNCERTAINTY') );
#11005 = ( LENGTH_UNIT() NAMED_UNIT(*) SI_UNIT(.MILLI.,.METRE.) );
#11006 = ( NAMED_UNIT(*) PLANE_ANGLE_UNIT() SI_UNIT($,.RADIAN.) );
#11007 = ( NAMED_UNIT(*) SI_UNIT($,.STERADIAN.) SOLID_ANGLE_UNIT() );
#11008 = UNCERTAINTY_MEASURE_WITH_UNIT(LENGTH_MEASURE(2.E-06),#11005,
  'distance_accuracy_value','confusion accuracy');
#11009 = CONTEXT_DEPENDENT_SHAPE_REPRESENTATION(#11010,#11012);
#11010 = ( REPRESENTATION_RELATIONSHIP('','',#10874,#10) 
REPRESENTATION_RELATIONSHIP_WITH_TRANSFORMATION(#11011) 
SHAPE_REPRESENTATION_RELATIONSHIP() );
#11011 = ITEM_DEFINED_TRANSFORMATION('','',#11,#55);
#11012 = PRODUCT_DEFINITION_SHAPE('Placement','Placement of an item',
  #11013);
#11013 = NEXT_ASSEMBLY_USAGE_OCCURRENCE('11','shaft','',#5,#10869,$);
#11014 = PRODUCT_RELATED_PRODUCT_CATEGORY('part',$,(#10871));
#11015 = SHAPE_DEFINITION_REPRESENTATION(#11016,#11022);
#11016 = PRODUCT_DEFINITION_SHAPE('','',#11017);
#11017 = PRODUCT_DEFINITION('design','',#11018,#11021);
#11018 = PRODUCT_DEFINITION_FORMATION('','',#11019);
#11019 = PRODUCT('block_065','block_065','',(#11020));
#11020 = PRODUCT_CONTEXT('',#2,'mechanical');
#11021 = PRODUCT_DEFINITION_CONTEXT('part definition',#2,'design');
#11022 = ADVANCED_BREP_SHAPE_REPRESENTATION('',(#11,#11023),#11941);
#11023 = MANIFOLD_SOLID_BREP('',#11024);
#11024 = CLOSED_SHELL('',(#11025,#11150,#11181,#11910,#11915));
#11025 = ADVANCED_FACE('',(#11026),#11039,.T.);
#11026 = FACE_BOUND('',#11027,.T.);
#11027 = EDGE_LOOP('',(#11028,#11060,#11099,#11124));
#11028 = ORIENTED_EDGE('',*,*,#11029,.T.);
#11029 = EDGE_CURVE('',#11030,#11032,#11034,.T.);
#11030 = VERTEX_POINT('',#11031);
#11031 = CARTESIAN_POINT('',(-25.36094440909,-135.24,236.998));
#11032 = VERTEX_POINT('',#11033);
#11033 = CARTESIAN_POINT('',(-94.4190555909,-135.24,236.998));
#11034 = SURFACE_CURVE('',#11035,(#11038,#11049),.PCURVE_S1.);
#11035 = B_SPLINE_CURVE_WITH_KNOTS('',1,(#11036,#11037),.UNSPECIFIED.,
  .F.,.F.,(2,2),(0.100588362563,2.819411637437),
  .PIECEWISE_BEZIER_KNOTS.);
#11036 = CARTESIAN_POINT('',(-25.36094440909,-135.24,236.998));
#11037 = CARTESIAN_POINT('',(-94.4190555909,-135.24,236.998));
#11038 = PCURVE('',#11039,#11044);
#11039 = B_SPLINE_SURFACE_WITH_KNOTS('',1,1,(
    (#11040,#11041)
    ,(#11042,#11043
    )),.UNSPECIFIED.,.F.,.F.,.F.,(2,2),(2,2),(0.,1.110180165559),(-1.36,
    1.36),.PIECEWISE_BEZIER_KNOTS.);
#11040 = CARTESIAN_POINT('',(-94.434,-135.24,236.998));
#11041 = CARTESIAN_POINT('',(-25.346,-135.24,236.998));
#11042 = CARTESIAN_POINT('',(-94.434,-118.73,259.858));
#11043 = CARTESIAN_POINT('',(-25.346,-118.73,259.858));
#11044 = DEFINITIONAL_REPRESENTATION('',(#11045),#11048);
#11045 = B_SPLINE_CURVE_WITH_KNOTS('',1,(#11046,#11047),.UNSPECIFIED.,
  .F.,.F.,(2,2),(0.100588362563,2.819411637437),
  .PIECEWISE_BEZIER_KNOTS.);
#11046 = CARTESIAN_POINT('',(0.,1.359411637437));
#11047 = CARTESIAN_POINT('',(0.,-1.359411637437));
#11048 = ( GEOMETRIC_REPRESENTATION_CONTEXT(2) 
PARAMETRIC_REPRESENTATION_CONTEXT() REPRESENTATION_CONTEXT('2D SPACE',''
  ) );
#11049 = PCURVE('',#11050,#11055);
#11050 = B_SPLINE_SURFACE_WITH_KNOTS('',1,1,(
    (#11051,#11052)
    ,(#11053,#11054
    )),.UNSPECIFIED.,.F.,.F.,.F.,(2,2),(2,2),(-6.661338147751E-16,1.4),(
    -1.36,1.36),.PIECEWISE_BEZIER_KNOTS.);
#11051 = CARTESIAN_POINT('',(-94.434,-135.24,272.558));
#11052 = CARTESIAN_POINT('',(-25.346,-135.24,272.558));
#11053 = CARTESIAN_POINT('',(-94.434,-135.24,236.998));
#11054 = CARTESIAN_POINT('',(-25.346,-135.24,236.998));
#11055 = DEFINITIONAL_REPRESENTATION('',(#11056),#11059);
#11056 = B_SPLINE_CURVE_WITH_KNOTS('',1,(#11057,#11058),.UNSPECIFIED.,
  .F.,.F.,(2,2),(0.100588362563,2.819411637437),
  .PIECEWISE_BEZIER_KNOTS.);
#11057 = CARTESIAN_POINT('',(1.4,1.359411637437));
#11058 = CARTESIAN_POINT('',(1.4,-1.359411637437));
#11059 = ( GEOMETRIC_REPRESENTATION_CONTEXT(2) 
PARAMETRIC_REPRESENTATION_CONTEXT() REPRESENTATION_CONTEXT('2D SPACE',''
  ) );
#11060 = ORIENTED_EDGE('',*,*,#11061,.T.);
#11061 = EDGE_CURVE('',#11032,#11062,#11064,.T.);
#11062 = VERTEX_POINT('',#11063);
#11063 = CARTESIAN_POINT('',(-86.65056053224,-118.73,259.858));
#11064 = SURFACE_CURVE('',#11065,(#11069,#11076),.PCURVE_S1.);
#11065 = ( BOUNDED_CURVE() B_SPLINE_CURVE(2,(#11066,#11067,#11068),
.UNSPECIFIED.,.F.,.F.) B_SPLINE_CURVE_WITH_KNOTS((3,3),(1.541380319987,
2.25538309273),.PIECEWISE_BEZIER_KNOTS.) CURVE() 
GEOMETRIC_REPRESENTATION_ITEM() RATIONAL_B_SPLINE_CURVE((1.,
0.936948948771,1.)) REPRESENTATION_ITEM('') );
#11066 = CARTESIAN_POINT('',(-94.4190555909,-135.24,236.998));
#11067 = CARTESIAN_POINT('',(-94.79800656937,-125.9386738722,
    249.8767592538));
#11068 = CARTESIAN_POINT('',(-86.65056053224,-118.73,259.858));
#11069 = PCURVE('',#11039,#11070);
#11070 = DEFINITIONAL_REPRESENTATION('',(#11071),#11075);
#11071 = ( BOUNDED_CURVE() B_SPLINE_CURVE(2,(#11072,#11073,#11074),
.UNSPECIFIED.,.F.,.F.) B_SPLINE_CURVE_WITH_KNOTS((3,3),(1.541380319987,
2.25538309273),.PIECEWISE_BEZIER_KNOTS.) CURVE() 
GEOMETRIC_REPRESENTATION_ITEM() RATIONAL_B_SPLINE_CURVE((1.,
0.936948948771,1.)) REPRESENTATION_ITEM('') );
#11072 = CARTESIAN_POINT('',(1.59872115546E-14,-1.359411637437));
#11073 = CARTESIAN_POINT('',(0.625448078765,-1.374330967298));
#11074 = CARTESIAN_POINT('',(1.110180165559,-1.053565375285));
#11075 = ( GEOMETRIC_REPRESENTATION_CONTEXT(2) 
PARAMETRIC_REPRESENTATION_CONTEXT() REPRESENTATION_CONTEXT('2D SPACE',''
  ) );
#11076 = PCURVE('',#11077,#11088);
#11077 = ( BOUNDED_SURFACE() B_SPLINE_SURFACE(2,1,(
    (#11078,#11079)
    ,(#11080,#11081)
    ,(#11082,#11083)
    ,(#11084,#11085)
    ,(#11086,#11087
)),.UNSPECIFIED.,.F.,.F.,.F.) B_SPLINE_SURFACE_WITH_KNOTS((3,2,3),(2,2),
  (4.682972973577,6.28318530718,7.883397640782),(-0.650000010955,0.),
.PIECEWISE_BEZIER_KNOTS.) GEOMETRIC_REPRESENTATION_ITEM() 
RATIONAL_B_SPLINE_SURFACE((
    (1.,1.)
    ,(0.696630546019,0.696630546019)
    ,(1.,1.)
    ,(0.696630546019,0.696630546019)
,(1.,1.))) REPRESENTATION_ITEM('') SURFACE() );
#11078 = CARTESIAN_POINT('',(-94.4190555909,-118.7299997217,236.998));
#11079 = CARTESIAN_POINT('',(-94.4190555909,-135.24,236.998));
#11080 = CARTESIAN_POINT('',(-95.46539060881,-118.7299997217,272.558));
#11081 = CARTESIAN_POINT('',(-95.46539060881,-135.24,272.558));
#11082 = CARTESIAN_POINT('',(-59.89,-118.7299997217,272.558));
#11083 = CARTESIAN_POINT('',(-59.89,-135.24,272.558));
#11084 = CARTESIAN_POINT('',(-24.31460939118,-118.7299997217,272.558));
#11085 = CARTESIAN_POINT('',(-24.31460939118,-135.24,272.558));
#11086 = CARTESIAN_POINT('',(-25.36094440909,-118.7299997217,236.998));
#11087 = CARTESIAN_POINT('',(-25.36094440909,-135.24,236.998));
#11088 = DEFINITIONAL_REPRESENTATION('',(#11089),#11098);
#11089 = B_SPLINE_CURVE_WITH_KNOTS('',7,(#11090,#11091,#11092,#11093,
    #11094,#11095,#11096,#11097),.UNSPECIFIED.,.F.,.F.,(8,8),(
    1.541380319987,2.25538309273),.PIECEWISE_BEZIER_KNOTS.);
#11090 = CARTESIAN_POINT('',(4.682972973577,-1.071524893738E-14));
#11091 = CARTESIAN_POINT('',(4.79432682962,-9.803004681572E-02));
#11092 = CARTESIAN_POINT('',(4.90253594955,-0.198456095423));
#11093 = CARTESIAN_POINT('',(5.007760191664,-0.298988388302));
#11094 = CARTESIAN_POINT('',(5.110145871462,-0.39686362026));
#11095 = CARTESIAN_POINT('',(5.209827670504,-0.489228855618));
#11096 = CARTESIAN_POINT('',(5.306930073908,-0.574025276991));
#11097 = CARTESIAN_POINT('',(5.401568549902,-0.65));
#11098 = ( GEOMETRIC_REPRESENTATION_CONTEXT(2) 
PARAMETRIC_REPRESENTATION_CONTEXT() REPRESENTATION_CONTEXT('2D SPACE',''
  ) );
#11099 = ORIENTED_EDGE('',*,*,#11100,.T.);
#11100 = EDGE_CURVE('',#11062,#11101,#11103,.T.);
#11101 = VERTEX_POINT('',#11102);
#11102 = CARTESIAN_POINT('',(-33.12943946775,-118.73,259.858));
#11103 = SURFACE_CURVE('',#11104,(#11107,#11113),.PCURVE_S1.);
#11104 = B_SPLINE_CURVE_WITH_KNOTS('',1,(#11105,#11106),.UNSPECIFIED.,
  .F.,.F.,(2,2),(0.406434624715,2.513565375285),
  .PIECEWISE_BEZIER_KNOTS.);
#11105 = CARTESIAN_POINT('',(-86.65056053224,-118.73,259.858));
#11106 = CARTESIAN_POINT('',(-33.12943946775,-118.73,259.858));
#11107 = PCURVE('',#11039,#11108);
#11108 = DEFINITIONAL_REPRESENTATION('',(#11109),#11112);
#11109 = B_SPLINE_CURVE_WITH_KNOTS('',1,(#11110,#11111),.UNSPECIFIED.,
  .F.,.F.,(2,2),(0.406434624715,2.513565375285),
  .PIECEWISE_BEZIER_KNOTS.);
#11110 = CARTESIAN_POINT('',(1.110180165559,-1.053565375285));
#11111 = CARTESIAN_POINT('',(1.110180165559,1.053565375285));
#11112 = ( GEOMETRIC_REPRESENTATION_CONTEXT(2) 
PARAMETRIC_REPRESENTATION_CONTEXT() REPRESENTATION_CONTEXT('2D SPACE',''
  ) );
#11113 = PCURVE('',#11114,#11119);
#11114 = B_SPLINE_SURFACE_WITH_KNOTS('',1,1,(
    (#11115,#11116)
    ,(#11117,#11118
    )),.UNSPECIFIED.,.F.,.F.,.F.,(2,2),(2,2),(0.,0.5),(-1.053565375285,
    1.053565375285),.PIECEWISE_BEZIER_KNOTS.);
#11115 = CARTESIAN_POINT('',(-86.65056053224,-118.73,259.858));
#11116 = CARTESIAN_POINT('',(-33.12943946775,-118.73,259.858));
#11117 = CARTESIAN_POINT('',(-86.65056053224,-118.73,272.558));
#11118 = CARTESIAN_POINT('',(-33.12943946775,-118.73,272.558));
#11119 = DEFINITIONAL_REPRESENTATION('',(#11120),#11123);
#11120 = B_SPLINE_CURVE_WITH_KNOTS('',1,(#11121,#11122),.UNSPECIFIED.,
  .F.,.F.,(2,2),(0.406434624715,2.513565375285),
  .PIECEWISE_BEZIER_KNOTS.);
#11121 = CARTESIAN_POINT('',(0.,-1.053565375285));
#11122 = CARTESIAN_POINT('',(0.,1.053565375285));
#11123 = ( GEOMETRIC_REPRESENTATION_CONTEXT(2) 
PARAMETRIC_REPRESENTATION_CONTEXT() REPRESENTATION_CONTEXT('2D SPACE',''
  ) );
#11124 = ORIENTED_EDGE('',*,*,#11125,.T.);
#11125 = EDGE_CURVE('',#11101,#11030,#11126,.T.);
#11126 = SURFACE_CURVE('',#11127,(#11131,#11138),.PCURVE_S1.);
#11127 = ( BOUNDED_CURVE() B_SPLINE_CURVE(2,(#11128,#11129,#11130),
.UNSPECIFIED.,.F.,.F.) B_SPLINE_CURVE_WITH_KNOTS((3,3),(4.027802214449,
4.741804987193),.PIECEWISE_BEZIER_KNOTS.) CURVE() 
GEOMETRIC_REPRESENTATION_ITEM() RATIONAL_B_SPLINE_CURVE((1.,
0.936948948771,1.)) REPRESENTATION_ITEM('') );
#11128 = CARTESIAN_POINT('',(-33.12943946775,-118.73,259.858));
#11129 = CARTESIAN_POINT('',(-24.98199343062,-125.9386738722,
    249.8767592538));
#11130 = CARTESIAN_POINT('',(-25.36094440909,-135.24,236.998));
#11131 = PCURVE('',#11039,#11132);
#11132 = DEFINITIONAL_REPRESENTATION('',(#11133),#11137);
#11133 = ( BOUNDED_CURVE() B_SPLINE_CURVE(2,(#11134,#11135,#11136),
.UNSPECIFIED.,.F.,.F.) B_SPLINE_CURVE_WITH_KNOTS((3,3),(4.027802214449,
4.741804987193),.PIECEWISE_BEZIER_KNOTS.) CURVE() 
GEOMETRIC_REPRESENTATION_ITEM() RATIONAL_B_SPLINE_CURVE((1.,
0.936948948771,1.)) REPRESENTATION_ITEM('') );
#11134 = CARTESIAN_POINT('',(1.110180165559,1.053565375285));
#11135 = CARTESIAN_POINT('',(0.625448078765,1.374330967298));
#11136 = CARTESIAN_POINT('',(1.7763568394E-14,1.359411637437));
#11137 = ( GEOMETRIC_REPRESENTATION_CONTEXT(2) 
PARAMETRIC_REPRESENTATION_CONTEXT() REPRESENTATION_CONTEXT('2D SPACE',''
  ) );
#11138 = PCURVE('',#11077,#11139);
#11139 = DEFINITIONAL_REPRESENTATION('',(#11140),#11149);
#11140 = B_SPLINE_CURVE_WITH_KNOTS('',7,(#11141,#11142,#11143,#11144,
    #11145,#11146,#11147,#11148),.UNSPECIFIED.,.F.,.F.,(8,8),(
    4.027802214449,4.741804987193),.PIECEWISE_BEZIER_KNOTS.);
#11141 = CARTESIAN_POINT('',(7.164802064457,-0.65));
#11142 = CARTESIAN_POINT('',(7.259440540444,-0.574025276991));
#11143 = CARTESIAN_POINT('',(7.356542943955,-0.489228855616));
#11144 = CARTESIAN_POINT('',(7.456224742622,-0.396863620264));
#11145 = CARTESIAN_POINT('',(7.558610422842,-0.298988388289));
#11146 = CARTESIAN_POINT('',(7.663834664731,-0.198456095424));
#11147 = CARTESIAN_POINT('',(7.772043784778,-9.803004681527E-02));
#11148 = CARTESIAN_POINT('',(7.883397640782,-1.11892446439E-14));
#11149 = ( GEOMETRIC_REPRESENTATION_CONTEXT(2) 
PARAMETRIC_REPRESENTATION_CONTEXT() REPRESENTATION_CONTEXT('2D SPACE',''
  ) );
#11150 = ADVANCED_FACE('',(#11151),#11050,.T.);
#11151 = FACE_BOUND('',#11152,.T.);
#11152 = EDGE_LOOP('',(#11153,#11180));
#11153 = ORIENTED_EDGE('',*,*,#11154,.T.);
#11154 = EDGE_CURVE('',#11030,#11032,#11155,.T.);
#11155 = SURFACE_CURVE('',#11156,(#11162,#11171),.PCURVE_S1.);
#11156 = ( BOUNDED_CURVE() B_SPLINE_CURVE(2,(#11157,#11158,#11159,#11160
,#11161),.UNSPECIFIED.,.F.,.F.) B_SPLINE_CURVE_WITH_KNOTS((3,2,3),(0.,
1.600212333603,3.200424667206),.PIECEWISE_BEZIER_KNOTS.) CURVE() 
GEOMETRIC_REPRESENTATION_ITEM() RATIONAL_B_SPLINE_CURVE((1.,
0.696630546019,1.,0.696630546019,1.)) REPRESENTATION_ITEM('') );
#11157 = CARTESIAN_POINT('',(-25.36094440909,-135.24,236.998));
#11158 = CARTESIAN_POINT('',(-24.31460939118,-135.24,272.558));
#11159 = CARTESIAN_POINT('',(-59.89,-135.24,272.558));
#11160 = CARTESIAN_POINT('',(-95.46539060881,-135.24,272.558));
#11161 = CARTESIAN_POINT('',(-94.4190555909,-135.24,236.998));
#11162 = PCURVE('',#11050,#11163);
#11163 = DEFINITIONAL_REPRESENTATION('',(#11164),#11170);
#11164 = ( BOUNDED_CURVE() B_SPLINE_CURVE(2,(#11165,#11166,#11167,#11168
,#11169),.UNSPECIFIED.,.F.,.F.) B_SPLINE_CURVE_WITH_KNOTS((3,2,3),(0.,
1.600212333603,3.200424667206),.PIECEWISE_BEZIER_KNOTS.) CURVE() 
GEOMETRIC_REPRESENTATION_ITEM() RATIONAL_B_SPLINE_CURVE((1.,
0.696630546019,1.,0.696630546019,1.)) REPRESENTATION_ITEM('') );
#11165 = CARTESIAN_POINT('',(1.4,1.359411637437));
#11166 = CARTESIAN_POINT('',(-1.7763568394E-15,1.400605929481));
#11167 = CARTESIAN_POINT('',(0.,6.938893903907E-17));
#11168 = CARTESIAN_POINT('',(0.,-1.400605929481));
#11169 = CARTESIAN_POINT('',(1.4,-1.359411637437));
#11170 = ( GEOMETRIC_REPRESENTATION_CONTEXT(2) 
PARAMETRIC_REPRESENTATION_CONTEXT() REPRESENTATION_CONTEXT('2D SPACE',''
  ) );
#11171 = PCURVE('',#11077,#11172);
#11172 = DEFINITIONAL_REPRESENTATION('',(#11173),#11179);
#11173 = B_SPLINE_CURVE_WITH_KNOTS('',2,(#11174,#11175,#11176,#11177,
    #11178),.UNSPECIFIED.,.F.,.F.,(3,2,3),(0.,1.600212333603,
    3.200424667206),.PIECEWISE_BEZIER_KNOTS.);
#11174 = CARTESIAN_POINT('',(7.883397640782,0.));
#11175 = CARTESIAN_POINT('',(7.083291473981,-3.585202872755E-17));
#11176 = CARTESIAN_POINT('',(6.28318530718,0.));
#11177 = CARTESIAN_POINT('',(5.483079140378,-6.842185927155E-17));
#11178 = CARTESIAN_POINT('',(4.682972973577,-1.110223024625E-16));
#11179 = ( GEOMETRIC_REPRESENTATION_CONTEXT(2) 
PARAMETRIC_REPRESENTATION_CONTEXT() REPRESENTATION_CONTEXT('2D SPACE',''
  ) );
#11180 = ORIENTED_EDGE('',*,*,#11029,.F.);
#11181 = ADVANCED_FACE('',(#11182,#11217,#11571),#11077,.F.);
#11182 = FACE_BOUND('',#11183,.F.);
#11183 = EDGE_LOOP('',(#11184,#11185,#11186,#11216));
#11184 = ORIENTED_EDGE('',*,*,#11154,.T.);
#11185 = ORIENTED_EDGE('',*,*,#11061,.T.);
#11186 = ORIENTED_EDGE('',*,*,#11187,.F.);
#11187 = EDGE_CURVE('',#11101,#11062,#11188,.T.);
#11188 = SURFACE_CURVE('',#11189,(#11193,#11209),.PCURVE_S1.);
#11189 = ( BOUNDED_CURVE() B_SPLINE_CURVE(2,(#11190,#11191,#11192),
.UNSPECIFIED.,.F.,.F.) B_SPLINE_CURVE_WITH_KNOTS((3,3),(0.,
1.772419121719),.PIECEWISE_BEZIER_KNOTS.) CURVE() 
GEOMETRIC_REPRESENTATION_ITEM() RATIONAL_B_SPLINE_CURVE((1.,
0.632352941176,1.)) REPRESENTATION_ITEM('') );
#11190 = CARTESIAN_POINT('',(-33.12943946775,-118.73,259.858));
#11191 = CARTESIAN_POINT('',(-59.89,-118.73,292.64172093023));
#11192 = CARTESIAN_POINT('',(-86.65056053224,-118.73,259.858));
#11193 = PCURVE('',#11077,#11194);
#11194 = DEFINITIONAL_REPRESENTATION('',(#11195),#11208);
#11195 = B_SPLINE_CURVE_WITH_KNOTS('',6,(#11196,#11197,#11198,#11199,
    #11200,#11201,#11202,#11203,#11204,#11205,#11206,#11207),
  .UNSPECIFIED.,.F.,.F.,(7,5,7),(0.,0.88620956086,1.772419121719),
  .UNSPECIFIED.);
#11196 = CARTESIAN_POINT('',(7.164802064457,-0.65));
#11197 = CARTESIAN_POINT('',(7.042424524856,-0.65));
#11198 = CARTESIAN_POINT('',(6.911865101708,-0.65));
#11199 = CARTESIAN_POINT('',(6.772099797894,-0.65));
#11200 = CARTESIAN_POINT('',(6.621869962968,-0.65));
#11201 = CARTESIAN_POINT('',(6.459608306744,-0.65));
#11202 = CARTESIAN_POINT('',(6.106762307617,-0.65));
#11203 = CARTESIAN_POINT('',(5.944500651388,-0.65));
#11204 = CARTESIAN_POINT('',(5.794270816472,-0.649999999999));
#11205 = CARTESIAN_POINT('',(5.654505512651,-0.65));
#11206 = CARTESIAN_POINT('',(5.523946089505,-0.65));
#11207 = CARTESIAN_POINT('',(5.401568549902,-0.65));
#11208 = ( GEOMETRIC_REPRESENTATION_CONTEXT(2) 
PARAMETRIC_REPRESENTATION_CONTEXT() REPRESENTATION_CONTEXT('2D SPACE',''
  ) );
#11209 = PCURVE('',#11114,#11210);
#11210 = DEFINITIONAL_REPRESENTATION('',(#11211),#11215);
#11211 = ( BOUNDED_CURVE() B_SPLINE_CURVE(2,(#11212,#11213,#11214),
.UNSPECIFIED.,.F.,.F.) B_SPLINE_CURVE_WITH_KNOTS((3,3),(0.,
1.772419121719),.PIECEWISE_BEZIER_KNOTS.) CURVE() 
GEOMETRIC_REPRESENTATION_ITEM() RATIONAL_B_SPLINE_CURVE((1.,
0.632352941176,1.)) REPRESENTATION_ITEM('') );
#11212 = CARTESIAN_POINT('',(1.7763568394E-15,1.053565375285));
#11213 = CARTESIAN_POINT('',(1.290697674419,-2.22044604925E-16));
#11214 = CARTESIAN_POINT('',(1.7763568394E-15,-1.053565375285));
#11215 = ( GEOMETRIC_REPRESENTATION_CONTEXT(2) 
PARAMETRIC_REPRESENTATION_CONTEXT() REPRESENTATION_CONTEXT('2D SPACE',''
  ) );
#11216 = ORIENTED_EDGE('',*,*,#11125,.T.);
#11217 = FACE_BOUND('',#11218,.F.);
#11218 = EDGE_LOOP('',(#11219));
#11219 = ORIENTED_EDGE('',*,*,#11220,.T.);
#11220 = EDGE_CURVE('',#11221,#11221,#11223,.T.);
#11221 = VERTEX_POINT('',#11222);
#11222 = CARTESIAN_POINT('',(-81.81528905168,-127.358,264.708));
#11223 = SURFACE_CURVE('',#11224,(#11263,#11385),.PCURVE_S1.);
#11224 = B_SPLINE_CURVE_WITH_KNOTS('',7,(#11225,#11226,#11227,#11228,
    #11229,#11230,#11231,#11232,#11233,#11234,#11235,#11236,#11237,
    #11238,#11239,#11240,#11241,#11242,#11243,#11244,#11245,#11246,
    #11247,#11248,#11249,#11250,#11251,#11252,#11253,#11254,#11255,
    #11256,#11257,#11258,#11259,#11260,#11261,#11262),.UNSPECIFIED.,.T.,
  .F.,(8,6,6,6,6,6,8),(0.,0.193723285974,0.393428166216,0.499984986405,
    0.607644509395,0.807349936071,1.),.UNSPECIFIED.);
#11225 = CARTESIAN_POINT('',(-81.81528905168,-127.358,264.708));
#11226 = CARTESIAN_POINT('',(-81.81528905168,-126.6173764985,264.708));
#11227 = CARTESIAN_POINT('',(-82.0030411509,-125.8909314122,
    264.55380229664));
#11228 = CARTESIAN_POINT('',(-82.36552670607,-125.2078701363,
    264.25599575547));
#11229 = CARTESIAN_POINT('',(-82.87307098134,-124.594547066,
    263.82541969274));
#11230 = CARTESIAN_POINT('',(-83.47881964845,-124.0817239547,
    263.27693587556));
#11231 = CARTESIAN_POINT('',(-84.12893870606,-123.7005245298,
    262.64367586143));
#11232 = CARTESIAN_POINT('',(-85.43471354458,-123.2075486089,
    261.28777424069));
#11233 = CARTESIAN_POINT('',(-86.10626966775,-123.0982782796,
    260.54599283156));
#11234 = CARTESIAN_POINT('',(-86.74536800411,-123.1444858342,
    259.78593444902));
#11235 = CARTESIAN_POINT('',(-87.3218547059,-123.3484768776,
    259.04597686218));
#11236 = CARTESIAN_POINT('',(-87.81914739726,-123.7030413791,
    258.36450534311));
#11237 = CARTESIAN_POINT('',(-88.22701241549,-124.1876676308,
    257.77801240192));
#11238 = CARTESIAN_POINT('',(-88.70750804578,-125.082521644,
    257.06468791962));
#11239 = CARTESIAN_POINT('',(-88.84770132519,-125.4218993736,
    256.85115061969));
#11240 = CARTESIAN_POINT('',(-88.96026141246,-125.7847377307,
    256.67607112414));
#11241 = CARTESIAN_POINT('',(-89.04485451019,-126.1657674642,
    256.54256631536));
#11242 = CARTESIAN_POINT('',(-89.10129977451,-126.5591393716,
    256.45283582292));
#11243 = CARTESIAN_POINT('',(-89.12950580977,-126.9586390471,256.408));
#11244 = CARTESIAN_POINT('',(-89.12950580977,-127.761493738,256.408));
#11245 = CARTESIAN_POINT('',(-89.10071294953,-128.1651332618,
    256.4537685611));
#11246 = CARTESIAN_POINT('',(-89.0430920297,-128.5624526824,
    256.54536822086));
#11247 = CARTESIAN_POINT('',(-88.95673861039,-128.9470406134,
    256.6816304384));
#11248 = CARTESIAN_POINT('',(-88.84184195119,-129.3128707204,
    256.8602622292));
#11249 = CARTESIAN_POINT('',(-88.6987525054,-129.6545269123,
    257.07801812676));
#11250 = CARTESIAN_POINT('',(-88.21169841853,-130.5475515615,
    257.80009583456));
#11251 = CARTESIAN_POINT('',(-87.80084933378,-131.0280148232,
    258.38986155644));
#11252 = CARTESIAN_POINT('',(-87.30083295499,-131.3777953135,
    259.07364196515));
#11253 = CARTESIAN_POINT('',(-86.72203246557,-131.5766709785,
    259.8148521992));
#11254 = CARTESIAN_POINT('',(-86.08122673687,-131.6176869499,
    260.57511137353));
#11255 = CARTESIAN_POINT('',(-85.40884559769,-131.5033695984,
    261.3160750567));
#11256 = CARTESIAN_POINT('',(-84.10717435929,-131.0025586834,
    262.66483099644));
#11257 = CARTESIAN_POINT('',(-83.46199436462,-130.6199694916,
    263.29216618213));
#11258 = CARTESIAN_POINT('',(-82.86171667163,-130.1077444595,
    263.83506251653));
#11259 = CARTESIAN_POINT('',(-82.35935192375,-129.4965796141,
    264.26106897342));
#11260 = CARTESIAN_POINT('',(-82.00086353952,-128.8167632352,
    264.55559058054));
#11261 = CARTESIAN_POINT('',(-81.81528905168,-128.0943163605,264.708));
#11262 = CARTESIAN_POINT('',(-81.81528905168,-127.358,264.708));
#11263 = PCURVE('',#11077,#11264);
#11264 = DEFINITIONAL_REPRESENTATION('',(#11265),#11384);
#11265 = B_SPLINE_CURVE_WITH_KNOTS('',8,(#11266,#11267,#11268,#11269,
    #11270,#11271,#11272,#11273,#11274,#11275,#11276,#11277,#11278,
    #11279,#11280,#11281,#11282,#11283,#11284,#11285,#11286,#11287,
    #11288,#11289,#11290,#11291,#11292,#11293,#11294,#11295,#11296,
    #11297,#11298,#11299,#11300,#11301,#11302,#11303,#11304,#11305,
    #11306,#11307,#11308,#11309,#11310,#11311,#11312,#11313,#11314,
    #11315,#11316,#11317,#11318,#11319,#11320,#11321,#11322,#11323,
    #11324,#11325,#11326,#11327,#11328,#11329,#11330,#11331,#11332,
    #11333,#11334,#11335,#11336,#11337,#11338,#11339,#11340,#11341,
    #11342,#11343,#11344,#11345,#11346,#11347,#11348,#11349,#11350,
    #11351,#11352,#11353,#11354,#11355,#11356,#11357,#11358,#11359,
    #11360,#11361,#11362,#11363,#11364,#11365,#11366,#11367,#11368,
    #11369,#11370,#11371,#11372,#11373,#11374,#11375,#11376,#11377,
    #11378,#11379,#11380,#11381,#11382,#11383),.UNSPECIFIED.,.T.,.F.,(9,
    7,7,7,8,8,8,8,8,8,8,8,8,8,8,9),(0.,0.125,0.1796875,0.192504882812,
    0.217739105225,0.315521717072,0.401081502438,0.475946314633,
    0.508699669968,0.570112211222,0.62384818482,0.717886138615,
    0.788414603961,0.801638691213,0.814036273013,1.),.UNSPECIFIED.);
#11266 = CARTESIAN_POINT('',(5.589604016626,-0.31031496063));
#11267 = CARTESIAN_POINT('',(5.589604002155,-0.326777604215));
#11268 = CARTESIAN_POINT('',(5.587519712175,-0.34306603998));
#11269 = CARTESIAN_POINT('',(5.583428279659,-0.358986882742));
#11270 = CARTESIAN_POINT('',(5.577439961103,-0.374357252343));
#11271 = CARTESIAN_POINT('',(5.569699938206,-0.388991333496));
#11272 = CARTESIAN_POINT('',(5.560388517627,-0.402697096948));
#11273 = CARTESIAN_POINT('',(5.549719728831,-0.415283181957));
#11274 = CARTESIAN_POINT('',(5.532783959205,-0.431516536852));
#11275 = CARTESIAN_POINT('',(5.527416654186,-0.436209568364));
#11276 = CARTESIAN_POINT('',(5.521856917004,-0.440640596985));
#11277 = CARTESIAN_POINT('',(5.516126415521,-0.444795741063));
#11278 = CARTESIAN_POINT('',(5.51024793387,-0.44866210607));
#11279 = CARTESIAN_POINT('',(5.504245332913,-0.452228215747));
#11280 = CARTESIAN_POINT('',(5.498143510704,-0.455484443254));
#11281 = CARTESIAN_POINT('',(5.490521067681,-0.459112286282));
#11282 = CARTESIAN_POINT('',(5.489069735608,-0.459783682463));
#11283 = CARTESIAN_POINT('',(5.487614707336,-0.460437556633));
#11284 = CARTESIAN_POINT('',(5.486156323469,-0.461073834568));
#11285 = CARTESIAN_POINT('',(5.484694924615,-0.461692442044));
#11286 = CARTESIAN_POINT('',(5.483230851378,-0.462293304839));
#11287 = CARTESIAN_POINT('',(5.481764444365,-0.462876348728));
#11288 = CARTESIAN_POINT('',(5.477405338932,-0.464554084912));
#11289 = CARTESIAN_POINT('',(5.474508024286,-0.465597108299));
#11290 = CARTESIAN_POINT('',(5.471580569923,-0.466579652337));
#11291 = CARTESIAN_POINT('',(5.468664124259,-0.46748577019));
#11292 = CARTESIAN_POINT('',(5.465716807113,-0.468331799457));
#11293 = CARTESIAN_POINT('',(5.46277478282,-0.469103806008));
#11294 = CARTESIAN_POINT('',(5.459820854587,-0.469808648784));
#11295 = CARTESIAN_POINT('',(5.456863615857,-0.470443206784));
#11296 = CARTESIAN_POINT('',(5.445403631866,-0.472902313177));
#11297 = CARTESIAN_POINT('',(5.433873912596,-0.474314004679));
#11298 = CARTESIAN_POINT('',(5.422372705843,-0.47465281395));
#11299 = CARTESIAN_POINT('',(5.41099355983,-0.473906010075));
#11300 = CARTESIAN_POINT('',(5.399825323205,-0.472073598561));
#11301 = CARTESIAN_POINT('',(5.388952145037,-0.469168321335));
#11302 = CARTESIAN_POINT('',(5.378453474825,-0.46521565675));
#11303 = CARTESIAN_POINT('',(5.368404062488,-0.460253819579));
#11304 = CARTESIAN_POINT('',(5.359610948457,-0.455912364076));
#11305 = CARTESIAN_POINT('',(5.351161845165,-0.450798119378));
#11306 = CARTESIAN_POINT('',(5.343107178839,-0.444937444893));
#11307 = CARTESIAN_POINT('',(5.335494604958,-0.438363877403));
#11308 = CARTESIAN_POINT('',(5.328368679873,-0.431118413049));
#11309 = CARTESIAN_POINT('',(5.321770532428,-0.423249789305));
#11310 = CARTESIAN_POINT('',(5.315737535576,-0.414814766956));
#11311 = CARTESIAN_POINT('',(5.310302978002,-0.405878412079));
#11312 = CARTESIAN_POINT('',(5.305547790399,-0.398059204029));
#11313 = CARTESIAN_POINT('',(5.301250472308,-0.389855890966));
#11314 = CARTESIAN_POINT('',(5.29743141393,-0.381309074504));
#11315 = CARTESIAN_POINT('',(5.294108561394,-0.372462724011));
#11316 = CARTESIAN_POINT('',(5.291297142462,-0.363363672076));
#11317 = CARTESIAN_POINT('',(5.289009392222,-0.354061109979));
#11318 = CARTESIAN_POINT('',(5.287254278797,-0.344606083161));
#11319 = CARTESIAN_POINT('',(5.28603722904,-0.33505098669));
#11320 = CARTESIAN_POINT('',(5.285504761331,-0.330870744371));
#11321 = CARTESIAN_POINT('',(5.285075304363,-0.326671037566));
#11322 = CARTESIAN_POINT('',(5.2847492935,-0.322456618702));
#11323 = CARTESIAN_POINT('',(5.284527043259,-0.31823206187));
#11324 = CARTESIAN_POINT('',(5.284408747303,-0.314001762821));
#11325 = CARTESIAN_POINT('',(5.284394478442,-0.309769938965));
#11326 = CARTESIAN_POINT('',(5.284484188635,-0.305540629373));
#11327 = CARTESIAN_POINT('',(5.28467770899,-0.301317694777));
#11328 = CARTESIAN_POINT('',(5.285040539498,-0.293399943402));
#11329 = CARTESIAN_POINT('',(5.28576857306,-0.285505546393));
#11330 = CARTESIAN_POINT('',(5.286860647282,-0.277664411298));
#11331 = CARTESIAN_POINT('',(5.288314101378,-0.269905669524));
#11332 = CARTESIAN_POINT('',(5.290124776169,-0.26225767633));
#11333 = CARTESIAN_POINT('',(5.292287014087,-0.25474801083));
#11334 = CARTESIAN_POINT('',(5.294793659172,-0.247403475996));
#11335 = CARTESIAN_POINT('',(5.297636057073,-0.240250098653));
#11336 = CARTESIAN_POINT('',(5.300123234655,-0.233990753991));
#11337 = CARTESIAN_POINT('',(5.302867288618,-0.227877862622));
#11338 = CARTESIAN_POINT('',(5.305863807768,-0.221927063359));
#11339 = CARTESIAN_POINT('',(5.309103894149,-0.216157886738));
#11340 = CARTESIAN_POINT('',(5.312582612449,-0.210583074186));
#11341 = CARTESIAN_POINT('',(5.316293282513,-0.205216234696));
#11342 = CARTESIAN_POINT('',(5.320222918419,-0.200077449735));
#11343 = CARTESIAN_POINT('',(5.324364117554,-0.195176437164));
#11344 = CARTESIAN_POINT('',(5.331611070599,-0.186599852208));
#11345 = CARTESIAN_POINT('',(5.339504600222,-0.178753773935));
#11346 = CARTESIAN_POINT('',(5.347992671728,-0.171708742172));
#11347 = CARTESIAN_POINT('',(5.357018076967,-0.165524009585));
#11348 = CARTESIAN_POINT('',(5.366518904855,-0.160247575261));
#11349 = CARTESIAN_POINT('',(5.376429011891,-0.155916218302));
#11350 = CARTESIAN_POINT('',(5.38667849267,-0.15255553141));
#11351 = CARTESIAN_POINT('',(5.397194150407,-0.150179954475));
#11352 = CARTESIAN_POINT('',(5.405080885097,-0.148398288545));
#11353 = CARTESIAN_POINT('',(5.413117178835,-0.147170785935));
#11354 = CARTESIAN_POINT('',(5.421272082909,-0.146503593739));
#11355 = CARTESIAN_POINT('',(5.429513329799,-0.146399428096));
#11356 = CARTESIAN_POINT('',(5.437807333174,-0.14685757419));
#11357 = CARTESIAN_POINT('',(5.446119187895,-0.147873886251));
#11358 = CARTESIAN_POINT('',(5.454412670012,-0.149440787553));
#11359 = CARTESIAN_POINT('',(5.462650236767,-0.151547270417));
#11360 = CARTESIAN_POINT('',(5.464194773673,-0.15194222566));
#11361 = CARTESIAN_POINT('',(5.465737347912,-0.152356162393));
#11362 = CARTESIAN_POINT('',(5.467277707342,-0.152788996414));
#11363 = CARTESIAN_POINT('',(5.468815599822,-0.153240643521));
#11364 = CARTESIAN_POINT('',(5.470350773208,-0.153711019512));
#11365 = CARTESIAN_POINT('',(5.47188297536,-0.154200040185));
#11366 = CARTESIAN_POINT('',(5.473411954135,-0.154707621339));
#11367 = CARTESIAN_POINT('',(5.474937457392,-0.15523367877));
#11368 = CARTESIAN_POINT('',(5.47636779138,-0.155726918367));
#11369 = CARTESIAN_POINT('',(5.477793452214,-0.15623576794));
#11370 = CARTESIAN_POINT('',(5.479222113412,-0.156763142836));
#11371 = CARTESIAN_POINT('',(5.480634461273,-0.15730179606));
#11372 = CARTESIAN_POINT('',(5.482055721252,-0.157860946725));
#11373 = CARTESIAN_POINT('',(5.483471359839,-0.158435683232));
#11374 = CARTESIAN_POINT('',(5.484884706813,-0.159026988222));
#11375 = CARTESIAN_POINT('',(5.486295437241,-0.159634918234));
#11376 = CARTESIAN_POINT('',(5.507455911056,-0.168753332959));
#11377 = CARTESIAN_POINT('',(5.527986537379,-0.181592889729));
#11378 = CARTESIAN_POINT('',(5.546842659952,-0.197923206573));
#11379 = CARTESIAN_POINT('',(5.563108594384,-0.217164395379));
#11380 = CARTESIAN_POINT('',(5.576022992407,-0.238643026488));
#11381 = CARTESIAN_POINT('',(5.584993950413,-0.261725720083));
#11382 = CARTESIAN_POINT('',(5.589603862302,-0.285830364382));
#11383 = CARTESIAN_POINT('',(5.589604016626,-0.31031496063));
#11384 = ( GEOMETRIC_REPRESENTATION_CONTEXT(2) 
PARAMETRIC_REPRESENTATION_CONTEXT() REPRESENTATION_CONTEXT('2D SPACE',''
  ) );
#11385 = PCURVE('',#11386,#11401);
#11386 = ( BOUNDED_SURFACE() B_SPLINE_SURFACE(2,1,(
    (#11387,#11388)
    ,(#11389,#11390)
    ,(#11391,#11392)
    ,(#11393,#11394)
    ,(#11395,#11396)
    ,(#11397,#11398)
    ,(#11399,#11400
)),.UNSPECIFIED.,.T.,.F.,.F.) B_SPLINE_SURFACE_WITH_KNOTS((1,2,2,2,2,1),
  (2,2),(-2.094395102393,0.,2.094395102393,4.188790204786,6.28318530718,
    8.377580409573),(-3.151161646054,-0.848838353946),.UNSPECIFIED.) 
GEOMETRIC_REPRESENTATION_ITEM() RATIONAL_B_SPLINE_SURFACE((
    (1.,1.)
    ,(0.5,0.5)
    ,(1.,1.)
    ,(0.5,0.5)
    ,(1.,1.)
    ,(0.5,0.5)
,(1.,1.))) REPRESENTATION_ITEM('') SURFACE() );
#11387 = CARTESIAN_POINT('',(-30.65049419022,-127.358,264.708));
#11388 = CARTESIAN_POINT('',(-89.12950580977,-127.358,264.708));
#11389 = CARTESIAN_POINT('',(-30.65049419022,-120.1699891485,264.708));
#11390 = CARTESIAN_POINT('',(-89.12950580977,-120.1699891485,264.708));
#11391 = CARTESIAN_POINT('',(-30.65049419022,-123.7639945742,258.483));
#11392 = CARTESIAN_POINT('',(-89.12950580977,-123.7639945742,258.483));
#11393 = CARTESIAN_POINT('',(-30.65049419022,-127.358,252.258));
#11394 = CARTESIAN_POINT('',(-89.12950580977,-127.358,252.258));
#11395 = CARTESIAN_POINT('',(-30.65049419022,-130.9520054257,258.483));
#11396 = CARTESIAN_POINT('',(-89.12950580977,-130.9520054257,258.483));
#11397 = CARTESIAN_POINT('',(-30.65049419022,-134.5460108514,264.708));
#11398 = CARTESIAN_POINT('',(-89.12950580977,-134.5460108514,264.708));
#11399 = CARTESIAN_POINT('',(-30.65049419022,-127.358,264.708));
#11400 = CARTESIAN_POINT('',(-89.12950580977,-127.358,264.708));
#11401 = DEFINITIONAL_REPRESENTATION('',(#11402),#11570);
#11402 = B_SPLINE_CURVE_WITH_KNOTS('',8,(#11403,#11404,#11405,#11406,
    #11407,#11408,#11409,#11410,#11411,#11412,#11413,#11414,#11415,
    #11416,#11417,#11418,#11419,#11420,#11421,#11422,#11423,#11424,
    #11425,#11426,#11427,#11428,#11429,#11430,#11431,#11432,#11433,
    #11434,#11435,#11436,#11437,#11438,#11439,#11440,#11441,#11442,
    #11443,#11444,#11445,#11446,#11447,#11448,#11449,#11450,#11451,
    #11452,#11453,#11454,#11455,#11456,#11457,#11458,#11459,#11460,
    #11461,#11462,#11463,#11464,#11465,#11466,#11467,#11468,#11469,
    #11470,#11471,#11472,#11473,#11474,#11475,#11476,#11477,#11478,
    #11479,#11480,#11481,#11482,#11483,#11484,#11485,#11486,#11487,
    #11488,#11489,#11490,#11491,#11492,#11493,#11494,#11495,#11496,
    #11497,#11498,#11499,#11500,#11501,#11502,#11503,#11504,#11505,
    #11506,#11507,#11508,#11509,#11510,#11511,#11512,#11513,#11514,
    #11515,#11516,#11517,#11518,#11519,#11520,#11521,#11522,#11523,
    #11524,#11525,#11526,#11527,#11528,#11529,#11530,#11531,#11532,
    #11533,#11534,#11535,#11536,#11537,#11538,#11539,#11540,#11541,
    #11542,#11543,#11544,#11545,#11546,#11547,#11548,#11549,#11550,
    #11551,#11552,#11553,#11554,#11555,#11556,#11557,#11558,#11559,
    #11560,#11561,#11562,#11563,#11564,#11565,#11566,#11567,#11568,
    #11569),.UNSPECIFIED.,.F.,.F.,(9,7,7,8,8,8,8,8,8,8,8,8,8,8,8,8,8,8,8
    ,8,8,9),(0.,0.125,0.1796875,0.192504882812,0.205121994019,
    0.304481744766,0.326216690242,0.33148062235,0.334092026169,
    0.375711274533,0.414729319875,0.48788815489,0.51989514521,
    0.579908252059,0.606163986305,0.655393488017,0.666162441516,
    0.749621831137,0.780919102245,0.794611658355,0.807448429708,1.),
  .UNSPECIFIED.);
#11403 = CARTESIAN_POINT('',(0.,-1.136799643634));
#11404 = CARTESIAN_POINT('',(0.121838034963,-1.136799643637));
#11405 = CARTESIAN_POINT('',(0.234287447042,-1.134491468704));
#11406 = CARTESIAN_POINT('',(0.339981266881,-1.129961177878));
#11407 = CARTESIAN_POINT('',(0.440618070275,-1.123351666074));
#11408 = CARTESIAN_POINT('',(0.537459412199,-1.114863528472));
#11409 = CARTESIAN_POINT('',(0.631512120161,-1.104748307589));
#11410 = CARTESIAN_POINT('',(0.723565085437,-1.093296790122));
#11411 = CARTESIAN_POINT('',(0.853925169009,-1.075368744466));
#11412 = CARTESIAN_POINT('',(0.893337270459,-1.069716841339));
#11413 = CARTESIAN_POINT('',(0.932539940068,-1.063896287471));
#11414 = CARTESIAN_POINT('',(0.971579632218,-1.057934514851));
#11415 = CARTESIAN_POINT('',(1.010495810687,-1.051859411247));
#11416 = CARTESIAN_POINT('',(1.049320948653,-1.045699320204));
#11417 = CARTESIAN_POINT('',(1.088080528686,-1.039483041048));
#11418 = CARTESIAN_POINT('',(1.135866127571,-1.031776546178));
#11419 = CARTESIAN_POINT('',(1.144936647463,-1.030311765895));
#11420 = CARTESIAN_POINT('',(1.154004734429,-1.028845857175));
#11421 = CARTESIAN_POINT('',(1.163070520468,-1.027379189164));
#11422 = CARTESIAN_POINT('',(1.172134137578,-1.025912131006));
#11423 = CARTESIAN_POINT('',(1.181195717757,-1.024445051847));
#11424 = CARTESIAN_POINT('',(1.190255393003,-1.022978320832));
#11425 = CARTESIAN_POINT('',(1.199313295314,-1.021512307104));
#11426 = CARTESIAN_POINT('',(1.208230330838,-1.020069082504));
#11427 = CARTESIAN_POINT('',(1.217136928727,-1.018627945969));
#11428 = CARTESIAN_POINT('',(1.226073846141,-1.017182661885));
#11429 = CARTESIAN_POINT('',(1.235012882204,-1.015738151777));
#11430 = CARTESIAN_POINT('',(1.24395912309,-1.014293947855));
#11431 = CARTESIAN_POINT('',(1.252927261573,-1.012848025648));
#11432 = CARTESIAN_POINT('',(1.261901996142,-1.011403212832));
#11433 = CARTESIAN_POINT('',(1.27089251482,-1.009958371336));
#11434 = CARTESIAN_POINT('',(1.341690558068,-0.998580614229));
#11435 = CARTESIAN_POINT('',(1.413336927887,-0.987222211765));
#11436 = CARTESIAN_POINT('',(1.486160803516,-0.976000338218));
#11437 = CARTESIAN_POINT('',(1.560526352135,-0.965018220627));
#11438 = CARTESIAN_POINT('',(1.636837751163,-0.954364878673));
#11439 = CARTESIAN_POINT('',(1.715555140051,-0.944115601313));
#11440 = CARTESIAN_POINT('',(1.797221501573,-0.934333160189));
#11441 = CARTESIAN_POINT('',(1.882500472603,-0.925069759787));
#11442 = CARTESIAN_POINT('',(1.901155245057,-0.923043389555));
#11443 = CARTESIAN_POINT('',(1.919982938095,-0.921041856084));
#11444 = CARTESIAN_POINT('',(1.938990455725,-0.919065703203));
#11445 = CARTESIAN_POINT('',(1.958185033622,-0.917115451629));
#11446 = CARTESIAN_POINT('',(1.977574239129,-0.915191598967));
#11447 = CARTESIAN_POINT('',(1.997165971258,-0.913294619713));
#11448 = CARTESIAN_POINT('',(2.016968460689,-0.91142496525));
#11449 = CARTESIAN_POINT('',(2.036990269769,-0.909583063851));
#11450 = CARTESIAN_POINT('',(2.041839307453,-0.909136978324));
#11451 = CARTESIAN_POINT('',(2.04670120743,-0.908692520934));
#11452 = CARTESIAN_POINT('',(2.051576095595,-0.908249697605));
#11453 = CARTESIAN_POINT('',(2.056464097845,-0.907808514262));
#11454 = CARTESIAN_POINT('',(2.061365340074,-0.907368976829));
#11455 = CARTESIAN_POINT('',(2.066279948178,-0.906931091232));
#11456 = CARTESIAN_POINT('',(2.071208048053,-0.906494863393));
#11457 = CARTESIAN_POINT('',(2.076149765595,-0.906060299239));
#11458 = CARTESIAN_POINT('',(2.078600974814,-0.905844714614));
#11459 = CARTESIAN_POINT('',(2.08105673752,-0.905629539384));
#11460 = CARTESIAN_POINT('',(2.083514924751,-0.905414774248));
#11461 = CARTESIAN_POINT('',(2.08597575416,-0.905200419905));
#11462 = CARTESIAN_POINT('',(2.088440432504,-0.904986477047));
#11463 = CARTESIAN_POINT('',(2.090909798136,-0.904772946362));
#11464 = CARTESIAN_POINT('',(2.093382963505,-0.904559828534));
#11465 = CARTESIAN_POINT('',(2.095855957639,-0.904347124244));
#11466 = CARTESIAN_POINT('',(2.135251637941,-0.900957140679));
#11467 = CARTESIAN_POINT('',(2.173828009992,-0.897672222587));
#11468 = CARTESIAN_POINT('',(2.211645193759,-0.894495083701));
#11469 = CARTESIAN_POINT('',(2.248759156135,-0.891428200285));
#11470 = CARTESIAN_POINT('',(2.285221710939,-0.888473811139));
#11471 = CARTESIAN_POINT('',(2.321080518921,-0.885633917595));
#11472 = CARTESIAN_POINT('',(2.356379087756,-0.882910283521));
#11473 = CARTESIAN_POINT('',(2.391156772047,-0.880304435318));
#11474 = CARTESIAN_POINT('',(2.423761232419,-0.877861453537));
#11475 = CARTESIAN_POINT('',(2.455908461111,-0.875522033258));
#11476 = CARTESIAN_POINT('',(2.487630575239,-0.873287527455));
#11477 = CARTESIAN_POINT('',(2.518966351357,-0.871158576328));
#11478 = CARTESIAN_POINT('',(2.549933205305,-0.869136923688));
#11479 = CARTESIAN_POINT('',(2.580553405145,-0.867223710135));
#11480 = CARTESIAN_POINT('',(2.610871993895,-0.86541835834));
#11481 = CARTESIAN_POINT('',(2.640903898741,-0.863722165822));
#11482 = CARTESIAN_POINT('',(2.697214453511,-0.860541740399));
#11483 = CARTESIAN_POINT('',(2.752528093109,-0.857744382045));
#11484 = CARTESIAN_POINT('',(2.807016966908,-0.855333451247));
#11485 = CARTESIAN_POINT('',(2.860837544705,-0.853311439555));
#11486 = CARTESIAN_POINT('',(2.914133876861,-0.851680093422));
#11487 = CARTESIAN_POINT('',(2.967040854426,-0.85044053804));
#11488 = CARTESIAN_POINT('',(3.01968746927,-0.849593401186));
#11489 = CARTESIAN_POINT('',(3.072200074216,-0.849138937063));
#11490 = CARTESIAN_POINT('',(3.095173874036,-0.848940102595));
#11491 = CARTESIAN_POINT('',(3.118124741246,-0.848816432491));
#11492 = CARTESIAN_POINT('',(3.141054597043,-0.84876791973));
#11493 = CARTESIAN_POINT('',(3.163981177239,-0.848794549653));
#11494 = CARTESIAN_POINT('',(3.186921015782,-0.848896327315));
#11495 = CARTESIAN_POINT('',(3.209882918158,-0.849073274764));
#11496 = CARTESIAN_POINT('',(3.232871924672,-0.849325398214));
#11497 = CARTESIAN_POINT('',(3.255903763614,-0.849652625138));
#11498 = CARTESIAN_POINT('',(3.299087393203,-0.850266202536));
#11499 = CARTESIAN_POINT('',(3.342417821177,-0.851143806562));
#11500 = CARTESIAN_POINT('',(3.38596317713,-0.852285272494));
#11501 = CARTESIAN_POINT('',(3.429795823386,-0.853690151762));
#11502 = CARTESIAN_POINT('',(3.473992355,-0.855357711948));
#11503 = CARTESIAN_POINT('',(3.518633599762,-0.857286936787));
#11504 = CARTESIAN_POINT('',(3.563804618189,-0.859476526167));
#11505 = CARTESIAN_POINT('',(3.609594703534,-0.861924896125));
#11506 = CARTESIAN_POINT('',(3.629628131781,-0.862996047098));
#11507 = CARTESIAN_POINT('',(3.649780454631,-0.864116712507));
#11508 = CARTESIAN_POINT('',(3.670059319302,-0.865286752746));
#11509 = CARTESIAN_POINT('',(3.690472693966,-0.866506009443));
#11510 = CARTESIAN_POINT('',(3.711028867749,-0.867774305458));
#11511 = CARTESIAN_POINT('',(3.73173645073,-0.869091444886));
#11512 = CARTESIAN_POINT('',(3.752604373944,-0.870457213056));
#11513 = CARTESIAN_POINT('',(3.773641889378,-0.87187137653));
#11514 = CARTESIAN_POINT('',(3.813087736293,-0.874523019299));
#11515 = CARTESIAN_POINT('',(3.853125852962,-0.877344355524));
#11516 = CARTESIAN_POINT('',(3.893811218891,-0.880333561266));
#11517 = CARTESIAN_POINT('',(3.935205519194,-0.883488394179));
#11518 = CARTESIAN_POINT('',(3.9773771446,-0.886806193507));
#11519 = CARTESIAN_POINT('',(4.020401191446,-0.890283880083));
#11520 = CARTESIAN_POINT('',(4.064359461682,-0.893917956335));
#11521 = CARTESIAN_POINT('',(4.109340462868,-0.897704506278));
#11522 = CARTESIAN_POINT('',(4.119180130043,-0.898532807081));
#11523 = CARTESIAN_POINT('',(4.129068842688,-0.899368404637));
#11524 = CARTESIAN_POINT('',(4.139007570421,-0.900211254127));
#11525 = CARTESIAN_POINT('',(4.148997282855,-0.901061310734));
#11526 = CARTESIAN_POINT('',(4.159038949608,-0.90191852964));
#11527 = CARTESIAN_POINT('',(4.169133540294,-0.902782866025));
#11528 = CARTESIAN_POINT('',(4.17928202453,-0.903654275072));
#11529 = CARTESIAN_POINT('',(4.189485371932,-0.904532711963));
#11530 = CARTESIAN_POINT('',(4.268510511248,-0.911340588976));
#11531 = CARTESIAN_POINT('',(4.344026509048,-0.918570330157));
#11532 = CARTESIAN_POINT('',(4.416555933039,-0.926199731507));
#11533 = CARTESIAN_POINT('',(4.486537587663,-0.934202073667));
#11534 = CARTESIAN_POINT('',(4.554342093966,-0.942545519554));
#11535 = CARTESIAN_POINT('',(4.620287469461,-0.951192512004));
#11536 = CARTESIAN_POINT('',(4.684654707994,-0.960099171412));
#11537 = CARTESIAN_POINT('',(4.747703359614,-0.96921469337));
#11538 = CARTESIAN_POINT('',(4.771346380664,-0.972633018585));
#11539 = CARTESIAN_POINT('',(4.794803740507,-0.976080719547));
#11540 = CARTESIAN_POINT('',(4.818088761047,-0.979555126266));
#11541 = CARTESIAN_POINT('',(4.841214302109,-0.983053432368));
#11542 = CARTESIAN_POINT('',(4.864192761441,-0.986572695095));
#11543 = CARTESIAN_POINT('',(4.887036074712,-0.990109835305));
#11544 = CARTESIAN_POINT('',(4.909755715511,-0.993661637471));
#11545 = CARTESIAN_POINT('',(4.93236269535,-0.997224749681));
#11546 = CARTESIAN_POINT('',(4.942253236035,-0.998783602152));
#11547 = CARTESIAN_POINT('',(4.95212226466,-1.000344634267));
#11548 = CARTESIAN_POINT('',(4.961970677844,-1.001907552665));
#11549 = CARTESIAN_POINT('',(4.971799372206,-1.003472063986));
#11550 = CARTESIAN_POINT('',(4.981609244367,-1.005037874872));
#11551 = CARTESIAN_POINT('',(4.991401190945,-1.006604691961));
#11552 = CARTESIAN_POINT('',(5.001176108561,-1.008172221894));
#11553 = CARTESIAN_POINT('',(5.010934893835,-1.009740171312));
#11554 = CARTESIAN_POINT('',(5.020083725287,-1.011210110082));
#11555 = CARTESIAN_POINT('',(5.029218362913,-1.012680414332));
#11556 = CARTESIAN_POINT('',(5.03833950034,-1.014150823174));
#11557 = CARTESIAN_POINT('',(5.047447831195,-1.015621075715));
#11558 = CARTESIAN_POINT('',(5.056544049104,-1.017090911066));
#11559 = CARTESIAN_POINT('',(5.065628847696,-1.018560068336));
#11560 = CARTESIAN_POINT('',(5.074702920595,-1.020028286633));
#11561 = CARTESIAN_POINT('',(5.08376696143,-1.021495305069));
#11562 = CARTESIAN_POINT('',(5.219736733785,-1.043502031539));
#11563 = CARTESIAN_POINT('',(5.356208173049,-1.065683308738));
#11564 = CARTESIAN_POINT('',(5.493277529196,-1.086787262975));
#11565 = CARTESIAN_POINT('',(5.632957409485,-1.105521815436));
#11566 = CARTESIAN_POINT('',(5.777403131535,-1.120688815783));
#11567 = CARTESIAN_POINT('',(5.9301620966,-1.131325683615));
#11568 = CARTESIAN_POINT('',(6.095556496257,-1.136799643626));
#11569 = CARTESIAN_POINT('',(6.28318530718,-1.136799643634));
#11570 = ( GEOMETRIC_REPRESENTATION_CONTEXT(2) 
PARAMETRIC_REPRESENTATION_CONTEXT() REPRESENTATION_CONTEXT('2D SPACE',''
  ) );
#11571 = FACE_BOUND('',#11572,.F.);
#11572 = EDGE_LOOP('',(#11573));
#11573 = ORIENTED_EDGE('',*,*,#11574,.F.);
#11574 = EDGE_CURVE('',#11575,#11575,#11577,.T.);
#11575 = VERTEX_POINT('',#11576);
#11576 = CARTESIAN_POINT('',(-37.96471094831,-127.358,264.708));
#11577 = SURFACE_CURVE('',#11578,(#11617,#11739),.PCURVE_S1.);
#11578 = B_SPLINE_CURVE_WITH_KNOTS('',7,(#11579,#11580,#11581,#11582,
    #11583,#11584,#11585,#11586,#11587,#11588,#11589,#11590,#11591,
    #11592,#11593,#11594,#11595,#11596,#11597,#11598,#11599,#11600,
    #11601,#11602,#11603,#11604,#11605,#11606,#11607,#11608,#11609,
    #11610,#11611,#11612,#11613,#11614,#11615,#11616),.UNSPECIFIED.,.T.,
  .F.,(8,6,6,6,6,6,8),(0.,0.193723285976,0.393428166223,0.499984986411,
    0.607644509402,0.807349936074,1.),.UNSPECIFIED.);
#11579 = CARTESIAN_POINT('',(-37.96471094831,-127.358,264.708));
#11580 = CARTESIAN_POINT('',(-37.96471094831,-126.6173764985,264.708));
#11581 = CARTESIAN_POINT('',(-37.77695884909,-125.8909314122,
    264.55380229664));
#11582 = CARTESIAN_POINT('',(-37.41447329392,-125.2078701363,
    264.25599575547));
#11583 = CARTESIAN_POINT('',(-36.90692901865,-124.594547066,
    263.82541969273));
#11584 = CARTESIAN_POINT('',(-36.30118035155,-124.0817239547,
    263.27693587556));
#11585 = CARTESIAN_POINT('',(-35.65106129393,-123.7005245298,
    262.64367586143));
#11586 = CARTESIAN_POINT('',(-34.3452864554,-123.2075486089,
    261.28777424068));
#11587 = CARTESIAN_POINT('',(-33.67373033224,-123.0982782796,
    260.54599283155));
#11588 = CARTESIAN_POINT('',(-33.0346319959,-123.1444858342,
    259.78593444905));
#11589 = CARTESIAN_POINT('',(-32.45814529408,-123.3484768776,
    259.04597686217));
#11590 = CARTESIAN_POINT('',(-31.96085260273,-123.7030413791,
    258.36450534309));
#11591 = CARTESIAN_POINT('',(-31.55298758451,-124.1876676308,
    257.77801240193));
#11592 = CARTESIAN_POINT('',(-31.07249195421,-125.082521644,
    257.06468791962));
#11593 = CARTESIAN_POINT('',(-30.9322986748,-125.4218993736,
    256.85115061969));
#11594 = CARTESIAN_POINT('',(-30.81973858753,-125.7847377307,
    256.67607112414));
#11595 = CARTESIAN_POINT('',(-30.7351454898,-126.1657674642,
    256.54256631536));
#11596 = CARTESIAN_POINT('',(-30.67870022548,-126.5591393716,
    256.45283582292));
#11597 = CARTESIAN_POINT('',(-30.65049419022,-126.9586390471,256.408));
#11598 = CARTESIAN_POINT('',(-30.65049419022,-127.761493738,256.408));
#11599 = CARTESIAN_POINT('',(-30.67928705046,-128.1651332618,
    256.4537685611));
#11600 = CARTESIAN_POINT('',(-30.73690797029,-128.5624526824,
    256.54536822086));
#11601 = CARTESIAN_POINT('',(-30.8232613896,-128.9470406134,
    256.6816304384));
#11602 = CARTESIAN_POINT('',(-30.9381580488,-129.3128707204,
    256.8602622292));
#11603 = CARTESIAN_POINT('',(-31.08124749459,-129.6545269123,
    257.07801812676));
#11604 = CARTESIAN_POINT('',(-31.56830158145,-130.5475515615,
    257.80009583455));
#11605 = CARTESIAN_POINT('',(-31.97915066622,-131.0280148232,
    258.38986155645));
#11606 = CARTESIAN_POINT('',(-32.47916704501,-131.3777953134,
    259.07364196515));
#11607 = CARTESIAN_POINT('',(-33.05796753441,-131.5766709785,
    259.81485219918));
#11608 = CARTESIAN_POINT('',(-33.69877326312,-131.6176869499,
    260.57511137353));
#11609 = CARTESIAN_POINT('',(-34.3711544023,-131.5033695984,
    261.3160750567));
#11610 = CARTESIAN_POINT('',(-35.6728256407,-131.0025586834,
    262.66483099644));
#11611 = CARTESIAN_POINT('',(-36.31800563538,-130.6199694916,
    263.29216618214));
#11612 = CARTESIAN_POINT('',(-36.91828332835,-130.1077444595,
    263.83506251652));
#11613 = CARTESIAN_POINT('',(-37.42064807624,-129.4965796141,
    264.26106897342));
#11614 = CARTESIAN_POINT('',(-37.77913646047,-128.8167632352,
    264.55559058054));
#11615 = CARTESIAN_POINT('',(-37.96471094831,-128.0943163605,264.708));
#11616 = CARTESIAN_POINT('',(-37.96471094831,-127.358,264.708));
#11617 = PCURVE('',#11077,#11618);
#11618 = DEFINITIONAL_REPRESENTATION('',(#11619),#11738);
#11619 = B_SPLINE_CURVE_WITH_KNOTS('',8,(#11620,#11621,#11622,#11623,
    #11624,#11625,#11626,#11627,#11628,#11629,#11630,#11631,#11632,
    #11633,#11634,#11635,#11636,#11637,#11638,#11639,#11640,#11641,
    #11642,#11643,#11644,#11645,#11646,#11647,#11648,#11649,#11650,
    #11651,#11652,#11653,#11654,#11655,#11656,#11657,#11658,#11659,
    #11660,#11661,#11662,#11663,#11664,#11665,#11666,#11667,#11668,
    #11669,#11670,#11671,#11672,#11673,#11674,#11675,#11676,#11677,
    #11678,#11679,#11680,#11681,#11682,#11683,#11684,#11685,#11686,
    #11687,#11688,#11689,#11690,#11691,#11692,#11693,#11694,#11695,
    #11696,#11697,#11698,#11699,#11700,#11701,#11702,#11703,#11704,
    #11705,#11706,#11707,#11708,#11709,#11710,#11711,#11712,#11713,
    #11714,#11715,#11716,#11717,#11718,#11719,#11720,#11721,#11722,
    #11723,#11724,#11725,#11726,#11727,#11728,#11729,#11730,#11731,
    #11732,#11733,#11734,#11735,#11736,#11737),.UNSPECIFIED.,.T.,.F.,(9,
    7,7,7,8,8,8,8,8,8,8,8,8,8,8,9),(0.,0.125,0.1796875,0.192504882812,
    0.217739105225,0.315521717072,0.401081502438,0.475946314633,
    0.508699669968,0.570112211222,0.62384818482,0.717886138615,
    0.788414603961,0.801638691213,0.814036273013,1.),.UNSPECIFIED.);
#11620 = CARTESIAN_POINT('',(6.976766597733,-0.31031496063));
#11621 = CARTESIAN_POINT('',(6.976766612204,-0.326777604215));
#11622 = CARTESIAN_POINT('',(6.978850902184,-0.34306603998));
#11623 = CARTESIAN_POINT('',(6.982942334698,-0.358986882742));
#11624 = CARTESIAN_POINT('',(6.988930653253,-0.374357252342));
#11625 = CARTESIAN_POINT('',(6.996670676153,-0.388991333495));
#11626 = CARTESIAN_POINT('',(7.005982096734,-0.402697096947));
#11627 = CARTESIAN_POINT('',(7.016650885526,-0.415283181956));
#11628 = CARTESIAN_POINT('',(7.033586655153,-0.431516536851));
#11629 = CARTESIAN_POINT('',(7.038953960172,-0.436209568363));
#11630 = CARTESIAN_POINT('',(7.044513697354,-0.440640596984));
#11631 = CARTESIAN_POINT('',(7.050244198837,-0.444795741062));
#11632 = CARTESIAN_POINT('',(7.056122680488,-0.448662106069));
#11633 = CARTESIAN_POINT('',(7.062125281445,-0.452228215746));
#11634 = CARTESIAN_POINT('',(7.068227103654,-0.455484443253));
#11635 = CARTESIAN_POINT('',(7.075849546677,-0.459112286281));
#11636 = CARTESIAN_POINT('',(7.077300878749,-0.459783682463));
#11637 = CARTESIAN_POINT('',(7.078755907022,-0.460437556633));
#11638 = CARTESIAN_POINT('',(7.080214290888,-0.461073834567));
#11639 = CARTESIAN_POINT('',(7.081675689743,-0.461692442044));
#11640 = CARTESIAN_POINT('',(7.083139762979,-0.462293304838));
#11641 = CARTESIAN_POINT('',(7.084606169992,-0.462876348727));
#11642 = CARTESIAN_POINT('',(7.08896527531,-0.464554084907));
#11643 = CARTESIAN_POINT('',(7.091862590169,-0.465597108338));
#11644 = CARTESIAN_POINT('',(7.094790043018,-0.466579652315));
#11645 = CARTESIAN_POINT('',(7.097706487577,-0.467485770412));
#11646 = CARTESIAN_POINT('',(7.100653805304,-0.46833179942));
#11647 = CARTESIAN_POINT('',(7.103595832043,-0.469103806046));
#11648 = CARTESIAN_POINT('',(7.106549759708,-0.469808648779));
#11649 = CARTESIAN_POINT('',(7.1095069985,-0.470443206784));
#11650 = CARTESIAN_POINT('',(7.12096698249,-0.472902313177));
#11651 = CARTESIAN_POINT('',(7.13249670176,-0.474314004679));
#11652 = CARTESIAN_POINT('',(7.143997908513,-0.47465281395));
#11653 = CARTESIAN_POINT('',(7.155377054525,-0.473906010075));
#11654 = CARTESIAN_POINT('',(7.166545291151,-0.472073598561));
#11655 = CARTESIAN_POINT('',(7.177418469318,-0.469168321336));
#11656 = CARTESIAN_POINT('',(7.187917139531,-0.465215656752));
#11657 = CARTESIAN_POINT('',(7.197966551867,-0.460253819581));
#11658 = CARTESIAN_POINT('',(7.206759665899,-0.455912364078));
#11659 = CARTESIAN_POINT('',(7.215208769191,-0.450798119381));
#11660 = CARTESIAN_POINT('',(7.223263435517,-0.444937444896));
#11661 = CARTESIAN_POINT('',(7.230876009398,-0.438363877406));
#11662 = CARTESIAN_POINT('',(7.238001934483,-0.431118413053));
#11663 = CARTESIAN_POINT('',(7.244600081928,-0.423249789309));
#11664 = CARTESIAN_POINT('',(7.25063307878,-0.414814766961));
#11665 = CARTESIAN_POINT('',(7.256067636354,-0.405878412084));
#11666 = CARTESIAN_POINT('',(7.260822823957,-0.398059204035));
#11667 = CARTESIAN_POINT('',(7.265120142048,-0.389855890972));
#11668 = CARTESIAN_POINT('',(7.268939200427,-0.38130907451));
#11669 = CARTESIAN_POINT('',(7.272262052962,-0.372462724017));
#11670 = CARTESIAN_POINT('',(7.275073471895,-0.363363672082));
#11671 = CARTESIAN_POINT('',(7.277361222136,-0.354061109985));
#11672 = CARTESIAN_POINT('',(7.279116335561,-0.344606083168));
#11673 = CARTESIAN_POINT('',(7.280333385319,-0.335050986696));
#11674 = CARTESIAN_POINT('',(7.280865853027,-0.330870744378));
#11675 = CARTESIAN_POINT('',(7.281295309996,-0.326671037572));
#11676 = CARTESIAN_POINT('',(7.281621320858,-0.322456618709));
#11677 = CARTESIAN_POINT('',(7.281843571099,-0.318232061877));
#11678 = CARTESIAN_POINT('',(7.281961867056,-0.314001762828));
#11679 = CARTESIAN_POINT('',(7.281976135918,-0.309769938971));
#11680 = CARTESIAN_POINT('',(7.281886425724,-0.30554062938));
#11681 = CARTESIAN_POINT('',(7.28169290537,-0.301317694784));
#11682 = CARTESIAN_POINT('',(7.281330074862,-0.293399943409));
#11683 = CARTESIAN_POINT('',(7.2806020413,-0.285505546399));
#11684 = CARTESIAN_POINT('',(7.279509967078,-0.277664411305));
#11685 = CARTESIAN_POINT('',(7.278056512983,-0.269905669531));
#11686 = CARTESIAN_POINT('',(7.276245838192,-0.262257676336));
#11687 = CARTESIAN_POINT('',(7.274083600274,-0.254748010836));
#11688 = CARTESIAN_POINT('',(7.271576955189,-0.247403476002));
#11689 = CARTESIAN_POINT('',(7.268734557289,-0.240250098659));
#11690 = CARTESIAN_POINT('',(7.266247379685,-0.233990753997));
#11691 = CARTESIAN_POINT('',(7.263503325857,-0.227877862626));
#11692 = CARTESIAN_POINT('',(7.260506806466,-0.221927063364));
#11693 = CARTESIAN_POINT('',(7.257266720124,-0.216157886742));
#11694 = CARTESIAN_POINT('',(7.253788001981,-0.210583074191));
#11695 = CARTESIAN_POINT('',(7.25007733184,-0.205216234702));
#11696 = CARTESIAN_POINT('',(7.246147695973,-0.200077449739));
#11697 = CARTESIAN_POINT('',(7.242006496809,-0.195176437169));
#11698 = CARTESIAN_POINT('',(7.234759543764,-0.186599852212));
#11699 = CARTESIAN_POINT('',(7.226866014141,-0.178753773939));
#11700 = CARTESIAN_POINT('',(7.218377942636,-0.171708742175));
#11701 = CARTESIAN_POINT('',(7.209352537397,-0.165524009587));
#11702 = CARTESIAN_POINT('',(7.199851709509,-0.160247575263));
#11703 = CARTESIAN_POINT('',(7.189941602474,-0.155916218304));
#11704 = CARTESIAN_POINT('',(7.179692121694,-0.152555531411));
#11705 = CARTESIAN_POINT('',(7.169176463956,-0.150179954476));
#11706 = CARTESIAN_POINT('',(7.161289729267,-0.148398288546));
#11707 = CARTESIAN_POINT('',(7.153253435529,-0.147170785936));
#11708 = CARTESIAN_POINT('',(7.145098531454,-0.146503593739));
#11709 = CARTESIAN_POINT('',(7.136857284564,-0.146399428096));
#11710 = CARTESIAN_POINT('',(7.128563281189,-0.14685757419));
#11711 = CARTESIAN_POINT('',(7.120251426468,-0.147873886251));
#11712 = CARTESIAN_POINT('',(7.111957944351,-0.149440787553));
#11713 = CARTESIAN_POINT('',(7.103720377596,-0.151547270416));
#11714 = CARTESIAN_POINT('',(7.10217584069,-0.151942225659));
#11715 = CARTESIAN_POINT('',(7.10063326645,-0.152356162392));
#11716 = CARTESIAN_POINT('',(7.09909290702,-0.152788996413));
#11717 = CARTESIAN_POINT('',(7.097555014541,-0.15324064352));
#11718 = CARTESIAN_POINT('',(7.096019841154,-0.153711019511));
#11719 = CARTESIAN_POINT('',(7.094487639003,-0.154200040184));
#11720 = CARTESIAN_POINT('',(7.092958660228,-0.154707621338));
#11721 = CARTESIAN_POINT('',(7.091433156971,-0.155233678769));
#11722 = CARTESIAN_POINT('',(7.09000282305,-0.155726918362));
#11723 = CARTESIAN_POINT('',(7.0885771623,-0.156235767945));
#11724 = CARTESIAN_POINT('',(7.087148501596,-0.156763142773));
#11725 = CARTESIAN_POINT('',(7.085736150038,-0.157301796087));
#11726 = CARTESIAN_POINT('',(7.08431489364,-0.157860946676));
#11727 = CARTESIAN_POINT('',(7.082899254601,-0.158435683249));
#11728 = CARTESIAN_POINT('',(7.081485907551,-0.159026988217));
#11729 = CARTESIAN_POINT('',(7.080075177121,-0.159634918232));
#11730 = CARTESIAN_POINT('',(7.058914703304,-0.168753332957));
#11731 = CARTESIAN_POINT('',(7.038384076986,-0.181592889728));
#11732 = CARTESIAN_POINT('',(7.019527954409,-0.197923206571));
#11733 = CARTESIAN_POINT('',(7.00326201997,-0.217164395377));
#11734 = CARTESIAN_POINT('',(6.990347621948,-0.238643026487));
#11735 = CARTESIAN_POINT('',(6.981376663947,-0.261725720083));
#11736 = CARTESIAN_POINT('',(6.976766752057,-0.285830364382));
#11737 = CARTESIAN_POINT('',(6.976766597733,-0.31031496063));
#11738 = ( GEOMETRIC_REPRESENTATION_CONTEXT(2) 
PARAMETRIC_REPRESENTATION_CONTEXT() REPRESENTATION_CONTEXT('2D SPACE',''
  ) );
#11739 = PCURVE('',#11386,#11740);
#11740 = DEFINITIONAL_REPRESENTATION('',(#11741),#11909);
#11741 = B_SPLINE_CURVE_WITH_KNOTS('',8,(#11742,#11743,#11744,#11745,
    #11746,#11747,#11748,#11749,#11750,#11751,#11752,#11753,#11754,
    #11755,#11756,#11757,#11758,#11759,#11760,#11761,#11762,#11763,
    #11764,#11765,#11766,#11767,#11768,#11769,#11770,#11771,#11772,
    #11773,#11774,#11775,#11776,#11777,#11778,#11779,#11780,#11781,
    #11782,#11783,#11784,#11785,#11786,#11787,#11788,#11789,#11790,
    #11791,#11792,#11793,#11794,#11795,#11796,#11797,#11798,#11799,
    #11800,#11801,#11802,#11803,#11804,#11805,#11806,#11807,#11808,
    #11809,#11810,#11811,#11812,#11813,#11814,#11815,#11816,#11817,
    #11818,#11819,#11820,#11821,#11822,#11823,#11824,#11825,#11826,
    #11827,#11828,#11829,#11830,#11831,#11832,#11833,#11834,#11835,
    #11836,#11837,#11838,#11839,#11840,#11841,#11842,#11843,#11844,
    #11845,#11846,#11847,#11848,#11849,#11850,#11851,#11852,#11853,
    #11854,#11855,#11856,#11857,#11858,#11859,#11860,#11861,#11862,
    #11863,#11864,#11865,#11866,#11867,#11868,#11869,#11870,#11871,
    #11872,#11873,#11874,#11875,#11876,#11877,#11878,#11879,#11880,
    #11881,#11882,#11883,#11884,#11885,#11886,#11887,#11888,#11889,
    #11890,#11891,#11892,#11893,#11894,#11895,#11896,#11897,#11898,
    #11899,#11900,#11901,#11902,#11903,#11904,#11905,#11906,#11907,
    #11908),.UNSPECIFIED.,.F.,.F.,(9,7,7,8,8,8,8,8,8,8,8,8,8,8,8,8,8,8,8
    ,8,8,9),(0.,0.125,0.1796875,0.192504882812,0.205121994019,
    0.304481744766,0.326216690242,0.33148062235,0.334092026169,
    0.375711274533,0.414729319875,0.48788815489,0.51989514521,
    0.579908252059,0.606163986305,0.655393488017,0.666162441516,
    0.749621831137,0.780919102245,0.794611658355,0.807448429708,1.),
  .UNSPECIFIED.);
#11742 = CARTESIAN_POINT('',(0.,-2.863200356366));
#11743 = CARTESIAN_POINT('',(0.121838034962,-2.863200356368));
#11744 = CARTESIAN_POINT('',(0.234287447043,-2.865508531278));
#11745 = CARTESIAN_POINT('',(0.339981266873,-2.870038822121));
#11746 = CARTESIAN_POINT('',(0.440618070268,-2.876648333895));
#11747 = CARTESIAN_POINT('',(0.537459412193,-2.885136471486));
#11748 = CARTESIAN_POINT('',(0.631512120149,-2.895251692424));
#11749 = CARTESIAN_POINT('',(0.723565085431,-2.906703209883));
#11750 = CARTESIAN_POINT('',(0.853925169002,-2.924631255533));
#11751 = CARTESIAN_POINT('',(0.893337270451,-2.93028315866));
#11752 = CARTESIAN_POINT('',(0.932539940059,-2.936103712528));
#11753 = CARTESIAN_POINT('',(0.971579632209,-2.942065485147));
#11754 = CARTESIAN_POINT('',(1.010495810679,-2.948140588752));
#11755 = CARTESIAN_POINT('',(1.049320948644,-2.954300679794));
#11756 = CARTESIAN_POINT('',(1.088080528676,-2.960516958951));
#11757 = CARTESIAN_POINT('',(1.135866127561,-2.96822345382));
#11758 = CARTESIAN_POINT('',(1.144936647453,-2.969688234104));
#11759 = CARTESIAN_POINT('',(1.154004734419,-2.971154142823));
#11760 = CARTESIAN_POINT('',(1.163070520458,-2.972620810835));
#11761 = CARTESIAN_POINT('',(1.172134137568,-2.974087868992));
#11762 = CARTESIAN_POINT('',(1.181195717746,-2.975554948151));
#11763 = CARTESIAN_POINT('',(1.190255392992,-2.977021679167));
#11764 = CARTESIAN_POINT('',(1.199313295303,-2.978487692894));
#11765 = CARTESIAN_POINT('',(1.208230330824,-2.979930917494));
#11766 = CARTESIAN_POINT('',(1.21713692873,-2.981372054063));
#11767 = CARTESIAN_POINT('',(1.226073846126,-2.982817338065));
#11768 = CARTESIAN_POINT('',(1.235012882202,-2.984261848211));
#11769 = CARTESIAN_POINT('',(1.243959123096,-2.985706052181));
#11770 = CARTESIAN_POINT('',(1.25292726155,-2.987151974324));
#11771 = CARTESIAN_POINT('',(1.26190199613,-2.98859678718));
#11772 = CARTESIAN_POINT('',(1.270892514809,-2.990041628662));
#11773 = CARTESIAN_POINT('',(1.341690558055,-3.001419385769));
#11774 = CARTESIAN_POINT('',(1.41333692787,-3.012777788232));
#11775 = CARTESIAN_POINT('',(1.486160803498,-3.023999661779));
#11776 = CARTESIAN_POINT('',(1.560526352115,-3.034981779369));
#11777 = CARTESIAN_POINT('',(1.636837751138,-3.045635121324));
#11778 = CARTESIAN_POINT('',(1.715555140023,-3.055884398684));
#11779 = CARTESIAN_POINT('',(1.797221501546,-3.065666839808));
#11780 = CARTESIAN_POINT('',(1.882500472574,-3.074930240209));
#11781 = CARTESIAN_POINT('',(1.901155245027,-3.076956610442));
#11782 = CARTESIAN_POINT('',(1.919982938065,-3.078958143913));
#11783 = CARTESIAN_POINT('',(1.938990455694,-3.080934296794));
#11784 = CARTESIAN_POINT('',(1.95818503359,-3.082884548368));
#11785 = CARTESIAN_POINT('',(1.977574239097,-3.08480840103));
#11786 = CARTESIAN_POINT('',(1.997165971225,-3.086705380284));
#11787 = CARTESIAN_POINT('',(2.016968460655,-3.088575034747));
#11788 = CARTESIAN_POINT('',(2.036990269734,-3.090416936146));
#11789 = CARTESIAN_POINT('',(2.041839307418,-3.090863021672));
#11790 = CARTESIAN_POINT('',(2.046701207395,-3.091307479063));
#11791 = CARTESIAN_POINT('',(2.05157609556,-3.091750302391));
#11792 = CARTESIAN_POINT('',(2.056464097809,-3.092191485735));
#11793 = CARTESIAN_POINT('',(2.061365340038,-3.092631023167));
#11794 = CARTESIAN_POINT('',(2.066279948142,-3.093068908765));
#11795 = CARTESIAN_POINT('',(2.071208048017,-3.093505136603));
#11796 = CARTESIAN_POINT('',(2.076149765559,-3.093939700757));
#11797 = CARTESIAN_POINT('',(2.078600974778,-3.094155285383));
#11798 = CARTESIAN_POINT('',(2.081056737484,-3.094370460613));
#11799 = CARTESIAN_POINT('',(2.083514924715,-3.094585225749));
#11800 = CARTESIAN_POINT('',(2.085975754124,-3.094799580092));
#11801 = CARTESIAN_POINT('',(2.088440432467,-3.095013522951));
#11802 = CARTESIAN_POINT('',(2.0909097981,-3.095227053635));
#11803 = CARTESIAN_POINT('',(2.093382963468,-3.095440171462));
#11804 = CARTESIAN_POINT('',(2.095855957603,-3.095652875753));
#11805 = CARTESIAN_POINT('',(2.135251637904,-3.099042859318));
#11806 = CARTESIAN_POINT('',(2.173828009955,-3.102327777409));
#11807 = CARTESIAN_POINT('',(2.211645193721,-3.105504916296));
#11808 = CARTESIAN_POINT('',(2.248759156097,-3.108571799712));
#11809 = CARTESIAN_POINT('',(2.285221710901,-3.111526188858));
#11810 = CARTESIAN_POINT('',(2.321080518882,-3.114366082402));
#11811 = CARTESIAN_POINT('',(2.356379087717,-3.117089716476));
#11812 = CARTESIAN_POINT('',(2.391156772007,-3.119695564679));
#11813 = CARTESIAN_POINT('',(2.423761232379,-3.12213854646));
#11814 = CARTESIAN_POINT('',(2.455908461061,-3.124477966748));
#11815 = CARTESIAN_POINT('',(2.487630575195,-3.126712472531));
#11816 = CARTESIAN_POINT('',(2.518966351319,-3.128841423695));
#11817 = CARTESIAN_POINT('',(2.54993320526,-3.130863076353));
#11818 = CARTESIAN_POINT('',(2.580553405091,-3.13277628986));
#11819 = CARTESIAN_POINT('',(2.610871993858,-3.134581641667));
#11820 = CARTESIAN_POINT('',(2.640903898702,-3.136277834176));
#11821 = CARTESIAN_POINT('',(2.697214453473,-3.139458259599));
#11822 = CARTESIAN_POINT('',(2.752528093072,-3.142255617954));
#11823 = CARTESIAN_POINT('',(2.80701696687,-3.144666548752));
#11824 = CARTESIAN_POINT('',(2.860837544668,-3.146688560444));
#11825 = CARTESIAN_POINT('',(2.914133876825,-3.148319906578));
#11826 = CARTESIAN_POINT('',(2.96704085439,-3.14955946196));
#11827 = CARTESIAN_POINT('',(3.019687469234,-3.150406598813));
#11828 = CARTESIAN_POINT('',(3.072200074181,-3.150861062937));
#11829 = CARTESIAN_POINT('',(3.095173874,-3.151059897404));
#11830 = CARTESIAN_POINT('',(3.118124741209,-3.151183567511));
#11831 = CARTESIAN_POINT('',(3.141054597005,-3.151232080267));
#11832 = CARTESIAN_POINT('',(3.163981177201,-3.151205450342));
#11833 = CARTESIAN_POINT('',(3.186921015745,-3.151103672683));
#11834 = CARTESIAN_POINT('',(3.209882918122,-3.150926725239));
#11835 = CARTESIAN_POINT('',(3.232871924636,-3.150674601785));
#11836 = CARTESIAN_POINT('',(3.255903763577,-3.150347374862));
#11837 = CARTESIAN_POINT('',(3.299087393165,-3.149733797465));
#11838 = CARTESIAN_POINT('',(3.34241782114,-3.148856193439));
#11839 = CARTESIAN_POINT('',(3.385963177092,-3.147714727507));
#11840 = CARTESIAN_POINT('',(3.429795823347,-3.146309848239));
#11841 = CARTESIAN_POINT('',(3.473992354962,-3.144642288053));
#11842 = CARTESIAN_POINT('',(3.518633599722,-3.142713063214));
#11843 = CARTESIAN_POINT('',(3.563804618149,-3.140523473835));
#11844 = CARTESIAN_POINT('',(3.609594703493,-3.138075103878));
#11845 = CARTESIAN_POINT('',(3.62962813174,-3.137003952905));
#11846 = CARTESIAN_POINT('',(3.649780454589,-3.135883287495));
#11847 = CARTESIAN_POINT('',(3.670059319259,-3.134713247256));
#11848 = CARTESIAN_POINT('',(3.690472693923,-3.13349399056));
#11849 = CARTESIAN_POINT('',(3.711028867706,-3.132225694545));
#11850 = CARTESIAN_POINT('',(3.731736450687,-3.130908555117));
#11851 = CARTESIAN_POINT('',(3.752604373901,-3.129542786947));
#11852 = CARTESIAN_POINT('',(3.773641889333,-3.128128623473));
#11853 = CARTESIAN_POINT('',(3.813087736248,-3.125476980704));
#11854 = CARTESIAN_POINT('',(3.853125852917,-3.12265564448));
#11855 = CARTESIAN_POINT('',(3.893811218845,-3.119666438737));
#11856 = CARTESIAN_POINT('',(3.935205519149,-3.116511605824));
#11857 = CARTESIAN_POINT('',(3.977377144555,-3.113193806497));
#11858 = CARTESIAN_POINT('',(4.020401191402,-3.10971611992));
#11859 = CARTESIAN_POINT('',(4.064359461638,-3.106082043669));
#11860 = CARTESIAN_POINT('',(4.109340462824,-3.102295493725));
#11861 = CARTESIAN_POINT('',(4.119180129999,-3.101467192923));
#11862 = CARTESIAN_POINT('',(4.129068842644,-3.100631595367));
#11863 = CARTESIAN_POINT('',(4.139007570377,-3.099788745877));
#11864 = CARTESIAN_POINT('',(4.148997282811,-3.09893868927));
#11865 = CARTESIAN_POINT('',(4.159038949564,-3.098081470364));
#11866 = CARTESIAN_POINT('',(4.16913354025,-3.097217133979));
#11867 = CARTESIAN_POINT('',(4.179282024486,-3.096345724932));
#11868 = CARTESIAN_POINT('',(4.189485371888,-3.095467288041));
#11869 = CARTESIAN_POINT('',(4.268510511207,-3.088659411028));
#11870 = CARTESIAN_POINT('',(4.34402650901,-3.081429669847));
#11871 = CARTESIAN_POINT('',(4.416555933003,-3.073800268497));
#11872 = CARTESIAN_POINT('',(4.486537587629,-3.065797926337));
#11873 = CARTESIAN_POINT('',(4.554342093933,-3.05745448045));
#11874 = CARTESIAN_POINT('',(4.62028746943,-3.048807488));
#11875 = CARTESIAN_POINT('',(4.684654707965,-3.039900828592));
#11876 = CARTESIAN_POINT('',(4.747703359587,-3.030785306634));
#11877 = CARTESIAN_POINT('',(4.771346380638,-3.027366981419));
#11878 = CARTESIAN_POINT('',(4.794803740481,-3.023919280457));
#11879 = CARTESIAN_POINT('',(4.818088761021,-3.020444873738));
#11880 = CARTESIAN_POINT('',(4.841214302084,-3.016946567636));
#11881 = CARTESIAN_POINT('',(4.864192761417,-3.013427304908));
#11882 = CARTESIAN_POINT('',(4.887036074688,-3.009890164698));
#11883 = CARTESIAN_POINT('',(4.909755715488,-3.006338362532));
#11884 = CARTESIAN_POINT('',(4.932362695327,-3.002775250323));
#11885 = CARTESIAN_POINT('',(4.942253236013,-3.001216397851));
#11886 = CARTESIAN_POINT('',(4.952122264638,-2.999655365737));
#11887 = CARTESIAN_POINT('',(4.961970677822,-2.998092447339));
#11888 = CARTESIAN_POINT('',(4.971799372185,-2.996527936017));
#11889 = CARTESIAN_POINT('',(4.981609244345,-2.994962125132));
#11890 = CARTESIAN_POINT('',(4.991401190924,-2.993395308043));
#11891 = CARTESIAN_POINT('',(5.00117610854,-2.991827778109));
#11892 = CARTESIAN_POINT('',(5.010934893814,-2.990259828691));
#11893 = CARTESIAN_POINT('',(5.020083725266,-2.988789889922));
#11894 = CARTESIAN_POINT('',(5.029218362892,-2.987319585671));
#11895 = CARTESIAN_POINT('',(5.03833950032,-2.985849176829));
#11896 = CARTESIAN_POINT('',(5.047447831175,-2.984378924288));
#11897 = CARTESIAN_POINT('',(5.056544049084,-2.982909088937));
#11898 = CARTESIAN_POINT('',(5.065628847676,-2.981439931668));
#11899 = CARTESIAN_POINT('',(5.074702920575,-2.97997171337));
#11900 = CARTESIAN_POINT('',(5.083766961411,-2.978504694934));
#11901 = CARTESIAN_POINT('',(5.219736733645,-2.956497968471));
#11902 = CARTESIAN_POINT('',(5.356208173747,-2.934316691222));
#11903 = CARTESIAN_POINT('',(5.493277527799,-2.913212737345));
#11904 = CARTESIAN_POINT('',(5.632957410882,-2.894478183531));
#11905 = CARTESIAN_POINT('',(5.777403130312,-2.879311184501));
#11906 = CARTESIAN_POINT('',(5.930162096731,-2.868674316444));
#11907 = CARTESIAN_POINT('',(6.09555649617,-2.863200356376));
#11908 = CARTESIAN_POINT('',(6.28318530718,-2.863200356366));
#11909 = ( GEOMETRIC_REPRESENTATION_CONTEXT(2) 
PARAMETRIC_REPRESENTATION_CONTEXT() REPRESENTATION_CONTEXT('2D SPACE',''
  ) );
#11910 = ADVANCED_FACE('',(#11911),#11114,.T.);
#11911 = FACE_BOUND('',#11912,.T.);
#11912 = EDGE_LOOP('',(#11913,#11914));
#11913 = ORIENTED_EDGE('',*,*,#11100,.F.);
#11914 = ORIENTED_EDGE('',*,*,#11187,.F.);
#11915 = ADVANCED_FACE('',(#11916),#11386,.F.);
#11916 = FACE_BOUND('',#11917,.F.);
#11917 = EDGE_LOOP('',(#11918,#11919,#11939,#11940));
#11918 = ORIENTED_EDGE('',*,*,#11220,.F.);
#11919 = ORIENTED_EDGE('',*,*,#11920,.T.);
#11920 = EDGE_CURVE('',#11221,#11575,#11921,.T.);
#11921 = SEAM_CURVE('',#11922,(#11925,#11932),.PCURVE_S1.);
#11922 = B_SPLINE_CURVE_WITH_KNOTS('',1,(#11923,#11924),.UNSPECIFIED.,
  .F.,.F.,(2,2),(1.136799643634,2.863200356366),
  .PIECEWISE_BEZIER_KNOTS.);
#11923 = CARTESIAN_POINT('',(-81.81528905168,-127.358,264.708));
#11924 = CARTESIAN_POINT('',(-37.96471094831,-127.358,264.708));
#11925 = PCURVE('',#11386,#11926);
#11926 = DEFINITIONAL_REPRESENTATION('',(#11927),#11931);
#11927 = B_SPLINE_CURVE_WITH_KNOTS('',2,(#11928,#11929,#11930),
  .UNSPECIFIED.,.F.,.F.,(3,3),(1.136799643634,2.863200356366),
  .PIECEWISE_BEZIER_KNOTS.);
#11928 = CARTESIAN_POINT('',(6.28318530718,-1.136799643634));
#11929 = CARTESIAN_POINT('',(6.28318530718,-2.));
#11930 = CARTESIAN_POINT('',(6.28318530718,-2.863200356366));
#11931 = ( GEOMETRIC_REPRESENTATION_CONTEXT(2) 
PARAMETRIC_REPRESENTATION_CONTEXT() REPRESENTATION_CONTEXT('2D SPACE',''
  ) );
#11932 = PCURVE('',#11386,#11933);
#11933 = DEFINITIONAL_REPRESENTATION('',(#11934),#11938);
#11934 = B_SPLINE_CURVE_WITH_KNOTS('',2,(#11935,#11936,#11937),
  .UNSPECIFIED.,.F.,.F.,(3,3),(1.136799643634,2.863200356366),
  .PIECEWISE_BEZIER_KNOTS.);
#11935 = CARTESIAN_POINT('',(0.,-1.136799643634));
#11936 = CARTESIAN_POINT('',(8.881784197001E-16,-2.));
#11937 = CARTESIAN_POINT('',(0.,-2.863200356366));
#11938 = ( GEOMETRIC_REPRESENTATION_CONTEXT(2) 
PARAMETRIC_REPRESENTATION_CONTEXT() REPRESENTATION_CONTEXT('2D SPACE',''
  ) );
#11939 = ORIENTED_EDGE('',*,*,#11574,.T.);
#11940 = ORIENTED_EDGE('',*,*,#11920,.F.);
#11941 = ( GEOMETRIC_REPRESENTATION_CONTEXT(3) 
GLOBAL_UNCERTAINTY_ASSIGNED_CONTEXT((#11945)) 
GLOBAL_UNIT_ASSIGNED_CONTEXT((#11942,#11943,#11944)) 
REPRESENTATION_CONTEXT('Context #1',
  '3D Context with UNIT and UNCERTAINTY') );
#11942 = ( LENGTH_UNIT() NAMED_UNIT(*) SI_UNIT(.MILLI.,.METRE.) );
#11943 = ( NAMED_UNIT(*) PLANE_ANGLE_UNIT() SI_UNIT($,.RADIAN.) );
#11944 = ( NAMED_UNIT(*) SI_UNIT($,.STERADIAN.) SOLID_ANGLE_UNIT() );
#11945 = UNCERTAINTY_MEASURE_WITH_UNIT(LENGTH_MEASURE(2.E-06),#11942,
  'distance_accuracy_value','confusion accuracy');
#11946 = CONTEXT_DEPENDENT_SHAPE_REPRESENTATION(#11947,#11949);
#11947 = ( REPRESENTATION_RELATIONSHIP('','',#11022,#10) 
REPRESENTATION_RELATIONSHIP_WITH_TRANSFORMATION(#11948) 
SHAPE_REPRESENTATION_RELATIONSHIP() );
#11948 = ITEM_DEFINED_TRANSFORMATION('','',#11,#59);
#11949 = PRODUCT_DEFINITION_SHAPE('Placement','Placement of an item',
  #11950);
#11950 = NEXT_ASSEMBLY_USAGE_OCCURRENCE('12','block_065','',#5,#11017,$
  );
#11951 = PRODUCT_RELATED_PRODUCT_CATEGORY('part',$,(#11019));
#11952 = MECHANICAL_DESIGN_GEOMETRIC_PRESENTATION_REPRESENTATION('',(
    #11953),#6083);
#11953 = STYLED_ITEM('color',(#11954),#5789);
#11954 = PRESENTATION_STYLE_ASSIGNMENT((#11955));
#11955 = SURFACE_STYLE_USAGE(.BOTH.,#11956);
#11956 = SURFACE_SIDE_STYLE('',(#11957));
#11957 = SURFACE_STYLE_FILL_AREA(#11958);
#11958 = FILL_AREA_STYLE('',(#11959));
#11959 = FILL_AREA_STYLE_COLOUR('',#11960);
#11960 = COLOUR_RGB('',0.750000000934,0.750000000934,0.78000000177);
#11961 = MECHANICAL_DESIGN_GEOMETRIC_PRESENTATION_REPRESENTATION('',(
    #11962),#684);
#11962 = STYLED_ITEM('color',(#11963),#390);
#11963 = PRESENTATION_STYLE_ASSIGNMENT((#11964));
#11964 = SURFACE_STYLE_USAGE(.BOTH.,#11965);
#11965 = SURFACE_SIDE_STYLE('',(#11966));
#11966 = SURFACE_STYLE_FILL_AREA(#11967);
#11967 = FILL_AREA_STYLE('',(#11968));
#11968 = FILL_AREA_STYLE_COLOUR('',#11960);
#11969 = MECHANICAL_DESIGN_GEOMETRIC_PRESENTATION_REPRESENTATION('',(
    #11970),#5457);
#11970 = STYLED_ITEM('color',(#11971),#5328);
#11971 = PRESENTATION_STYLE_ASSIGNMENT((#11972));
#11972 = SURFACE_STYLE_USAGE(.BOTH.,#11973);
#11973 = SURFACE_SIDE_STYLE('',(#11974));
#11974 = SURFACE_STYLE_FILL_AREA(#11975);
#11975 = FILL_AREA_STYLE('',(#11976));
#11976 = FILL_AREA_STYLE_COLOUR('',#11977);
#11977 = COLOUR_RGB('',0.850000012718,0.700000005816,0.199999998682);
#11978 = MECHANICAL_DESIGN_GEOMETRIC_PRESENTATION_REPRESENTATION('',(
    #11979),#6231);
#11979 = STYLED_ITEM('color',(#11980),#6102);
#11980 = PRESENTATION_STYLE_ASSIGNMENT((#11981));
#11981 = SURFACE_STYLE_USAGE(.BOTH.,#11982);
#11982 = SURFACE_SIDE_STYLE('',(#11983));
#11983 = SURFACE_STYLE_FILL_AREA(#11984);
#11984 = FILL_AREA_STYLE('',(#11985));
#11985 = FILL_AREA_STYLE_COLOUR('',#11977);
#11986 = MECHANICAL_DESIGN_GEOMETRIC_PRESENTATION_REPRESENTATION('',(
    #11987),#5770);
#11987 = STYLED_ITEM('color',(#11988),#5476);
#11988 = PRESENTATION_STYLE_ASSIGNMENT((#11989));
#11989 = SURFACE_STYLE_USAGE(.BOTH.,#11990);
#11990 = SURFACE_SIDE_STYLE('',(#11991));
#11991 = SURFACE_STYLE_FILL_AREA(#11992);
#11992 = FILL_AREA_STYLE('',(#11993));
#11993 = FILL_AREA_STYLE_COLOUR('',#11960);
#11994 = MECHANICAL_DESIGN_GEOMETRIC_PRESENTATION_REPRESENTATION('',(
    #11995),#10856);
#11995 = STYLED_ITEM('color',(#11996),#10727);
#11996 = PRESENTATION_STYLE_ASSIGNMENT((#11997));
#11997 = SURFACE_STYLE_USAGE(.BOTH.,#11998);
#11998 = SURFACE_SIDE_STYLE('',(#11999));
#11999 = SURFACE_STYLE_FILL_AREA(#12000);
#12000 = FILL_AREA_STYLE('',(#12001));
#12001 = FILL_AREA_STYLE_COLOUR('',#11977);
#12002 = MECHANICAL_DESIGN_GEOMETRIC_PRESENTATION_REPRESENTATION('',(
    #12003),#11004);
#12003 = STYLED_ITEM('color',(#12004),#10875);
#12004 = PRESENTATION_STYLE_ASSIGNMENT((#12005));
#12005 = SURFACE_STYLE_USAGE(.BOTH.,#12006);
#12006 = SURFACE_SIDE_STYLE('',(#12007));
#12007 = SURFACE_STYLE_FILL_AREA(#12008);
#12008 = FILL_AREA_STYLE('',(#12009));
#12009 = FILL_AREA_STYLE_COLOUR('',#12010);
#12010 = COLOUR_RGB('',0.599999994755,0.599999994755,0.620000000292);
#12011 = MECHANICAL_DESIGN_GEOMETRIC_PRESENTATION_REPRESENTATION('',(
    #12012),#11941);
#12012 = STYLED_ITEM('color',(#12013),#11023);
#12013 = PRESENTATION_STYLE_ASSIGNMENT((#12014));
#12014 = SURFACE_STYLE_USAGE(.BOTH.,#12015);
#12015 = SURFACE_SIDE_STYLE('',(#12016));
#12016 = SURFACE_STYLE_FILL_AREA(#12017);
#12017 = FILL_AREA_STYLE('',(#12018));
#12018 = FILL_AREA_STYLE_COLOUR('',#12019);
#12019 = COLOUR_RGB('',0.950000001282,0.55000000909,9.999999991362E-02);
#12020 = MECHANICAL_DESIGN_GEOMETRIC_PRESENTATION_REPRESENTATION('',(
    #12021),#371);
#12021 = STYLED_ITEM('color',(#12022),#77);
#12022 = PRESENTATION_STYLE_ASSIGNMENT((#12023));
#12023 = SURFACE_STYLE_USAGE(.BOTH.,#12024);
#12024 = SURFACE_SIDE_STYLE('',(#12025));
#12025 = SURFACE_STYLE_FILL_AREA(#12026);
#12026 = FILL_AREA_STYLE('',(#12027));
#12027 = FILL_AREA_STYLE_COLOUR('',#11960);
#12028 = MECHANICAL_DESIGN_GEOMETRIC_PRESENTATION_REPRESENTATION('',(
    #12029),#832);
#12029 = STYLED_ITEM('color',(#12030),#703);
#12030 = PRESENTATION_STYLE_ASSIGNMENT((#12031));
#12031 = SURFACE_STYLE_USAGE(.BOTH.,#12032);
#12032 = SURFACE_SIDE_STYLE('',(#12033));
#12033 = SURFACE_STYLE_FILL_AREA(#12034);
#12034 = FILL_AREA_STYLE('',(#12035));
#12035 = FILL_AREA_STYLE_COLOUR('',#11977);
#12036 = MECHANICAL_DESIGN_GEOMETRIC_PRESENTATION_REPRESENTATION('',(
    #12037,#12045,#12052,#12059,#12066,#12073,#12080,#12087,#12094,
    #12101),#5309);
#12037 = STYLED_ITEM('color',(#12038),#851);
#12038 = PRESENTATION_STYLE_ASSIGNMENT((#12039));
#12039 = SURFACE_STYLE_USAGE(.BOTH.,#12040);
#12040 = SURFACE_SIDE_STYLE('',(#12041));
#12041 = SURFACE_STYLE_FILL_AREA(#12042);
#12042 = FILL_AREA_STYLE('',(#12043));
#12043 = FILL_AREA_STYLE_COLOUR('',#12044);
#12044 = COLOUR_RGB('',9.999999991362E-02,9.999999991362E-02,
  9.999999991362E-02);
#12045 = STYLED_ITEM('color',(#12046),#1508);
#12046 = PRESENTATION_STYLE_ASSIGNMENT((#12047));
#12047 = SURFACE_STYLE_USAGE(.BOTH.,#12048);
#12048 = SURFACE_SIDE_STYLE('',(#12049));
#12049 = SURFACE_STYLE_FILL_AREA(#12050);
#12050 = FILL_AREA_STYLE('',(#12051));
#12051 = FILL_AREA_STYLE_COLOUR('',#12044);
#12052 = STYLED_ITEM('color',(#12053),#2165);
#12053 = PRESENTATION_STYLE_ASSIGNMENT((#12054));
#12054 = SURFACE_STYLE_USAGE(.BOTH.,#12055);
#12055 = SURFACE_SIDE_STYLE('',(#12056));
#12056 = SURFACE_STYLE_FILL_AREA(#12057);
#12057 = FILL_AREA_STYLE('',(#12058));
#12058 = FILL_AREA_STYLE_COLOUR('',#12044);
#12059 = STYLED_ITEM('color',(#12060),#2701);
#12060 = PRESENTATION_STYLE_ASSIGNMENT((#12061));
#12061 = SURFACE_STYLE_USAGE(.BOTH.,#12062);
#12062 = SURFACE_SIDE_STYLE('',(#12063));
#12063 = SURFACE_STYLE_FILL_AREA(#12064);
#12064 = FILL_AREA_STYLE('',(#12065));
#12065 = FILL_AREA_STYLE_COLOUR('',#12044);
#12066 = STYLED_ITEM('color',(#12067),#3237);
#12067 = PRESENTATION_STYLE_ASSIGNMENT((#12068));
#12068 = SURFACE_STYLE_USAGE(.BOTH.,#12069);
#12069 = SURFACE_SIDE_STYLE('',(#12070));
#12070 = SURFACE_STYLE_FILL_AREA(#12071);
#12071 = FILL_AREA_STYLE('',(#12072));
#12072 = FILL_AREA_STYLE_COLOUR('',#12044);
#12073 = STYLED_ITEM('color',(#12074),#3773);
#12074 = PRESENTATION_STYLE_ASSIGNMENT((#12075));
#12075 = SURFACE_STYLE_USAGE(.BOTH.,#12076);
#12076 = SURFACE_SIDE_STYLE('',(#12077));
#12077 = SURFACE_STYLE_FILL_AREA(#12078);
#12078 = FILL_AREA_STYLE('',(#12079));
#12079 = FILL_AREA_STYLE_COLOUR('',#12044);
#12080 = STYLED_ITEM('color',(#12081),#4309);
#12081 = PRESENTATION_STYLE_ASSIGNMENT((#12082));
#12082 = SURFACE_STYLE_USAGE(.BOTH.,#12083);
#12083 = SURFACE_SIDE_STYLE('',(#12084));
#12084 = SURFACE_STYLE_FILL_AREA(#12085);
#12085 = FILL_AREA_STYLE('',(#12086));
#12086 = FILL_AREA_STYLE_COLOUR('',#12044);
#12087 = STYLED_ITEM('color',(#12088),#4559);
#12088 = PRESENTATION_STYLE_ASSIGNMENT((#12089));
#12089 = SURFACE_STYLE_USAGE(.BOTH.,#12090);
#12090 = SURFACE_SIDE_STYLE('',(#12091));
#12091 = SURFACE_STYLE_FILL_AREA(#12092);
#12092 = FILL_AREA_STYLE('',(#12093));
#12093 = FILL_AREA_STYLE_COLOUR('',#12044);
#12094 = STYLED_ITEM('color',(#12095),#4809);
#12095 = PRESENTATION_STYLE_ASSIGNMENT((#12096));
#12096 = SURFACE_STYLE_USAGE(.BOTH.,#12097);
#12097 = SURFACE_SIDE_STYLE('',(#12098));
#12098 = SURFACE_STYLE_FILL_AREA(#12099);
#12099 = FILL_AREA_STYLE('',(#12100));
#12100 = FILL_AREA_STYLE_COLOUR('',#12044);
#12101 = STYLED_ITEM('color',(#12102),#5059);
#12102 = PRESENTATION_STYLE_ASSIGNMENT((#12103));
#12103 = SURFACE_STYLE_USAGE(.BOTH.,#12104);
#12104 = SURFACE_SIDE_STYLE('',(#12105));
#12105 = SURFACE_STYLE_FILL_AREA(#12106);
#12106 = FILL_AREA_STYLE('',(#12107));
#12107 = FILL_AREA_STYLE_COLOUR('',#12044);
#12108 = MECHANICAL_DESIGN_GEOMETRIC_PRESENTATION_REPRESENTATION('',(
    #12109,#12116,#12123,#12130,#12137,#12144,#12151,#12158,#12165,
    #12172),#10708);
#12109 = STYLED_ITEM('color',(#12110),#6250);
#12110 = PRESENTATION_STYLE_ASSIGNMENT((#12111));
#12111 = SURFACE_STYLE_USAGE(.BOTH.,#12112);
#12112 = SURFACE_SIDE_STYLE('',(#12113));
#12113 = SURFACE_STYLE_FILL_AREA(#12114);
#12114 = FILL_AREA_STYLE('',(#12115));
#12115 = FILL_AREA_STYLE_COLOUR('',#12044);
#12116 = STYLED_ITEM('color',(#12117),#6907);
#12117 = PRESENTATION_STYLE_ASSIGNMENT((#12118));
#12118 = SURFACE_STYLE_USAGE(.BOTH.,#12119);
#12119 = SURFACE_SIDE_STYLE('',(#12120));
#12120 = SURFACE_STYLE_FILL_AREA(#12121);
#12121 = FILL_AREA_STYLE('',(#12122));
#12122 = FILL_AREA_STYLE_COLOUR('',#12044);
#12123 = STYLED_ITEM('color',(#12124),#7564);
#12124 = PRESENTATION_STYLE_ASSIGNMENT((#12125));
#12125 = SURFACE_STYLE_USAGE(.BOTH.,#12126);
#12126 = SURFACE_SIDE_STYLE('',(#12127));
#12127 = SURFACE_STYLE_FILL_AREA(#12128);
#12128 = FILL_AREA_STYLE('',(#12129));
#12129 = FILL_AREA_STYLE_COLOUR('',#12044);
#12130 = STYLED_ITEM('color',(#12131),#8100);
#12131 = PRESENTATION_STYLE_ASSIGNMENT((#12132));
#12132 = SURFACE_STYLE_USAGE(.BOTH.,#12133);
#12133 = SURFACE_SIDE_STYLE('',(#12134));
#12134 = SURFACE_STYLE_FILL_AREA(#12135);
#12135 = FILL_AREA_STYLE('',(#12136));
#12136 = FILL_AREA_STYLE_COLOUR('',#12044);
#12137 = STYLED_ITEM('color',(#12138),#8636);
#12138 = PRESENTATION_STYLE_ASSIGNMENT((#12139));
#12139 = SURFACE_STYLE_USAGE(.BOTH.,#12140);
#12140 = SURFACE_SIDE_STYLE('',(#12141));
#12141 = SURFACE_STYLE_FILL_AREA(#12142);
#12142 = FILL_AREA_STYLE('',(#12143));
#12143 = FILL_AREA_STYLE_COLOUR('',#12044);
#12144 = STYLED_ITEM('color',(#12145),#9172);
#12145 = PRESENTATION_STYLE_ASSIGNMENT((#12146));
#12146 = SURFACE_STYLE_USAGE(.BOTH.,#12147);
#12147 = SURFACE_SIDE_STYLE('',(#12148));
#12148 = SURFACE_STYLE_FILL_AREA(#12149);
#12149 = FILL_AREA_STYLE('',(#12150));
#12150 = FILL_AREA_STYLE_COLOUR('',#12044);
#12151 = STYLED_ITEM('color',(#12152),#9708);
#12152 = PRESENTATION_STYLE_ASSIGNMENT((#12153));
#12153 = SURFACE_STYLE_USAGE(.BOTH.,#12154);
#12154 = SURFACE_SIDE_STYLE('',(#12155));
#12155 = SURFACE_STYLE_FILL_AREA(#12156);
#12156 = FILL_AREA_STYLE('',(#12157));
#12157 = FILL_AREA_STYLE_COLOUR('',#12044);
#12158 = STYLED_ITEM('color',(#12159),#9958);
#12159 = PRESENTATION_STYLE_ASSIGNMENT((#12160));
#12160 = SURFACE_STYLE_USAGE(.BOTH.,#12161);
#12161 = SURFACE_SIDE_STYLE('',(#12162));
#12162 = SURFACE_STYLE_FILL_AREA(#12163);
#12163 = FILL_AREA_STYLE('',(#12164));
#12164 = FILL_AREA_STYLE_COLOUR('',#12044);
#12165 = STYLED_ITEM('color',(#12166),#10208);
#12166 = PRESENTATION_STYLE_ASSIGNMENT((#12167));
#12167 = SURFACE_STYLE_USAGE(.BOTH.,#12168);
#12168 = SURFACE_SIDE_STYLE('',(#12169));
#12169 = SURFACE_STYLE_FILL_AREA(#12170);
#12170 = FILL_AREA_STYLE('',(#12171));
#12171 = FILL_AREA_STYLE_COLOUR('',#12044);
#12172 = STYLED_ITEM('color',(#12173),#10458);
#12173 = PRESENTATION_STYLE_ASSIGNMENT((#12174));
#12174 = SURFACE_STYLE_USAGE(.BOTH.,#12175);
#12175 = SURFACE_SIDE_STYLE('',(#12176));
#12176 = SURFACE_STYLE_FILL_AREA(#12177);
#12177 = FILL_AREA_STYLE('',(#12178));
#12178 = FILL_AREA_STYLE_COLOUR('',#12044);
ENDSEC;
END-ISO-10303-21;
