ISO-10303-21;
HEADER;
FILE_DESCRIPTION(('Open CASCADE Model'),'2;1');
FILE_NAME('Open CASCADE Shape Model','2026-10-10T11:28:40',('Author'),(
    'Open CASCADE'),'Open CASCADE STEP processor 7.9','Open CASCADE 7.9'
  ,'Unknown');
FILE_SCHEMA(('AUTOMOTIVE_DESIGN { 1 0 10303 214 1 1 1 1 }'));
ENDSEC;
DATA;
#1 = APPLICATION_PROTOCOL_DEFINITION('international standard',
  'automotive_design',2000,#2);
#2 = APPLICATION_CONTEXT(
  'core data for automotive mechanical design processes');
#3 = SHAPE_DEFINITION_REPRESENTATION(#4,#10);
#4 = PRODUCT_DEFINITION_SHAPE('','',#5);
#5 = PRODUCT_DEFINITION('design','',#6,#9);
#6 = PRODUCT_DEFINITION_FORMATION('','',#7);
#7 = PRODUCT('front flaps, deployed (on the mentor''s robot)',
  'front flaps, deployed (on the mentor''s robot)','',(#8));
#8 = PRODUCT_CONTEXT('',#2,'mechanical');
#9 = PRODUCT_DEFINITION_CONTEXT('part definition',#2,'design');
#10 = SHAPE_REPRESENTATION('',(#11,#15,#19,#23,#27,#31,#35,#39,#43,#47,
    #51),#55);
#11 = AXIS2_PLACEMENT_3D('',#12,#13,#14);
#12 = CARTESIAN_POINT('',(0.,0.,0.));
#13 = DIRECTION('',(0.,0.,1.));
#14 = DIRECTION('',(1.,0.,-0.));
#15 = AXIS2_PLACEMENT_3D('',#16,#17,#18);
#16 = CARTESIAN_POINT('',(0.,0.,0.));
#17 = DIRECTION('',(0.,0.,1.));
#18 = DIRECTION('',(1.,0.,-0.));
#19 = AXIS2_PLACEMENT_3D('',#20,#21,#22);
#20 = CARTESIAN_POINT('',(0.,0.,0.));
#21 = DIRECTION('',(0.,0.,1.));
#22 = DIRECTION('',(1.,0.,-0.));
#23 = AXIS2_PLACEMENT_3D('',#24,#25,#26);
#24 = CARTESIAN_POINT('',(0.,0.,0.));
#25 = DIRECTION('',(0.,0.,1.));
#26 = DIRECTION('',(1.,0.,-0.));
#27 = AXIS2_PLACEMENT_3D('',#28,#29,#30);
#28 = CARTESIAN_POINT('',(0.,0.,0.));
#29 = DIRECTION('',(0.,0.,1.));
#30 = DIRECTION('',(1.,0.,-0.));
#31 = AXIS2_PLACEMENT_3D('',#32,#33,#34);
#32 = CARTESIAN_POINT('',(0.,0.,0.));
#33 = DIRECTION('',(0.,0.,1.));
#34 = DIRECTION('',(1.,0.,-0.));
#35 = AXIS2_PLACEMENT_3D('',#36,#37,#38);
#36 = CARTESIAN_POINT('',(0.,0.,0.));
#37 = DIRECTION('',(0.,0.,1.));
#38 = DIRECTION('',(1.,0.,-0.));
#39 = AXIS2_PLACEMENT_3D('',#40,#41,#42);
#40 = CARTESIAN_POINT('',(0.,0.,0.));
#41 = DIRECTION('',(0.,0.,1.));
#42 = DIRECTION('',(1.,0.,-0.));
#43 = AXIS2_PLACEMENT_3D('',#44,#45,#46);
#44 = CARTESIAN_POINT('',(0.,0.,0.));
#45 = DIRECTION('',(0.,0.,1.));
#46 = DIRECTION('',(1.,0.,-0.));
#47 = AXIS2_PLACEMENT_3D('',#48,#49,#50);
#48 = CARTESIAN_POINT('',(0.,0.,0.));
#49 = DIRECTION('',(0.,0.,1.));
#50 = DIRECTION('',(1.,0.,-0.));
#51 = AXIS2_PLACEMENT_3D('',#52,#53,#54);
#52 = CARTESIAN_POINT('',(0.,0.,0.));
#53 = DIRECTION('',(0.,0.,1.));
#54 = DIRECTION('',(1.,0.,-0.));
#55 = ( GEOMETRIC_REPRESENTATION_CONTEXT(3) 
GLOBAL_UNCERTAINTY_ASSIGNED_CONTEXT((#59)) GLOBAL_UNIT_ASSIGNED_CONTEXT(
(#56,#57,#58)) REPRESENTATION_CONTEXT('Context #1',
  '3D Context with UNIT and UNCERTAINTY') );
#56 = ( LENGTH_UNIT() NAMED_UNIT(*) SI_UNIT(.MILLI.,.METRE.) );
#57 = ( NAMED_UNIT(*) PLANE_ANGLE_UNIT() SI_UNIT($,.RADIAN.) );
#58 = ( NAMED_UNIT(*) SI_UNIT($,.STERADIAN.) SOLID_ANGLE_UNIT() );
#59 = UNCERTAINTY_MEASURE_WITH_UNIT(LENGTH_MEASURE(2.E-06),#56,
  'distance_accuracy_value','confusion accuracy');
#60 = PRODUCT_RELATED_PRODUCT_CATEGORY('part',$,(#7));
#61 = SHAPE_DEFINITION_REPRESENTATION(#62,#68);
#62 = PRODUCT_DEFINITION_SHAPE('','',#63);
#63 = PRODUCT_DEFINITION('design','',#64,#67);
#64 = PRODUCT_DEFINITION_FORMATION('','',#65);
#65 = PRODUCT(
'flap_L (print, PETG 3 mm, a knuckle on an M4 shoulder-screw hinge pin, 
a torsion spring, a notch for the latch)',
'flap_L (print, PETG 3 mm, a knuckle on an M4 shoulder-screw hinge pin, 
a torsion spring, a notch for the latch)','',(#66));
#66 = PRODUCT_CONTEXT('',#2,'mechanical');
#67 = PRODUCT_DEFINITION_CONTEXT('part definition',#2,'design');
#68 = ADVANCED_BREP_SHAPE_REPRESENTATION('',(#11,#69),#405);
#69 = MANIFOLD_SOLID_BREP('',#70);
#70 = CLOSED_SHELL('',(#71,#204,#288,#331,#374,#398));
#71 = ADVANCED_FACE('',(#72),#90,.T.);
#72 = FACE_BOUND('',#73,.T.);
#73 = EDGE_LOOP('',(#74,#131,#156,#181));
#74 = ORIENTED_EDGE('',*,*,#75,.T.);
#75 = EDGE_CURVE('',#76,#78,#80,.T.);
#76 = VERTEX_POINT('',#77);
#77 = CARTESIAN_POINT('',(90.837250192347,-43.8,191.34303941354));
#78 = VERTEX_POINT('',#79);
#79 = CARTESIAN_POINT('',(88.055698628646,-43.8,192.46685919379));
#80 = SURFACE_CURVE('',#81,(#89,#105),.PCURVE_S1.);
#81 = ( BOUNDED_CURVE() B_SPLINE_CURVE(2,(#82,#83,#84,#85,#86,#87,#88),
.UNSPECIFIED.,.F.,.F.) B_SPLINE_CURVE_WITH_KNOTS((3,2,2,3),(
    0.271765289706,2.184983532295,4.098201774885,6.011420017474),
.PIECEWISE_BEZIER_KNOTS.) CURVE() GEOMETRIC_REPRESENTATION_ITEM() 
RATIONAL_B_SPLINE_CURVE((1.,0.576294462814,1.,0.576294462814,1.,
0.576294462814,1.)) REPRESENTATION_ITEM('') );
#82 = CARTESIAN_POINT('',(90.837250192347,-43.8,191.34303941354));
#83 = CARTESIAN_POINT('',(97.118062900083,-43.8,186.51122413525));
#84 = CARTESIAN_POINT('',(90.457857793099,-43.8,182.2174245258));
#85 = CARTESIAN_POINT('',(83.797652686115,-43.8,177.92362491636));
#86 = CARTESIAN_POINT('',(81.989425914019,-43.8,185.63889309665));
#87 = CARTESIAN_POINT('',(80.181199141923,-43.8,193.35416127695));
#88 = CARTESIAN_POINT('',(88.055698628646,-43.8,192.46685919379));
#89 = PCURVE('',#90,#95);
#90 = B_SPLINE_SURFACE_WITH_KNOTS('',1,1,(
    (#91,#92)
    ,(#93,#94
    )),.UNSPECIFIED.,.F.,.F.,.F.,(2,2),(2,2),(-0.22,3.67),(
    -0.16094488189,0.27905511811),.PIECEWISE_BEZIER_KNOTS.);
#91 = CARTESIAN_POINT('',(80.155594976673,-43.8,183.82619826468));
#92 = CARTESIAN_POINT('',(90.517801735311,-43.8,179.63959497667));
#93 = CARTESIAN_POINT('',(117.16897404572,-43.8,275.43752619901));
#94 = CARTESIAN_POINT('',(127.53118080436,-43.8,271.25092291099));
#95 = DEFINITIONAL_REPRESENTATION('',(#96),#104);
#96 = ( BOUNDED_CURVE() B_SPLINE_CURVE(2,(#97,#98,#99,#100,#101,#102,
#103),.UNSPECIFIED.,.F.,.F.) B_SPLINE_CURVE_WITH_KNOTS((3,2,2,3),(
    0.271765289706,2.184983532295,4.098201774885,6.011420017474),
.PIECEWISE_BEZIER_KNOTS.) CURVE() GEOMETRIC_REPRESENTATION_ITEM() 
RATIONAL_B_SPLINE_CURVE((1.,0.576294462814,1.,0.576294462814,1.,
0.576294462814,1.)) REPRESENTATION_ITEM('') );
#97 = CARTESIAN_POINT('',(0.211925678069,0.11811023622));
#98 = CARTESIAN_POINT('',(0.128179722874,0.418641653448));
#99 = CARTESIAN_POINT('',(-0.126784781819,0.238848385779));
#100 = CARTESIAN_POINT('',(-0.381749286512,5.905511811024E-02));
#101 = CARTESIAN_POINT('',(-0.126784781819,-0.120738149559));
#102 = CARTESIAN_POINT('',(0.128179722874,-0.300531417228));
#103 = CARTESIAN_POINT('',(0.211925678069,-2.22044604925E-15));
#104 = ( GEOMETRIC_REPRESENTATION_CONTEXT(2) 
PARAMETRIC_REPRESENTATION_CONTEXT() REPRESENTATION_CONTEXT('2D SPACE',''
  ) );
#105 = PCURVE('',#106,#121);
#106 = ( BOUNDED_SURFACE() B_SPLINE_SURFACE(2,1,(
    (#107,#108)
    ,(#109,#110)
    ,(#111,#112)
    ,(#113,#114)
    ,(#115,#116)
    ,(#117,#118)
,(#119,#120
    )),.UNSPECIFIED.,.F.,.F.,.F.) B_SPLINE_SURFACE_WITH_KNOTS((3,2,2,3),
  (2,2),(0.271765289706,2.184983532295,4.098201774885,6.011420017474),(
-4.,0.),.PIECEWISE_BEZIER_KNOTS.) GEOMETRIC_REPRESENTATION_ITEM() 
RATIONAL_B_SPLINE_SURFACE((
    (1.,1.)
    ,(0.576294462814,0.576294462814)
    ,(1.,1.)
    ,(0.576294462814,0.576294462814)
    ,(1.,1.)
    ,(0.576294462814,0.576294462814)
,(1.,1.))) REPRESENTATION_ITEM('') SURFACE() );
#107 = CARTESIAN_POINT('',(90.837250192347,-43.8,191.34303941354));
#108 = CARTESIAN_POINT('',(90.837250192347,-145.4,191.34303941354));
#109 = CARTESIAN_POINT('',(97.118062900083,-43.8,186.51122413525));
#110 = CARTESIAN_POINT('',(97.118062900083,-145.4,186.51122413525));
#111 = CARTESIAN_POINT('',(90.457857793099,-43.8,182.2174245258));
#112 = CARTESIAN_POINT('',(90.457857793099,-145.4,182.2174245258));
#113 = CARTESIAN_POINT('',(83.797652686115,-43.8,177.92362491636));
#114 = CARTESIAN_POINT('',(83.797652686115,-145.4,177.92362491636));
#115 = CARTESIAN_POINT('',(81.989425914019,-43.8,185.63889309665));
#116 = CARTESIAN_POINT('',(81.989425914019,-145.4,185.63889309665));
#117 = CARTESIAN_POINT('',(80.181199141923,-43.8,193.35416127695));
#118 = CARTESIAN_POINT('',(80.181199141923,-145.4,193.35416127695));
#119 = CARTESIAN_POINT('',(88.055698628647,-43.8,192.46685919379));
#120 = CARTESIAN_POINT('',(88.055698628647,-145.4,192.46685919379));
#121 = DEFINITIONAL_REPRESENTATION('',(#122),#130);
#122 = B_SPLINE_CURVE_WITH_KNOTS('',2,(#123,#124,#125,#126,#127,#128,
    #129),.UNSPECIFIED.,.F.,.F.,(3,2,2,3),(0.271765289706,2.184983532295
    ,4.098201774885,6.011420017474),.PIECEWISE_BEZIER_KNOTS.);
#123 = CARTESIAN_POINT('',(0.271765289706,-4.));
#124 = CARTESIAN_POINT('',(1.228374411,-4.));
#125 = CARTESIAN_POINT('',(2.184983532295,-4.));
#126 = CARTESIAN_POINT('',(3.14159265359,-4.));
#127 = CARTESIAN_POINT('',(4.098201774885,-4.));
#128 = CARTESIAN_POINT('',(5.054810896179,-4.));
#129 = CARTESIAN_POINT('',(6.011420017474,-4.));
#130 = ( GEOMETRIC_REPRESENTATION_CONTEXT(2) 
PARAMETRIC_REPRESENTATION_CONTEXT() REPRESENTATION_CONTEXT('2D SPACE',''
  ) );
#131 = ORIENTED_EDGE('',*,*,#132,.T.);
#132 = EDGE_CURVE('',#78,#133,#135,.T.);
#133 = VERTEX_POINT('',#134);
#134 = CARTESIAN_POINT('',(120.95930164319,-43.8,273.90613444513));
#135 = SURFACE_CURVE('',#136,(#139,#145),.PCURVE_S1.);
#136 = B_SPLINE_CURVE_WITH_KNOTS('',1,(#137,#138),.UNSPECIFIED.,.F.,.F.,
  (2,2),(0.211925678069,3.67),.PIECEWISE_BEZIER_KNOTS.);
#137 = CARTESIAN_POINT('',(88.055698628647,-43.8,192.46685919379));
#138 = CARTESIAN_POINT('',(120.95930164319,-43.8,273.90613444513));
#139 = PCURVE('',#90,#140);
#140 = DEFINITIONAL_REPRESENTATION('',(#141),#144);
#141 = B_SPLINE_CURVE_WITH_KNOTS('',1,(#142,#143),.UNSPECIFIED.,.F.,.F.,
  (2,2),(0.211925678069,3.67),.PIECEWISE_BEZIER_KNOTS.);
#142 = CARTESIAN_POINT('',(0.211925678069,-1.33226762955E-15));
#143 = CARTESIAN_POINT('',(3.67,8.881784197001E-16));
#144 = ( GEOMETRIC_REPRESENTATION_CONTEXT(2) 
PARAMETRIC_REPRESENTATION_CONTEXT() REPRESENTATION_CONTEXT('2D SPACE',''
  ) );
#145 = PCURVE('',#146,#151);
#146 = B_SPLINE_SURFACE_WITH_KNOTS('',1,1,(
    (#147,#148)
    ,(#149,#150
    )),.UNSPECIFIED.,.F.,.F.,.F.,(2,2),(2,2),(0.,4.),(0.211925678069,
    3.67),.PIECEWISE_BEZIER_KNOTS.);
#147 = CARTESIAN_POINT('',(88.055698628647,-145.4,192.46685919379));
#148 = CARTESIAN_POINT('',(120.95930164319,-145.4,273.90613444513));
#149 = CARTESIAN_POINT('',(88.055698628647,-43.8,192.46685919379));
#150 = CARTESIAN_POINT('',(120.95930164319,-43.8,273.90613444513));
#151 = DEFINITIONAL_REPRESENTATION('',(#152),#155);
#152 = B_SPLINE_CURVE_WITH_KNOTS('',1,(#153,#154),.UNSPECIFIED.,.F.,.F.,
  (2,2),(0.211925678069,3.67),.PIECEWISE_BEZIER_KNOTS.);
#153 = CARTESIAN_POINT('',(4.,0.211925678069));
#154 = CARTESIAN_POINT('',(4.,3.67));
#155 = ( GEOMETRIC_REPRESENTATION_CONTEXT(2) 
PARAMETRIC_REPRESENTATION_CONTEXT() REPRESENTATION_CONTEXT('2D SPACE',''
  ) );
#156 = ORIENTED_EDGE('',*,*,#157,.T.);
#157 = EDGE_CURVE('',#133,#158,#160,.T.);
#158 = VERTEX_POINT('',#159);
#159 = CARTESIAN_POINT('',(123.74085320689,-43.8,272.78231466488));
#160 = SURFACE_CURVE('',#161,(#164,#170),.PCURVE_S1.);
#161 = B_SPLINE_CURVE_WITH_KNOTS('',1,(#162,#163),.UNSPECIFIED.,.F.,.F.,
  (2,2),(0.,0.11811023622),.PIECEWISE_BEZIER_KNOTS.);
#162 = CARTESIAN_POINT('',(120.95930164319,-43.8,273.90613444513));
#163 = CARTESIAN_POINT('',(123.74085320689,-43.8,272.78231466488));
#164 = PCURVE('',#90,#165);
#165 = DEFINITIONAL_REPRESENTATION('',(#166),#169);
#166 = B_SPLINE_CURVE_WITH_KNOTS('',1,(#167,#168),.UNSPECIFIED.,.F.,.F.,
  (2,2),(0.,0.11811023622),.PIECEWISE_BEZIER_KNOTS.);
#167 = CARTESIAN_POINT('',(3.67,0.));
#168 = CARTESIAN_POINT('',(3.67,0.11811023622));
#169 = ( GEOMETRIC_REPRESENTATION_CONTEXT(2) 
PARAMETRIC_REPRESENTATION_CONTEXT() REPRESENTATION_CONTEXT('2D SPACE',''
  ) );
#170 = PCURVE('',#171,#176);
#171 = B_SPLINE_SURFACE_WITH_KNOTS('',1,1,(
    (#172,#173)
    ,(#174,#175
    )),.UNSPECIFIED.,.F.,.F.,.F.,(2,2),(2,2),(0.,4.),(-0.11811023622,0.)
  ,.PIECEWISE_BEZIER_KNOTS.);
#172 = CARTESIAN_POINT('',(123.74085320689,-145.4,272.78231466488));
#173 = CARTESIAN_POINT('',(120.95930164319,-145.4,273.90613444513));
#174 = CARTESIAN_POINT('',(123.74085320689,-43.8,272.78231466488));
#175 = CARTESIAN_POINT('',(120.95930164319,-43.8,273.90613444513));
#176 = DEFINITIONAL_REPRESENTATION('',(#177),#180);
#177 = B_SPLINE_CURVE_WITH_KNOTS('',1,(#178,#179),.UNSPECIFIED.,.F.,.F.,
  (2,2),(0.,0.11811023622),.PIECEWISE_BEZIER_KNOTS.);
#178 = CARTESIAN_POINT('',(4.,0.));
#179 = CARTESIAN_POINT('',(4.,-0.11811023622));
#180 = ( GEOMETRIC_REPRESENTATION_CONTEXT(2) 
PARAMETRIC_REPRESENTATION_CONTEXT() REPRESENTATION_CONTEXT('2D SPACE',''
  ) );
#181 = ORIENTED_EDGE('',*,*,#182,.F.);
#182 = EDGE_CURVE('',#76,#158,#183,.T.);
#183 = SURFACE_CURVE('',#184,(#187,#193),.PCURVE_S1.);
#184 = B_SPLINE_CURVE_WITH_KNOTS('',1,(#185,#186),.UNSPECIFIED.,.F.,.F.,
  (2,2),(0.211925678069,3.67),.PIECEWISE_BEZIER_KNOTS.);
#185 = CARTESIAN_POINT('',(90.837250192347,-43.8,191.34303941354));
#186 = CARTESIAN_POINT('',(123.74085320689,-43.8,272.78231466488));
#187 = PCURVE('',#90,#188);
#188 = DEFINITIONAL_REPRESENTATION('',(#189),#192);
#189 = B_SPLINE_CURVE_WITH_KNOTS('',1,(#190,#191),.UNSPECIFIED.,.F.,.F.,
  (2,2),(0.211925678069,3.67),.PIECEWISE_BEZIER_KNOTS.);
#190 = CARTESIAN_POINT('',(0.211925678069,0.11811023622));
#191 = CARTESIAN_POINT('',(3.67,0.11811023622));
#192 = ( GEOMETRIC_REPRESENTATION_CONTEXT(2) 
PARAMETRIC_REPRESENTATION_CONTEXT() REPRESENTATION_CONTEXT('2D SPACE',''
  ) );
#193 = PCURVE('',#194,#199);
#194 = B_SPLINE_SURFACE_WITH_KNOTS('',1,1,(
    (#195,#196)
    ,(#197,#198
    )),.UNSPECIFIED.,.F.,.F.,.F.,(2,2),(2,2),(0.,4.),(0.211925678069,
    3.67),.PIECEWISE_BEZIER_KNOTS.);
#195 = CARTESIAN_POINT('',(90.837250192347,-145.4,191.34303941354));
#196 = CARTESIAN_POINT('',(123.74085320689,-145.4,272.78231466488));
#197 = CARTESIAN_POINT('',(90.837250192347,-43.8,191.34303941354));
#198 = CARTESIAN_POINT('',(123.74085320689,-43.8,272.78231466488));
#199 = DEFINITIONAL_REPRESENTATION('',(#200),#203);
#200 = B_SPLINE_CURVE_WITH_KNOTS('',1,(#201,#202),.UNSPECIFIED.,.F.,.F.,
  (2,2),(0.211925678069,3.67),.PIECEWISE_BEZIER_KNOTS.);
#201 = CARTESIAN_POINT('',(4.,0.211925678069));
#202 = CARTESIAN_POINT('',(4.,3.67));
#203 = ( GEOMETRIC_REPRESENTATION_CONTEXT(2) 
PARAMETRIC_REPRESENTATION_CONTEXT() REPRESENTATION_CONTEXT('2D SPACE',''
  ) );
#204 = ADVANCED_FACE('',(#205),#106,.F.);
#205 = FACE_BOUND('',#206,.F.);
#206 = EDGE_LOOP('',(#207,#249,#268,#269));
#207 = ORIENTED_EDGE('',*,*,#208,.F.);
#208 = EDGE_CURVE('',#209,#211,#213,.T.);
#209 = VERTEX_POINT('',#210);
#210 = CARTESIAN_POINT('',(90.837250192347,-145.4,191.34303941354));
#211 = VERTEX_POINT('',#212);
#212 = CARTESIAN_POINT('',(88.055698628646,-145.4,192.46685919379));
#213 = SURFACE_CURVE('',#214,(#222,#233),.PCURVE_S1.);
#214 = ( BOUNDED_CURVE() B_SPLINE_CURVE(2,(#215,#216,#217,#218,#219,#220
,#221),.UNSPECIFIED.,.F.,.F.) B_SPLINE_CURVE_WITH_KNOTS((3,2,2,3),(
    0.271765289706,2.184983532295,4.098201774885,6.011420017474),
.PIECEWISE_BEZIER_KNOTS.) CURVE() GEOMETRIC_REPRESENTATION_ITEM() 
RATIONAL_B_SPLINE_CURVE((1.,0.576294462814,1.,0.576294462814,1.,
0.576294462814,1.)) REPRESENTATION_ITEM('') );
#215 = CARTESIAN_POINT('',(90.837250192347,-145.4,191.34303941354));
#216 = CARTESIAN_POINT('',(97.118062900083,-145.4,186.51122413525));
#217 = CARTESIAN_POINT('',(90.457857793099,-145.4,182.2174245258));
#218 = CARTESIAN_POINT('',(83.797652686115,-145.4,177.92362491636));
#219 = CARTESIAN_POINT('',(81.989425914019,-145.4,185.63889309665));
#220 = CARTESIAN_POINT('',(80.181199141923,-145.4,193.35416127695));
#221 = CARTESIAN_POINT('',(88.055698628646,-145.4,192.46685919379));
#222 = PCURVE('',#106,#223);
#223 = DEFINITIONAL_REPRESENTATION('',(#224),#232);
#224 = B_SPLINE_CURVE_WITH_KNOTS('',2,(#225,#226,#227,#228,#229,#230,
    #231),.UNSPECIFIED.,.F.,.F.,(3,2,2,3),(0.271765289706,2.184983532295
    ,4.098201774885,6.011420017474),.PIECEWISE_BEZIER_KNOTS.);
#225 = CARTESIAN_POINT('',(0.271765289706,2.22044604925E-16));
#226 = CARTESIAN_POINT('',(1.228374411,5.136833108946E-16));
#227 = CARTESIAN_POINT('',(2.184983532295,0.));
#228 = CARTESIAN_POINT('',(3.14159265359,-5.481915100603E-16));
#229 = CARTESIAN_POINT('',(4.098201774885,-2.775557561563E-16));
#230 = CARTESIAN_POINT('',(5.054810896179,-1.171637475588E-16));
#231 = CARTESIAN_POINT('',(6.011420017474,-4.440892098501E-16));
#232 = ( GEOMETRIC_REPRESENTATION_CONTEXT(2) 
PARAMETRIC_REPRESENTATION_CONTEXT() REPRESENTATION_CONTEXT('2D SPACE',''
  ) );
#233 = PCURVE('',#234,#239);
#234 = B_SPLINE_SURFACE_WITH_KNOTS('',1,1,(
    (#235,#236)
    ,(#237,#238
    )),.UNSPECIFIED.,.F.,.F.,.F.,(2,2),(2,2),(-0.22,3.67),(-0.22,0.22),
  .PIECEWISE_BEZIER_KNOTS.);
#235 = CARTESIAN_POINT('',(80.155594976673,-145.4,183.82619826468));
#236 = CARTESIAN_POINT('',(90.517801735311,-145.4,179.63959497667));
#237 = CARTESIAN_POINT('',(117.16897404572,-145.4,275.43752619901));
#238 = CARTESIAN_POINT('',(127.53118080436,-145.4,271.25092291099));
#239 = DEFINITIONAL_REPRESENTATION('',(#240),#248);
#240 = ( BOUNDED_CURVE() B_SPLINE_CURVE(2,(#241,#242,#243,#244,#245,#246
,#247),.UNSPECIFIED.,.F.,.F.) B_SPLINE_CURVE_WITH_KNOTS((3,2,2,3),(
    0.271765289706,2.184983532295,4.098201774885,6.011420017474),
.PIECEWISE_BEZIER_KNOTS.) CURVE() GEOMETRIC_REPRESENTATION_ITEM() 
RATIONAL_B_SPLINE_CURVE((1.,0.576294462814,1.,0.576294462814,1.,
0.576294462814,1.)) REPRESENTATION_ITEM('') );
#241 = CARTESIAN_POINT('',(0.211925678069,5.905511811024E-02));
#242 = CARTESIAN_POINT('',(0.128179722874,0.359586535338));
#243 = CARTESIAN_POINT('',(-0.126784781819,0.179793267669));
#244 = CARTESIAN_POINT('',(-0.381749286512,-4.440892098501E-16));
#245 = CARTESIAN_POINT('',(-0.126784781819,-0.179793267669));
#246 = CARTESIAN_POINT('',(0.128179722874,-0.359586535338));
#247 = CARTESIAN_POINT('',(0.211925678069,-5.905511811024E-02));
#248 = ( GEOMETRIC_REPRESENTATION_CONTEXT(2) 
PARAMETRIC_REPRESENTATION_CONTEXT() REPRESENTATION_CONTEXT('2D SPACE',''
  ) );
#249 = ORIENTED_EDGE('',*,*,#250,.F.);
#250 = EDGE_CURVE('',#76,#209,#251,.T.);
#251 = SURFACE_CURVE('',#252,(#255,#262),.PCURVE_S1.);
#252 = B_SPLINE_CURVE_WITH_KNOTS('',1,(#253,#254),.UNSPECIFIED.,.F.,.F.,
  (2,2),(-4.,0.),.PIECEWISE_BEZIER_KNOTS.);
#253 = CARTESIAN_POINT('',(90.837250192347,-43.8,191.34303941354));
#254 = CARTESIAN_POINT('',(90.837250192347,-145.4,191.34303941354));
#255 = PCURVE('',#106,#256);
#256 = DEFINITIONAL_REPRESENTATION('',(#257),#261);
#257 = B_SPLINE_CURVE_WITH_KNOTS('',2,(#258,#259,#260),.UNSPECIFIED.,.F.
  ,.F.,(3,3),(-4.,0.),.PIECEWISE_BEZIER_KNOTS.);
#258 = CARTESIAN_POINT('',(0.271765289706,-4.));
#259 = CARTESIAN_POINT('',(0.271765289706,-2.));
#260 = CARTESIAN_POINT('',(0.271765289706,2.775557561563E-16));
#261 = ( GEOMETRIC_REPRESENTATION_CONTEXT(2) 
PARAMETRIC_REPRESENTATION_CONTEXT() REPRESENTATION_CONTEXT('2D SPACE',''
  ) );
#262 = PCURVE('',#194,#263);
#263 = DEFINITIONAL_REPRESENTATION('',(#264),#267);
#264 = B_SPLINE_CURVE_WITH_KNOTS('',1,(#265,#266),.UNSPECIFIED.,.F.,.F.,
  (2,2),(-4.,0.),.PIECEWISE_BEZIER_KNOTS.);
#265 = CARTESIAN_POINT('',(4.,0.211925678069));
#266 = CARTESIAN_POINT('',(0.,0.211925678069));
#267 = ( GEOMETRIC_REPRESENTATION_CONTEXT(2) 
PARAMETRIC_REPRESENTATION_CONTEXT() REPRESENTATION_CONTEXT('2D SPACE',''
  ) );
#268 = ORIENTED_EDGE('',*,*,#75,.T.);
#269 = ORIENTED_EDGE('',*,*,#270,.T.);
#270 = EDGE_CURVE('',#78,#211,#271,.T.);
#271 = SURFACE_CURVE('',#272,(#275,#282),.PCURVE_S1.);
#272 = B_SPLINE_CURVE_WITH_KNOTS('',1,(#273,#274),.UNSPECIFIED.,.F.,.F.,
  (2,2),(-4.,0.),.PIECEWISE_BEZIER_KNOTS.);
#273 = CARTESIAN_POINT('',(88.055698628647,-43.8,192.46685919379));
#274 = CARTESIAN_POINT('',(88.055698628647,-145.4,192.46685919379));
#275 = PCURVE('',#106,#276);
#276 = DEFINITIONAL_REPRESENTATION('',(#277),#281);
#277 = B_SPLINE_CURVE_WITH_KNOTS('',2,(#278,#279,#280),.UNSPECIFIED.,.F.
  ,.F.,(3,3),(-4.,0.),.PIECEWISE_BEZIER_KNOTS.);
#278 = CARTESIAN_POINT('',(6.011420017474,-4.));
#279 = CARTESIAN_POINT('',(6.011420017474,-2.));
#280 = CARTESIAN_POINT('',(6.011420017474,-4.440892098501E-16));
#281 = ( GEOMETRIC_REPRESENTATION_CONTEXT(2) 
PARAMETRIC_REPRESENTATION_CONTEXT() REPRESENTATION_CONTEXT('2D SPACE',''
  ) );
#282 = PCURVE('',#146,#283);
#283 = DEFINITIONAL_REPRESENTATION('',(#284),#287);
#284 = B_SPLINE_CURVE_WITH_KNOTS('',1,(#285,#286),.UNSPECIFIED.,.F.,.F.,
  (2,2),(-4.,0.),.PIECEWISE_BEZIER_KNOTS.);
#285 = CARTESIAN_POINT('',(4.,0.211925678069));
#286 = CARTESIAN_POINT('',(0.,0.211925678069));
#287 = ( GEOMETRIC_REPRESENTATION_CONTEXT(2) 
PARAMETRIC_REPRESENTATION_CONTEXT() REPRESENTATION_CONTEXT('2D SPACE',''
  ) );
#288 = ADVANCED_FACE('',(#289),#194,.T.);
#289 = FACE_BOUND('',#290,.T.);
#290 = EDGE_LOOP('',(#291,#311,#312,#313));
#291 = ORIENTED_EDGE('',*,*,#292,.F.);
#292 = EDGE_CURVE('',#209,#293,#295,.T.);
#293 = VERTEX_POINT('',#294);
#294 = CARTESIAN_POINT('',(123.74085320689,-145.4,272.78231466488));
#295 = SURFACE_CURVE('',#296,(#299,#305),.PCURVE_S1.);
#296 = B_SPLINE_CURVE_WITH_KNOTS('',1,(#297,#298),.UNSPECIFIED.,.F.,.F.,
  (2,2),(0.211925678069,3.67),.PIECEWISE_BEZIER_KNOTS.);
#297 = CARTESIAN_POINT('',(90.837250192347,-145.4,191.34303941354));
#298 = CARTESIAN_POINT('',(123.74085320689,-145.4,272.78231466488));
#299 = PCURVE('',#194,#300);
#300 = DEFINITIONAL_REPRESENTATION('',(#301),#304);
#301 = B_SPLINE_CURVE_WITH_KNOTS('',1,(#302,#303),.UNSPECIFIED.,.F.,.F.,
  (2,2),(0.211925678069,3.67),.PIECEWISE_BEZIER_KNOTS.);
#302 = CARTESIAN_POINT('',(0.,0.211925678069));
#303 = CARTESIAN_POINT('',(0.,3.67));
#304 = ( GEOMETRIC_REPRESENTATION_CONTEXT(2) 
PARAMETRIC_REPRESENTATION_CONTEXT() REPRESENTATION_CONTEXT('2D SPACE',''
  ) );
#305 = PCURVE('',#234,#306);
#306 = DEFINITIONAL_REPRESENTATION('',(#307),#310);
#307 = B_SPLINE_CURVE_WITH_KNOTS('',1,(#308,#309),.UNSPECIFIED.,.F.,.F.,
  (2,2),(0.211925678069,3.67),.PIECEWISE_BEZIER_KNOTS.);
#308 = CARTESIAN_POINT('',(0.211925678069,5.905511811023E-02));
#309 = CARTESIAN_POINT('',(3.67,5.905511811024E-02));
#310 = ( GEOMETRIC_REPRESENTATION_CONTEXT(2) 
PARAMETRIC_REPRESENTATION_CONTEXT() REPRESENTATION_CONTEXT('2D SPACE',''
  ) );
#311 = ORIENTED_EDGE('',*,*,#250,.F.);
#312 = ORIENTED_EDGE('',*,*,#182,.T.);
#313 = ORIENTED_EDGE('',*,*,#314,.F.);
#314 = EDGE_CURVE('',#293,#158,#315,.T.);
#315 = SURFACE_CURVE('',#316,(#319,#325),.PCURVE_S1.);
#316 = B_SPLINE_CURVE_WITH_KNOTS('',1,(#317,#318),.UNSPECIFIED.,.F.,.F.,
  (2,2),(0.,4.),.PIECEWISE_BEZIER_KNOTS.);
#317 = CARTESIAN_POINT('',(123.74085320689,-145.4,272.78231466488));
#318 = CARTESIAN_POINT('',(123.74085320689,-43.8,272.78231466488));
#319 = PCURVE('',#194,#320);
#320 = DEFINITIONAL_REPRESENTATION('',(#321),#324);
#321 = B_SPLINE_CURVE_WITH_KNOTS('',1,(#322,#323),.UNSPECIFIED.,.F.,.F.,
  (2,2),(0.,4.),.PIECEWISE_BEZIER_KNOTS.);
#322 = CARTESIAN_POINT('',(0.,3.67));
#323 = CARTESIAN_POINT('',(4.,3.67));
#324 = ( GEOMETRIC_REPRESENTATION_CONTEXT(2) 
PARAMETRIC_REPRESENTATION_CONTEXT() REPRESENTATION_CONTEXT('2D SPACE',''
  ) );
#325 = PCURVE('',#171,#326);
#326 = DEFINITIONAL_REPRESENTATION('',(#327),#330);
#327 = B_SPLINE_CURVE_WITH_KNOTS('',1,(#328,#329),.UNSPECIFIED.,.F.,.F.,
  (2,2),(0.,4.),.PIECEWISE_BEZIER_KNOTS.);
#328 = CARTESIAN_POINT('',(0.,-0.11811023622));
#329 = CARTESIAN_POINT('',(4.,-0.11811023622));
#330 = ( GEOMETRIC_REPRESENTATION_CONTEXT(2) 
PARAMETRIC_REPRESENTATION_CONTEXT() REPRESENTATION_CONTEXT('2D SPACE',''
  ) );
#331 = ADVANCED_FACE('',(#332),#171,.T.);
#332 = FACE_BOUND('',#333,.T.);
#333 = EDGE_LOOP('',(#334,#354,#372,#373));
#334 = ORIENTED_EDGE('',*,*,#335,.F.);
#335 = EDGE_CURVE('',#336,#133,#338,.T.);
#336 = VERTEX_POINT('',#337);
#337 = CARTESIAN_POINT('',(120.95930164319,-145.4,273.90613444513));
#338 = SURFACE_CURVE('',#339,(#342,#348),.PCURVE_S1.);
#339 = B_SPLINE_CURVE_WITH_KNOTS('',1,(#340,#341),.UNSPECIFIED.,.F.,.F.,
  (2,2),(0.,4.),.PIECEWISE_BEZIER_KNOTS.);
#340 = CARTESIAN_POINT('',(120.95930164319,-145.4,273.90613444513));
#341 = CARTESIAN_POINT('',(120.95930164319,-43.8,273.90613444513));
#342 = PCURVE('',#171,#343);
#343 = DEFINITIONAL_REPRESENTATION('',(#344),#347);
#344 = B_SPLINE_CURVE_WITH_KNOTS('',1,(#345,#346),.UNSPECIFIED.,.F.,.F.,
  (2,2),(0.,4.),.PIECEWISE_BEZIER_KNOTS.);
#345 = CARTESIAN_POINT('',(0.,0.));
#346 = CARTESIAN_POINT('',(4.,0.));
#347 = ( GEOMETRIC_REPRESENTATION_CONTEXT(2) 
PARAMETRIC_REPRESENTATION_CONTEXT() REPRESENTATION_CONTEXT('2D SPACE',''
  ) );
#348 = PCURVE('',#146,#349);
#349 = DEFINITIONAL_REPRESENTATION('',(#350),#353);
#350 = B_SPLINE_CURVE_WITH_KNOTS('',1,(#351,#352),.UNSPECIFIED.,.F.,.F.,
  (2,2),(0.,4.),.PIECEWISE_BEZIER_KNOTS.);
#351 = CARTESIAN_POINT('',(0.,3.67));
#352 = CARTESIAN_POINT('',(4.,3.67));
#353 = ( GEOMETRIC_REPRESENTATION_CONTEXT(2) 
PARAMETRIC_REPRESENTATION_CONTEXT() REPRESENTATION_CONTEXT('2D SPACE',''
  ) );
#354 = ORIENTED_EDGE('',*,*,#355,.T.);
#355 = EDGE_CURVE('',#336,#293,#356,.T.);
#356 = SURFACE_CURVE('',#357,(#360,#366),.PCURVE_S1.);
#357 = B_SPLINE_CURVE_WITH_KNOTS('',1,(#358,#359),.UNSPECIFIED.,.F.,.F.,
  (2,2),(0.,0.11811023622),.PIECEWISE_BEZIER_KNOTS.);
#358 = CARTESIAN_POINT('',(120.95930164319,-145.4,273.90613444513));
#359 = CARTESIAN_POINT('',(123.74085320689,-145.4,272.78231466488));
#360 = PCURVE('',#171,#361);
#361 = DEFINITIONAL_REPRESENTATION('',(#362),#365);
#362 = B_SPLINE_CURVE_WITH_KNOTS('',1,(#363,#364),.UNSPECIFIED.,.F.,.F.,
  (2,2),(0.,0.11811023622),.PIECEWISE_BEZIER_KNOTS.);
#363 = CARTESIAN_POINT('',(0.,0.));
#364 = CARTESIAN_POINT('',(0.,-0.11811023622));
#365 = ( GEOMETRIC_REPRESENTATION_CONTEXT(2) 
PARAMETRIC_REPRESENTATION_CONTEXT() REPRESENTATION_CONTEXT('2D SPACE',''
  ) );
#366 = PCURVE('',#234,#367);
#367 = DEFINITIONAL_REPRESENTATION('',(#368),#371);
#368 = B_SPLINE_CURVE_WITH_KNOTS('',1,(#369,#370),.UNSPECIFIED.,.F.,.F.,
  (2,2),(0.,0.11811023622),.PIECEWISE_BEZIER_KNOTS.);
#369 = CARTESIAN_POINT('',(3.67,-5.905511811024E-02));
#370 = CARTESIAN_POINT('',(3.67,5.905511811024E-02));
#371 = ( GEOMETRIC_REPRESENTATION_CONTEXT(2) 
PARAMETRIC_REPRESENTATION_CONTEXT() REPRESENTATION_CONTEXT('2D SPACE',''
  ) );
#372 = ORIENTED_EDGE('',*,*,#314,.T.);
#373 = ORIENTED_EDGE('',*,*,#157,.F.);
#374 = ADVANCED_FACE('',(#375),#146,.F.);
#375 = FACE_BOUND('',#376,.F.);
#376 = EDGE_LOOP('',(#377,#395,#396,#397));
#377 = ORIENTED_EDGE('',*,*,#378,.F.);
#378 = EDGE_CURVE('',#211,#336,#379,.T.);
#379 = SURFACE_CURVE('',#380,(#383,#389),.PCURVE_S1.);
#380 = B_SPLINE_CURVE_WITH_KNOTS('',1,(#381,#382),.UNSPECIFIED.,.F.,.F.,
  (2,2),(0.211925678069,3.67),.PIECEWISE_BEZIER_KNOTS.);
#381 = CARTESIAN_POINT('',(88.055698628647,-145.4,192.46685919379));
#382 = CARTESIAN_POINT('',(120.95930164319,-145.4,273.90613444513));
#383 = PCURVE('',#146,#384);
#384 = DEFINITIONAL_REPRESENTATION('',(#385),#388);
#385 = B_SPLINE_CURVE_WITH_KNOTS('',1,(#386,#387),.UNSPECIFIED.,.F.,.F.,
  (2,2),(0.211925678069,3.67),.PIECEWISE_BEZIER_KNOTS.);
#386 = CARTESIAN_POINT('',(0.,0.211925678069));
#387 = CARTESIAN_POINT('',(0.,3.67));
#388 = ( GEOMETRIC_REPRESENTATION_CONTEXT(2) 
PARAMETRIC_REPRESENTATION_CONTEXT() REPRESENTATION_CONTEXT('2D SPACE',''
  ) );
#389 = PCURVE('',#234,#390);
#390 = DEFINITIONAL_REPRESENTATION('',(#391),#394);
#391 = B_SPLINE_CURVE_WITH_KNOTS('',1,(#392,#393),.UNSPECIFIED.,.F.,.F.,
  (2,2),(0.211925678069,3.67),.PIECEWISE_BEZIER_KNOTS.);
#392 = CARTESIAN_POINT('',(0.211925678069,-5.905511811024E-02));
#393 = CARTESIAN_POINT('',(3.67,-5.905511811024E-02));
#394 = ( GEOMETRIC_REPRESENTATION_CONTEXT(2) 
PARAMETRIC_REPRESENTATION_CONTEXT() REPRESENTATION_CONTEXT('2D SPACE',''
  ) );
#395 = ORIENTED_EDGE('',*,*,#270,.F.);
#396 = ORIENTED_EDGE('',*,*,#132,.T.);
#397 = ORIENTED_EDGE('',*,*,#335,.F.);
#398 = ADVANCED_FACE('',(#399),#234,.F.);
#399 = FACE_BOUND('',#400,.F.);
#400 = EDGE_LOOP('',(#401,#402,#403,#404));
#401 = ORIENTED_EDGE('',*,*,#208,.T.);
#402 = ORIENTED_EDGE('',*,*,#378,.T.);
#403 = ORIENTED_EDGE('',*,*,#355,.T.);
#404 = ORIENTED_EDGE('',*,*,#292,.F.);
#405 = ( GEOMETRIC_REPRESENTATION_CONTEXT(3) 
GLOBAL_UNCERTAINTY_ASSIGNED_CONTEXT((#409)) GLOBAL_UNIT_ASSIGNED_CONTEXT
((#406,#407,#408)) REPRESENTATION_CONTEXT('Context #1',
  '3D Context with UNIT and UNCERTAINTY') );
#406 = ( LENGTH_UNIT() NAMED_UNIT(*) SI_UNIT(.MILLI.,.METRE.) );
#407 = ( NAMED_UNIT(*) PLANE_ANGLE_UNIT() SI_UNIT($,.RADIAN.) );
#408 = ( NAMED_UNIT(*) SI_UNIT($,.STERADIAN.) SOLID_ANGLE_UNIT() );
#409 = UNCERTAINTY_MEASURE_WITH_UNIT(LENGTH_MEASURE(2.E-06),#406,
  'distance_accuracy_value','confusion accuracy');
#410 = CONTEXT_DEPENDENT_SHAPE_REPRESENTATION(#411,#413);
#411 = ( REPRESENTATION_RELATIONSHIP('','',#68,#10) 
REPRESENTATION_RELATIONSHIP_WITH_TRANSFORMATION(#412) 
SHAPE_REPRESENTATION_RELATIONSHIP() );
#412 = ITEM_DEFINED_TRANSFORMATION('','',#11,#15);
#413 = PRODUCT_DEFINITION_SHAPE('Placement','Placement of an item',#414
  );
#414 = NEXT_ASSEMBLY_USAGE_OCCURRENCE('1',
'flap_L (print, PETG 3 mm, a knuckle on an M4 shoulder-screw hinge pin, 
a torsion spring, a notch for the latch)','',#5,#63,$);
#415 = PRODUCT_RELATED_PRODUCT_CATEGORY('part',$,(#65));
#416 = SHAPE_DEFINITION_REPRESENTATION(#417,#423);
#417 = PRODUCT_DEFINITION_SHAPE('','',#418);
#418 = PRODUCT_DEFINITION('design','',#419,#422);
#419 = PRODUCT_DEFINITION_FORMATION('','',#420);
#420 = PRODUCT(
  'flap_foam_L (0.5 in EVA or polyethylene foam, contact cement)',
  'flap_foam_L (0.5 in EVA or polyethylene foam, contact cement)','',(
    #421));
#421 = PRODUCT_CONTEXT('',#2,'mechanical');
#422 = PRODUCT_DEFINITION_CONTEXT('part definition',#2,'design');
#423 = ADVANCED_BREP_SHAPE_REPRESENTATION('',(#11,#424),#718);
#424 = MANIFOLD_SOLID_BREP('',#425);
#425 = CLOSED_SHELL('',(#426,#534,#622,#663,#704,#711));
#426 = ADVANCED_FACE('',(#427),#440,.F.);
#427 = FACE_BOUND('',#428,.F.);
#428 = EDGE_LOOP('',(#429,#461,#486,#511));
#429 = ORIENTED_EDGE('',*,*,#430,.F.);
#430 = EDGE_CURVE('',#431,#433,#435,.T.);
#431 = VERTEX_POINT('',#432);
#432 = CARTESIAN_POINT('',(75.691240386066,-144.13,195.7659841124));
#433 = VERTEX_POINT('',#434);
#434 = CARTESIAN_POINT('',(75.691240386066,-45.07,195.7659841124));
#435 = SURFACE_CURVE('',#436,(#439,#450),.PCURVE_S1.);
#436 = B_SPLINE_CURVE_WITH_KNOTS('',1,(#437,#438),.UNSPECIFIED.,.F.,.F.,
  (2,2),(0.,3.9),.PIECEWISE_BEZIER_KNOTS.);
#437 = CARTESIAN_POINT('',(75.691240386066,-144.13,195.7659841124));
#438 = CARTESIAN_POINT('',(75.691240386066,-45.07,195.7659841124));
#439 = PCURVE('',#440,#445);
#440 = B_SPLINE_SURFACE_WITH_KNOTS('',1,1,(
    (#441,#442)
    ,(#443,#444
    )),.UNSPECIFIED.,.F.,.F.,.F.,(2,2),(2,2),(0.,3.9),(-0.5,0.),
  .PIECEWISE_BEZIER_KNOTS.);
#441 = CARTESIAN_POINT('',(87.466475339064,-144.13,191.00848037602));
#442 = CARTESIAN_POINT('',(75.691240386066,-144.13,195.7659841124));
#443 = CARTESIAN_POINT('',(87.466475339064,-45.07,191.00848037602));
#444 = CARTESIAN_POINT('',(75.691240386066,-45.07,195.7659841124));
#445 = DEFINITIONAL_REPRESENTATION('',(#446),#449);
#446 = B_SPLINE_CURVE_WITH_KNOTS('',1,(#447,#448),.UNSPECIFIED.,.F.,.F.,
  (2,2),(0.,3.9),.PIECEWISE_BEZIER_KNOTS.);
#447 = CARTESIAN_POINT('',(0.,0.));
#448 = CARTESIAN_POINT('',(3.9,0.));
#449 = ( GEOMETRIC_REPRESENTATION_CONTEXT(2) 
PARAMETRIC_REPRESENTATION_CONTEXT() REPRESENTATION_CONTEXT('2D SPACE',''
  ) );
#450 = PCURVE('',#451,#456);
#451 = B_SPLINE_SURFACE_WITH_KNOTS('',1,1,(
    (#452,#453)
    ,(#454,#455
    )),.UNSPECIFIED.,.F.,.F.,.F.,(2,2),(2,2),(0.,3.9),(0.,3.52),
  .PIECEWISE_BEZIER_KNOTS.);
#452 = CARTESIAN_POINT('',(75.691240386066,-144.13,195.7659841124));
#453 = CARTESIAN_POINT('',(109.18406669019,-144.13,278.66363818151));
#454 = CARTESIAN_POINT('',(75.691240386066,-45.07,195.7659841124));
#455 = CARTESIAN_POINT('',(109.18406669019,-45.07,278.66363818151));
#456 = DEFINITIONAL_REPRESENTATION('',(#457),#460);
#457 = B_SPLINE_CURVE_WITH_KNOTS('',1,(#458,#459),.UNSPECIFIED.,.F.,.F.,
  (2,2),(0.,3.9),.PIECEWISE_BEZIER_KNOTS.);
#458 = CARTESIAN_POINT('',(0.,0.));
#459 = CARTESIAN_POINT('',(3.9,0.));
#460 = ( GEOMETRIC_REPRESENTATION_CONTEXT(2) 
PARAMETRIC_REPRESENTATION_CONTEXT() REPRESENTATION_CONTEXT('2D SPACE',''
  ) );
#461 = ORIENTED_EDGE('',*,*,#462,.T.);
#462 = EDGE_CURVE('',#431,#463,#465,.T.);
#463 = VERTEX_POINT('',#464);
#464 = CARTESIAN_POINT('',(87.466475339064,-144.13,191.00848037602));
#465 = SURFACE_CURVE('',#466,(#469,#475),.PCURVE_S1.);
#466 = B_SPLINE_CURVE_WITH_KNOTS('',1,(#467,#468),.UNSPECIFIED.,.F.,.F.,
  (2,2),(0.,0.5),.PIECEWISE_BEZIER_KNOTS.);
#467 = CARTESIAN_POINT('',(75.691240386066,-144.13,195.7659841124));
#468 = CARTESIAN_POINT('',(87.466475339064,-144.13,191.00848037602));
#469 = PCURVE('',#440,#470);
#470 = DEFINITIONAL_REPRESENTATION('',(#471),#474);
#471 = B_SPLINE_CURVE_WITH_KNOTS('',1,(#472,#473),.UNSPECIFIED.,.F.,.F.,
  (2,2),(0.,0.5),.PIECEWISE_BEZIER_KNOTS.);
#472 = CARTESIAN_POINT('',(0.,0.));
#473 = CARTESIAN_POINT('',(0.,-0.5));
#474 = ( GEOMETRIC_REPRESENTATION_CONTEXT(2) 
PARAMETRIC_REPRESENTATION_CONTEXT() REPRESENTATION_CONTEXT('2D SPACE',''
  ) );
#475 = PCURVE('',#476,#481);
#476 = B_SPLINE_SURFACE_WITH_KNOTS('',1,1,(
    (#477,#478)
    ,(#479,#480
    )),.UNSPECIFIED.,.F.,.F.,.F.,(2,2),(2,2),(0.,3.52),(0.,0.5),
  .PIECEWISE_BEZIER_KNOTS.);
#477 = CARTESIAN_POINT('',(75.691240386066,-144.13,195.7659841124));
#478 = CARTESIAN_POINT('',(87.466475339064,-144.13,191.00848037602));
#479 = CARTESIAN_POINT('',(109.18406669019,-144.13,278.66363818151));
#480 = CARTESIAN_POINT('',(120.95930164319,-144.13,273.90613444513));
#481 = DEFINITIONAL_REPRESENTATION('',(#482),#485);
#482 = B_SPLINE_CURVE_WITH_KNOTS('',1,(#483,#484),.UNSPECIFIED.,.F.,.F.,
  (2,2),(0.,0.5),.PIECEWISE_BEZIER_KNOTS.);
#483 = CARTESIAN_POINT('',(0.,0.));
#484 = CARTESIAN_POINT('',(1.7763568394E-15,0.5));
#485 = ( GEOMETRIC_REPRESENTATION_CONTEXT(2) 
PARAMETRIC_REPRESENTATION_CONTEXT() REPRESENTATION_CONTEXT('2D SPACE',''
  ) );
#486 = ORIENTED_EDGE('',*,*,#487,.T.);
#487 = EDGE_CURVE('',#463,#488,#490,.T.);
#488 = VERTEX_POINT('',#489);
#489 = CARTESIAN_POINT('',(87.466475339064,-45.07,191.00848037602));
#490 = SURFACE_CURVE('',#491,(#494,#500),.PCURVE_S1.);
#491 = B_SPLINE_CURVE_WITH_KNOTS('',1,(#492,#493),.UNSPECIFIED.,.F.,.F.,
  (2,2),(0.,3.9),.PIECEWISE_BEZIER_KNOTS.);
#492 = CARTESIAN_POINT('',(87.466475339064,-144.13,191.00848037602));
#493 = CARTESIAN_POINT('',(87.466475339064,-45.07,191.00848037602));
#494 = PCURVE('',#440,#495);
#495 = DEFINITIONAL_REPRESENTATION('',(#496),#499);
#496 = B_SPLINE_CURVE_WITH_KNOTS('',1,(#497,#498),.UNSPECIFIED.,.F.,.F.,
  (2,2),(0.,3.9),.PIECEWISE_BEZIER_KNOTS.);
#497 = CARTESIAN_POINT('',(0.,-0.5));
#498 = CARTESIAN_POINT('',(3.9,-0.5));
#499 = ( GEOMETRIC_REPRESENTATION_CONTEXT(2) 
PARAMETRIC_REPRESENTATION_CONTEXT() REPRESENTATION_CONTEXT('2D SPACE',''
  ) );
#500 = PCURVE('',#501,#506);
#501 = B_SPLINE_SURFACE_WITH_KNOTS('',1,1,(
    (#502,#503)
    ,(#504,#505
    )),.UNSPECIFIED.,.F.,.F.,.F.,(2,2),(2,2),(0.,3.9),(0.,3.52),
  .PIECEWISE_BEZIER_KNOTS.);
#502 = CARTESIAN_POINT('',(87.466475339064,-144.13,191.00848037602));
#503 = CARTESIAN_POINT('',(120.95930164319,-144.13,273.90613444513));
#504 = CARTESIAN_POINT('',(87.466475339064,-45.07,191.00848037602));
#505 = CARTESIAN_POINT('',(120.95930164319,-45.07,273.90613444513));
#506 = DEFINITIONAL_REPRESENTATION('',(#507),#510);
#507 = B_SPLINE_CURVE_WITH_KNOTS('',1,(#508,#509),.UNSPECIFIED.,.F.,.F.,
  (2,2),(0.,3.9),.PIECEWISE_BEZIER_KNOTS.);
#508 = CARTESIAN_POINT('',(0.,0.));
#509 = CARTESIAN_POINT('',(3.9,0.));
#510 = ( GEOMETRIC_REPRESENTATION_CONTEXT(2) 
PARAMETRIC_REPRESENTATION_CONTEXT() REPRESENTATION_CONTEXT('2D SPACE',''
  ) );
#511 = ORIENTED_EDGE('',*,*,#512,.F.);
#512 = EDGE_CURVE('',#433,#488,#513,.T.);
#513 = SURFACE_CURVE('',#514,(#517,#523),.PCURVE_S1.);
#514 = B_SPLINE_CURVE_WITH_KNOTS('',1,(#515,#516),.UNSPECIFIED.,.F.,.F.,
  (2,2),(0.,0.5),.PIECEWISE_BEZIER_KNOTS.);
#515 = CARTESIAN_POINT('',(75.691240386066,-45.07,195.7659841124));
#516 = CARTESIAN_POINT('',(87.466475339064,-45.07,191.00848037602));
#517 = PCURVE('',#440,#518);
#518 = DEFINITIONAL_REPRESENTATION('',(#519),#522);
#519 = B_SPLINE_CURVE_WITH_KNOTS('',1,(#520,#521),.UNSPECIFIED.,.F.,.F.,
  (2,2),(0.,0.5),.PIECEWISE_BEZIER_KNOTS.);
#520 = CARTESIAN_POINT('',(3.9,0.));
#521 = CARTESIAN_POINT('',(3.9,-0.5));
#522 = ( GEOMETRIC_REPRESENTATION_CONTEXT(2) 
PARAMETRIC_REPRESENTATION_CONTEXT() REPRESENTATION_CONTEXT('2D SPACE',''
  ) );
#523 = PCURVE('',#524,#529);
#524 = B_SPLINE_SURFACE_WITH_KNOTS('',1,1,(
    (#525,#526)
    ,(#527,#528
    )),.UNSPECIFIED.,.F.,.F.,.F.,(2,2),(2,2),(0.,3.52),(0.,0.5),
  .PIECEWISE_BEZIER_KNOTS.);
#525 = CARTESIAN_POINT('',(75.691240386066,-45.07,195.7659841124));
#526 = CARTESIAN_POINT('',(87.466475339064,-45.07,191.00848037602));
#527 = CARTESIAN_POINT('',(109.18406669019,-45.07,278.66363818151));
#528 = CARTESIAN_POINT('',(120.95930164319,-45.07,273.90613444513));
#529 = DEFINITIONAL_REPRESENTATION('',(#530),#533);
#530 = B_SPLINE_CURVE_WITH_KNOTS('',1,(#531,#532),.UNSPECIFIED.,.F.,.F.,
  (2,2),(0.,0.5),.PIECEWISE_BEZIER_KNOTS.);
#531 = CARTESIAN_POINT('',(0.,0.));
#532 = CARTESIAN_POINT('',(1.7763568394E-15,0.5));
#533 = ( GEOMETRIC_REPRESENTATION_CONTEXT(2) 
PARAMETRIC_REPRESENTATION_CONTEXT() REPRESENTATION_CONTEXT('2D SPACE',''
  ) );
#534 = ADVANCED_FACE('',(#535),#548,.T.);
#535 = FACE_BOUND('',#536,.T.);
#536 = EDGE_LOOP('',(#537,#564,#584,#604));
#537 = ORIENTED_EDGE('',*,*,#538,.F.);
#538 = EDGE_CURVE('',#539,#541,#543,.T.);
#539 = VERTEX_POINT('',#540);
#540 = CARTESIAN_POINT('',(109.18406669019,-144.13,278.66363818151));
#541 = VERTEX_POINT('',#542);
#542 = CARTESIAN_POINT('',(109.18406669019,-45.07,278.66363818151));
#543 = SURFACE_CURVE('',#544,(#547,#558),.PCURVE_S1.);
#544 = B_SPLINE_CURVE_WITH_KNOTS('',1,(#545,#546),.UNSPECIFIED.,.F.,.F.,
  (2,2),(0.,3.9),.PIECEWISE_BEZIER_KNOTS.);
#545 = CARTESIAN_POINT('',(109.18406669019,-144.13,278.66363818151));
#546 = CARTESIAN_POINT('',(109.18406669019,-45.07,278.66363818151));
#547 = PCURVE('',#548,#553);
#548 = B_SPLINE_SURFACE_WITH_KNOTS('',1,1,(
    (#549,#550)
    ,(#551,#552
    )),.UNSPECIFIED.,.F.,.F.,.F.,(2,2),(2,2),(0.,3.9),(-0.5,0.),
  .PIECEWISE_BEZIER_KNOTS.);
#549 = CARTESIAN_POINT('',(120.95930164319,-144.13,273.90613444513));
#550 = CARTESIAN_POINT('',(109.18406669019,-144.13,278.66363818151));
#551 = CARTESIAN_POINT('',(120.95930164319,-45.07,273.90613444513));
#552 = CARTESIAN_POINT('',(109.18406669019,-45.07,278.66363818151));
#553 = DEFINITIONAL_REPRESENTATION('',(#554),#557);
#554 = B_SPLINE_CURVE_WITH_KNOTS('',1,(#555,#556),.UNSPECIFIED.,.F.,.F.,
  (2,2),(0.,3.9),.PIECEWISE_BEZIER_KNOTS.);
#555 = CARTESIAN_POINT('',(0.,0.));
#556 = CARTESIAN_POINT('',(3.9,0.));
#557 = ( GEOMETRIC_REPRESENTATION_CONTEXT(2) 
PARAMETRIC_REPRESENTATION_CONTEXT() REPRESENTATION_CONTEXT('2D SPACE',''
  ) );
#558 = PCURVE('',#451,#559);
#559 = DEFINITIONAL_REPRESENTATION('',(#560),#563);
#560 = B_SPLINE_CURVE_WITH_KNOTS('',1,(#561,#562),.UNSPECIFIED.,.F.,.F.,
  (2,2),(0.,3.9),.PIECEWISE_BEZIER_KNOTS.);
#561 = CARTESIAN_POINT('',(0.,3.52));
#562 = CARTESIAN_POINT('',(3.9,3.52));
#563 = ( GEOMETRIC_REPRESENTATION_CONTEXT(2) 
PARAMETRIC_REPRESENTATION_CONTEXT() REPRESENTATION_CONTEXT('2D SPACE',''
  ) );
#564 = ORIENTED_EDGE('',*,*,#565,.T.);
#565 = EDGE_CURVE('',#539,#566,#568,.T.);
#566 = VERTEX_POINT('',#567);
#567 = CARTESIAN_POINT('',(120.95930164319,-144.13,273.90613444513));
#568 = SURFACE_CURVE('',#569,(#572,#578),.PCURVE_S1.);
#569 = B_SPLINE_CURVE_WITH_KNOTS('',1,(#570,#571),.UNSPECIFIED.,.F.,.F.,
  (2,2),(0.,0.5),.PIECEWISE_BEZIER_KNOTS.);
#570 = CARTESIAN_POINT('',(109.18406669019,-144.13,278.66363818151));
#571 = CARTESIAN_POINT('',(120.95930164319,-144.13,273.90613444513));
#572 = PCURVE('',#548,#573);
#573 = DEFINITIONAL_REPRESENTATION('',(#574),#577);
#574 = B_SPLINE_CURVE_WITH_KNOTS('',1,(#575,#576),.UNSPECIFIED.,.F.,.F.,
  (2,2),(0.,0.5),.PIECEWISE_BEZIER_KNOTS.);
#575 = CARTESIAN_POINT('',(0.,0.));
#576 = CARTESIAN_POINT('',(0.,-0.5));
#577 = ( GEOMETRIC_REPRESENTATION_CONTEXT(2) 
PARAMETRIC_REPRESENTATION_CONTEXT() REPRESENTATION_CONTEXT('2D SPACE',''
  ) );
#578 = PCURVE('',#476,#579);
#579 = DEFINITIONAL_REPRESENTATION('',(#580),#583);
#580 = B_SPLINE_CURVE_WITH_KNOTS('',1,(#581,#582),.UNSPECIFIED.,.F.,.F.,
  (2,2),(0.,0.5),.PIECEWISE_BEZIER_KNOTS.);
#581 = CARTESIAN_POINT('',(3.52,1.7763568394E-15));
#582 = CARTESIAN_POINT('',(3.52,0.5));
#583 = ( GEOMETRIC_REPRESENTATION_CONTEXT(2) 
PARAMETRIC_REPRESENTATION_CONTEXT() REPRESENTATION_CONTEXT('2D SPACE',''
  ) );
#584 = ORIENTED_EDGE('',*,*,#585,.T.);
#585 = EDGE_CURVE('',#566,#586,#588,.T.);
#586 = VERTEX_POINT('',#587);
#587 = CARTESIAN_POINT('',(120.95930164319,-45.07,273.90613444513));
#588 = SURFACE_CURVE('',#589,(#592,#598),.PCURVE_S1.);
#589 = B_SPLINE_CURVE_WITH_KNOTS('',1,(#590,#591),.UNSPECIFIED.,.F.,.F.,
  (2,2),(0.,3.9),.PIECEWISE_BEZIER_KNOTS.);
#590 = CARTESIAN_POINT('',(120.95930164319,-144.13,273.90613444513));
#591 = CARTESIAN_POINT('',(120.95930164319,-45.07,273.90613444513));
#592 = PCURVE('',#548,#593);
#593 = DEFINITIONAL_REPRESENTATION('',(#594),#597);
#594 = B_SPLINE_CURVE_WITH_KNOTS('',1,(#595,#596),.UNSPECIFIED.,.F.,.F.,
  (2,2),(0.,3.9),.PIECEWISE_BEZIER_KNOTS.);
#595 = CARTESIAN_POINT('',(0.,-0.5));
#596 = CARTESIAN_POINT('',(3.9,-0.5));
#597 = ( GEOMETRIC_REPRESENTATION_CONTEXT(2) 
PARAMETRIC_REPRESENTATION_CONTEXT() REPRESENTATION_CONTEXT('2D SPACE',''
  ) );
#598 = PCURVE('',#501,#599);
#599 = DEFINITIONAL_REPRESENTATION('',(#600),#603);
#600 = B_SPLINE_CURVE_WITH_KNOTS('',1,(#601,#602),.UNSPECIFIED.,.F.,.F.,
  (2,2),(0.,3.9),.PIECEWISE_BEZIER_KNOTS.);
#601 = CARTESIAN_POINT('',(0.,3.52));
#602 = CARTESIAN_POINT('',(3.9,3.52));
#603 = ( GEOMETRIC_REPRESENTATION_CONTEXT(2) 
PARAMETRIC_REPRESENTATION_CONTEXT() REPRESENTATION_CONTEXT('2D SPACE',''
  ) );
#604 = ORIENTED_EDGE('',*,*,#605,.F.);
#605 = EDGE_CURVE('',#541,#586,#606,.T.);
#606 = SURFACE_CURVE('',#607,(#610,#616),.PCURVE_S1.);
#607 = B_SPLINE_CURVE_WITH_KNOTS('',1,(#608,#609),.UNSPECIFIED.,.F.,.F.,
  (2,2),(0.,0.5),.PIECEWISE_BEZIER_KNOTS.);
#608 = CARTESIAN_POINT('',(109.18406669019,-45.07,278.66363818151));
#609 = CARTESIAN_POINT('',(120.95930164319,-45.07,273.90613444513));
#610 = PCURVE('',#548,#611);
#611 = DEFINITIONAL_REPRESENTATION('',(#612),#615);
#612 = B_SPLINE_CURVE_WITH_KNOTS('',1,(#613,#614),.UNSPECIFIED.,.F.,.F.,
  (2,2),(0.,0.5),.PIECEWISE_BEZIER_KNOTS.);
#613 = CARTESIAN_POINT('',(3.9,0.));
#614 = CARTESIAN_POINT('',(3.9,-0.5));
#615 = ( GEOMETRIC_REPRESENTATION_CONTEXT(2) 
PARAMETRIC_REPRESENTATION_CONTEXT() REPRESENTATION_CONTEXT('2D SPACE',''
  ) );
#616 = PCURVE('',#524,#617);
#617 = DEFINITIONAL_REPRESENTATION('',(#618),#621);
#618 = B_SPLINE_CURVE_WITH_KNOTS('',1,(#619,#620),.UNSPECIFIED.,.F.,.F.,
  (2,2),(0.,0.5),.PIECEWISE_BEZIER_KNOTS.);
#619 = CARTESIAN_POINT('',(3.52,1.7763568394E-15));
#620 = CARTESIAN_POINT('',(3.52,0.5));
#621 = ( GEOMETRIC_REPRESENTATION_CONTEXT(2) 
PARAMETRIC_REPRESENTATION_CONTEXT() REPRESENTATION_CONTEXT('2D SPACE',''
  ) );
#622 = ADVANCED_FACE('',(#623),#451,.F.);
#623 = FACE_BOUND('',#624,.F.);
#624 = EDGE_LOOP('',(#625,#643,#644,#662));
#625 = ORIENTED_EDGE('',*,*,#626,.F.);
#626 = EDGE_CURVE('',#431,#539,#627,.T.);
#627 = SURFACE_CURVE('',#628,(#631,#637),.PCURVE_S1.);
#628 = B_SPLINE_CURVE_WITH_KNOTS('',1,(#629,#630),.UNSPECIFIED.,.F.,.F.,
  (2,2),(0.,3.52),.PIECEWISE_BEZIER_KNOTS.);
#629 = CARTESIAN_POINT('',(75.691240386066,-144.13,195.7659841124));
#630 = CARTESIAN_POINT('',(109.18406669019,-144.13,278.66363818151));
#631 = PCURVE('',#451,#632);
#632 = DEFINITIONAL_REPRESENTATION('',(#633),#636);
#633 = B_SPLINE_CURVE_WITH_KNOTS('',1,(#634,#635),.UNSPECIFIED.,.F.,.F.,
  (2,2),(0.,3.52),.PIECEWISE_BEZIER_KNOTS.);
#634 = CARTESIAN_POINT('',(0.,0.));
#635 = CARTESIAN_POINT('',(0.,3.52));
#636 = ( GEOMETRIC_REPRESENTATION_CONTEXT(2) 
PARAMETRIC_REPRESENTATION_CONTEXT() REPRESENTATION_CONTEXT('2D SPACE',''
  ) );
#637 = PCURVE('',#476,#638);
#638 = DEFINITIONAL_REPRESENTATION('',(#639),#642);
#639 = B_SPLINE_CURVE_WITH_KNOTS('',1,(#640,#641),.UNSPECIFIED.,.F.,.F.,
  (2,2),(0.,3.52),.PIECEWISE_BEZIER_KNOTS.);
#640 = CARTESIAN_POINT('',(0.,0.));
#641 = CARTESIAN_POINT('',(3.52,1.7763568394E-15));
#642 = ( GEOMETRIC_REPRESENTATION_CONTEXT(2) 
PARAMETRIC_REPRESENTATION_CONTEXT() REPRESENTATION_CONTEXT('2D SPACE',''
  ) );
#643 = ORIENTED_EDGE('',*,*,#430,.T.);
#644 = ORIENTED_EDGE('',*,*,#645,.T.);
#645 = EDGE_CURVE('',#433,#541,#646,.T.);
#646 = SURFACE_CURVE('',#647,(#650,#656),.PCURVE_S1.);
#647 = B_SPLINE_CURVE_WITH_KNOTS('',1,(#648,#649),.UNSPECIFIED.,.F.,.F.,
  (2,2),(0.,3.52),.PIECEWISE_BEZIER_KNOTS.);
#648 = CARTESIAN_POINT('',(75.691240386066,-45.07,195.7659841124));
#649 = CARTESIAN_POINT('',(109.18406669019,-45.07,278.66363818151));
#650 = PCURVE('',#451,#651);
#651 = DEFINITIONAL_REPRESENTATION('',(#652),#655);
#652 = B_SPLINE_CURVE_WITH_KNOTS('',1,(#653,#654),.UNSPECIFIED.,.F.,.F.,
  (2,2),(0.,3.52),.PIECEWISE_BEZIER_KNOTS.);
#653 = CARTESIAN_POINT('',(3.9,0.));
#654 = CARTESIAN_POINT('',(3.9,3.52));
#655 = ( GEOMETRIC_REPRESENTATION_CONTEXT(2) 
PARAMETRIC_REPRESENTATION_CONTEXT() REPRESENTATION_CONTEXT('2D SPACE',''
  ) );
#656 = PCURVE('',#524,#657);
#657 = DEFINITIONAL_REPRESENTATION('',(#658),#661);
#658 = B_SPLINE_CURVE_WITH_KNOTS('',1,(#659,#660),.UNSPECIFIED.,.F.,.F.,
  (2,2),(0.,3.52),.PIECEWISE_BEZIER_KNOTS.);
#659 = CARTESIAN_POINT('',(0.,0.));
#660 = CARTESIAN_POINT('',(3.52,1.7763568394E-15));
#661 = ( GEOMETRIC_REPRESENTATION_CONTEXT(2) 
PARAMETRIC_REPRESENTATION_CONTEXT() REPRESENTATION_CONTEXT('2D SPACE',''
  ) );
#662 = ORIENTED_EDGE('',*,*,#538,.F.);
#663 = ADVANCED_FACE('',(#664),#501,.T.);
#664 = FACE_BOUND('',#665,.T.);
#665 = EDGE_LOOP('',(#666,#684,#685,#703));
#666 = ORIENTED_EDGE('',*,*,#667,.F.);
#667 = EDGE_CURVE('',#463,#566,#668,.T.);
#668 = SURFACE_CURVE('',#669,(#672,#678),.PCURVE_S1.);
#669 = B_SPLINE_CURVE_WITH_KNOTS('',1,(#670,#671),.UNSPECIFIED.,.F.,.F.,
  (2,2),(0.,3.52),.PIECEWISE_BEZIER_KNOTS.);
#670 = CARTESIAN_POINT('',(87.466475339064,-144.13,191.00848037602));
#671 = CARTESIAN_POINT('',(120.95930164319,-144.13,273.90613444513));
#672 = PCURVE('',#501,#673);
#673 = DEFINITIONAL_REPRESENTATION('',(#674),#677);
#674 = B_SPLINE_CURVE_WITH_KNOTS('',1,(#675,#676),.UNSPECIFIED.,.F.,.F.,
  (2,2),(0.,3.52),.PIECEWISE_BEZIER_KNOTS.);
#675 = CARTESIAN_POINT('',(0.,0.));
#676 = CARTESIAN_POINT('',(0.,3.52));
#677 = ( GEOMETRIC_REPRESENTATION_CONTEXT(2) 
PARAMETRIC_REPRESENTATION_CONTEXT() REPRESENTATION_CONTEXT('2D SPACE',''
  ) );
#678 = PCURVE('',#476,#679);
#679 = DEFINITIONAL_REPRESENTATION('',(#680),#683);
#680 = B_SPLINE_CURVE_WITH_KNOTS('',1,(#681,#682),.UNSPECIFIED.,.F.,.F.,
  (2,2),(0.,3.52),.PIECEWISE_BEZIER_KNOTS.);
#681 = CARTESIAN_POINT('',(1.7763568394E-15,0.5));
#682 = CARTESIAN_POINT('',(3.52,0.5));
#683 = ( GEOMETRIC_REPRESENTATION_CONTEXT(2) 
PARAMETRIC_REPRESENTATION_CONTEXT() REPRESENTATION_CONTEXT('2D SPACE',''
  ) );
#684 = ORIENTED_EDGE('',*,*,#487,.T.);
#685 = ORIENTED_EDGE('',*,*,#686,.T.);
#686 = EDGE_CURVE('',#488,#586,#687,.T.);
#687 = SURFACE_CURVE('',#688,(#691,#697),.PCURVE_S1.);
#688 = B_SPLINE_CURVE_WITH_KNOTS('',1,(#689,#690),.UNSPECIFIED.,.F.,.F.,
  (2,2),(0.,3.52),.PIECEWISE_BEZIER_KNOTS.);
#689 = CARTESIAN_POINT('',(87.466475339064,-45.07,191.00848037602));
#690 = CARTESIAN_POINT('',(120.95930164319,-45.07,273.90613444513));
#691 = PCURVE('',#501,#692);
#692 = DEFINITIONAL_REPRESENTATION('',(#693),#696);
#693 = B_SPLINE_CURVE_WITH_KNOTS('',1,(#694,#695),.UNSPECIFIED.,.F.,.F.,
  (2,2),(0.,3.52),.PIECEWISE_BEZIER_KNOTS.);
#694 = CARTESIAN_POINT('',(3.9,0.));
#695 = CARTESIAN_POINT('',(3.9,3.52));
#696 = ( GEOMETRIC_REPRESENTATION_CONTEXT(2) 
PARAMETRIC_REPRESENTATION_CONTEXT() REPRESENTATION_CONTEXT('2D SPACE',''
  ) );
#697 = PCURVE('',#524,#698);
#698 = DEFINITIONAL_REPRESENTATION('',(#699),#702);
#699 = B_SPLINE_CURVE_WITH_KNOTS('',1,(#700,#701),.UNSPECIFIED.,.F.,.F.,
  (2,2),(0.,3.52),.PIECEWISE_BEZIER_KNOTS.);
#700 = CARTESIAN_POINT('',(1.7763568394E-15,0.5));
#701 = CARTESIAN_POINT('',(3.52,0.5));
#702 = ( GEOMETRIC_REPRESENTATION_CONTEXT(2) 
PARAMETRIC_REPRESENTATION_CONTEXT() REPRESENTATION_CONTEXT('2D SPACE',''
  ) );
#703 = ORIENTED_EDGE('',*,*,#585,.F.);
#704 = ADVANCED_FACE('',(#705),#476,.F.);
#705 = FACE_BOUND('',#706,.F.);
#706 = EDGE_LOOP('',(#707,#708,#709,#710));
#707 = ORIENTED_EDGE('',*,*,#462,.F.);
#708 = ORIENTED_EDGE('',*,*,#626,.T.);
#709 = ORIENTED_EDGE('',*,*,#565,.T.);
#710 = ORIENTED_EDGE('',*,*,#667,.F.);
#711 = ADVANCED_FACE('',(#712),#524,.T.);
#712 = FACE_BOUND('',#713,.T.);
#713 = EDGE_LOOP('',(#714,#715,#716,#717));
#714 = ORIENTED_EDGE('',*,*,#512,.F.);
#715 = ORIENTED_EDGE('',*,*,#645,.T.);
#716 = ORIENTED_EDGE('',*,*,#605,.T.);
#717 = ORIENTED_EDGE('',*,*,#686,.F.);
#718 = ( GEOMETRIC_REPRESENTATION_CONTEXT(3) 
GLOBAL_UNCERTAINTY_ASSIGNED_CONTEXT((#722)) GLOBAL_UNIT_ASSIGNED_CONTEXT
((#719,#720,#721)) REPRESENTATION_CONTEXT('Context #1',
  '3D Context with UNIT and UNCERTAINTY') );
#719 = ( LENGTH_UNIT() NAMED_UNIT(*) SI_UNIT(.MILLI.,.METRE.) );
#720 = ( NAMED_UNIT(*) PLANE_ANGLE_UNIT() SI_UNIT($,.RADIAN.) );
#721 = ( NAMED_UNIT(*) SI_UNIT($,.STERADIAN.) SOLID_ANGLE_UNIT() );
#722 = UNCERTAINTY_MEASURE_WITH_UNIT(LENGTH_MEASURE(2.E-06),#719,
  'distance_accuracy_value','confusion accuracy');
#723 = CONTEXT_DEPENDENT_SHAPE_REPRESENTATION(#724,#726);
#724 = ( REPRESENTATION_RELATIONSHIP('','',#423,#10) 
REPRESENTATION_RELATIONSHIP_WITH_TRANSFORMATION(#725) 
SHAPE_REPRESENTATION_RELATIONSHIP() );
#725 = ITEM_DEFINED_TRANSFORMATION('','',#11,#19);
#726 = PRODUCT_DEFINITION_SHAPE('Placement','Placement of an item',#727
  );
#727 = NEXT_ASSEMBLY_USAGE_OCCURRENCE('2',
  'flap_foam_L (0.5 in EVA or polyethylene foam, contact cement)','',#5,
  #418,$);
#728 = PRODUCT_RELATED_PRODUCT_CATEGORY('part',$,(#420));
#729 = SHAPE_DEFINITION_REPRESENTATION(#730,#736);
#730 = PRODUCT_DEFINITION_SHAPE('','',#731);
#731 = PRODUCT_DEFINITION('design','',#732,#735);
#732 = PRODUCT_DEFINITION_FORMATION('','',#733);
#733 = PRODUCT(
'flap_latch_servo_L (goBILDA 2000-0025-0003 or any standard-size servo: 
holds the flap folded until START)',
'flap_latch_servo_L (goBILDA 2000-0025-0003 or any standard-size servo: 
holds the flap folded until START)','',(#734));
#734 = PRODUCT_CONTEXT('',#2,'mechanical');
#735 = PRODUCT_DEFINITION_CONTEXT('part definition',#2,'design');
#736 = ADVANCED_BREP_SHAPE_REPRESENTATION('',(#11,#737),#1031);
#737 = MANIFOLD_SOLID_BREP('',#738);
#738 = CLOSED_SHELL('',(#739,#847,#935,#976,#1017,#1024));
#739 = ADVANCED_FACE('',(#740),#753,.F.);
#740 = FACE_BOUND('',#741,.F.);
#741 = EDGE_LOOP('',(#742,#774,#799,#824));
#742 = ORIENTED_EDGE('',*,*,#743,.F.);
#743 = EDGE_CURVE('',#744,#746,#748,.T.);
#744 = VERTEX_POINT('',#745);
#745 = CARTESIAN_POINT('',(90.13,-98.41,139.896));
#746 = VERTEX_POINT('',#747);
#747 = CARTESIAN_POINT('',(90.13,-61.41,139.896));
#748 = SURFACE_CURVE('',#749,(#752,#763),.PCURVE_S1.);
#749 = B_SPLINE_CURVE_WITH_KNOTS('',1,(#750,#751),.UNSPECIFIED.,.F.,.F.,
  (2,2),(0.,1.456692913386),.PIECEWISE_BEZIER_KNOTS.);
#750 = CARTESIAN_POINT('',(90.13,-98.41,139.896));
#751 = CARTESIAN_POINT('',(90.13,-61.41,139.896));
#752 = PCURVE('',#753,#758);
#753 = B_SPLINE_SURFACE_WITH_KNOTS('',1,1,(
    (#754,#755)
    ,(#756,#757
    )),.UNSPECIFIED.,.F.,.F.,.F.,(2,2),(2,2),(0.,1.456692913386),(
    -0.787401574803,0.),.PIECEWISE_BEZIER_KNOTS.);
#754 = CARTESIAN_POINT('',(110.13,-98.41,139.896));
#755 = CARTESIAN_POINT('',(90.13,-98.41,139.896));
#756 = CARTESIAN_POINT('',(110.13,-61.41,139.896));
#757 = CARTESIAN_POINT('',(90.13,-61.41,139.896));
#758 = DEFINITIONAL_REPRESENTATION('',(#759),#762);
#759 = B_SPLINE_CURVE_WITH_KNOTS('',1,(#760,#761),.UNSPECIFIED.,.F.,.F.,
  (2,2),(0.,1.456692913386),.PIECEWISE_BEZIER_KNOTS.);
#760 = CARTESIAN_POINT('',(0.,0.));
#761 = CARTESIAN_POINT('',(1.456692913386,0.));
#762 = ( GEOMETRIC_REPRESENTATION_CONTEXT(2) 
PARAMETRIC_REPRESENTATION_CONTEXT() REPRESENTATION_CONTEXT('2D SPACE',''
  ) );
#763 = PCURVE('',#764,#769);
#764 = B_SPLINE_SURFACE_WITH_KNOTS('',1,1,(
    (#765,#766)
    ,(#767,#768
    )),.UNSPECIFIED.,.F.,.F.,.F.,(2,2),(2,2),(0.,1.456692913386),(0.,
    1.574803149606),.PIECEWISE_BEZIER_KNOTS.);
#765 = CARTESIAN_POINT('',(90.13,-98.41,139.896));
#766 = CARTESIAN_POINT('',(90.13,-98.41,179.896));
#767 = CARTESIAN_POINT('',(90.13,-61.41,139.896));
#768 = CARTESIAN_POINT('',(90.13,-61.41,179.896));
#769 = DEFINITIONAL_REPRESENTATION('',(#770),#773);
#770 = B_SPLINE_CURVE_WITH_KNOTS('',1,(#771,#772),.UNSPECIFIED.,.F.,.F.,
  (2,2),(0.,1.456692913386),.PIECEWISE_BEZIER_KNOTS.);
#771 = CARTESIAN_POINT('',(0.,0.));
#772 = CARTESIAN_POINT('',(1.456692913386,0.));
#773 = ( GEOMETRIC_REPRESENTATION_CONTEXT(2) 
PARAMETRIC_REPRESENTATION_CONTEXT() REPRESENTATION_CONTEXT('2D SPACE',''
  ) );
#774 = ORIENTED_EDGE('',*,*,#775,.T.);
#775 = EDGE_CURVE('',#744,#776,#778,.T.);
#776 = VERTEX_POINT('',#777);
#777 = CARTESIAN_POINT('',(110.13,-98.41,139.896));
#778 = SURFACE_CURVE('',#779,(#782,#788),.PCURVE_S1.);
#779 = B_SPLINE_CURVE_WITH_KNOTS('',1,(#780,#781),.UNSPECIFIED.,.F.,.F.,
  (2,2),(0.,0.787401574803),.PIECEWISE_BEZIER_KNOTS.);
#780 = CARTESIAN_POINT('',(90.13,-98.41,139.896));
#781 = CARTESIAN_POINT('',(110.13,-98.41,139.896));
#782 = PCURVE('',#753,#783);
#783 = DEFINITIONAL_REPRESENTATION('',(#784),#787);
#784 = B_SPLINE_CURVE_WITH_KNOTS('',1,(#785,#786),.UNSPECIFIED.,.F.,.F.,
  (2,2),(0.,0.787401574803),.PIECEWISE_BEZIER_KNOTS.);
#785 = CARTESIAN_POINT('',(0.,0.));
#786 = CARTESIAN_POINT('',(0.,-0.787401574803));
#787 = ( GEOMETRIC_REPRESENTATION_CONTEXT(2) 
PARAMETRIC_REPRESENTATION_CONTEXT() REPRESENTATION_CONTEXT('2D SPACE',''
  ) );
#788 = PCURVE('',#789,#794);
#789 = B_SPLINE_SURFACE_WITH_KNOTS('',1,1,(
    (#790,#791)
    ,(#792,#793
    )),.UNSPECIFIED.,.F.,.F.,.F.,(2,2),(2,2),(0.,1.574803149606),(0.,
    0.787401574803),.PIECEWISE_BEZIER_KNOTS.);
#790 = CARTESIAN_POINT('',(90.13,-98.41,139.896));
#791 = CARTESIAN_POINT('',(110.13,-98.41,139.896));
#792 = CARTESIAN_POINT('',(90.13,-98.41,179.896));
#793 = CARTESIAN_POINT('',(110.13,-98.41,179.896));
#794 = DEFINITIONAL_REPRESENTATION('',(#795),#798);
#795 = B_SPLINE_CURVE_WITH_KNOTS('',1,(#796,#797),.UNSPECIFIED.,.F.,.F.,
  (2,2),(0.,0.787401574803),.PIECEWISE_BEZIER_KNOTS.);
#796 = CARTESIAN_POINT('',(0.,0.));
#797 = CARTESIAN_POINT('',(0.,0.787401574803));
#798 = ( GEOMETRIC_REPRESENTATION_CONTEXT(2) 
PARAMETRIC_REPRESENTATION_CONTEXT() REPRESENTATION_CONTEXT('2D SPACE',''
  ) );
#799 = ORIENTED_EDGE('',*,*,#800,.T.);
#800 = EDGE_CURVE('',#776,#801,#803,.T.);
#801 = VERTEX_POINT('',#802);
#802 = CARTESIAN_POINT('',(110.13,-61.41,139.896));
#803 = SURFACE_CURVE('',#804,(#807,#813),.PCURVE_S1.);
#804 = B_SPLINE_CURVE_WITH_KNOTS('',1,(#805,#806),.UNSPECIFIED.,.F.,.F.,
  (2,2),(0.,1.456692913386),.PIECEWISE_BEZIER_KNOTS.);
#805 = CARTESIAN_POINT('',(110.13,-98.41,139.896));
#806 = CARTESIAN_POINT('',(110.13,-61.41,139.896));
#807 = PCURVE('',#753,#808);
#808 = DEFINITIONAL_REPRESENTATION('',(#809),#812);
#809 = B_SPLINE_CURVE_WITH_KNOTS('',1,(#810,#811),.UNSPECIFIED.,.F.,.F.,
  (2,2),(0.,1.456692913386),.PIECEWISE_BEZIER_KNOTS.);
#810 = CARTESIAN_POINT('',(0.,-0.787401574803));
#811 = CARTESIAN_POINT('',(1.456692913386,-0.787401574803));
#812 = ( GEOMETRIC_REPRESENTATION_CONTEXT(2) 
PARAMETRIC_REPRESENTATION_CONTEXT() REPRESENTATION_CONTEXT('2D SPACE',''
  ) );
#813 = PCURVE('',#814,#819);
#814 = B_SPLINE_SURFACE_WITH_KNOTS('',1,1,(
    (#815,#816)
    ,(#817,#818
    )),.UNSPECIFIED.,.F.,.F.,.F.,(2,2),(2,2),(0.,1.456692913386),(0.,
    1.574803149606),.PIECEWISE_BEZIER_KNOTS.);
#815 = CARTESIAN_POINT('',(110.13,-98.41,139.896));
#816 = CARTESIAN_POINT('',(110.13,-98.41,179.896));
#817 = CARTESIAN_POINT('',(110.13,-61.41,139.896));
#818 = CARTESIAN_POINT('',(110.13,-61.41,179.896));
#819 = DEFINITIONAL_REPRESENTATION('',(#820),#823);
#820 = B_SPLINE_CURVE_WITH_KNOTS('',1,(#821,#822),.UNSPECIFIED.,.F.,.F.,
  (2,2),(0.,1.456692913386),.PIECEWISE_BEZIER_KNOTS.);
#821 = CARTESIAN_POINT('',(0.,0.));
#822 = CARTESIAN_POINT('',(1.456692913386,0.));
#823 = ( GEOMETRIC_REPRESENTATION_CONTEXT(2) 
PARAMETRIC_REPRESENTATION_CONTEXT() REPRESENTATION_CONTEXT('2D SPACE',''
  ) );
#824 = ORIENTED_EDGE('',*,*,#825,.F.);
#825 = EDGE_CURVE('',#746,#801,#826,.T.);
#826 = SURFACE_CURVE('',#827,(#830,#836),.PCURVE_S1.);
#827 = B_SPLINE_CURVE_WITH_KNOTS('',1,(#828,#829),.UNSPECIFIED.,.F.,.F.,
  (2,2),(0.,0.787401574803),.PIECEWISE_BEZIER_KNOTS.);
#828 = CARTESIAN_POINT('',(90.13,-61.41,139.896));
#829 = CARTESIAN_POINT('',(110.13,-61.41,139.896));
#830 = PCURVE('',#753,#831);
#831 = DEFINITIONAL_REPRESENTATION('',(#832),#835);
#832 = B_SPLINE_CURVE_WITH_KNOTS('',1,(#833,#834),.UNSPECIFIED.,.F.,.F.,
  (2,2),(0.,0.787401574803),.PIECEWISE_BEZIER_KNOTS.);
#833 = CARTESIAN_POINT('',(1.456692913386,0.));
#834 = CARTESIAN_POINT('',(1.456692913386,-0.787401574803));
#835 = ( GEOMETRIC_REPRESENTATION_CONTEXT(2) 
PARAMETRIC_REPRESENTATION_CONTEXT() REPRESENTATION_CONTEXT('2D SPACE',''
  ) );
#836 = PCURVE('',#837,#842);
#837 = B_SPLINE_SURFACE_WITH_KNOTS('',1,1,(
    (#838,#839)
    ,(#840,#841
    )),.UNSPECIFIED.,.F.,.F.,.F.,(2,2),(2,2),(0.,1.574803149606),(0.,
    0.787401574803),.PIECEWISE_BEZIER_KNOTS.);
#838 = CARTESIAN_POINT('',(90.13,-61.41,139.896));
#839 = CARTESIAN_POINT('',(110.13,-61.41,139.896));
#840 = CARTESIAN_POINT('',(90.13,-61.41,179.896));
#841 = CARTESIAN_POINT('',(110.13,-61.41,179.896));
#842 = DEFINITIONAL_REPRESENTATION('',(#843),#846);
#843 = B_SPLINE_CURVE_WITH_KNOTS('',1,(#844,#845),.UNSPECIFIED.,.F.,.F.,
  (2,2),(0.,0.787401574803),.PIECEWISE_BEZIER_KNOTS.);
#844 = CARTESIAN_POINT('',(0.,0.));
#845 = CARTESIAN_POINT('',(0.,0.787401574803));
#846 = ( GEOMETRIC_REPRESENTATION_CONTEXT(2) 
PARAMETRIC_REPRESENTATION_CONTEXT() REPRESENTATION_CONTEXT('2D SPACE',''
  ) );
#847 = ADVANCED_FACE('',(#848),#861,.T.);
#848 = FACE_BOUND('',#849,.T.);
#849 = EDGE_LOOP('',(#850,#877,#897,#917));
#850 = ORIENTED_EDGE('',*,*,#851,.F.);
#851 = EDGE_CURVE('',#852,#854,#856,.T.);
#852 = VERTEX_POINT('',#853);
#853 = CARTESIAN_POINT('',(90.13,-98.41,179.896));
#854 = VERTEX_POINT('',#855);
#855 = CARTESIAN_POINT('',(90.13,-61.41,179.896));
#856 = SURFACE_CURVE('',#857,(#860,#871),.PCURVE_S1.);
#857 = B_SPLINE_CURVE_WITH_KNOTS('',1,(#858,#859),.UNSPECIFIED.,.F.,.F.,
  (2,2),(0.,1.456692913386),.PIECEWISE_BEZIER_KNOTS.);
#858 = CARTESIAN_POINT('',(90.13,-98.41,179.896));
#859 = CARTESIAN_POINT('',(90.13,-61.41,179.896));
#860 = PCURVE('',#861,#866);
#861 = B_SPLINE_SURFACE_WITH_KNOTS('',1,1,(
    (#862,#863)
    ,(#864,#865
    )),.UNSPECIFIED.,.F.,.F.,.F.,(2,2),(2,2),(0.,1.456692913386),(
    -0.787401574803,0.),.PIECEWISE_BEZIER_KNOTS.);
#862 = CARTESIAN_POINT('',(110.13,-98.41,179.896));
#863 = CARTESIAN_POINT('',(90.13,-98.41,179.896));
#864 = CARTESIAN_POINT('',(110.13,-61.41,179.896));
#865 = CARTESIAN_POINT('',(90.13,-61.41,179.896));
#866 = DEFINITIONAL_REPRESENTATION('',(#867),#870);
#867 = B_SPLINE_CURVE_WITH_KNOTS('',1,(#868,#869),.UNSPECIFIED.,.F.,.F.,
  (2,2),(0.,1.456692913386),.PIECEWISE_BEZIER_KNOTS.);
#868 = CARTESIAN_POINT('',(0.,0.));
#869 = CARTESIAN_POINT('',(1.456692913386,0.));
#870 = ( GEOMETRIC_REPRESENTATION_CONTEXT(2) 
PARAMETRIC_REPRESENTATION_CONTEXT() REPRESENTATION_CONTEXT('2D SPACE',''
  ) );
#871 = PCURVE('',#764,#872);
#872 = DEFINITIONAL_REPRESENTATION('',(#873),#876);
#873 = B_SPLINE_CURVE_WITH_KNOTS('',1,(#874,#875),.UNSPECIFIED.,.F.,.F.,
  (2,2),(0.,1.456692913386),.PIECEWISE_BEZIER_KNOTS.);
#874 = CARTESIAN_POINT('',(0.,1.574803149606));
#875 = CARTESIAN_POINT('',(1.456692913386,1.574803149606));
#876 = ( GEOMETRIC_REPRESENTATION_CONTEXT(2) 
PARAMETRIC_REPRESENTATION_CONTEXT() REPRESENTATION_CONTEXT('2D SPACE',''
  ) );
#877 = ORIENTED_EDGE('',*,*,#878,.T.);
#878 = EDGE_CURVE('',#852,#879,#881,.T.);
#879 = VERTEX_POINT('',#880);
#880 = CARTESIAN_POINT('',(110.13,-98.41,179.896));
#881 = SURFACE_CURVE('',#882,(#885,#891),.PCURVE_S1.);
#882 = B_SPLINE_CURVE_WITH_KNOTS('',1,(#883,#884),.UNSPECIFIED.,.F.,.F.,
  (2,2),(0.,0.787401574803),.PIECEWISE_BEZIER_KNOTS.);
#883 = CARTESIAN_POINT('',(90.13,-98.41,179.896));
#884 = CARTESIAN_POINT('',(110.13,-98.41,179.896));
#885 = PCURVE('',#861,#886);
#886 = DEFINITIONAL_REPRESENTATION('',(#887),#890);
#887 = B_SPLINE_CURVE_WITH_KNOTS('',1,(#888,#889),.UNSPECIFIED.,.F.,.F.,
  (2,2),(0.,0.787401574803),.PIECEWISE_BEZIER_KNOTS.);
#888 = CARTESIAN_POINT('',(0.,0.));
#889 = CARTESIAN_POINT('',(0.,-0.787401574803));
#890 = ( GEOMETRIC_REPRESENTATION_CONTEXT(2) 
PARAMETRIC_REPRESENTATION_CONTEXT() REPRESENTATION_CONTEXT('2D SPACE',''
  ) );
#891 = PCURVE('',#789,#892);
#892 = DEFINITIONAL_REPRESENTATION('',(#893),#896);
#893 = B_SPLINE_CURVE_WITH_KNOTS('',1,(#894,#895),.UNSPECIFIED.,.F.,.F.,
  (2,2),(0.,0.787401574803),.PIECEWISE_BEZIER_KNOTS.);
#894 = CARTESIAN_POINT('',(1.574803149606,0.));
#895 = CARTESIAN_POINT('',(1.574803149606,0.787401574803));
#896 = ( GEOMETRIC_REPRESENTATION_CONTEXT(2) 
PARAMETRIC_REPRESENTATION_CONTEXT() REPRESENTATION_CONTEXT('2D SPACE',''
  ) );
#897 = ORIENTED_EDGE('',*,*,#898,.T.);
#898 = EDGE_CURVE('',#879,#899,#901,.T.);
#899 = VERTEX_POINT('',#900);
#900 = CARTESIAN_POINT('',(110.13,-61.41,179.896));
#901 = SURFACE_CURVE('',#902,(#905,#911),.PCURVE_S1.);
#902 = B_SPLINE_CURVE_WITH_KNOTS('',1,(#903,#904),.UNSPECIFIED.,.F.,.F.,
  (2,2),(0.,1.456692913386),.PIECEWISE_BEZIER_KNOTS.);
#903 = CARTESIAN_POINT('',(110.13,-98.41,179.896));
#904 = CARTESIAN_POINT('',(110.13,-61.41,179.896));
#905 = PCURVE('',#861,#906);
#906 = DEFINITIONAL_REPRESENTATION('',(#907),#910);
#907 = B_SPLINE_CURVE_WITH_KNOTS('',1,(#908,#909),.UNSPECIFIED.,.F.,.F.,
  (2,2),(0.,1.456692913386),.PIECEWISE_BEZIER_KNOTS.);
#908 = CARTESIAN_POINT('',(0.,-0.787401574803));
#909 = CARTESIAN_POINT('',(1.456692913386,-0.787401574803));
#910 = ( GEOMETRIC_REPRESENTATION_CONTEXT(2) 
PARAMETRIC_REPRESENTATION_CONTEXT() REPRESENTATION_CONTEXT('2D SPACE',''
  ) );
#911 = PCURVE('',#814,#912);
#912 = DEFINITIONAL_REPRESENTATION('',(#913),#916);
#913 = B_SPLINE_CURVE_WITH_KNOTS('',1,(#914,#915),.UNSPECIFIED.,.F.,.F.,
  (2,2),(0.,1.456692913386),.PIECEWISE_BEZIER_KNOTS.);
#914 = CARTESIAN_POINT('',(0.,1.574803149606));
#915 = CARTESIAN_POINT('',(1.456692913386,1.574803149606));
#916 = ( GEOMETRIC_REPRESENTATION_CONTEXT(2) 
PARAMETRIC_REPRESENTATION_CONTEXT() REPRESENTATION_CONTEXT('2D SPACE',''
  ) );
#917 = ORIENTED_EDGE('',*,*,#918,.F.);
#918 = EDGE_CURVE('',#854,#899,#919,.T.);
#919 = SURFACE_CURVE('',#920,(#923,#929),.PCURVE_S1.);
#920 = B_SPLINE_CURVE_WITH_KNOTS('',1,(#921,#922),.UNSPECIFIED.,.F.,.F.,
  (2,2),(0.,0.787401574803),.PIECEWISE_BEZIER_KNOTS.);
#921 = CARTESIAN_POINT('',(90.13,-61.41,179.896));
#922 = CARTESIAN_POINT('',(110.13,-61.41,179.896));
#923 = PCURVE('',#861,#924);
#924 = DEFINITIONAL_REPRESENTATION('',(#925),#928);
#925 = B_SPLINE_CURVE_WITH_KNOTS('',1,(#926,#927),.UNSPECIFIED.,.F.,.F.,
  (2,2),(0.,0.787401574803),.PIECEWISE_BEZIER_KNOTS.);
#926 = CARTESIAN_POINT('',(1.456692913386,0.));
#927 = CARTESIAN_POINT('',(1.456692913386,-0.787401574803));
#928 = ( GEOMETRIC_REPRESENTATION_CONTEXT(2) 
PARAMETRIC_REPRESENTATION_CONTEXT() REPRESENTATION_CONTEXT('2D SPACE',''
  ) );
#929 = PCURVE('',#837,#930);
#930 = DEFINITIONAL_REPRESENTATION('',(#931),#934);
#931 = B_SPLINE_CURVE_WITH_KNOTS('',1,(#932,#933),.UNSPECIFIED.,.F.,.F.,
  (2,2),(0.,0.787401574803),.PIECEWISE_BEZIER_KNOTS.);
#932 = CARTESIAN_POINT('',(1.574803149606,0.));
#933 = CARTESIAN_POINT('',(1.574803149606,0.787401574803));
#934 = ( GEOMETRIC_REPRESENTATION_CONTEXT(2) 
PARAMETRIC_REPRESENTATION_CONTEXT() REPRESENTATION_CONTEXT('2D SPACE',''
  ) );
#935 = ADVANCED_FACE('',(#936),#764,.F.);
#936 = FACE_BOUND('',#937,.F.);
#937 = EDGE_LOOP('',(#938,#956,#957,#975));
#938 = ORIENTED_EDGE('',*,*,#939,.F.);
#939 = EDGE_CURVE('',#744,#852,#940,.T.);
#940 = SURFACE_CURVE('',#941,(#944,#950),.PCURVE_S1.);
#941 = B_SPLINE_CURVE_WITH_KNOTS('',1,(#942,#943),.UNSPECIFIED.,.F.,.F.,
  (2,2),(0.,1.574803149606),.PIECEWISE_BEZIER_KNOTS.);
#942 = CARTESIAN_POINT('',(90.13,-98.41,139.896));
#943 = CARTESIAN_POINT('',(90.13,-98.41,179.896));
#944 = PCURVE('',#764,#945);
#945 = DEFINITIONAL_REPRESENTATION('',(#946),#949);
#946 = B_SPLINE_CURVE_WITH_KNOTS('',1,(#947,#948),.UNSPECIFIED.,.F.,.F.,
  (2,2),(0.,1.574803149606),.PIECEWISE_BEZIER_KNOTS.);
#947 = CARTESIAN_POINT('',(0.,0.));
#948 = CARTESIAN_POINT('',(0.,1.574803149606));
#949 = ( GEOMETRIC_REPRESENTATION_CONTEXT(2) 
PARAMETRIC_REPRESENTATION_CONTEXT() REPRESENTATION_CONTEXT('2D SPACE',''
  ) );
#950 = PCURVE('',#789,#951);
#951 = DEFINITIONAL_REPRESENTATION('',(#952),#955);
#952 = B_SPLINE_CURVE_WITH_KNOTS('',1,(#953,#954),.UNSPECIFIED.,.F.,.F.,
  (2,2),(0.,1.574803149606),.PIECEWISE_BEZIER_KNOTS.);
#953 = CARTESIAN_POINT('',(0.,0.));
#954 = CARTESIAN_POINT('',(1.574803149606,0.));
#955 = ( GEOMETRIC_REPRESENTATION_CONTEXT(2) 
PARAMETRIC_REPRESENTATION_CONTEXT() REPRESENTATION_CONTEXT('2D SPACE',''
  ) );
#956 = ORIENTED_EDGE('',*,*,#743,.T.);
#957 = ORIENTED_EDGE('',*,*,#958,.T.);
#958 = EDGE_CURVE('',#746,#854,#959,.T.);
#959 = SURFACE_CURVE('',#960,(#963,#969),.PCURVE_S1.);
#960 = B_SPLINE_CURVE_WITH_KNOTS('',1,(#961,#962),.UNSPECIFIED.,.F.,.F.,
  (2,2),(0.,1.574803149606),.PIECEWISE_BEZIER_KNOTS.);
#961 = CARTESIAN_POINT('',(90.13,-61.41,139.896));
#962 = CARTESIAN_POINT('',(90.13,-61.41,179.896));
#963 = PCURVE('',#764,#964);
#964 = DEFINITIONAL_REPRESENTATION('',(#965),#968);
#965 = B_SPLINE_CURVE_WITH_KNOTS('',1,(#966,#967),.UNSPECIFIED.,.F.,.F.,
  (2,2),(0.,1.574803149606),.PIECEWISE_BEZIER_KNOTS.);
#966 = CARTESIAN_POINT('',(1.456692913386,0.));
#967 = CARTESIAN_POINT('',(1.456692913386,1.574803149606));
#968 = ( GEOMETRIC_REPRESENTATION_CONTEXT(2) 
PARAMETRIC_REPRESENTATION_CONTEXT() REPRESENTATION_CONTEXT('2D SPACE',''
  ) );
#969 = PCURVE('',#837,#970);
#970 = DEFINITIONAL_REPRESENTATION('',(#971),#974);
#971 = B_SPLINE_CURVE_WITH_KNOTS('',1,(#972,#973),.UNSPECIFIED.,.F.,.F.,
  (2,2),(0.,1.574803149606),.PIECEWISE_BEZIER_KNOTS.);
#972 = CARTESIAN_POINT('',(0.,0.));
#973 = CARTESIAN_POINT('',(1.574803149606,0.));
#974 = ( GEOMETRIC_REPRESENTATION_CONTEXT(2) 
PARAMETRIC_REPRESENTATION_CONTEXT() REPRESENTATION_CONTEXT('2D SPACE',''
  ) );
#975 = ORIENTED_EDGE('',*,*,#851,.F.);
#976 = ADVANCED_FACE('',(#977),#814,.T.);
#977 = FACE_BOUND('',#978,.T.);
#978 = EDGE_LOOP('',(#979,#997,#998,#1016));
#979 = ORIENTED_EDGE('',*,*,#980,.F.);
#980 = EDGE_CURVE('',#776,#879,#981,.T.);
#981 = SURFACE_CURVE('',#982,(#985,#991),.PCURVE_S1.);
#982 = B_SPLINE_CURVE_WITH_KNOTS('',1,(#983,#984),.UNSPECIFIED.,.F.,.F.,
  (2,2),(0.,1.574803149606),.PIECEWISE_BEZIER_KNOTS.);
#983 = CARTESIAN_POINT('',(110.13,-98.41,139.896));
#984 = CARTESIAN_POINT('',(110.13,-98.41,179.896));
#985 = PCURVE('',#814,#986);
#986 = DEFINITIONAL_REPRESENTATION('',(#987),#990);
#987 = B_SPLINE_CURVE_WITH_KNOTS('',1,(#988,#989),.UNSPECIFIED.,.F.,.F.,
  (2,2),(0.,1.574803149606),.PIECEWISE_BEZIER_KNOTS.);
#988 = CARTESIAN_POINT('',(0.,0.));
#989 = CARTESIAN_POINT('',(0.,1.574803149606));
#990 = ( GEOMETRIC_REPRESENTATION_CONTEXT(2) 
PARAMETRIC_REPRESENTATION_CONTEXT() REPRESENTATION_CONTEXT('2D SPACE',''
  ) );
#991 = PCURVE('',#789,#992);
#992 = DEFINITIONAL_REPRESENTATION('',(#993),#996);
#993 = B_SPLINE_CURVE_WITH_KNOTS('',1,(#994,#995),.UNSPECIFIED.,.F.,.F.,
  (2,2),(0.,1.574803149606),.PIECEWISE_BEZIER_KNOTS.);
#994 = CARTESIAN_POINT('',(0.,0.787401574803));
#995 = CARTESIAN_POINT('',(1.574803149606,0.787401574803));
#996 = ( GEOMETRIC_REPRESENTATION_CONTEXT(2) 
PARAMETRIC_REPRESENTATION_CONTEXT() REPRESENTATION_CONTEXT('2D SPACE',''
  ) );
#997 = ORIENTED_EDGE('',*,*,#800,.T.);
#998 = ORIENTED_EDGE('',*,*,#999,.T.);
#999 = EDGE_CURVE('',#801,#899,#1000,.T.);
#1000 = SURFACE_CURVE('',#1001,(#1004,#1010),.PCURVE_S1.);
#1001 = B_SPLINE_CURVE_WITH_KNOTS('',1,(#1002,#1003),.UNSPECIFIED.,.F.,
  .F.,(2,2),(0.,1.574803149606),.PIECEWISE_BEZIER_KNOTS.);
#1002 = CARTESIAN_POINT('',(110.13,-61.41,139.896));
#1003 = CARTESIAN_POINT('',(110.13,-61.41,179.896));
#1004 = PCURVE('',#814,#1005);
#1005 = DEFINITIONAL_REPRESENTATION('',(#1006),#1009);
#1006 = B_SPLINE_CURVE_WITH_KNOTS('',1,(#1007,#1008),.UNSPECIFIED.,.F.,
  .F.,(2,2),(0.,1.574803149606),.PIECEWISE_BEZIER_KNOTS.);
#1007 = CARTESIAN_POINT('',(1.456692913386,0.));
#1008 = CARTESIAN_POINT('',(1.456692913386,1.574803149606));
#1009 = ( GEOMETRIC_REPRESENTATION_CONTEXT(2) 
PARAMETRIC_REPRESENTATION_CONTEXT() REPRESENTATION_CONTEXT('2D SPACE',''
  ) );
#1010 = PCURVE('',#837,#1011);
#1011 = DEFINITIONAL_REPRESENTATION('',(#1012),#1015);
#1012 = B_SPLINE_CURVE_WITH_KNOTS('',1,(#1013,#1014),.UNSPECIFIED.,.F.,
  .F.,(2,2),(0.,1.574803149606),.PIECEWISE_BEZIER_KNOTS.);
#1013 = CARTESIAN_POINT('',(0.,0.787401574803));
#1014 = CARTESIAN_POINT('',(1.574803149606,0.787401574803));
#1015 = ( GEOMETRIC_REPRESENTATION_CONTEXT(2) 
PARAMETRIC_REPRESENTATION_CONTEXT() REPRESENTATION_CONTEXT('2D SPACE',''
  ) );
#1016 = ORIENTED_EDGE('',*,*,#898,.F.);
#1017 = ADVANCED_FACE('',(#1018),#789,.F.);
#1018 = FACE_BOUND('',#1019,.F.);
#1019 = EDGE_LOOP('',(#1020,#1021,#1022,#1023));
#1020 = ORIENTED_EDGE('',*,*,#775,.F.);
#1021 = ORIENTED_EDGE('',*,*,#939,.T.);
#1022 = ORIENTED_EDGE('',*,*,#878,.T.);
#1023 = ORIENTED_EDGE('',*,*,#980,.F.);
#1024 = ADVANCED_FACE('',(#1025),#837,.T.);
#1025 = FACE_BOUND('',#1026,.T.);
#1026 = EDGE_LOOP('',(#1027,#1028,#1029,#1030));
#1027 = ORIENTED_EDGE('',*,*,#825,.F.);
#1028 = ORIENTED_EDGE('',*,*,#958,.T.);
#1029 = ORIENTED_EDGE('',*,*,#918,.T.);
#1030 = ORIENTED_EDGE('',*,*,#999,.F.);
#1031 = ( GEOMETRIC_REPRESENTATION_CONTEXT(3) 
GLOBAL_UNCERTAINTY_ASSIGNED_CONTEXT((#1035)) 
GLOBAL_UNIT_ASSIGNED_CONTEXT((#1032,#1033,#1034)) REPRESENTATION_CONTEXT
('Context #1','3D Context with UNIT and UNCERTAINTY') );
#1032 = ( LENGTH_UNIT() NAMED_UNIT(*) SI_UNIT(.MILLI.,.METRE.) );
#1033 = ( NAMED_UNIT(*) PLANE_ANGLE_UNIT() SI_UNIT($,.RADIAN.) );
#1034 = ( NAMED_UNIT(*) SI_UNIT($,.STERADIAN.) SOLID_ANGLE_UNIT() );
#1035 = UNCERTAINTY_MEASURE_WITH_UNIT(LENGTH_MEASURE(2.E-06),#1032,
  'distance_accuracy_value','confusion accuracy');
#1036 = CONTEXT_DEPENDENT_SHAPE_REPRESENTATION(#1037,#1039);
#1037 = ( REPRESENTATION_RELATIONSHIP('','',#736,#10) 
REPRESENTATION_RELATIONSHIP_WITH_TRANSFORMATION(#1038) 
SHAPE_REPRESENTATION_RELATIONSHIP() );
#1038 = ITEM_DEFINED_TRANSFORMATION('','',#11,#23);
#1039 = PRODUCT_DEFINITION_SHAPE('Placement','Placement of an item',
  #1040);
#1040 = NEXT_ASSEMBLY_USAGE_OCCURRENCE('3',
'flap_latch_servo_L (goBILDA 2000-0025-0003 or any standard-size servo: 
holds the flap folded until START)','',#5,#731,$);
#1041 = PRODUCT_RELATED_PRODUCT_CATEGORY('part',$,(#733));
#1042 = SHAPE_DEFINITION_REPRESENTATION(#1043,#1049);
#1043 = PRODUCT_DEFINITION_SHAPE('','',#1044);
#1044 = PRODUCT_DEFINITION('design','',#1045,#1048);
#1045 = PRODUCT_DEFINITION_FORMATION('','',#1046);
#1046 = PRODUCT(
'flap_latch_horn_L (print, PETG, on the servo''s spline: across the 
knuckle''s notch while folded)',
'flap_latch_horn_L (print, PETG, on the servo''s spline: across the 
knuckle''s notch while folded)','',(#1047));
#1047 = PRODUCT_CONTEXT('',#2,'mechanical');
#1048 = PRODUCT_DEFINITION_CONTEXT('part definition',#2,'design');
#1049 = ADVANCED_BREP_SHAPE_REPRESENTATION('',(#11,#1050),#1344);
#1050 = MANIFOLD_SOLID_BREP('',#1051);
#1051 = CLOSED_SHELL('',(#1052,#1160,#1248,#1289,#1330,#1337));
#1052 = ADVANCED_FACE('',(#1053),#1066,.F.);
#1053 = FACE_BOUND('',#1054,.F.);
#1054 = EDGE_LOOP('',(#1055,#1087,#1112,#1137));
#1055 = ORIENTED_EDGE('',*,*,#1056,.F.);
#1056 = EDGE_CURVE('',#1057,#1059,#1061,.T.);
#1057 = VERTEX_POINT('',#1058);
#1058 = CARTESIAN_POINT('',(96.32,-104.76,172.944));
#1059 = VERTEX_POINT('',#1060);
#1060 = CARTESIAN_POINT('',(96.32,-100.442,172.944));
#1061 = SURFACE_CURVE('',#1062,(#1065,#1076),.PCURVE_S1.);
#1062 = B_SPLINE_CURVE_WITH_KNOTS('',1,(#1063,#1064),.UNSPECIFIED.,.F.,
  .F.,(2,2),(0.,0.17),.PIECEWISE_BEZIER_KNOTS.);
#1063 = CARTESIAN_POINT('',(96.32,-104.76,172.944));
#1064 = CARTESIAN_POINT('',(96.32,-100.442,172.944));
#1065 = PCURVE('',#1066,#1071);
#1066 = B_SPLINE_SURFACE_WITH_KNOTS('',1,1,(
    (#1067,#1068)
    ,(#1069,#1070
    )),.UNSPECIFIED.,.F.,.F.,.F.,(2,2),(2,2),(0.,0.17),(-0.24,0.),
  .PIECEWISE_BEZIER_KNOTS.);
#1067 = CARTESIAN_POINT('',(96.32,-104.76,166.848));
#1068 = CARTESIAN_POINT('',(96.32,-104.76,172.944));
#1069 = CARTESIAN_POINT('',(96.32,-100.442,166.848));
#1070 = CARTESIAN_POINT('',(96.32,-100.442,172.944));
#1071 = DEFINITIONAL_REPRESENTATION('',(#1072),#1075);
#1072 = B_SPLINE_CURVE_WITH_KNOTS('',1,(#1073,#1074),.UNSPECIFIED.,.F.,
  .F.,(2,2),(0.,0.17),.PIECEWISE_BEZIER_KNOTS.);
#1073 = CARTESIAN_POINT('',(0.,0.));
#1074 = CARTESIAN_POINT('',(0.17,0.));
#1075 = ( GEOMETRIC_REPRESENTATION_CONTEXT(2) 
PARAMETRIC_REPRESENTATION_CONTEXT() REPRESENTATION_CONTEXT('2D SPACE',''
  ) );
#1076 = PCURVE('',#1077,#1082);
#1077 = B_SPLINE_SURFACE_WITH_KNOTS('',1,1,(
    (#1078,#1079)
    ,(#1080,#1081
    )),.UNSPECIFIED.,.F.,.F.,.F.,(2,2),(2,2),(0.,0.17),(0.,1.15),
  .PIECEWISE_BEZIER_KNOTS.);
#1078 = CARTESIAN_POINT('',(96.32,-104.76,172.944));
#1079 = CARTESIAN_POINT('',(125.53,-104.76,172.944));
#1080 = CARTESIAN_POINT('',(96.32,-100.442,172.944));
#1081 = CARTESIAN_POINT('',(125.53,-100.442,172.944));
#1082 = DEFINITIONAL_REPRESENTATION('',(#1083),#1086);
#1083 = B_SPLINE_CURVE_WITH_KNOTS('',1,(#1084,#1085),.UNSPECIFIED.,.F.,
  .F.,(2,2),(0.,0.17),.PIECEWISE_BEZIER_KNOTS.);
#1084 = CARTESIAN_POINT('',(0.,0.));
#1085 = CARTESIAN_POINT('',(0.17,0.));
#1086 = ( GEOMETRIC_REPRESENTATION_CONTEXT(2) 
PARAMETRIC_REPRESENTATION_CONTEXT() REPRESENTATION_CONTEXT('2D SPACE',''
  ) );
#1087 = ORIENTED_EDGE('',*,*,#1088,.T.);
#1088 = EDGE_CURVE('',#1057,#1089,#1091,.T.);
#1089 = VERTEX_POINT('',#1090);
#1090 = CARTESIAN_POINT('',(96.32,-104.76,166.848));
#1091 = SURFACE_CURVE('',#1092,(#1095,#1101),.PCURVE_S1.);
#1092 = B_SPLINE_CURVE_WITH_KNOTS('',1,(#1093,#1094),.UNSPECIFIED.,.F.,
  .F.,(2,2),(0.,0.24),.PIECEWISE_BEZIER_KNOTS.);
#1093 = CARTESIAN_POINT('',(96.32,-104.76,172.944));
#1094 = CARTESIAN_POINT('',(96.32,-104.76,166.848));
#1095 = PCURVE('',#1066,#1096);
#1096 = DEFINITIONAL_REPRESENTATION('',(#1097),#1100);
#1097 = B_SPLINE_CURVE_WITH_KNOTS('',1,(#1098,#1099),.UNSPECIFIED.,.F.,
  .F.,(2,2),(0.,0.24),.PIECEWISE_BEZIER_KNOTS.);
#1098 = CARTESIAN_POINT('',(0.,0.));
#1099 = CARTESIAN_POINT('',(0.,-0.24));
#1100 = ( GEOMETRIC_REPRESENTATION_CONTEXT(2) 
PARAMETRIC_REPRESENTATION_CONTEXT() REPRESENTATION_CONTEXT('2D SPACE',''
  ) );
#1101 = PCURVE('',#1102,#1107);
#1102 = B_SPLINE_SURFACE_WITH_KNOTS('',1,1,(
    (#1103,#1104)
    ,(#1105,#1106
    )),.UNSPECIFIED.,.F.,.F.,.F.,(2,2),(2,2),(-2.6645352591E-17,1.15),(
    0.,0.24),.PIECEWISE_BEZIER_KNOTS.);
#1103 = CARTESIAN_POINT('',(96.32,-104.76,172.944));
#1104 = CARTESIAN_POINT('',(96.32,-104.76,166.848));
#1105 = CARTESIAN_POINT('',(125.53,-104.76,172.944));
#1106 = CARTESIAN_POINT('',(125.53,-104.76,166.848));
#1107 = DEFINITIONAL_REPRESENTATION('',(#1108),#1111);
#1108 = B_SPLINE_CURVE_WITH_KNOTS('',1,(#1109,#1110),.UNSPECIFIED.,.F.,
  .F.,(2,2),(0.,0.24),.PIECEWISE_BEZIER_KNOTS.);
#1109 = CARTESIAN_POINT('',(0.,0.));
#1110 = CARTESIAN_POINT('',(0.,0.24));
#1111 = ( GEOMETRIC_REPRESENTATION_CONTEXT(2) 
PARAMETRIC_REPRESENTATION_CONTEXT() REPRESENTATION_CONTEXT('2D SPACE',''
  ) );
#1112 = ORIENTED_EDGE('',*,*,#1113,.T.);
#1113 = EDGE_CURVE('',#1089,#1114,#1116,.T.);
#1114 = VERTEX_POINT('',#1115);
#1115 = CARTESIAN_POINT('',(96.32,-100.442,166.848));
#1116 = SURFACE_CURVE('',#1117,(#1120,#1126),.PCURVE_S1.);
#1117 = B_SPLINE_CURVE_WITH_KNOTS('',1,(#1118,#1119),.UNSPECIFIED.,.F.,
  .F.,(2,2),(0.,0.17),.PIECEWISE_BEZIER_KNOTS.);
#1118 = CARTESIAN_POINT('',(96.32,-104.76,166.848));
#1119 = CARTESIAN_POINT('',(96.32,-100.442,166.848));
#1120 = PCURVE('',#1066,#1121);
#1121 = DEFINITIONAL_REPRESENTATION('',(#1122),#1125);
#1122 = B_SPLINE_CURVE_WITH_KNOTS('',1,(#1123,#1124),.UNSPECIFIED.,.F.,
  .F.,(2,2),(0.,0.17),.PIECEWISE_BEZIER_KNOTS.);
#1123 = CARTESIAN_POINT('',(0.,-0.24));
#1124 = CARTESIAN_POINT('',(0.17,-0.24));
#1125 = ( GEOMETRIC_REPRESENTATION_CONTEXT(2) 
PARAMETRIC_REPRESENTATION_CONTEXT() REPRESENTATION_CONTEXT('2D SPACE',''
  ) );
#1126 = PCURVE('',#1127,#1132);
#1127 = B_SPLINE_SURFACE_WITH_KNOTS('',1,1,(
    (#1128,#1129)
    ,(#1130,#1131
    )),.UNSPECIFIED.,.F.,.F.,.F.,(2,2),(2,2),(0.,0.17),(0.,1.15),
  .PIECEWISE_BEZIER_KNOTS.);
#1128 = CARTESIAN_POINT('',(96.32,-104.76,166.848));
#1129 = CARTESIAN_POINT('',(125.53,-104.76,166.848));
#1130 = CARTESIAN_POINT('',(96.32,-100.442,166.848));
#1131 = CARTESIAN_POINT('',(125.53,-100.442,166.848));
#1132 = DEFINITIONAL_REPRESENTATION('',(#1133),#1136);
#1133 = B_SPLINE_CURVE_WITH_KNOTS('',1,(#1134,#1135),.UNSPECIFIED.,.F.,
  .F.,(2,2),(0.,0.17),.PIECEWISE_BEZIER_KNOTS.);
#1134 = CARTESIAN_POINT('',(0.,0.));
#1135 = CARTESIAN_POINT('',(0.17,0.));
#1136 = ( GEOMETRIC_REPRESENTATION_CONTEXT(2) 
PARAMETRIC_REPRESENTATION_CONTEXT() REPRESENTATION_CONTEXT('2D SPACE',''
  ) );
#1137 = ORIENTED_EDGE('',*,*,#1138,.F.);
#1138 = EDGE_CURVE('',#1059,#1114,#1139,.T.);
#1139 = SURFACE_CURVE('',#1140,(#1143,#1149),.PCURVE_S1.);
#1140 = B_SPLINE_CURVE_WITH_KNOTS('',1,(#1141,#1142),.UNSPECIFIED.,.F.,
  .F.,(2,2),(0.,0.24),.PIECEWISE_BEZIER_KNOTS.);
#1141 = CARTESIAN_POINT('',(96.32,-100.442,172.944));
#1142 = CARTESIAN_POINT('',(96.32,-100.442,166.848));
#1143 = PCURVE('',#1066,#1144);
#1144 = DEFINITIONAL_REPRESENTATION('',(#1145),#1148);
#1145 = B_SPLINE_CURVE_WITH_KNOTS('',1,(#1146,#1147),.UNSPECIFIED.,.F.,
  .F.,(2,2),(0.,0.24),.PIECEWISE_BEZIER_KNOTS.);
#1146 = CARTESIAN_POINT('',(0.17,0.));
#1147 = CARTESIAN_POINT('',(0.17,-0.24));
#1148 = ( GEOMETRIC_REPRESENTATION_CONTEXT(2) 
PARAMETRIC_REPRESENTATION_CONTEXT() REPRESENTATION_CONTEXT('2D SPACE',''
  ) );
#1149 = PCURVE('',#1150,#1155);
#1150 = B_SPLINE_SURFACE_WITH_KNOTS('',1,1,(
    (#1151,#1152)
    ,(#1153,#1154
    )),.UNSPECIFIED.,.F.,.F.,.F.,(2,2),(2,2),(-2.6645352591E-17,1.15),(
    0.,0.24),.PIECEWISE_BEZIER_KNOTS.);
#1151 = CARTESIAN_POINT('',(96.32,-100.442,172.944));
#1152 = CARTESIAN_POINT('',(96.32,-100.442,166.848));
#1153 = CARTESIAN_POINT('',(125.53,-100.442,172.944));
#1154 = CARTESIAN_POINT('',(125.53,-100.442,166.848));
#1155 = DEFINITIONAL_REPRESENTATION('',(#1156),#1159);
#1156 = B_SPLINE_CURVE_WITH_KNOTS('',1,(#1157,#1158),.UNSPECIFIED.,.F.,
  .F.,(2,2),(0.,0.24),.PIECEWISE_BEZIER_KNOTS.);
#1157 = CARTESIAN_POINT('',(0.,0.));
#1158 = CARTESIAN_POINT('',(0.,0.24));
#1159 = ( GEOMETRIC_REPRESENTATION_CONTEXT(2) 
PARAMETRIC_REPRESENTATION_CONTEXT() REPRESENTATION_CONTEXT('2D SPACE',''
  ) );
#1160 = ADVANCED_FACE('',(#1161),#1174,.T.);
#1161 = FACE_BOUND('',#1162,.T.);
#1162 = EDGE_LOOP('',(#1163,#1190,#1210,#1230));
#1163 = ORIENTED_EDGE('',*,*,#1164,.F.);
#1164 = EDGE_CURVE('',#1165,#1167,#1169,.T.);
#1165 = VERTEX_POINT('',#1166);
#1166 = CARTESIAN_POINT('',(125.53,-104.76,172.944));
#1167 = VERTEX_POINT('',#1168);
#1168 = CARTESIAN_POINT('',(125.53,-100.442,172.944));
#1169 = SURFACE_CURVE('',#1170,(#1173,#1184),.PCURVE_S1.);
#1170 = B_SPLINE_CURVE_WITH_KNOTS('',1,(#1171,#1172),.UNSPECIFIED.,.F.,
  .F.,(2,2),(0.,0.17),.PIECEWISE_BEZIER_KNOTS.);
#1171 = CARTESIAN_POINT('',(125.53,-104.76,172.944));
#1172 = CARTESIAN_POINT('',(125.53,-100.442,172.944));
#1173 = PCURVE('',#1174,#1179);
#1174 = B_SPLINE_SURFACE_WITH_KNOTS('',1,1,(
    (#1175,#1176)
    ,(#1177,#1178
    )),.UNSPECIFIED.,.F.,.F.,.F.,(2,2),(2,2),(0.,0.17),(-0.24,0.),
  .PIECEWISE_BEZIER_KNOTS.);
#1175 = CARTESIAN_POINT('',(125.53,-104.76,166.848));
#1176 = CARTESIAN_POINT('',(125.53,-104.76,172.944));
#1177 = CARTESIAN_POINT('',(125.53,-100.442,166.848));
#1178 = CARTESIAN_POINT('',(125.53,-100.442,172.944));
#1179 = DEFINITIONAL_REPRESENTATION('',(#1180),#1183);
#1180 = B_SPLINE_CURVE_WITH_KNOTS('',1,(#1181,#1182),.UNSPECIFIED.,.F.,
  .F.,(2,2),(0.,0.17),.PIECEWISE_BEZIER_KNOTS.);
#1181 = CARTESIAN_POINT('',(0.,0.));
#1182 = CARTESIAN_POINT('',(0.17,0.));
#1183 = ( GEOMETRIC_REPRESENTATION_CONTEXT(2) 
PARAMETRIC_REPRESENTATION_CONTEXT() REPRESENTATION_CONTEXT('2D SPACE',''
  ) );
#1184 = PCURVE('',#1077,#1185);
#1185 = DEFINITIONAL_REPRESENTATION('',(#1186),#1189);
#1186 = B_SPLINE_CURVE_WITH_KNOTS('',1,(#1187,#1188),.UNSPECIFIED.,.F.,
  .F.,(2,2),(0.,0.17),.PIECEWISE_BEZIER_KNOTS.);
#1187 = CARTESIAN_POINT('',(0.,1.15));
#1188 = CARTESIAN_POINT('',(0.17,1.15));
#1189 = ( GEOMETRIC_REPRESENTATION_CONTEXT(2) 
PARAMETRIC_REPRESENTATION_CONTEXT() REPRESENTATION_CONTEXT('2D SPACE',''
  ) );
#1190 = ORIENTED_EDGE('',*,*,#1191,.T.);
#1191 = EDGE_CURVE('',#1165,#1192,#1194,.T.);
#1192 = VERTEX_POINT('',#1193);
#1193 = CARTESIAN_POINT('',(125.53,-104.76,166.848));
#1194 = SURFACE_CURVE('',#1195,(#1198,#1204),.PCURVE_S1.);
#1195 = B_SPLINE_CURVE_WITH_KNOTS('',1,(#1196,#1197),.UNSPECIFIED.,.F.,
  .F.,(2,2),(0.,0.24),.PIECEWISE_BEZIER_KNOTS.);
#1196 = CARTESIAN_POINT('',(125.53,-104.76,172.944));
#1197 = CARTESIAN_POINT('',(125.53,-104.76,166.848));
#1198 = PCURVE('',#1174,#1199);
#1199 = DEFINITIONAL_REPRESENTATION('',(#1200),#1203);
#1200 = B_SPLINE_CURVE_WITH_KNOTS('',1,(#1201,#1202),.UNSPECIFIED.,.F.,
  .F.,(2,2),(0.,0.24),.PIECEWISE_BEZIER_KNOTS.);
#1201 = CARTESIAN_POINT('',(0.,0.));
#1202 = CARTESIAN_POINT('',(0.,-0.24));
#1203 = ( GEOMETRIC_REPRESENTATION_CONTEXT(2) 
PARAMETRIC_REPRESENTATION_CONTEXT() REPRESENTATION_CONTEXT('2D SPACE',''
  ) );
#1204 = PCURVE('',#1102,#1205);
#1205 = DEFINITIONAL_REPRESENTATION('',(#1206),#1209);
#1206 = B_SPLINE_CURVE_WITH_KNOTS('',1,(#1207,#1208),.UNSPECIFIED.,.F.,
  .F.,(2,2),(0.,0.24),.PIECEWISE_BEZIER_KNOTS.);
#1207 = CARTESIAN_POINT('',(1.15,0.));
#1208 = CARTESIAN_POINT('',(1.15,0.24));
#1209 = ( GEOMETRIC_REPRESENTATION_CONTEXT(2) 
PARAMETRIC_REPRESENTATION_CONTEXT() REPRESENTATION_CONTEXT('2D SPACE',''
  ) );
#1210 = ORIENTED_EDGE('',*,*,#1211,.T.);
#1211 = EDGE_CURVE('',#1192,#1212,#1214,.T.);
#1212 = VERTEX_POINT('',#1213);
#1213 = CARTESIAN_POINT('',(125.53,-100.442,166.848));
#1214 = SURFACE_CURVE('',#1215,(#1218,#1224),.PCURVE_S1.);
#1215 = B_SPLINE_CURVE_WITH_KNOTS('',1,(#1216,#1217),.UNSPECIFIED.,.F.,
  .F.,(2,2),(0.,0.17),.PIECEWISE_BEZIER_KNOTS.);
#1216 = CARTESIAN_POINT('',(125.53,-104.76,166.848));
#1217 = CARTESIAN_POINT('',(125.53,-100.442,166.848));
#1218 = PCURVE('',#1174,#1219);
#1219 = DEFINITIONAL_REPRESENTATION('',(#1220),#1223);
#1220 = B_SPLINE_CURVE_WITH_KNOTS('',1,(#1221,#1222),.UNSPECIFIED.,.F.,
  .F.,(2,2),(0.,0.17),.PIECEWISE_BEZIER_KNOTS.);
#1221 = CARTESIAN_POINT('',(0.,-0.24));
#1222 = CARTESIAN_POINT('',(0.17,-0.24));
#1223 = ( GEOMETRIC_REPRESENTATION_CONTEXT(2) 
PARAMETRIC_REPRESENTATION_CONTEXT() REPRESENTATION_CONTEXT('2D SPACE',''
  ) );
#1224 = PCURVE('',#1127,#1225);
#1225 = DEFINITIONAL_REPRESENTATION('',(#1226),#1229);
#1226 = B_SPLINE_CURVE_WITH_KNOTS('',1,(#1227,#1228),.UNSPECIFIED.,.F.,
  .F.,(2,2),(0.,0.17),.PIECEWISE_BEZIER_KNOTS.);
#1227 = CARTESIAN_POINT('',(0.,1.15));
#1228 = CARTESIAN_POINT('',(0.17,1.15));
#1229 = ( GEOMETRIC_REPRESENTATION_CONTEXT(2) 
PARAMETRIC_REPRESENTATION_CONTEXT() REPRESENTATION_CONTEXT('2D SPACE',''
  ) );
#1230 = ORIENTED_EDGE('',*,*,#1231,.F.);
#1231 = EDGE_CURVE('',#1167,#1212,#1232,.T.);
#1232 = SURFACE_CURVE('',#1233,(#1236,#1242),.PCURVE_S1.);
#1233 = B_SPLINE_CURVE_WITH_KNOTS('',1,(#1234,#1235),.UNSPECIFIED.,.F.,
  .F.,(2,2),(0.,0.24),.PIECEWISE_BEZIER_KNOTS.);
#1234 = CARTESIAN_POINT('',(125.53,-100.442,172.944));
#1235 = CARTESIAN_POINT('',(125.53,-100.442,166.848));
#1236 = PCURVE('',#1174,#1237);
#1237 = DEFINITIONAL_REPRESENTATION('',(#1238),#1241);
#1238 = B_SPLINE_CURVE_WITH_KNOTS('',1,(#1239,#1240),.UNSPECIFIED.,.F.,
  .F.,(2,2),(0.,0.24),.PIECEWISE_BEZIER_KNOTS.);
#1239 = CARTESIAN_POINT('',(0.17,0.));
#1240 = CARTESIAN_POINT('',(0.17,-0.24));
#1241 = ( GEOMETRIC_REPRESENTATION_CONTEXT(2) 
PARAMETRIC_REPRESENTATION_CONTEXT() REPRESENTATION_CONTEXT('2D SPACE',''
  ) );
#1242 = PCURVE('',#1150,#1243);
#1243 = DEFINITIONAL_REPRESENTATION('',(#1244),#1247);
#1244 = B_SPLINE_CURVE_WITH_KNOTS('',1,(#1245,#1246),.UNSPECIFIED.,.F.,
  .F.,(2,2),(0.,0.24),.PIECEWISE_BEZIER_KNOTS.);
#1245 = CARTESIAN_POINT('',(1.15,0.));
#1246 = CARTESIAN_POINT('',(1.15,0.24));
#1247 = ( GEOMETRIC_REPRESENTATION_CONTEXT(2) 
PARAMETRIC_REPRESENTATION_CONTEXT() REPRESENTATION_CONTEXT('2D SPACE',''
  ) );
#1248 = ADVANCED_FACE('',(#1249),#1077,.F.);
#1249 = FACE_BOUND('',#1250,.F.);
#1250 = EDGE_LOOP('',(#1251,#1269,#1270,#1288));
#1251 = ORIENTED_EDGE('',*,*,#1252,.F.);
#1252 = EDGE_CURVE('',#1057,#1165,#1253,.T.);
#1253 = SURFACE_CURVE('',#1254,(#1257,#1263),.PCURVE_S1.);
#1254 = B_SPLINE_CURVE_WITH_KNOTS('',1,(#1255,#1256),.UNSPECIFIED.,.F.,
  .F.,(2,2),(0.,1.15),.PIECEWISE_BEZIER_KNOTS.);
#1255 = CARTESIAN_POINT('',(96.32,-104.76,172.944));
#1256 = CARTESIAN_POINT('',(125.53,-104.76,172.944));
#1257 = PCURVE('',#1077,#1258);
#1258 = DEFINITIONAL_REPRESENTATION('',(#1259),#1262);
#1259 = B_SPLINE_CURVE_WITH_KNOTS('',1,(#1260,#1261),.UNSPECIFIED.,.F.,
  .F.,(2,2),(0.,1.15),.PIECEWISE_BEZIER_KNOTS.);
#1260 = CARTESIAN_POINT('',(0.,0.));
#1261 = CARTESIAN_POINT('',(0.,1.15));
#1262 = ( GEOMETRIC_REPRESENTATION_CONTEXT(2) 
PARAMETRIC_REPRESENTATION_CONTEXT() REPRESENTATION_CONTEXT('2D SPACE',''
  ) );
#1263 = PCURVE('',#1102,#1264);
#1264 = DEFINITIONAL_REPRESENTATION('',(#1265),#1268);
#1265 = B_SPLINE_CURVE_WITH_KNOTS('',1,(#1266,#1267),.UNSPECIFIED.,.F.,
  .F.,(2,2),(0.,1.15),.PIECEWISE_BEZIER_KNOTS.);
#1266 = CARTESIAN_POINT('',(0.,0.));
#1267 = CARTESIAN_POINT('',(1.15,0.));
#1268 = ( GEOMETRIC_REPRESENTATION_CONTEXT(2) 
PARAMETRIC_REPRESENTATION_CONTEXT() REPRESENTATION_CONTEXT('2D SPACE',''
  ) );
#1269 = ORIENTED_EDGE('',*,*,#1056,.T.);
#1270 = ORIENTED_EDGE('',*,*,#1271,.T.);
#1271 = EDGE_CURVE('',#1059,#1167,#1272,.T.);
#1272 = SURFACE_CURVE('',#1273,(#1276,#1282),.PCURVE_S1.);
#1273 = B_SPLINE_CURVE_WITH_KNOTS('',1,(#1274,#1275),.UNSPECIFIED.,.F.,
  .F.,(2,2),(0.,1.15),.PIECEWISE_BEZIER_KNOTS.);
#1274 = CARTESIAN_POINT('',(96.32,-100.442,172.944));
#1275 = CARTESIAN_POINT('',(125.53,-100.442,172.944));
#1276 = PCURVE('',#1077,#1277);
#1277 = DEFINITIONAL_REPRESENTATION('',(#1278),#1281);
#1278 = B_SPLINE_CURVE_WITH_KNOTS('',1,(#1279,#1280),.UNSPECIFIED.,.F.,
  .F.,(2,2),(0.,1.15),.PIECEWISE_BEZIER_KNOTS.);
#1279 = CARTESIAN_POINT('',(0.17,0.));
#1280 = CARTESIAN_POINT('',(0.17,1.15));
#1281 = ( GEOMETRIC_REPRESENTATION_CONTEXT(2) 
PARAMETRIC_REPRESENTATION_CONTEXT() REPRESENTATION_CONTEXT('2D SPACE',''
  ) );
#1282 = PCURVE('',#1150,#1283);
#1283 = DEFINITIONAL_REPRESENTATION('',(#1284),#1287);
#1284 = B_SPLINE_CURVE_WITH_KNOTS('',1,(#1285,#1286),.UNSPECIFIED.,.F.,
  .F.,(2,2),(0.,1.15),.PIECEWISE_BEZIER_KNOTS.);
#1285 = CARTESIAN_POINT('',(0.,0.));
#1286 = CARTESIAN_POINT('',(1.15,0.));
#1287 = ( GEOMETRIC_REPRESENTATION_CONTEXT(2) 
PARAMETRIC_REPRESENTATION_CONTEXT() REPRESENTATION_CONTEXT('2D SPACE',''
  ) );
#1288 = ORIENTED_EDGE('',*,*,#1164,.F.);
#1289 = ADVANCED_FACE('',(#1290),#1127,.T.);
#1290 = FACE_BOUND('',#1291,.T.);
#1291 = EDGE_LOOP('',(#1292,#1310,#1311,#1329));
#1292 = ORIENTED_EDGE('',*,*,#1293,.F.);
#1293 = EDGE_CURVE('',#1089,#1192,#1294,.T.);
#1294 = SURFACE_CURVE('',#1295,(#1298,#1304),.PCURVE_S1.);
#1295 = B_SPLINE_CURVE_WITH_KNOTS('',1,(#1296,#1297),.UNSPECIFIED.,.F.,
  .F.,(2,2),(0.,1.15),.PIECEWISE_BEZIER_KNOTS.);
#1296 = CARTESIAN_POINT('',(96.32,-104.76,166.848));
#1297 = CARTESIAN_POINT('',(125.53,-104.76,166.848));
#1298 = PCURVE('',#1127,#1299);
#1299 = DEFINITIONAL_REPRESENTATION('',(#1300),#1303);
#1300 = B_SPLINE_CURVE_WITH_KNOTS('',1,(#1301,#1302),.UNSPECIFIED.,.F.,
  .F.,(2,2),(0.,1.15),.PIECEWISE_BEZIER_KNOTS.);
#1301 = CARTESIAN_POINT('',(0.,0.));
#1302 = CARTESIAN_POINT('',(0.,1.15));
#1303 = ( GEOMETRIC_REPRESENTATION_CONTEXT(2) 
PARAMETRIC_REPRESENTATION_CONTEXT() REPRESENTATION_CONTEXT('2D SPACE',''
  ) );
#1304 = PCURVE('',#1102,#1305);
#1305 = DEFINITIONAL_REPRESENTATION('',(#1306),#1309);
#1306 = B_SPLINE_CURVE_WITH_KNOTS('',1,(#1307,#1308),.UNSPECIFIED.,.F.,
  .F.,(2,2),(0.,1.15),.PIECEWISE_BEZIER_KNOTS.);
#1307 = CARTESIAN_POINT('',(0.,0.24));
#1308 = CARTESIAN_POINT('',(1.15,0.24));
#1309 = ( GEOMETRIC_REPRESENTATION_CONTEXT(2) 
PARAMETRIC_REPRESENTATION_CONTEXT() REPRESENTATION_CONTEXT('2D SPACE',''
  ) );
#1310 = ORIENTED_EDGE('',*,*,#1113,.T.);
#1311 = ORIENTED_EDGE('',*,*,#1312,.T.);
#1312 = EDGE_CURVE('',#1114,#1212,#1313,.T.);
#1313 = SURFACE_CURVE('',#1314,(#1317,#1323),.PCURVE_S1.);
#1314 = B_SPLINE_CURVE_WITH_KNOTS('',1,(#1315,#1316),.UNSPECIFIED.,.F.,
  .F.,(2,2),(0.,1.15),.PIECEWISE_BEZIER_KNOTS.);
#1315 = CARTESIAN_POINT('',(96.32,-100.442,166.848));
#1316 = CARTESIAN_POINT('',(125.53,-100.442,166.848));
#1317 = PCURVE('',#1127,#1318);
#1318 = DEFINITIONAL_REPRESENTATION('',(#1319),#1322);
#1319 = B_SPLINE_CURVE_WITH_KNOTS('',1,(#1320,#1321),.UNSPECIFIED.,.F.,
  .F.,(2,2),(0.,1.15),.PIECEWISE_BEZIER_KNOTS.);
#1320 = CARTESIAN_POINT('',(0.17,0.));
#1321 = CARTESIAN_POINT('',(0.17,1.15));
#1322 = ( GEOMETRIC_REPRESENTATION_CONTEXT(2) 
PARAMETRIC_REPRESENTATION_CONTEXT() REPRESENTATION_CONTEXT('2D SPACE',''
  ) );
#1323 = PCURVE('',#1150,#1324);
#1324 = DEFINITIONAL_REPRESENTATION('',(#1325),#1328);
#1325 = B_SPLINE_CURVE_WITH_KNOTS('',1,(#1326,#1327),.UNSPECIFIED.,.F.,
  .F.,(2,2),(0.,1.15),.PIECEWISE_BEZIER_KNOTS.);
#1326 = CARTESIAN_POINT('',(0.,0.24));
#1327 = CARTESIAN_POINT('',(1.15,0.24));
#1328 = ( GEOMETRIC_REPRESENTATION_CONTEXT(2) 
PARAMETRIC_REPRESENTATION_CONTEXT() REPRESENTATION_CONTEXT('2D SPACE',''
  ) );
#1329 = ORIENTED_EDGE('',*,*,#1211,.F.);
#1330 = ADVANCED_FACE('',(#1331),#1102,.F.);
#1331 = FACE_BOUND('',#1332,.F.);
#1332 = EDGE_LOOP('',(#1333,#1334,#1335,#1336));
#1333 = ORIENTED_EDGE('',*,*,#1088,.F.);
#1334 = ORIENTED_EDGE('',*,*,#1252,.T.);
#1335 = ORIENTED_EDGE('',*,*,#1191,.T.);
#1336 = ORIENTED_EDGE('',*,*,#1293,.F.);
#1337 = ADVANCED_FACE('',(#1338),#1150,.T.);
#1338 = FACE_BOUND('',#1339,.T.);
#1339 = EDGE_LOOP('',(#1340,#1341,#1342,#1343));
#1340 = ORIENTED_EDGE('',*,*,#1138,.F.);
#1341 = ORIENTED_EDGE('',*,*,#1271,.T.);
#1342 = ORIENTED_EDGE('',*,*,#1231,.T.);
#1343 = ORIENTED_EDGE('',*,*,#1312,.F.);
#1344 = ( GEOMETRIC_REPRESENTATION_CONTEXT(3) 
GLOBAL_UNCERTAINTY_ASSIGNED_CONTEXT((#1348)) 
GLOBAL_UNIT_ASSIGNED_CONTEXT((#1345,#1346,#1347)) REPRESENTATION_CONTEXT
('Context #1','3D Context with UNIT and UNCERTAINTY') );
#1345 = ( LENGTH_UNIT() NAMED_UNIT(*) SI_UNIT(.MILLI.,.METRE.) );
#1346 = ( NAMED_UNIT(*) PLANE_ANGLE_UNIT() SI_UNIT($,.RADIAN.) );
#1347 = ( NAMED_UNIT(*) SI_UNIT($,.STERADIAN.) SOLID_ANGLE_UNIT() );
#1348 = UNCERTAINTY_MEASURE_WITH_UNIT(LENGTH_MEASURE(2.E-06),#1345,
  'distance_accuracy_value','confusion accuracy');
#1349 = CONTEXT_DEPENDENT_SHAPE_REPRESENTATION(#1350,#1352);
#1350 = ( REPRESENTATION_RELATIONSHIP('','',#1049,#10) 
REPRESENTATION_RELATIONSHIP_WITH_TRANSFORMATION(#1351) 
SHAPE_REPRESENTATION_RELATIONSHIP() );
#1351 = ITEM_DEFINED_TRANSFORMATION('','',#11,#27);
#1352 = PRODUCT_DEFINITION_SHAPE('Placement','Placement of an item',
  #1353);
#1353 = NEXT_ASSEMBLY_USAGE_OCCURRENCE('4',
'flap_latch_horn_L (print, PETG, on the servo''s spline: across the 
knuckle''s notch while folded)','',#5,#1044,$);
#1354 = PRODUCT_RELATED_PRODUCT_CATEGORY('part',$,(#1046));
#1355 = SHAPE_DEFINITION_REPRESENTATION(#1356,#1362);
#1356 = PRODUCT_DEFINITION_SHAPE('','',#1357);
#1357 = PRODUCT_DEFINITION('design','',#1358,#1361);
#1358 = PRODUCT_DEFINITION_FORMATION('','',#1359);
#1359 = PRODUCT(
'flap_bracket_L (print, PETG: on the upright''s web, cradles the servo; 
two M4 through the web, nuts inside the channel)',
'flap_bracket_L (print, PETG: on the upright''s web, cradles the servo; 
two M4 through the web, nuts inside the channel)','',(#1360));
#1360 = PRODUCT_CONTEXT('',#2,'mechanical');
#1361 = PRODUCT_DEFINITION_CONTEXT('part definition',#2,'design');
#1362 = SHAPE_REPRESENTATION('',(#11,#1363,#3092),#3386);
#1363 = MANIFOLD_SOLID_BREP('',#1364);
#1364 = CLOSED_SHELL('',(#1365,#1473,#1592,#1660,#1803,#1847,#1976,#2182
    ,#2225,#2268,#2503,#2546,#2650,#2692,#2773,#2796,#2804,#2812,#2894,
    #2977,#2982,#3006,#3030,#3037,#3061,#3085));
#1365 = ADVANCED_FACE('',(#1366),#1379,.F.);
#1366 = FACE_BOUND('',#1367,.F.);
#1367 = EDGE_LOOP('',(#1368,#1400,#1425,#1450));
#1368 = ORIENTED_EDGE('',*,*,#1369,.F.);
#1369 = EDGE_CURVE('',#1370,#1372,#1374,.T.);
#1370 = VERTEX_POINT('',#1371);
#1371 = CARTESIAN_POINT('',(76.508,-126.35,135.606));
#1372 = VERTEX_POINT('',#1373);
#1373 = CARTESIAN_POINT('',(76.508,-54.468,135.606));
#1374 = SURFACE_CURVE('',#1375,(#1378,#1389),.PCURVE_S1.);
#1375 = B_SPLINE_CURVE_WITH_KNOTS('',1,(#1376,#1377),.UNSPECIFIED.,.F.,
  .F.,(2,2),(0.,2.83),.PIECEWISE_BEZIER_KNOTS.);
#1376 = CARTESIAN_POINT('',(76.508,-126.35,135.606));
#1377 = CARTESIAN_POINT('',(76.508,-54.468,135.606));
#1378 = PCURVE('',#1379,#1384);
#1379 = B_SPLINE_SURFACE_WITH_KNOTS('',1,1,(
    (#1380,#1381)
    ,(#1382,#1383
    )),.UNSPECIFIED.,.F.,.F.,.F.,(2,2),(2,2),(0.,2.83),(-0.2,0.),
  .PIECEWISE_BEZIER_KNOTS.);
#1380 = CARTESIAN_POINT('',(81.588,-126.35,135.606));
#1381 = CARTESIAN_POINT('',(76.508,-126.35,135.606));
#1382 = CARTESIAN_POINT('',(81.588,-54.468,135.606));
#1383 = CARTESIAN_POINT('',(76.508,-54.468,135.606));
#1384 = DEFINITIONAL_REPRESENTATION('',(#1385),#1388);
#1385 = B_SPLINE_CURVE_WITH_KNOTS('',1,(#1386,#1387),.UNSPECIFIED.,.F.,
  .F.,(2,2),(0.,2.83),.PIECEWISE_BEZIER_KNOTS.);
#1386 = CARTESIAN_POINT('',(0.,0.));
#1387 = CARTESIAN_POINT('',(2.83,0.));
#1388 = ( GEOMETRIC_REPRESENTATION_CONTEXT(2) 
PARAMETRIC_REPRESENTATION_CONTEXT() REPRESENTATION_CONTEXT('2D SPACE',''
  ) );
#1389 = PCURVE('',#1390,#1395);
#1390 = B_SPLINE_SURFACE_WITH_KNOTS('',1,1,(
    (#1391,#1392)
    ,(#1393,#1394
    )),.UNSPECIFIED.,.F.,.F.,.F.,(2,2),(2,2),(0.,2.83),(0.,1.48),
  .PIECEWISE_BEZIER_KNOTS.);
#1391 = CARTESIAN_POINT('',(76.508,-126.35,135.606));
#1392 = CARTESIAN_POINT('',(76.508,-126.35,173.198));
#1393 = CARTESIAN_POINT('',(76.508,-54.468,135.606));
#1394 = CARTESIAN_POINT('',(76.508,-54.468,173.198));
#1395 = DEFINITIONAL_REPRESENTATION('',(#1396),#1399);
#1396 = B_SPLINE_CURVE_WITH_KNOTS('',1,(#1397,#1398),.UNSPECIFIED.,.F.,
  .F.,(2,2),(0.,2.83),.PIECEWISE_BEZIER_KNOTS.);
#1397 = CARTESIAN_POINT('',(0.,0.));
#1398 = CARTESIAN_POINT('',(2.83,0.));
#1399 = ( GEOMETRIC_REPRESENTATION_CONTEXT(2) 
PARAMETRIC_REPRESENTATION_CONTEXT() REPRESENTATION_CONTEXT('2D SPACE',''
  ) );
#1400 = ORIENTED_EDGE('',*,*,#1401,.T.);
#1401 = EDGE_CURVE('',#1370,#1402,#1404,.T.);
#1402 = VERTEX_POINT('',#1403);
#1403 = CARTESIAN_POINT('',(81.588,-126.35,135.606));
#1404 = SURFACE_CURVE('',#1405,(#1408,#1414),.PCURVE_S1.);
#1405 = B_SPLINE_CURVE_WITH_KNOTS('',1,(#1406,#1407),.UNSPECIFIED.,.F.,
  .F.,(2,2),(0.,0.2),.PIECEWISE_BEZIER_KNOTS.);
#1406 = CARTESIAN_POINT('',(76.508,-126.35,135.606));
#1407 = CARTESIAN_POINT('',(81.588,-126.35,135.606));
#1408 = PCURVE('',#1379,#1409);
#1409 = DEFINITIONAL_REPRESENTATION('',(#1410),#1413);
#1410 = B_SPLINE_CURVE_WITH_KNOTS('',1,(#1411,#1412),.UNSPECIFIED.,.F.,
  .F.,(2,2),(0.,0.2),.PIECEWISE_BEZIER_KNOTS.);
#1411 = CARTESIAN_POINT('',(0.,0.));
#1412 = CARTESIAN_POINT('',(0.,-0.2));
#1413 = ( GEOMETRIC_REPRESENTATION_CONTEXT(2) 
PARAMETRIC_REPRESENTATION_CONTEXT() REPRESENTATION_CONTEXT('2D SPACE',''
  ) );
#1414 = PCURVE('',#1415,#1420);
#1415 = B_SPLINE_SURFACE_WITH_KNOTS('',1,1,(
    (#1416,#1417)
    ,(#1418,#1419
    )),.UNSPECIFIED.,.F.,.F.,.F.,(2,2),(2,2),(0.,1.48),(0.,0.2),
  .PIECEWISE_BEZIER_KNOTS.);
#1416 = CARTESIAN_POINT('',(76.508,-126.35,135.606));
#1417 = CARTESIAN_POINT('',(81.588,-126.35,135.606));
#1418 = CARTESIAN_POINT('',(76.508,-126.35,173.198));
#1419 = CARTESIAN_POINT('',(81.588,-126.35,173.198));
#1420 = DEFINITIONAL_REPRESENTATION('',(#1421),#1424);
#1421 = B_SPLINE_CURVE_WITH_KNOTS('',1,(#1422,#1423),.UNSPECIFIED.,.F.,
  .F.,(2,2),(0.,0.2),.PIECEWISE_BEZIER_KNOTS.);
#1422 = CARTESIAN_POINT('',(0.,0.));
#1423 = CARTESIAN_POINT('',(0.,0.2));
#1424 = ( GEOMETRIC_REPRESENTATION_CONTEXT(2) 
PARAMETRIC_REPRESENTATION_CONTEXT() REPRESENTATION_CONTEXT('2D SPACE',''
  ) );
#1425 = ORIENTED_EDGE('',*,*,#1426,.T.);
#1426 = EDGE_CURVE('',#1402,#1427,#1429,.T.);
#1427 = VERTEX_POINT('',#1428);
#1428 = CARTESIAN_POINT('',(81.588,-54.468,135.606));
#1429 = SURFACE_CURVE('',#1430,(#1433,#1439),.PCURVE_S1.);
#1430 = B_SPLINE_CURVE_WITH_KNOTS('',1,(#1431,#1432),.UNSPECIFIED.,.F.,
  .F.,(2,2),(0.,2.83),.PIECEWISE_BEZIER_KNOTS.);
#1431 = CARTESIAN_POINT('',(81.588,-126.35,135.606));
#1432 = CARTESIAN_POINT('',(81.588,-54.468,135.606));
#1433 = PCURVE('',#1379,#1434);
#1434 = DEFINITIONAL_REPRESENTATION('',(#1435),#1438);
#1435 = B_SPLINE_CURVE_WITH_KNOTS('',1,(#1436,#1437),.UNSPECIFIED.,.F.,
  .F.,(2,2),(0.,2.83),.PIECEWISE_BEZIER_KNOTS.);
#1436 = CARTESIAN_POINT('',(0.,-0.2));
#1437 = CARTESIAN_POINT('',(2.83,-0.2));
#1438 = ( GEOMETRIC_REPRESENTATION_CONTEXT(2) 
PARAMETRIC_REPRESENTATION_CONTEXT() REPRESENTATION_CONTEXT('2D SPACE',''
  ) );
#1439 = PCURVE('',#1440,#1445);
#1440 = B_SPLINE_SURFACE_WITH_KNOTS('',1,1,(
    (#1441,#1442)
    ,(#1443,#1444
    )),.UNSPECIFIED.,.F.,.F.,.F.,(2,2),(2,2),(0.,2.83),(0.,1.48),
  .PIECEWISE_BEZIER_KNOTS.);
#1441 = CARTESIAN_POINT('',(81.588,-126.35,135.606));
#1442 = CARTESIAN_POINT('',(81.588,-126.35,173.198));
#1443 = CARTESIAN_POINT('',(81.588,-54.468,135.606));
#1444 = CARTESIAN_POINT('',(81.588,-54.468,173.198));
#1445 = DEFINITIONAL_REPRESENTATION('',(#1446),#1449);
#1446 = B_SPLINE_CURVE_WITH_KNOTS('',1,(#1447,#1448),.UNSPECIFIED.,.F.,
  .F.,(2,2),(0.,2.83),.PIECEWISE_BEZIER_KNOTS.);
#1447 = CARTESIAN_POINT('',(0.,0.));
#1448 = CARTESIAN_POINT('',(2.83,0.));
#1449 = ( GEOMETRIC_REPRESENTATION_CONTEXT(2) 
PARAMETRIC_REPRESENTATION_CONTEXT() REPRESENTATION_CONTEXT('2D SPACE',''
  ) );
#1450 = ORIENTED_EDGE('',*,*,#1451,.F.);
#1451 = EDGE_CURVE('',#1372,#1427,#1452,.T.);
#1452 = SURFACE_CURVE('',#1453,(#1456,#1462),.PCURVE_S1.);
#1453 = B_SPLINE_CURVE_WITH_KNOTS('',1,(#1454,#1455),.UNSPECIFIED.,.F.,
  .F.,(2,2),(0.,0.2),.PIECEWISE_BEZIER_KNOTS.);
#1454 = CARTESIAN_POINT('',(76.508,-54.468,135.606));
#1455 = CARTESIAN_POINT('',(81.588,-54.468,135.606));
#1456 = PCURVE('',#1379,#1457);
#1457 = DEFINITIONAL_REPRESENTATION('',(#1458),#1461);
#1458 = B_SPLINE_CURVE_WITH_KNOTS('',1,(#1459,#1460),.UNSPECIFIED.,.F.,
  .F.,(2,2),(0.,0.2),.PIECEWISE_BEZIER_KNOTS.);
#1459 = CARTESIAN_POINT('',(2.83,0.));
#1460 = CARTESIAN_POINT('',(2.83,-0.2));
#1461 = ( GEOMETRIC_REPRESENTATION_CONTEXT(2) 
PARAMETRIC_REPRESENTATION_CONTEXT() REPRESENTATION_CONTEXT('2D SPACE',''
  ) );
#1462 = PCURVE('',#1463,#1468);
#1463 = B_SPLINE_SURFACE_WITH_KNOTS('',1,1,(
    (#1464,#1465)
    ,(#1466,#1467
    )),.UNSPECIFIED.,.F.,.F.,.F.,(2,2),(2,2),(0.,1.48),(0.,0.2),
  .PIECEWISE_BEZIER_KNOTS.);
#1464 = CARTESIAN_POINT('',(76.508,-54.468,135.606));
#1465 = CARTESIAN_POINT('',(81.588,-54.468,135.606));
#1466 = CARTESIAN_POINT('',(76.508,-54.468,173.198));
#1467 = CARTESIAN_POINT('',(81.588,-54.468,173.198));
#1468 = DEFINITIONAL_REPRESENTATION('',(#1469),#1472);
#1469 = B_SPLINE_CURVE_WITH_KNOTS('',1,(#1470,#1471),.UNSPECIFIED.,.F.,
  .F.,(2,2),(0.,0.2),.PIECEWISE_BEZIER_KNOTS.);
#1470 = CARTESIAN_POINT('',(0.,0.));
#1471 = CARTESIAN_POINT('',(0.,0.2));
#1472 = ( GEOMETRIC_REPRESENTATION_CONTEXT(2) 
PARAMETRIC_REPRESENTATION_CONTEXT() REPRESENTATION_CONTEXT('2D SPACE',''
  ) );
#1473 = ADVANCED_FACE('',(#1474,#1540),#1390,.F.);
#1474 = FACE_BOUND('',#1475,.F.);
#1475 = EDGE_LOOP('',(#1476,#1503,#1521,#1522));
#1476 = ORIENTED_EDGE('',*,*,#1477,.F.);
#1477 = EDGE_CURVE('',#1478,#1480,#1482,.T.);
#1478 = VERTEX_POINT('',#1479);
#1479 = CARTESIAN_POINT('',(76.508,-126.35,173.198));
#1480 = VERTEX_POINT('',#1481);
#1481 = CARTESIAN_POINT('',(76.508,-54.468,173.198));
#1482 = SURFACE_CURVE('',#1483,(#1486,#1492),.PCURVE_S1.);
#1483 = B_SPLINE_CURVE_WITH_KNOTS('',1,(#1484,#1485),.UNSPECIFIED.,.F.,
  .F.,(2,2),(0.,2.83),.PIECEWISE_BEZIER_KNOTS.);
#1484 = CARTESIAN_POINT('',(76.508,-126.35,173.198));
#1485 = CARTESIAN_POINT('',(76.508,-54.468,173.198));
#1486 = PCURVE('',#1390,#1487);
#1487 = DEFINITIONAL_REPRESENTATION('',(#1488),#1491);
#1488 = B_SPLINE_CURVE_WITH_KNOTS('',1,(#1489,#1490),.UNSPECIFIED.,.F.,
  .F.,(2,2),(0.,2.83),.PIECEWISE_BEZIER_KNOTS.);
#1489 = CARTESIAN_POINT('',(0.,1.48));
#1490 = CARTESIAN_POINT('',(2.83,1.48));
#1491 = ( GEOMETRIC_REPRESENTATION_CONTEXT(2) 
PARAMETRIC_REPRESENTATION_CONTEXT() REPRESENTATION_CONTEXT('2D SPACE',''
  ) );
#1492 = PCURVE('',#1493,#1498);
#1493 = B_SPLINE_SURFACE_WITH_KNOTS('',1,1,(
    (#1494,#1495)
    ,(#1496,#1497
    )),.UNSPECIFIED.,.F.,.F.,.F.,(2,2),(2,2),(0.,0.68),(-4.,0.),
  .PIECEWISE_BEZIER_KNOTS.);
#1494 = CARTESIAN_POINT('',(64.062,-43.8,173.198));
#1495 = CARTESIAN_POINT('',(64.062,-145.4,173.198));
#1496 = CARTESIAN_POINT('',(81.334,-43.8,173.198));
#1497 = CARTESIAN_POINT('',(81.334,-145.4,173.198));
#1498 = DEFINITIONAL_REPRESENTATION('',(#1499),#1502);
#1499 = B_SPLINE_CURVE_WITH_KNOTS('',1,(#1500,#1501),.UNSPECIFIED.,.F.,
  .F.,(2,2),(0.,2.83),.PIECEWISE_BEZIER_KNOTS.);
#1500 = CARTESIAN_POINT('',(0.49,-0.75));
#1501 = CARTESIAN_POINT('',(0.49,-3.58));
#1502 = ( GEOMETRIC_REPRESENTATION_CONTEXT(2) 
PARAMETRIC_REPRESENTATION_CONTEXT() REPRESENTATION_CONTEXT('2D SPACE',''
  ) );
#1503 = ORIENTED_EDGE('',*,*,#1504,.F.);
#1504 = EDGE_CURVE('',#1370,#1478,#1505,.T.);
#1505 = SURFACE_CURVE('',#1506,(#1509,#1515),.PCURVE_S1.);
#1506 = B_SPLINE_CURVE_WITH_KNOTS('',1,(#1507,#1508),.UNSPECIFIED.,.F.,
  .F.,(2,2),(0.,1.48),.PIECEWISE_BEZIER_KNOTS.);
#1507 = CARTESIAN_POINT('',(76.508,-126.35,135.606));
#1508 = CARTESIAN_POINT('',(76.508,-126.35,173.198));
#1509 = PCURVE('',#1390,#1510);
#1510 = DEFINITIONAL_REPRESENTATION('',(#1511),#1514);
#1511 = B_SPLINE_CURVE_WITH_KNOTS('',1,(#1512,#1513),.UNSPECIFIED.,.F.,
  .F.,(2,2),(0.,1.48),.PIECEWISE_BEZIER_KNOTS.);
#1512 = CARTESIAN_POINT('',(0.,0.));
#1513 = CARTESIAN_POINT('',(0.,1.48));
#1514 = ( GEOMETRIC_REPRESENTATION_CONTEXT(2) 
PARAMETRIC_REPRESENTATION_CONTEXT() REPRESENTATION_CONTEXT('2D SPACE',''
  ) );
#1515 = PCURVE('',#1415,#1516);
#1516 = DEFINITIONAL_REPRESENTATION('',(#1517),#1520);
#1517 = B_SPLINE_CURVE_WITH_KNOTS('',1,(#1518,#1519),.UNSPECIFIED.,.F.,
  .F.,(2,2),(0.,1.48),.PIECEWISE_BEZIER_KNOTS.);
#1518 = CARTESIAN_POINT('',(0.,0.));
#1519 = CARTESIAN_POINT('',(1.48,0.));
#1520 = ( GEOMETRIC_REPRESENTATION_CONTEXT(2) 
PARAMETRIC_REPRESENTATION_CONTEXT() REPRESENTATION_CONTEXT('2D SPACE',''
  ) );
#1521 = ORIENTED_EDGE('',*,*,#1369,.T.);
#1522 = ORIENTED_EDGE('',*,*,#1523,.T.);
#1523 = EDGE_CURVE('',#1372,#1480,#1524,.T.);
#1524 = SURFACE_CURVE('',#1525,(#1528,#1534),.PCURVE_S1.);
#1525 = B_SPLINE_CURVE_WITH_KNOTS('',1,(#1526,#1527),.UNSPECIFIED.,.F.,
  .F.,(2,2),(0.,1.48),.PIECEWISE_BEZIER_KNOTS.);
#1526 = CARTESIAN_POINT('',(76.508,-54.468,135.606));
#1527 = CARTESIAN_POINT('',(76.508,-54.468,173.198));
#1528 = PCURVE('',#1390,#1529);
#1529 = DEFINITIONAL_REPRESENTATION('',(#1530),#1533);
#1530 = B_SPLINE_CURVE_WITH_KNOTS('',1,(#1531,#1532),.UNSPECIFIED.,.F.,
  .F.,(2,2),(0.,1.48),.PIECEWISE_BEZIER_KNOTS.);
#1531 = CARTESIAN_POINT('',(2.83,0.));
#1532 = CARTESIAN_POINT('',(2.83,1.48));
#1533 = ( GEOMETRIC_REPRESENTATION_CONTEXT(2) 
PARAMETRIC_REPRESENTATION_CONTEXT() REPRESENTATION_CONTEXT('2D SPACE',''
  ) );
#1534 = PCURVE('',#1463,#1535);
#1535 = DEFINITIONAL_REPRESENTATION('',(#1536),#1539);
#1536 = B_SPLINE_CURVE_WITH_KNOTS('',1,(#1537,#1538),.UNSPECIFIED.,.F.,
  .F.,(2,2),(0.,1.48),.PIECEWISE_BEZIER_KNOTS.);
#1537 = CARTESIAN_POINT('',(0.,0.));
#1538 = CARTESIAN_POINT('',(1.48,0.));
#1539 = ( GEOMETRIC_REPRESENTATION_CONTEXT(2) 
PARAMETRIC_REPRESENTATION_CONTEXT() REPRESENTATION_CONTEXT('2D SPACE',''
  ) );
#1540 = FACE_BOUND('',#1541,.F.);
#1541 = EDGE_LOOP('',(#1542));
#1542 = ORIENTED_EDGE('',*,*,#1543,.T.);
#1543 = EDGE_CURVE('',#1544,#1544,#1546,.T.);
#1544 = VERTEX_POINT('',#1545);
#1545 = CARTESIAN_POINT('',(76.508,-63.358,166.762));
#1546 = SURFACE_CURVE('',#1547,(#1555,#1566),.PCURVE_S1.);
#1547 = ( BOUNDED_CURVE() B_SPLINE_CURVE(2,(#1548,#1549,#1550,#1551,
#1552,#1553,#1554),.UNSPECIFIED.,.T.,.F.) B_SPLINE_CURVE_WITH_KNOTS((1,2
    ,2,2,2,1),(-2.094395102393,0.,2.094395102393,4.188790204786,
6.28318530718,8.377580409573),.UNSPECIFIED.) CURVE() 
GEOMETRIC_REPRESENTATION_ITEM() RATIONAL_B_SPLINE_CURVE((1.,0.5,1.,0.5,
1.,0.5,1.)) REPRESENTATION_ITEM('') );
#1548 = CARTESIAN_POINT('',(76.508,-63.358,166.762));
#1549 = CARTESIAN_POINT('',(76.508,-59.54748822334,166.762));
#1550 = CARTESIAN_POINT('',(76.508,-61.45274411167,163.462));
#1551 = CARTESIAN_POINT('',(76.508,-63.358,160.162));
#1552 = CARTESIAN_POINT('',(76.508,-65.26325588832,163.462));
#1553 = CARTESIAN_POINT('',(76.508,-67.16851177665,166.762));
#1554 = CARTESIAN_POINT('',(76.508,-63.358,166.762));
#1555 = PCURVE('',#1390,#1556);
#1556 = DEFINITIONAL_REPRESENTATION('',(#1557),#1565);
#1557 = ( BOUNDED_CURVE() B_SPLINE_CURVE(2,(#1558,#1559,#1560,#1561,
#1562,#1563,#1564),.UNSPECIFIED.,.T.,.F.) B_SPLINE_CURVE_WITH_KNOTS((1,2
    ,2,2,2,1),(-2.094395102393,0.,2.094395102393,4.188790204786,
6.28318530718,8.377580409573),.UNSPECIFIED.) CURVE() 
GEOMETRIC_REPRESENTATION_ITEM() RATIONAL_B_SPLINE_CURVE((1.,0.5,1.,0.5,
1.,0.5,1.)) REPRESENTATION_ITEM('') );
#1558 = CARTESIAN_POINT('',(2.48,1.226614173228));
#1559 = CARTESIAN_POINT('',(2.630020148687,1.226614173228));
#1560 = CARTESIAN_POINT('',(2.555010074344,1.096692913386));
#1561 = CARTESIAN_POINT('',(2.48,0.966771653543));
#1562 = CARTESIAN_POINT('',(2.404989925656,1.096692913386));
#1563 = CARTESIAN_POINT('',(2.329979851313,1.226614173228));
#1564 = CARTESIAN_POINT('',(2.48,1.226614173228));
#1565 = ( GEOMETRIC_REPRESENTATION_CONTEXT(2) 
PARAMETRIC_REPRESENTATION_CONTEXT() REPRESENTATION_CONTEXT('2D SPACE',''
  ) );
#1566 = PCURVE('',#1567,#1582);
#1567 = ( BOUNDED_SURFACE() B_SPLINE_SURFACE(2,1,(
    (#1568,#1569)
    ,(#1570,#1571)
    ,(#1572,#1573)
    ,(#1574,#1575)
    ,(#1576,#1577)
    ,(#1578,#1579)
    ,(#1580,#1581
)),.UNSPECIFIED.,.T.,.F.,.F.) B_SPLINE_SURFACE_WITH_KNOTS((1,2,2,2,2,1),
  (2,2),(-2.094395102393,0.,2.094395102393,4.188790204786,6.28318530718,
    8.377580409573),(-1.,-0.1),.UNSPECIFIED.) 
GEOMETRIC_REPRESENTATION_ITEM() RATIONAL_B_SPLINE_SURFACE((
    (1.,1.)
    ,(0.5,0.5)
    ,(1.,1.)
    ,(0.5,0.5)
    ,(1.,1.)
    ,(0.5,0.5)
,(1.,1.))) REPRESENTATION_ITEM('') SURFACE() );
#1568 = CARTESIAN_POINT('',(99.368,-63.358,166.762));
#1569 = CARTESIAN_POINT('',(76.508,-63.358,166.762));
#1570 = CARTESIAN_POINT('',(99.368,-59.54748822334,166.762));
#1571 = CARTESIAN_POINT('',(76.508,-59.54748822334,166.762));
#1572 = CARTESIAN_POINT('',(99.368,-61.45274411167,163.462));
#1573 = CARTESIAN_POINT('',(76.508,-61.45274411167,163.462));
#1574 = CARTESIAN_POINT('',(99.368,-63.358,160.162));
#1575 = CARTESIAN_POINT('',(76.508,-63.358,160.162));
#1576 = CARTESIAN_POINT('',(99.368,-65.26325588832,163.462));
#1577 = CARTESIAN_POINT('',(76.508,-65.26325588832,163.462));
#1578 = CARTESIAN_POINT('',(99.368,-67.16851177665,166.762));
#1579 = CARTESIAN_POINT('',(76.508,-67.16851177665,166.762));
#1580 = CARTESIAN_POINT('',(99.368,-63.358,166.762));
#1581 = CARTESIAN_POINT('',(76.508,-63.358,166.762));
#1582 = DEFINITIONAL_REPRESENTATION('',(#1583),#1591);
#1583 = B_SPLINE_CURVE_WITH_KNOTS('',2,(#1584,#1585,#1586,#1587,#1588,
    #1589,#1590),.UNSPECIFIED.,.F.,.F.,(3,2,2,3),(0.,2.094395102393,
    4.188790204786,6.28318530718),.PIECEWISE_BEZIER_KNOTS.);
#1584 = CARTESIAN_POINT('',(0.,-0.1));
#1585 = CARTESIAN_POINT('',(1.047197551197,-0.1));
#1586 = CARTESIAN_POINT('',(2.094395102393,-0.1));
#1587 = CARTESIAN_POINT('',(3.14159265359,-0.1));
#1588 = CARTESIAN_POINT('',(4.188790204786,-0.1));
#1589 = CARTESIAN_POINT('',(5.235987755983,-0.1));
#1590 = CARTESIAN_POINT('',(6.28318530718,-0.1));
#1591 = ( GEOMETRIC_REPRESENTATION_CONTEXT(2) 
PARAMETRIC_REPRESENTATION_CONTEXT() REPRESENTATION_CONTEXT('2D SPACE',''
  ) );
#1592 = ADVANCED_FACE('',(#1593),#1463,.T.);
#1593 = FACE_BOUND('',#1594,.T.);
#1594 = EDGE_LOOP('',(#1595,#1596,#1597,#1617,#1642));
#1595 = ORIENTED_EDGE('',*,*,#1451,.F.);
#1596 = ORIENTED_EDGE('',*,*,#1523,.T.);
#1597 = ORIENTED_EDGE('',*,*,#1598,.T.);
#1598 = EDGE_CURVE('',#1480,#1599,#1601,.T.);
#1599 = VERTEX_POINT('',#1600);
#1600 = CARTESIAN_POINT('',(81.334,-54.468,173.198));
#1601 = SURFACE_CURVE('',#1602,(#1605,#1611),.PCURVE_S1.);
#1602 = B_SPLINE_CURVE_WITH_KNOTS('',1,(#1603,#1604),.UNSPECIFIED.,.F.,
  .F.,(2,2),(0.,0.19),.PIECEWISE_BEZIER_KNOTS.);
#1603 = CARTESIAN_POINT('',(76.508,-54.468,173.198));
#1604 = CARTESIAN_POINT('',(81.334,-54.468,173.198));
#1605 = PCURVE('',#1463,#1606);
#1606 = DEFINITIONAL_REPRESENTATION('',(#1607),#1610);
#1607 = B_SPLINE_CURVE_WITH_KNOTS('',1,(#1608,#1609),.UNSPECIFIED.,.F.,
  .F.,(2,2),(0.,0.19),.PIECEWISE_BEZIER_KNOTS.);
#1608 = CARTESIAN_POINT('',(1.48,0.));
#1609 = CARTESIAN_POINT('',(1.48,0.19));
#1610 = ( GEOMETRIC_REPRESENTATION_CONTEXT(2) 
PARAMETRIC_REPRESENTATION_CONTEXT() REPRESENTATION_CONTEXT('2D SPACE',''
  ) );
#1611 = PCURVE('',#1493,#1612);
#1612 = DEFINITIONAL_REPRESENTATION('',(#1613),#1616);
#1613 = B_SPLINE_CURVE_WITH_KNOTS('',1,(#1614,#1615),.UNSPECIFIED.,.F.,
  .F.,(2,2),(0.,0.19),.PIECEWISE_BEZIER_KNOTS.);
#1614 = CARTESIAN_POINT('',(0.49,-3.58));
#1615 = CARTESIAN_POINT('',(0.68,-3.58));
#1616 = ( GEOMETRIC_REPRESENTATION_CONTEXT(2) 
PARAMETRIC_REPRESENTATION_CONTEXT() REPRESENTATION_CONTEXT('2D SPACE',''
  ) );
#1617 = ORIENTED_EDGE('',*,*,#1618,.T.);
#1618 = EDGE_CURVE('',#1599,#1619,#1621,.T.);
#1619 = VERTEX_POINT('',#1620);
#1620 = CARTESIAN_POINT('',(81.588,-54.468,173.198));
#1621 = SURFACE_CURVE('',#1622,(#1625,#1631),.PCURVE_S1.);
#1622 = B_SPLINE_CURVE_WITH_KNOTS('',1,(#1623,#1624),.UNSPECIFIED.,.F.,
  .F.,(2,2),(0.19,0.2),.PIECEWISE_BEZIER_KNOTS.);
#1623 = CARTESIAN_POINT('',(81.334,-54.468,173.198));
#1624 = CARTESIAN_POINT('',(81.588,-54.468,173.198));
#1625 = PCURVE('',#1463,#1626);
#1626 = DEFINITIONAL_REPRESENTATION('',(#1627),#1630);
#1627 = B_SPLINE_CURVE_WITH_KNOTS('',1,(#1628,#1629),.UNSPECIFIED.,.F.,
  .F.,(2,2),(0.19,0.2),.PIECEWISE_BEZIER_KNOTS.);
#1628 = CARTESIAN_POINT('',(1.48,0.19));
#1629 = CARTESIAN_POINT('',(1.48,0.2));
#1630 = ( GEOMETRIC_REPRESENTATION_CONTEXT(2) 
PARAMETRIC_REPRESENTATION_CONTEXT() REPRESENTATION_CONTEXT('2D SPACE',''
  ) );
#1631 = PCURVE('',#1632,#1637);
#1632 = B_SPLINE_SURFACE_WITH_KNOTS('',1,1,(
    (#1633,#1634)
    ,(#1635,#1636
    )),.UNSPECIFIED.,.F.,.F.,.F.,(2,2),(2,2),(2.636692913386,2.83),(-0.2
    ,-0.19),.PIECEWISE_BEZIER_KNOTS.);
#1633 = CARTESIAN_POINT('',(81.588,-59.378,173.198));
#1634 = CARTESIAN_POINT('',(81.334,-59.378,173.198));
#1635 = CARTESIAN_POINT('',(81.588,-54.468,173.198));
#1636 = CARTESIAN_POINT('',(81.334,-54.468,173.198));
#1637 = DEFINITIONAL_REPRESENTATION('',(#1638),#1641);
#1638 = B_SPLINE_CURVE_WITH_KNOTS('',1,(#1639,#1640),.UNSPECIFIED.,.F.,
  .F.,(2,2),(0.19,0.2),.PIECEWISE_BEZIER_KNOTS.);
#1639 = CARTESIAN_POINT('',(2.83,-0.19));
#1640 = CARTESIAN_POINT('',(2.83,-0.2));
#1641 = ( GEOMETRIC_REPRESENTATION_CONTEXT(2) 
PARAMETRIC_REPRESENTATION_CONTEXT() REPRESENTATION_CONTEXT('2D SPACE',''
  ) );
#1642 = ORIENTED_EDGE('',*,*,#1643,.F.);
#1643 = EDGE_CURVE('',#1427,#1619,#1644,.T.);
#1644 = SURFACE_CURVE('',#1645,(#1648,#1654),.PCURVE_S1.);
#1645 = B_SPLINE_CURVE_WITH_KNOTS('',1,(#1646,#1647),.UNSPECIFIED.,.F.,
  .F.,(2,2),(0.,1.48),.PIECEWISE_BEZIER_KNOTS.);
#1646 = CARTESIAN_POINT('',(81.588,-54.468,135.606));
#1647 = CARTESIAN_POINT('',(81.588,-54.468,173.198));
#1648 = PCURVE('',#1463,#1649);
#1649 = DEFINITIONAL_REPRESENTATION('',(#1650),#1653);
#1650 = B_SPLINE_CURVE_WITH_KNOTS('',1,(#1651,#1652),.UNSPECIFIED.,.F.,
  .F.,(2,2),(0.,1.48),.PIECEWISE_BEZIER_KNOTS.);
#1651 = CARTESIAN_POINT('',(0.,0.2));
#1652 = CARTESIAN_POINT('',(1.48,0.2));
#1653 = ( GEOMETRIC_REPRESENTATION_CONTEXT(2) 
PARAMETRIC_REPRESENTATION_CONTEXT() REPRESENTATION_CONTEXT('2D SPACE',''
  ) );
#1654 = PCURVE('',#1440,#1655);
#1655 = DEFINITIONAL_REPRESENTATION('',(#1656),#1659);
#1656 = B_SPLINE_CURVE_WITH_KNOTS('',1,(#1657,#1658),.UNSPECIFIED.,.F.,
  .F.,(2,2),(0.,1.48),.PIECEWISE_BEZIER_KNOTS.);
#1657 = CARTESIAN_POINT('',(2.83,0.));
#1658 = CARTESIAN_POINT('',(2.83,1.48));
#1659 = ( GEOMETRIC_REPRESENTATION_CONTEXT(2) 
PARAMETRIC_REPRESENTATION_CONTEXT() REPRESENTATION_CONTEXT('2D SPACE',''
  ) );
#1660 = ADVANCED_FACE('',(#1661),#1440,.T.);
#1661 = FACE_BOUND('',#1662,.T.);
#1662 = EDGE_LOOP('',(#1663,#1690,#1708,#1709,#1710,#1730,#1755,#1780));
#1663 = ORIENTED_EDGE('',*,*,#1664,.F.);
#1664 = EDGE_CURVE('',#1665,#1667,#1669,.T.);
#1665 = VERTEX_POINT('',#1666);
#1666 = CARTESIAN_POINT('',(81.588,-126.35,173.198));
#1667 = VERTEX_POINT('',#1668);
#1668 = CARTESIAN_POINT('',(81.588,-83.17,173.198));
#1669 = SURFACE_CURVE('',#1670,(#1673,#1679),.PCURVE_S1.);
#1670 = B_SPLINE_CURVE_WITH_KNOTS('',1,(#1671,#1672),.UNSPECIFIED.,.F.,
  .F.,(2,2),(0.,1.7),.PIECEWISE_BEZIER_KNOTS.);
#1671 = CARTESIAN_POINT('',(81.588,-126.35,173.198));
#1672 = CARTESIAN_POINT('',(81.588,-83.17,173.198));
#1673 = PCURVE('',#1440,#1674);
#1674 = DEFINITIONAL_REPRESENTATION('',(#1675),#1678);
#1675 = B_SPLINE_CURVE_WITH_KNOTS('',1,(#1676,#1677),.UNSPECIFIED.,.F.,
  .F.,(2,2),(0.,1.7),.PIECEWISE_BEZIER_KNOTS.);
#1676 = CARTESIAN_POINT('',(0.,1.48));
#1677 = CARTESIAN_POINT('',(1.7,1.48));
#1678 = ( GEOMETRIC_REPRESENTATION_CONTEXT(2) 
PARAMETRIC_REPRESENTATION_CONTEXT() REPRESENTATION_CONTEXT('2D SPACE',''
  ) );
#1679 = PCURVE('',#1680,#1685);
#1680 = B_SPLINE_SURFACE_WITH_KNOTS('',1,1,(
    (#1681,#1682)
    ,(#1683,#1684
    )),.UNSPECIFIED.,.F.,.F.,.F.,(2,2),(2,2),(0.,1.7),(-0.2,-0.19),
  .PIECEWISE_BEZIER_KNOTS.);
#1681 = CARTESIAN_POINT('',(81.588,-126.35,173.198));
#1682 = CARTESIAN_POINT('',(81.334,-126.35,173.198));
#1683 = CARTESIAN_POINT('',(81.588,-83.17,173.198));
#1684 = CARTESIAN_POINT('',(81.334,-83.17,173.198));
#1685 = DEFINITIONAL_REPRESENTATION('',(#1686),#1689);
#1686 = B_SPLINE_CURVE_WITH_KNOTS('',1,(#1687,#1688),.UNSPECIFIED.,.F.,
  .F.,(2,2),(0.,1.7),.PIECEWISE_BEZIER_KNOTS.);
#1687 = CARTESIAN_POINT('',(0.,-0.2));
#1688 = CARTESIAN_POINT('',(1.7,-0.2));
#1689 = ( GEOMETRIC_REPRESENTATION_CONTEXT(2) 
PARAMETRIC_REPRESENTATION_CONTEXT() REPRESENTATION_CONTEXT('2D SPACE',''
  ) );
#1690 = ORIENTED_EDGE('',*,*,#1691,.F.);
#1691 = EDGE_CURVE('',#1402,#1665,#1692,.T.);
#1692 = SURFACE_CURVE('',#1693,(#1696,#1702),.PCURVE_S1.);
#1693 = B_SPLINE_CURVE_WITH_KNOTS('',1,(#1694,#1695),.UNSPECIFIED.,.F.,
  .F.,(2,2),(0.,1.48),.PIECEWISE_BEZIER_KNOTS.);
#1694 = CARTESIAN_POINT('',(81.588,-126.35,135.606));
#1695 = CARTESIAN_POINT('',(81.588,-126.35,173.198));
#1696 = PCURVE('',#1440,#1697);
#1697 = DEFINITIONAL_REPRESENTATION('',(#1698),#1701);
#1698 = B_SPLINE_CURVE_WITH_KNOTS('',1,(#1699,#1700),.UNSPECIFIED.,.F.,
  .F.,(2,2),(0.,1.48),.PIECEWISE_BEZIER_KNOTS.);
#1699 = CARTESIAN_POINT('',(0.,0.));
#1700 = CARTESIAN_POINT('',(0.,1.48));
#1701 = ( GEOMETRIC_REPRESENTATION_CONTEXT(2) 
PARAMETRIC_REPRESENTATION_CONTEXT() REPRESENTATION_CONTEXT('2D SPACE',''
  ) );
#1702 = PCURVE('',#1415,#1703);
#1703 = DEFINITIONAL_REPRESENTATION('',(#1704),#1707);
#1704 = B_SPLINE_CURVE_WITH_KNOTS('',1,(#1705,#1706),.UNSPECIFIED.,.F.,
  .F.,(2,2),(0.,1.48),.PIECEWISE_BEZIER_KNOTS.);
#1705 = CARTESIAN_POINT('',(0.,0.2));
#1706 = CARTESIAN_POINT('',(1.48,0.2));
#1707 = ( GEOMETRIC_REPRESENTATION_CONTEXT(2) 
PARAMETRIC_REPRESENTATION_CONTEXT() REPRESENTATION_CONTEXT('2D SPACE',''
  ) );
#1708 = ORIENTED_EDGE('',*,*,#1426,.T.);
#1709 = ORIENTED_EDGE('',*,*,#1643,.T.);
#1710 = ORIENTED_EDGE('',*,*,#1711,.F.);
#1711 = EDGE_CURVE('',#1712,#1619,#1714,.T.);
#1712 = VERTEX_POINT('',#1713);
#1713 = CARTESIAN_POINT('',(81.588,-59.378,173.198));
#1714 = SURFACE_CURVE('',#1715,(#1718,#1724),.PCURVE_S1.);
#1715 = B_SPLINE_CURVE_WITH_KNOTS('',1,(#1716,#1717),.UNSPECIFIED.,.F.,
  .F.,(2,2),(2.636692913386,2.83),.PIECEWISE_BEZIER_KNOTS.);
#1716 = CARTESIAN_POINT('',(81.588,-59.378,173.198));
#1717 = CARTESIAN_POINT('',(81.588,-54.468,173.198));
#1718 = PCURVE('',#1440,#1719);
#1719 = DEFINITIONAL_REPRESENTATION('',(#1720),#1723);
#1720 = B_SPLINE_CURVE_WITH_KNOTS('',1,(#1721,#1722),.UNSPECIFIED.,.F.,
  .F.,(2,2),(2.636692913386,2.83),.PIECEWISE_BEZIER_KNOTS.);
#1721 = CARTESIAN_POINT('',(2.636692913386,1.48));
#1722 = CARTESIAN_POINT('',(2.83,1.48));
#1723 = ( GEOMETRIC_REPRESENTATION_CONTEXT(2) 
PARAMETRIC_REPRESENTATION_CONTEXT() REPRESENTATION_CONTEXT('2D SPACE',''
  ) );
#1724 = PCURVE('',#1632,#1725);
#1725 = DEFINITIONAL_REPRESENTATION('',(#1726),#1729);
#1726 = B_SPLINE_CURVE_WITH_KNOTS('',1,(#1727,#1728),.UNSPECIFIED.,.F.,
  .F.,(2,2),(2.636692913386,2.83),.PIECEWISE_BEZIER_KNOTS.);
#1727 = CARTESIAN_POINT('',(2.636692913386,-0.2));
#1728 = CARTESIAN_POINT('',(2.83,-0.2));
#1729 = ( GEOMETRIC_REPRESENTATION_CONTEXT(2) 
PARAMETRIC_REPRESENTATION_CONTEXT() REPRESENTATION_CONTEXT('2D SPACE',''
  ) );
#1730 = ORIENTED_EDGE('',*,*,#1731,.F.);
#1731 = EDGE_CURVE('',#1732,#1712,#1734,.T.);
#1732 = VERTEX_POINT('',#1733);
#1733 = CARTESIAN_POINT('',(81.588,-59.378,137.864));
#1734 = SURFACE_CURVE('',#1735,(#1738,#1744),.PCURVE_S1.);
#1735 = B_SPLINE_CURVE_WITH_KNOTS('',1,(#1736,#1737),.UNSPECIFIED.,.F.,
  .F.,(2,2),(4.444881889764E-02,1.435551181102),
  .PIECEWISE_BEZIER_KNOTS.);
#1736 = CARTESIAN_POINT('',(81.588,-59.378,137.864));
#1737 = CARTESIAN_POINT('',(81.588,-59.378,173.198));
#1738 = PCURVE('',#1440,#1739);
#1739 = DEFINITIONAL_REPRESENTATION('',(#1740),#1743);
#1740 = B_SPLINE_CURVE_WITH_KNOTS('',1,(#1741,#1742),.UNSPECIFIED.,.F.,
  .F.,(2,2),(4.444881889764E-02,1.435551181102),
  .PIECEWISE_BEZIER_KNOTS.);
#1741 = CARTESIAN_POINT('',(2.636692913386,8.889763779528E-02));
#1742 = CARTESIAN_POINT('',(2.636692913386,1.48));
#1743 = ( GEOMETRIC_REPRESENTATION_CONTEXT(2) 
PARAMETRIC_REPRESENTATION_CONTEXT() REPRESENTATION_CONTEXT('2D SPACE',''
  ) );
#1744 = PCURVE('',#1745,#1750);
#1745 = B_SPLINE_SURFACE_WITH_KNOTS('',1,1,(
    (#1746,#1747)
    ,(#1748,#1749
    )),.UNSPECIFIED.,.F.,.F.,.F.,(2,2),(2,2),(0.,1.734803149606),(
    -5.551115123126E-17,1.423700787402),.PIECEWISE_BEZIER_KNOTS.);
#1746 = CARTESIAN_POINT('',(76.508,-59.378,137.864));
#1747 = CARTESIAN_POINT('',(112.67,-59.378,137.864));
#1748 = CARTESIAN_POINT('',(76.508,-59.378,181.928));
#1749 = CARTESIAN_POINT('',(112.67,-59.378,181.928));
#1750 = DEFINITIONAL_REPRESENTATION('',(#1751),#1754);
#1751 = B_SPLINE_CURVE_WITH_KNOTS('',1,(#1752,#1753),.UNSPECIFIED.,.F.,
  .F.,(2,2),(4.444881889764E-02,1.435551181102),
  .PIECEWISE_BEZIER_KNOTS.);
#1752 = CARTESIAN_POINT('',(0.,0.2));
#1753 = CARTESIAN_POINT('',(1.391102362205,0.2));
#1754 = ( GEOMETRIC_REPRESENTATION_CONTEXT(2) 
PARAMETRIC_REPRESENTATION_CONTEXT() REPRESENTATION_CONTEXT('2D SPACE',''
  ) );
#1755 = ORIENTED_EDGE('',*,*,#1756,.T.);
#1756 = EDGE_CURVE('',#1732,#1757,#1759,.T.);
#1757 = VERTEX_POINT('',#1758);
#1758 = CARTESIAN_POINT('',(81.588,-83.17,137.864));
#1759 = SURFACE_CURVE('',#1760,(#1763,#1769),.PCURVE_S1.);
#1760 = B_SPLINE_CURVE_WITH_KNOTS('',1,(#1761,#1762),.UNSPECIFIED.,.F.,
  .F.,(2,2),(-1.786692913386,-0.85),.PIECEWISE_BEZIER_KNOTS.);
#1761 = CARTESIAN_POINT('',(81.588,-59.378,137.864));
#1762 = CARTESIAN_POINT('',(81.588,-83.17,137.864));
#1763 = PCURVE('',#1440,#1764);
#1764 = DEFINITIONAL_REPRESENTATION('',(#1765),#1768);
#1765 = B_SPLINE_CURVE_WITH_KNOTS('',1,(#1766,#1767),.UNSPECIFIED.,.F.,
  .F.,(2,2),(-1.786692913386,-0.85),.PIECEWISE_BEZIER_KNOTS.);
#1766 = CARTESIAN_POINT('',(2.636692913386,8.889763779528E-02));
#1767 = CARTESIAN_POINT('',(1.7,8.889763779528E-02));
#1768 = ( GEOMETRIC_REPRESENTATION_CONTEXT(2) 
PARAMETRIC_REPRESENTATION_CONTEXT() REPRESENTATION_CONTEXT('2D SPACE',''
  ) );
#1769 = PCURVE('',#1770,#1775);
#1770 = B_SPLINE_SURFACE_WITH_KNOTS('',1,1,(
    (#1771,#1772)
    ,(#1773,#1774
    )),.UNSPECIFIED.,.F.,.F.,.F.,(2,2),(2,2),(0.,0.936692913386),(
    -1.423700787402,-0.2),.PIECEWISE_BEZIER_KNOTS.);
#1771 = CARTESIAN_POINT('',(112.67,-83.17,137.864));
#1772 = CARTESIAN_POINT('',(81.588,-83.17,137.864));
#1773 = CARTESIAN_POINT('',(112.67,-59.378,137.864));
#1774 = CARTESIAN_POINT('',(81.588,-59.378,137.864));
#1775 = DEFINITIONAL_REPRESENTATION('',(#1776),#1779);
#1776 = B_SPLINE_CURVE_WITH_KNOTS('',1,(#1777,#1778),.UNSPECIFIED.,.F.,
  .F.,(2,2),(-1.786692913386,-0.85),.PIECEWISE_BEZIER_KNOTS.);
#1777 = CARTESIAN_POINT('',(0.936692913386,-0.2));
#1778 = CARTESIAN_POINT('',(0.,-0.2));
#1779 = ( GEOMETRIC_REPRESENTATION_CONTEXT(2) 
PARAMETRIC_REPRESENTATION_CONTEXT() REPRESENTATION_CONTEXT('2D SPACE',''
  ) );
#1780 = ORIENTED_EDGE('',*,*,#1781,.T.);
#1781 = EDGE_CURVE('',#1757,#1667,#1782,.T.);
#1782 = SURFACE_CURVE('',#1783,(#1786,#1792),.PCURVE_S1.);
#1783 = B_SPLINE_CURVE_WITH_KNOTS('',1,(#1784,#1785),.UNSPECIFIED.,.F.,
  .F.,(2,2),(4.444881889764E-02,1.435551181102),
  .PIECEWISE_BEZIER_KNOTS.);
#1784 = CARTESIAN_POINT('',(81.588,-83.17,137.864));
#1785 = CARTESIAN_POINT('',(81.588,-83.17,173.198));
#1786 = PCURVE('',#1440,#1787);
#1787 = DEFINITIONAL_REPRESENTATION('',(#1788),#1791);
#1788 = B_SPLINE_CURVE_WITH_KNOTS('',1,(#1789,#1790),.UNSPECIFIED.,.F.,
  .F.,(2,2),(4.444881889764E-02,1.435551181102),
  .PIECEWISE_BEZIER_KNOTS.);
#1789 = CARTESIAN_POINT('',(1.7,8.889763779528E-02));
#1790 = CARTESIAN_POINT('',(1.7,1.48));
#1791 = ( GEOMETRIC_REPRESENTATION_CONTEXT(2) 
PARAMETRIC_REPRESENTATION_CONTEXT() REPRESENTATION_CONTEXT('2D SPACE',''
  ) );
#1792 = PCURVE('',#1793,#1798);
#1793 = B_SPLINE_SURFACE_WITH_KNOTS('',1,1,(
    (#1794,#1795)
    ,(#1796,#1797
    )),.UNSPECIFIED.,.F.,.F.,.F.,(2,2),(2,2),(0.,1.734803149606),(
    -5.551115123126E-17,1.423700787402),.PIECEWISE_BEZIER_KNOTS.);
#1794 = CARTESIAN_POINT('',(76.508,-83.17,137.864));
#1795 = CARTESIAN_POINT('',(112.67,-83.17,137.864));
#1796 = CARTESIAN_POINT('',(76.508,-83.17,181.928));
#1797 = CARTESIAN_POINT('',(112.67,-83.17,181.928));
#1798 = DEFINITIONAL_REPRESENTATION('',(#1799),#1802);
#1799 = B_SPLINE_CURVE_WITH_KNOTS('',1,(#1800,#1801),.UNSPECIFIED.,.F.,
  .F.,(2,2),(4.444881889764E-02,1.435551181102),
  .PIECEWISE_BEZIER_KNOTS.);
#1800 = CARTESIAN_POINT('',(0.,0.2));
#1801 = CARTESIAN_POINT('',(1.391102362205,0.2));
#1802 = ( GEOMETRIC_REPRESENTATION_CONTEXT(2) 
PARAMETRIC_REPRESENTATION_CONTEXT() REPRESENTATION_CONTEXT('2D SPACE',''
  ) );
#1803 = ADVANCED_FACE('',(#1804),#1415,.F.);
#1804 = FACE_BOUND('',#1805,.F.);
#1805 = EDGE_LOOP('',(#1806,#1807,#1808,#1828,#1846));
#1806 = ORIENTED_EDGE('',*,*,#1401,.F.);
#1807 = ORIENTED_EDGE('',*,*,#1504,.T.);
#1808 = ORIENTED_EDGE('',*,*,#1809,.T.);
#1809 = EDGE_CURVE('',#1478,#1810,#1812,.T.);
#1810 = VERTEX_POINT('',#1811);
#1811 = CARTESIAN_POINT('',(81.334,-126.35,173.198));
#1812 = SURFACE_CURVE('',#1813,(#1816,#1822),.PCURVE_S1.);
#1813 = B_SPLINE_CURVE_WITH_KNOTS('',1,(#1814,#1815),.UNSPECIFIED.,.F.,
  .F.,(2,2),(0.,0.19),.PIECEWISE_BEZIER_KNOTS.);
#1814 = CARTESIAN_POINT('',(76.508,-126.35,173.198));
#1815 = CARTESIAN_POINT('',(81.334,-126.35,173.198));
#1816 = PCURVE('',#1415,#1817);
#1817 = DEFINITIONAL_REPRESENTATION('',(#1818),#1821);
#1818 = B_SPLINE_CURVE_WITH_KNOTS('',1,(#1819,#1820),.UNSPECIFIED.,.F.,
  .F.,(2,2),(0.,0.19),.PIECEWISE_BEZIER_KNOTS.);
#1819 = CARTESIAN_POINT('',(1.48,0.));
#1820 = CARTESIAN_POINT('',(1.48,0.19));
#1821 = ( GEOMETRIC_REPRESENTATION_CONTEXT(2) 
PARAMETRIC_REPRESENTATION_CONTEXT() REPRESENTATION_CONTEXT('2D SPACE',''
  ) );
#1822 = PCURVE('',#1493,#1823);
#1823 = DEFINITIONAL_REPRESENTATION('',(#1824),#1827);
#1824 = B_SPLINE_CURVE_WITH_KNOTS('',1,(#1825,#1826),.UNSPECIFIED.,.F.,
  .F.,(2,2),(0.,0.19),.PIECEWISE_BEZIER_KNOTS.);
#1825 = CARTESIAN_POINT('',(0.49,-0.75));
#1826 = CARTESIAN_POINT('',(0.68,-0.75));
#1827 = ( GEOMETRIC_REPRESENTATION_CONTEXT(2) 
PARAMETRIC_REPRESENTATION_CONTEXT() REPRESENTATION_CONTEXT('2D SPACE',''
  ) );
#1828 = ORIENTED_EDGE('',*,*,#1829,.T.);
#1829 = EDGE_CURVE('',#1810,#1665,#1830,.T.);
#1830 = SURFACE_CURVE('',#1831,(#1834,#1840),.PCURVE_S1.);
#1831 = B_SPLINE_CURVE_WITH_KNOTS('',1,(#1832,#1833),.UNSPECIFIED.,.F.,
  .F.,(2,2),(0.19,0.2),.PIECEWISE_BEZIER_KNOTS.);
#1832 = CARTESIAN_POINT('',(81.334,-126.35,173.198));
#1833 = CARTESIAN_POINT('',(81.588,-126.35,173.198));
#1834 = PCURVE('',#1415,#1835);
#1835 = DEFINITIONAL_REPRESENTATION('',(#1836),#1839);
#1836 = B_SPLINE_CURVE_WITH_KNOTS('',1,(#1837,#1838),.UNSPECIFIED.,.F.,
  .F.,(2,2),(0.19,0.2),.PIECEWISE_BEZIER_KNOTS.);
#1837 = CARTESIAN_POINT('',(1.48,0.19));
#1838 = CARTESIAN_POINT('',(1.48,0.2));
#1839 = ( GEOMETRIC_REPRESENTATION_CONTEXT(2) 
PARAMETRIC_REPRESENTATION_CONTEXT() REPRESENTATION_CONTEXT('2D SPACE',''
  ) );
#1840 = PCURVE('',#1680,#1841);
#1841 = DEFINITIONAL_REPRESENTATION('',(#1842),#1845);
#1842 = B_SPLINE_CURVE_WITH_KNOTS('',1,(#1843,#1844),.UNSPECIFIED.,.F.,
  .F.,(2,2),(0.19,0.2),.PIECEWISE_BEZIER_KNOTS.);
#1843 = CARTESIAN_POINT('',(0.,-0.19));
#1844 = CARTESIAN_POINT('',(0.,-0.2));
#1845 = ( GEOMETRIC_REPRESENTATION_CONTEXT(2) 
PARAMETRIC_REPRESENTATION_CONTEXT() REPRESENTATION_CONTEXT('2D SPACE',''
  ) );
#1846 = ORIENTED_EDGE('',*,*,#1691,.F.);
#1847 = ADVANCED_FACE('',(#1848),#1493,.T.);
#1848 = FACE_BOUND('',#1849,.T.);
#1849 = EDGE_LOOP('',(#1850,#1877,#1902,#1927,#1950,#1951,#1952,#1953));
#1850 = ORIENTED_EDGE('',*,*,#1851,.F.);
#1851 = EDGE_CURVE('',#1852,#1854,#1856,.T.);
#1852 = VERTEX_POINT('',#1853);
#1853 = CARTESIAN_POINT('',(64.062,-145.4,173.198));
#1854 = VERTEX_POINT('',#1855);
#1855 = CARTESIAN_POINT('',(81.334,-145.4,173.198));
#1856 = SURFACE_CURVE('',#1857,(#1860,#1866),.PCURVE_S1.);
#1857 = B_SPLINE_CURVE_WITH_KNOTS('',1,(#1858,#1859),.UNSPECIFIED.,.F.,
  .F.,(2,2),(0.,0.68),.PIECEWISE_BEZIER_KNOTS.);
#1858 = CARTESIAN_POINT('',(64.062,-145.4,173.198));
#1859 = CARTESIAN_POINT('',(81.334,-145.4,173.198));
#1860 = PCURVE('',#1493,#1861);
#1861 = DEFINITIONAL_REPRESENTATION('',(#1862),#1865);
#1862 = B_SPLINE_CURVE_WITH_KNOTS('',1,(#1863,#1864),.UNSPECIFIED.,.F.,
  .F.,(2,2),(0.,0.68),.PIECEWISE_BEZIER_KNOTS.);
#1863 = CARTESIAN_POINT('',(0.,0.));
#1864 = CARTESIAN_POINT('',(0.68,0.));
#1865 = ( GEOMETRIC_REPRESENTATION_CONTEXT(2) 
PARAMETRIC_REPRESENTATION_CONTEXT() REPRESENTATION_CONTEXT('2D SPACE',''
  ) );
#1866 = PCURVE('',#1867,#1872);
#1867 = B_SPLINE_SURFACE_WITH_KNOTS('',1,1,(
    (#1868,#1869)
    ,(#1870,#1871
    )),.UNSPECIFIED.,.F.,.F.,.F.,(2,2),(2,2),(-0.196152236891,
    8.38477631085E-02),(-0.396152236891,0.283847763109),
  .PIECEWISE_BEZIER_KNOTS.);
#1868 = CARTESIAN_POINT('',(64.062,-145.4,180.31));
#1869 = CARTESIAN_POINT('',(81.334,-145.4,180.31));
#1870 = CARTESIAN_POINT('',(64.062,-145.4,173.198));
#1871 = CARTESIAN_POINT('',(81.334,-145.4,173.198));
#1872 = DEFINITIONAL_REPRESENTATION('',(#1873),#1876);
#1873 = B_SPLINE_CURVE_WITH_KNOTS('',1,(#1874,#1875),.UNSPECIFIED.,.F.,
  .F.,(2,2),(0.,0.68),.PIECEWISE_BEZIER_KNOTS.);
#1874 = CARTESIAN_POINT('',(8.38477631085E-02,-0.396152236891));
#1875 = CARTESIAN_POINT('',(8.38477631085E-02,0.283847763109));
#1876 = ( GEOMETRIC_REPRESENTATION_CONTEXT(2) 
PARAMETRIC_REPRESENTATION_CONTEXT() REPRESENTATION_CONTEXT('2D SPACE',''
  ) );
#1877 = ORIENTED_EDGE('',*,*,#1878,.T.);
#1878 = EDGE_CURVE('',#1852,#1879,#1881,.T.);
#1879 = VERTEX_POINT('',#1880);
#1880 = CARTESIAN_POINT('',(64.062,-43.8,173.198));
#1881 = SURFACE_CURVE('',#1882,(#1885,#1891),.PCURVE_S1.);
#1882 = B_SPLINE_CURVE_WITH_KNOTS('',1,(#1883,#1884),.UNSPECIFIED.,.F.,
  .F.,(2,2),(0.,4.),.PIECEWISE_BEZIER_KNOTS.);
#1883 = CARTESIAN_POINT('',(64.062,-145.4,173.198));
#1884 = CARTESIAN_POINT('',(64.062,-43.8,173.198));
#1885 = PCURVE('',#1493,#1886);
#1886 = DEFINITIONAL_REPRESENTATION('',(#1887),#1890);
#1887 = B_SPLINE_CURVE_WITH_KNOTS('',1,(#1888,#1889),.UNSPECIFIED.,.F.,
  .F.,(2,2),(0.,4.),.PIECEWISE_BEZIER_KNOTS.);
#1888 = CARTESIAN_POINT('',(0.,0.));
#1889 = CARTESIAN_POINT('',(0.,-4.));
#1890 = ( GEOMETRIC_REPRESENTATION_CONTEXT(2) 
PARAMETRIC_REPRESENTATION_CONTEXT() REPRESENTATION_CONTEXT('2D SPACE',''
  ) );
#1891 = PCURVE('',#1892,#1897);
#1892 = B_SPLINE_SURFACE_WITH_KNOTS('',1,1,(
    (#1893,#1894)
    ,(#1895,#1896
    )),.UNSPECIFIED.,.F.,.F.,.F.,(2,2),(2,2),(0.,0.735391052434),(-4.,0.
    ),.PIECEWISE_BEZIER_KNOTS.);
#1893 = CARTESIAN_POINT('',(81.334,-43.8,180.31));
#1894 = CARTESIAN_POINT('',(81.334,-145.4,180.31));
#1895 = CARTESIAN_POINT('',(64.062,-43.8,173.198));
#1896 = CARTESIAN_POINT('',(64.062,-145.4,173.198));
#1897 = DEFINITIONAL_REPRESENTATION('',(#1898),#1901);
#1898 = B_SPLINE_CURVE_WITH_KNOTS('',1,(#1899,#1900),.UNSPECIFIED.,.F.,
  .F.,(2,2),(0.,4.),.PIECEWISE_BEZIER_KNOTS.);
#1899 = CARTESIAN_POINT('',(0.735391052434,0.));
#1900 = CARTESIAN_POINT('',(0.735391052434,-4.));
#1901 = ( GEOMETRIC_REPRESENTATION_CONTEXT(2) 
PARAMETRIC_REPRESENTATION_CONTEXT() REPRESENTATION_CONTEXT('2D SPACE',''
  ) );
#1902 = ORIENTED_EDGE('',*,*,#1903,.T.);
#1903 = EDGE_CURVE('',#1879,#1904,#1906,.T.);
#1904 = VERTEX_POINT('',#1905);
#1905 = CARTESIAN_POINT('',(81.334,-43.8,173.198));
#1906 = SURFACE_CURVE('',#1907,(#1910,#1916),.PCURVE_S1.);
#1907 = B_SPLINE_CURVE_WITH_KNOTS('',1,(#1908,#1909),.UNSPECIFIED.,.F.,
  .F.,(2,2),(0.,0.68),.PIECEWISE_BEZIER_KNOTS.);
#1908 = CARTESIAN_POINT('',(64.062,-43.8,173.198));
#1909 = CARTESIAN_POINT('',(81.334,-43.8,173.198));
#1910 = PCURVE('',#1493,#1911);
#1911 = DEFINITIONAL_REPRESENTATION('',(#1912),#1915);
#1912 = B_SPLINE_CURVE_WITH_KNOTS('',1,(#1913,#1914),.UNSPECIFIED.,.F.,
  .F.,(2,2),(0.,0.68),.PIECEWISE_BEZIER_KNOTS.);
#1913 = CARTESIAN_POINT('',(0.,-4.));
#1914 = CARTESIAN_POINT('',(0.68,-4.));
#1915 = ( GEOMETRIC_REPRESENTATION_CONTEXT(2) 
PARAMETRIC_REPRESENTATION_CONTEXT() REPRESENTATION_CONTEXT('2D SPACE',''
  ) );
#1916 = PCURVE('',#1917,#1922);
#1917 = B_SPLINE_SURFACE_WITH_KNOTS('',1,1,(
    (#1918,#1919)
    ,(#1920,#1921
    )),.UNSPECIFIED.,.F.,.F.,.F.,(2,2),(2,2),(-0.196152236891,
    8.38477631085E-02),(-0.396152236891,0.283847763109),
  .PIECEWISE_BEZIER_KNOTS.);
#1918 = CARTESIAN_POINT('',(64.062,-43.8,180.31));
#1919 = CARTESIAN_POINT('',(81.334,-43.8,180.31));
#1920 = CARTESIAN_POINT('',(64.062,-43.8,173.198));
#1921 = CARTESIAN_POINT('',(81.334,-43.8,173.198));
#1922 = DEFINITIONAL_REPRESENTATION('',(#1923),#1926);
#1923 = B_SPLINE_CURVE_WITH_KNOTS('',1,(#1924,#1925),.UNSPECIFIED.,.F.,
  .F.,(2,2),(0.,0.68),.PIECEWISE_BEZIER_KNOTS.);
#1924 = CARTESIAN_POINT('',(8.38477631085E-02,-0.396152236891));
#1925 = CARTESIAN_POINT('',(8.38477631085E-02,0.283847763109));
#1926 = ( GEOMETRIC_REPRESENTATION_CONTEXT(2) 
PARAMETRIC_REPRESENTATION_CONTEXT() REPRESENTATION_CONTEXT('2D SPACE',''
  ) );
#1927 = ORIENTED_EDGE('',*,*,#1928,.F.);
#1928 = EDGE_CURVE('',#1599,#1904,#1929,.T.);
#1929 = SURFACE_CURVE('',#1930,(#1933,#1939),.PCURVE_S1.);
#1930 = B_SPLINE_CURVE_WITH_KNOTS('',1,(#1931,#1932),.UNSPECIFIED.,.F.,
  .F.,(2,2),(3.58,4.),.PIECEWISE_BEZIER_KNOTS.);
#1931 = CARTESIAN_POINT('',(81.334,-54.468,173.198));
#1932 = CARTESIAN_POINT('',(81.334,-43.8,173.198));
#1933 = PCURVE('',#1493,#1934);
#1934 = DEFINITIONAL_REPRESENTATION('',(#1935),#1938);
#1935 = B_SPLINE_CURVE_WITH_KNOTS('',1,(#1936,#1937),.UNSPECIFIED.,.F.,
  .F.,(2,2),(3.58,4.),.PIECEWISE_BEZIER_KNOTS.);
#1936 = CARTESIAN_POINT('',(0.68,-3.58));
#1937 = CARTESIAN_POINT('',(0.68,-4.));
#1938 = ( GEOMETRIC_REPRESENTATION_CONTEXT(2) 
PARAMETRIC_REPRESENTATION_CONTEXT() REPRESENTATION_CONTEXT('2D SPACE',''
  ) );
#1939 = PCURVE('',#1940,#1945);
#1940 = B_SPLINE_SURFACE_WITH_KNOTS('',1,1,(
    (#1941,#1942)
    ,(#1943,#1944
    )),.UNSPECIFIED.,.F.,.F.,.F.,(2,2),(2,2),(0.,0.28),(-4.,
    -3.386692913386),.PIECEWISE_BEZIER_KNOTS.);
#1941 = CARTESIAN_POINT('',(81.334,-43.8,173.198));
#1942 = CARTESIAN_POINT('',(81.334,-59.378,173.198));
#1943 = CARTESIAN_POINT('',(81.334,-43.8,180.31));
#1944 = CARTESIAN_POINT('',(81.334,-59.378,180.31));
#1945 = DEFINITIONAL_REPRESENTATION('',(#1946),#1949);
#1946 = B_SPLINE_CURVE_WITH_KNOTS('',1,(#1947,#1948),.UNSPECIFIED.,.F.,
  .F.,(2,2),(3.58,4.),.PIECEWISE_BEZIER_KNOTS.);
#1947 = CARTESIAN_POINT('',(0.,-3.58));
#1948 = CARTESIAN_POINT('',(0.,-4.));
#1949 = ( GEOMETRIC_REPRESENTATION_CONTEXT(2) 
PARAMETRIC_REPRESENTATION_CONTEXT() REPRESENTATION_CONTEXT('2D SPACE',''
  ) );
#1950 = ORIENTED_EDGE('',*,*,#1598,.F.);
#1951 = ORIENTED_EDGE('',*,*,#1477,.F.);
#1952 = ORIENTED_EDGE('',*,*,#1809,.T.);
#1953 = ORIENTED_EDGE('',*,*,#1954,.F.);
#1954 = EDGE_CURVE('',#1854,#1810,#1955,.T.);
#1955 = SURFACE_CURVE('',#1956,(#1959,#1965),.PCURVE_S1.);
#1956 = B_SPLINE_CURVE_WITH_KNOTS('',1,(#1957,#1958),.UNSPECIFIED.,.F.,
  .F.,(2,2),(0.,0.75),.PIECEWISE_BEZIER_KNOTS.);
#1957 = CARTESIAN_POINT('',(81.334,-145.4,173.198));
#1958 = CARTESIAN_POINT('',(81.334,-126.35,173.198));
#1959 = PCURVE('',#1493,#1960);
#1960 = DEFINITIONAL_REPRESENTATION('',(#1961),#1964);
#1961 = B_SPLINE_CURVE_WITH_KNOTS('',1,(#1962,#1963),.UNSPECIFIED.,.F.,
  .F.,(2,2),(0.,0.75),.PIECEWISE_BEZIER_KNOTS.);
#1962 = CARTESIAN_POINT('',(0.68,0.));
#1963 = CARTESIAN_POINT('',(0.68,-0.75));
#1964 = ( GEOMETRIC_REPRESENTATION_CONTEXT(2) 
PARAMETRIC_REPRESENTATION_CONTEXT() REPRESENTATION_CONTEXT('2D SPACE',''
  ) );
#1965 = PCURVE('',#1966,#1971);
#1966 = B_SPLINE_SURFACE_WITH_KNOTS('',1,1,(
    (#1967,#1968)
    ,(#1969,#1970
    )),.UNSPECIFIED.,.F.,.F.,.F.,(2,2),(2,2),(0.,0.28),(-2.45,0.),
  .PIECEWISE_BEZIER_KNOTS.);
#1967 = CARTESIAN_POINT('',(81.334,-83.17,173.198));
#1968 = CARTESIAN_POINT('',(81.334,-145.4,173.198));
#1969 = CARTESIAN_POINT('',(81.334,-83.17,180.31));
#1970 = CARTESIAN_POINT('',(81.334,-145.4,180.31));
#1971 = DEFINITIONAL_REPRESENTATION('',(#1972),#1975);
#1972 = B_SPLINE_CURVE_WITH_KNOTS('',1,(#1973,#1974),.UNSPECIFIED.,.F.,
  .F.,(2,2),(0.,0.75),.PIECEWISE_BEZIER_KNOTS.);
#1973 = CARTESIAN_POINT('',(0.,0.));
#1974 = CARTESIAN_POINT('',(0.,-0.75));
#1975 = ( GEOMETRIC_REPRESENTATION_CONTEXT(2) 
PARAMETRIC_REPRESENTATION_CONTEXT() REPRESENTATION_CONTEXT('2D SPACE',''
  ) );
#1976 = ADVANCED_FACE('',(#1977),#1567,.F.);
#1977 = FACE_BOUND('',#1978,.F.);
#1978 = EDGE_LOOP('',(#1979,#1980,#2002,#2033,#2059,#2090,#2111,#2181));
#1979 = ORIENTED_EDGE('',*,*,#1543,.F.);
#1980 = ORIENTED_EDGE('',*,*,#1981,.T.);
#1981 = EDGE_CURVE('',#1544,#1982,#1984,.T.);
#1982 = VERTEX_POINT('',#1983);
#1983 = CARTESIAN_POINT('',(90.13,-63.358,166.762));
#1984 = SEAM_CURVE('',#1985,(#1988,#1995),.PCURVE_S1.);
#1985 = B_SPLINE_CURVE_WITH_KNOTS('',1,(#1986,#1987),.UNSPECIFIED.,.F.,
  .F.,(2,2),(0.1,0.636299212598),.PIECEWISE_BEZIER_KNOTS.);
#1986 = CARTESIAN_POINT('',(76.508,-63.358,166.762));
#1987 = CARTESIAN_POINT('',(90.13,-63.358,166.762));
#1988 = PCURVE('',#1567,#1989);
#1989 = DEFINITIONAL_REPRESENTATION('',(#1990),#1994);
#1990 = B_SPLINE_CURVE_WITH_KNOTS('',2,(#1991,#1992,#1993),
  .UNSPECIFIED.,.F.,.F.,(3,3),(0.1,0.636299212598),
  .PIECEWISE_BEZIER_KNOTS.);
#1991 = CARTESIAN_POINT('',(6.28318530718,-0.1));
#1992 = CARTESIAN_POINT('',(6.28318530718,-0.368149606299));
#1993 = CARTESIAN_POINT('',(6.28318530718,-0.636299212598));
#1994 = ( GEOMETRIC_REPRESENTATION_CONTEXT(2) 
PARAMETRIC_REPRESENTATION_CONTEXT() REPRESENTATION_CONTEXT('2D SPACE',''
  ) );
#1995 = PCURVE('',#1567,#1996);
#1996 = DEFINITIONAL_REPRESENTATION('',(#1997),#2001);
#1997 = B_SPLINE_CURVE_WITH_KNOTS('',2,(#1998,#1999,#2000),
  .UNSPECIFIED.,.F.,.F.,(3,3),(0.1,0.636299212598),
  .PIECEWISE_BEZIER_KNOTS.);
#1998 = CARTESIAN_POINT('',(0.,-0.1));
#1999 = CARTESIAN_POINT('',(8.881784197001E-16,-0.368149606299));
#2000 = CARTESIAN_POINT('',(0.,-0.636299212598));
#2001 = ( GEOMETRIC_REPRESENTATION_CONTEXT(2) 
PARAMETRIC_REPRESENTATION_CONTEXT() REPRESENTATION_CONTEXT('2D SPACE',''
  ) );
#2002 = ORIENTED_EDGE('',*,*,#2003,.T.);
#2003 = EDGE_CURVE('',#1982,#2004,#2006,.T.);
#2004 = VERTEX_POINT('',#2005);
#2005 = CARTESIAN_POINT('',(90.13,-61.41,165.58439718309));
#2006 = SURFACE_CURVE('',#2007,(#2011,#2021),.PCURVE_S1.);
#2007 = ( BOUNDED_CURVE() B_SPLINE_CURVE(2,(#2008,#2009,#2010),
.UNSPECIFIED.,.F.,.F.) B_SPLINE_CURVE_WITH_KNOTS((3,3),(0.,
1.087471194979),.PIECEWISE_BEZIER_KNOTS.) CURVE() 
GEOMETRIC_REPRESENTATION_ITEM() RATIONAL_B_SPLINE_CURVE((1.,
0.855782096189,1.)) REPRESENTATION_ITEM('') );
#2008 = CARTESIAN_POINT('',(90.13,-63.358,166.762));
#2009 = CARTESIAN_POINT('',(90.13,-62.02805842033,166.762));
#2010 = CARTESIAN_POINT('',(90.13,-61.41,165.58439718309));
#2011 = PCURVE('',#1567,#2012);
#2012 = DEFINITIONAL_REPRESENTATION('',(#2013),#2020);
#2013 = B_SPLINE_CURVE_WITH_KNOTS('',5,(#2014,#2015,#2016,#2017,#2018,
    #2019),.UNSPECIFIED.,.F.,.F.,(6,6),(0.,1.087471194979),
  .PIECEWISE_BEZIER_KNOTS.);
#2014 = CARTESIAN_POINT('',(0.,-0.636299212598));
#2015 = CARTESIAN_POINT('',(0.250224869323,-0.636299212598));
#2016 = CARTESIAN_POINT('',(0.481126585034,-0.636299212599));
#2017 = CARTESIAN_POINT('',(0.695678171567,-0.636299212598));
#2018 = CARTESIAN_POINT('',(0.895981310783,-0.636299212598));
#2019 = CARTESIAN_POINT('',(1.083726643487,-0.636299212598));
#2020 = ( GEOMETRIC_REPRESENTATION_CONTEXT(2) 
PARAMETRIC_REPRESENTATION_CONTEXT() REPRESENTATION_CONTEXT('2D SPACE',''
  ) );
#2021 = PCURVE('',#2022,#2027);
#2022 = B_SPLINE_SURFACE_WITH_KNOTS('',1,1,(
    (#2023,#2024)
    ,(#2025,#2026
    )),.UNSPECIFIED.,.F.,.F.,.F.,(2,2),(2,2),(0.6,1.456692913386),(0.,
    1.574803149606),.PIECEWISE_BEZIER_KNOTS.);
#2023 = CARTESIAN_POINT('',(90.13,-83.17,139.896));
#2024 = CARTESIAN_POINT('',(90.13,-83.17,179.896));
#2025 = CARTESIAN_POINT('',(90.13,-61.41,139.896));
#2026 = CARTESIAN_POINT('',(90.13,-61.41,179.896));
#2027 = DEFINITIONAL_REPRESENTATION('',(#2028),#2032);
#2028 = ( BOUNDED_CURVE() B_SPLINE_CURVE(2,(#2029,#2030,#2031),
.UNSPECIFIED.,.F.,.F.) B_SPLINE_CURVE_WITH_KNOTS((3,3),(0.,
1.087471194979),.PIECEWISE_BEZIER_KNOTS.) CURVE() 
GEOMETRIC_REPRESENTATION_ITEM() RATIONAL_B_SPLINE_CURVE((1.,
0.855782096189,1.)) REPRESENTATION_ITEM('') );
#2029 = CARTESIAN_POINT('',(1.38,1.057716535433));
#2030 = CARTESIAN_POINT('',(1.432359904711,1.057716535433));
#2031 = CARTESIAN_POINT('',(1.456692913386,1.011354219807));
#2032 = ( GEOMETRIC_REPRESENTATION_CONTEXT(2) 
PARAMETRIC_REPRESENTATION_CONTEXT() REPRESENTATION_CONTEXT('2D SPACE',''
  ) );
#2033 = ORIENTED_EDGE('',*,*,#2034,.F.);
#2034 = EDGE_CURVE('',#2035,#2004,#2037,.T.);
#2035 = VERTEX_POINT('',#2036);
#2036 = CARTESIAN_POINT('',(99.368,-61.41,165.58439718309));
#2037 = SURFACE_CURVE('',#2038,(#2041,#2048),.PCURVE_S1.);
#2038 = B_SPLINE_CURVE_WITH_KNOTS('',1,(#2039,#2040),.UNSPECIFIED.,.F.,
  .F.,(2,2),(-1.,-0.636299212598),.PIECEWISE_BEZIER_KNOTS.);
#2039 = CARTESIAN_POINT('',(99.368,-61.41,165.58439718309));
#2040 = CARTESIAN_POINT('',(90.13,-61.41,165.58439718309));
#2041 = PCURVE('',#1567,#2042);
#2042 = DEFINITIONAL_REPRESENTATION('',(#2043),#2047);
#2043 = B_SPLINE_CURVE_WITH_KNOTS('',2,(#2044,#2045,#2046),
  .UNSPECIFIED.,.F.,.F.,(3,3),(-1.,-0.636299212598),
  .PIECEWISE_BEZIER_KNOTS.);
#2044 = CARTESIAN_POINT('',(1.083726643488,-1.));
#2045 = CARTESIAN_POINT('',(1.083726643488,-0.818149606299));
#2046 = CARTESIAN_POINT('',(1.083726643488,-0.636299212598));
#2047 = ( GEOMETRIC_REPRESENTATION_CONTEXT(2) 
PARAMETRIC_REPRESENTATION_CONTEXT() REPRESENTATION_CONTEXT('2D SPACE',''
  ) );
#2048 = PCURVE('',#2049,#2054);
#2049 = B_SPLINE_SURFACE_WITH_KNOTS('',1,1,(
    (#2050,#2051)
    ,(#2052,#2053
    )),.UNSPECIFIED.,.F.,.F.,.F.,(2,2),(2,2),(0.,1.574803149606),(0.,
    0.787401574803),.PIECEWISE_BEZIER_KNOTS.);
#2050 = CARTESIAN_POINT('',(90.13,-61.41,139.896));
#2051 = CARTESIAN_POINT('',(110.13,-61.41,139.896));
#2052 = CARTESIAN_POINT('',(90.13,-61.41,179.896));
#2053 = CARTESIAN_POINT('',(110.13,-61.41,179.896));
#2054 = DEFINITIONAL_REPRESENTATION('',(#2055),#2058);
#2055 = B_SPLINE_CURVE_WITH_KNOTS('',1,(#2056,#2057),.UNSPECIFIED.,.F.,
  .F.,(2,2),(-1.,-0.636299212598),.PIECEWISE_BEZIER_KNOTS.);
#2056 = CARTESIAN_POINT('',(1.011354219807,0.363700787402));
#2057 = CARTESIAN_POINT('',(1.011354219807,0.));
#2058 = ( GEOMETRIC_REPRESENTATION_CONTEXT(2) 
PARAMETRIC_REPRESENTATION_CONTEXT() REPRESENTATION_CONTEXT('2D SPACE',''
  ) );
#2059 = ORIENTED_EDGE('',*,*,#2060,.T.);
#2060 = EDGE_CURVE('',#2035,#2061,#2063,.T.);
#2061 = VERTEX_POINT('',#2062);
#2062 = CARTESIAN_POINT('',(99.368,-61.41,163.5396028169));
#2063 = SURFACE_CURVE('',#2064,(#2068,#2078),.PCURVE_S1.);
#2064 = ( BOUNDED_CURVE() B_SPLINE_CURVE(2,(#2065,#2066,#2067),
.UNSPECIFIED.,.F.,.F.) B_SPLINE_CURVE_WITH_KNOTS((3,3),(1.087471194979,
2.05412145861),.PIECEWISE_BEZIER_KNOTS.) CURVE() 
GEOMETRIC_REPRESENTATION_ITEM() RATIONAL_B_SPLINE_CURVE((1.,
0.885454545455,1.)) REPRESENTATION_ITEM('') );
#2065 = CARTESIAN_POINT('',(99.368,-61.41,165.58439718309));
#2066 = CARTESIAN_POINT('',(99.368,-60.87340041067,164.562));
#2067 = CARTESIAN_POINT('',(99.368,-61.41,163.5396028169));
#2068 = PCURVE('',#1567,#2069);
#2069 = DEFINITIONAL_REPRESENTATION('',(#2070),#2077);
#2070 = B_SPLINE_CURVE_WITH_KNOTS('',5,(#2071,#2072,#2073,#2074,#2075,
    #2076),.UNSPECIFIED.,.F.,.F.,(6,6),(1.087471194979,2.05412145861),
  .PIECEWISE_BEZIER_KNOTS.);
#2071 = CARTESIAN_POINT('',(1.083726643488,-1.));
#2072 = CARTESIAN_POINT('',(1.252379145519,-1.));
#2073 = CARTESIAN_POINT('',(1.431478740757,-1.));
#2074 = CARTESIAN_POINT('',(1.622326034896,-1.));
#2075 = CARTESIAN_POINT('',(1.826519465845,-1.));
#2076 = CARTESIAN_POINT('',(2.046249462857,-1.));
#2077 = ( GEOMETRIC_REPRESENTATION_CONTEXT(2) 
PARAMETRIC_REPRESENTATION_CONTEXT() REPRESENTATION_CONTEXT('2D SPACE',''
  ) );
#2078 = PCURVE('',#2079,#2084);
#2079 = B_SPLINE_SURFACE_WITH_KNOTS('',1,1,(
    (#2080,#2081)
    ,(#2082,#2083
    )),.UNSPECIFIED.,.F.,.F.,.F.,(2,2),(2,2),(-8.661417322835E-02,
    -7.669291338583E-02),(-4.025185760215E-02,4.025185760215E-02),
  .PIECEWISE_BEZIER_KNOTS.);
#2080 = CARTESIAN_POINT('',(99.368,-61.158,163.5396028169));
#2081 = CARTESIAN_POINT('',(99.368,-61.158,165.58439718309));
#2082 = CARTESIAN_POINT('',(99.368,-61.41,163.5396028169));
#2083 = CARTESIAN_POINT('',(99.368,-61.41,165.58439718309));
#2084 = DEFINITIONAL_REPRESENTATION('',(#2085),#2089);
#2085 = ( BOUNDED_CURVE() B_SPLINE_CURVE(2,(#2086,#2087,#2088),
.UNSPECIFIED.,.F.,.F.) B_SPLINE_CURVE_WITH_KNOTS((3,3),(1.087471194979,
2.05412145861),.PIECEWISE_BEZIER_KNOTS.) CURVE() 
GEOMETRIC_REPRESENTATION_ITEM() RATIONAL_B_SPLINE_CURVE((1.,
0.885454545455,1.)) REPRESENTATION_ITEM('') );
#2086 = CARTESIAN_POINT('',(-7.669291338583E-02,4.025185760215E-02));
#2087 = CARTESIAN_POINT('',(-9.781888146938E-02,8.881784197001E-16));
#2088 = CARTESIAN_POINT('',(-7.669291338583E-02,-4.025185760215E-02));
#2089 = ( GEOMETRIC_REPRESENTATION_CONTEXT(2) 
PARAMETRIC_REPRESENTATION_CONTEXT() REPRESENTATION_CONTEXT('2D SPACE',''
  ) );
#2090 = ORIENTED_EDGE('',*,*,#2091,.T.);
#2091 = EDGE_CURVE('',#2061,#2092,#2094,.T.);
#2092 = VERTEX_POINT('',#2093);
#2093 = CARTESIAN_POINT('',(90.13,-61.41,163.5396028169));
#2094 = SURFACE_CURVE('',#2095,(#2098,#2105),.PCURVE_S1.);
#2095 = B_SPLINE_CURVE_WITH_KNOTS('',1,(#2096,#2097),.UNSPECIFIED.,.F.,
  .F.,(2,2),(-1.,-0.636299212598),.PIECEWISE_BEZIER_KNOTS.);
#2096 = CARTESIAN_POINT('',(99.368,-61.41,163.5396028169));
#2097 = CARTESIAN_POINT('',(90.13,-61.41,163.5396028169));
#2098 = PCURVE('',#1567,#2099);
#2099 = DEFINITIONAL_REPRESENTATION('',(#2100),#2104);
#2100 = B_SPLINE_CURVE_WITH_KNOTS('',2,(#2101,#2102,#2103),
  .UNSPECIFIED.,.F.,.F.,(3,3),(-1.,-0.636299212598),
  .PIECEWISE_BEZIER_KNOTS.);
#2101 = CARTESIAN_POINT('',(2.046249462857,-1.));
#2102 = CARTESIAN_POINT('',(2.046249462857,-0.818149606299));
#2103 = CARTESIAN_POINT('',(2.046249462857,-0.636299212598));
#2104 = ( GEOMETRIC_REPRESENTATION_CONTEXT(2) 
PARAMETRIC_REPRESENTATION_CONTEXT() REPRESENTATION_CONTEXT('2D SPACE',''
  ) );
#2105 = PCURVE('',#2049,#2106);
#2106 = DEFINITIONAL_REPRESENTATION('',(#2107),#2110);
#2107 = B_SPLINE_CURVE_WITH_KNOTS('',1,(#2108,#2109),.UNSPECIFIED.,.F.,
  .F.,(2,2),(-1.,-0.636299212598),.PIECEWISE_BEZIER_KNOTS.);
#2108 = CARTESIAN_POINT('',(0.930850504603,0.363700787402));
#2109 = CARTESIAN_POINT('',(0.930850504603,0.));
#2110 = ( GEOMETRIC_REPRESENTATION_CONTEXT(2) 
PARAMETRIC_REPRESENTATION_CONTEXT() REPRESENTATION_CONTEXT('2D SPACE',''
  ) );
#2111 = ORIENTED_EDGE('',*,*,#2112,.T.);
#2112 = EDGE_CURVE('',#2092,#1982,#2113,.T.);
#2113 = SURFACE_CURVE('',#2114,(#2120,#2172),.PCURVE_S1.);
#2114 = ( BOUNDED_CURVE() B_SPLINE_CURVE(2,(#2115,#2116,#2117,#2118,
#2119),.UNSPECIFIED.,.F.,.F.) B_SPLINE_CURVE_WITH_KNOTS((3,2,3),(
    2.054121458611,4.168653382895,6.28318530718),
.PIECEWISE_BEZIER_KNOTS.) CURVE() GEOMETRIC_REPRESENTATION_ITEM() 
RATIONAL_B_SPLINE_CURVE((1.,0.491255304654,1.,0.491255304654,1.)) 
REPRESENTATION_ITEM('') );
#2115 = CARTESIAN_POINT('',(90.13,-61.41,163.5396028169));
#2116 = CARTESIAN_POINT('',(90.13,-63.22275177469,160.08571961428));
#2117 = CARTESIAN_POINT('',(90.13,-65.24072061161,163.42385980714));
#2118 = CARTESIAN_POINT('',(90.13,-67.25868944854,166.762));
#2119 = CARTESIAN_POINT('',(90.13,-63.358,166.762));
#2120 = PCURVE('',#1567,#2121);
#2121 = DEFINITIONAL_REPRESENTATION('',(#2122),#2171);
#2122 = B_SPLINE_CURVE_WITH_KNOTS('',8,(#2123,#2124,#2125,#2126,#2127,
    #2128,#2129,#2130,#2131,#2132,#2133,#2134,#2135,#2136,#2137,#2138,
    #2139,#2140,#2141,#2142,#2143,#2144,#2145,#2146,#2147,#2148,#2149,
    #2150,#2151,#2152,#2153,#2154,#2155,#2156,#2157,#2158,#2159,#2160,
    #2161,#2162,#2163,#2164,#2165,#2166,#2167,#2168,#2169,#2170),
  .UNSPECIFIED.,.F.,.F.,(9,7,8,8,8,8,9),(2.054121458611,2.087161019928,
    2.103422679013,4.168653382895,4.185173163554,4.217954603298,
    6.28318530718),.UNSPECIFIED.);
#2123 = CARTESIAN_POINT('',(2.046249462858,-0.636299212598));
#2124 = CARTESIAN_POINT('',(2.050271250221,-0.636299212598));
#2125 = CARTESIAN_POINT('',(2.054310780354,-0.636299212598));
#2126 = CARTESIAN_POINT('',(2.058368196345,-0.636299212598));
#2127 = CARTESIAN_POINT('',(2.062443641283,-0.636299212598));
#2128 = CARTESIAN_POINT('',(2.066537258257,-0.636299212598));
#2129 = CARTESIAN_POINT('',(2.070649190357,-0.636299212598));
#2130 = CARTESIAN_POINT('',(2.07477958067,-0.636299212598));
#2131 = CARTESIAN_POINT('',(2.080970654097,-0.636299212598));
#2132 = CARTESIAN_POINT('',(2.083017254418,-0.636299212598));
#2133 = CARTESIAN_POINT('',(2.085068371551,-0.636299212598));
#2134 = CARTESIAN_POINT('',(2.087124003799,-0.636299212598));
#2135 = CARTESIAN_POINT('',(2.089184149464,-0.636299212598));
#2136 = CARTESIAN_POINT('',(2.091248806851,-0.636299212598));
#2137 = CARTESIAN_POINT('',(2.09331797426,-0.636299212598));
#2138 = CARTESIAN_POINT('',(2.095391649996,-0.636299212598));
#2139 = CARTESIAN_POINT('',(2.35853492574,-0.636299212598));
#2140 = CARTESIAN_POINT('',(2.620372080299,-0.636299212598));
#2141 = CARTESIAN_POINT('',(2.880914081843,-0.636299212598));
#2142 = CARTESIAN_POINT('',(3.140171898538,-0.636299212598));
#2143 = CARTESIAN_POINT('',(3.398156498551,-0.636299212598));
#2144 = CARTESIAN_POINT('',(3.654878850052,-0.636299212598));
#2145 = CARTESIAN_POINT('',(3.910349921206,-0.636299212598));
#2146 = CARTESIAN_POINT('',(4.164580680183,-0.636299212598));
#2147 = CARTESIAN_POINT('',(4.166614207075,-0.636299212598));
#2148 = CARTESIAN_POINT('',(4.168652326928,-0.636299212598));
#2149 = CARTESIAN_POINT('',(4.170695039741,-0.636299212598));
#2150 = CARTESIAN_POINT('',(4.172742345513,-0.636299212598));
#2151 = CARTESIAN_POINT('',(4.174794244246,-0.636299212598));
#2152 = CARTESIAN_POINT('',(4.176850735938,-0.636299212598));
#2153 = CARTESIAN_POINT('',(4.17891182059,-0.636299212598));
#2154 = CARTESIAN_POINT('',(4.180977498202,-0.636299212598));
#2155 = CARTESIAN_POINT('',(4.185078304687,-0.636299212601));
#2156 = CARTESIAN_POINT('',(4.189180562811,-0.636299212554));
#2157 = CARTESIAN_POINT('',(4.193374140217,-0.636299212641));
#2158 = CARTESIAN_POINT('',(4.197441085562,-0.636299212318));
#2159 = CARTESIAN_POINT('',(4.20160856258,-0.636299212591));
#2160 = CARTESIAN_POINT('',(4.205723470848,-0.636299212571));
#2161 = CARTESIAN_POINT('',(4.209856012327,-0.636299212607));
#2162 = CARTESIAN_POINT('',(4.213984896276,-0.636299212598));
#2163 = CARTESIAN_POINT('',(4.474124726136,-0.636299212598));
#2164 = CARTESIAN_POINT('',(4.733836467342,-0.636299212598));
#2165 = CARTESIAN_POINT('',(4.993121338721,-0.636299212598));
#2166 = CARTESIAN_POINT('',(5.251980559101,-0.636299212598));
#2167 = CARTESIAN_POINT('',(5.510415347309,-0.636299212598));
#2168 = CARTESIAN_POINT('',(5.768426922173,-0.636299212598));
#2169 = CARTESIAN_POINT('',(6.026016502521,-0.636299212598));
#2170 = CARTESIAN_POINT('',(6.28318530718,-0.636299212598));
#2171 = ( GEOMETRIC_REPRESENTATION_CONTEXT(2) 
PARAMETRIC_REPRESENTATION_CONTEXT() REPRESENTATION_CONTEXT('2D SPACE',''
  ) );
#2172 = PCURVE('',#2022,#2173);
#2173 = DEFINITIONAL_REPRESENTATION('',(#2174),#2180);
#2174 = ( BOUNDED_CURVE() B_SPLINE_CURVE(2,(#2175,#2176,#2177,#2178,
#2179),.UNSPECIFIED.,.F.,.F.) B_SPLINE_CURVE_WITH_KNOTS((3,2,3),(
    2.054121458611,4.168653382895,6.28318530718),
.PIECEWISE_BEZIER_KNOTS.) CURVE() GEOMETRIC_REPRESENTATION_ITEM() 
RATIONAL_B_SPLINE_CURVE((1.,0.491255304654,1.,0.491255304654,1.)) 
REPRESENTATION_ITEM('') );
#2175 = CARTESIAN_POINT('',(1.456692913386,0.930850504603));
#2176 = CARTESIAN_POINT('',(1.38532473328,0.794870850956));
#2177 = CARTESIAN_POINT('',(1.305877141275,0.926293693195));
#2178 = CARTESIAN_POINT('',(1.22642954927,1.057716535433));
#2179 = CARTESIAN_POINT('',(1.38,1.057716535433));
#2180 = ( GEOMETRIC_REPRESENTATION_CONTEXT(2) 
PARAMETRIC_REPRESENTATION_CONTEXT() REPRESENTATION_CONTEXT('2D SPACE',''
  ) );
#2181 = ORIENTED_EDGE('',*,*,#1981,.F.);
#2182 = ADVANCED_FACE('',(#2183),#1632,.T.);
#2183 = FACE_BOUND('',#2184,.T.);
#2184 = EDGE_LOOP('',(#2185,#2205,#2223,#2224));
#2185 = ORIENTED_EDGE('',*,*,#2186,.F.);
#2186 = EDGE_CURVE('',#2187,#1599,#2189,.T.);
#2187 = VERTEX_POINT('',#2188);
#2188 = CARTESIAN_POINT('',(81.334,-59.378,173.198));
#2189 = SURFACE_CURVE('',#2190,(#2193,#2199),.PCURVE_S1.);
#2190 = B_SPLINE_CURVE_WITH_KNOTS('',1,(#2191,#2192),.UNSPECIFIED.,.F.,
  .F.,(2,2),(3.386692913386,3.58),.PIECEWISE_BEZIER_KNOTS.);
#2191 = CARTESIAN_POINT('',(81.334,-59.378,173.198));
#2192 = CARTESIAN_POINT('',(81.334,-54.468,173.198));
#2193 = PCURVE('',#1632,#2194);
#2194 = DEFINITIONAL_REPRESENTATION('',(#2195),#2198);
#2195 = B_SPLINE_CURVE_WITH_KNOTS('',1,(#2196,#2197),.UNSPECIFIED.,.F.,
  .F.,(2,2),(3.386692913386,3.58),.PIECEWISE_BEZIER_KNOTS.);
#2196 = CARTESIAN_POINT('',(2.636692913386,-0.19));
#2197 = CARTESIAN_POINT('',(2.83,-0.19));
#2198 = ( GEOMETRIC_REPRESENTATION_CONTEXT(2) 
PARAMETRIC_REPRESENTATION_CONTEXT() REPRESENTATION_CONTEXT('2D SPACE',''
  ) );
#2199 = PCURVE('',#1940,#2200);
#2200 = DEFINITIONAL_REPRESENTATION('',(#2201),#2204);
#2201 = B_SPLINE_CURVE_WITH_KNOTS('',1,(#2202,#2203),.UNSPECIFIED.,.F.,
  .F.,(2,2),(3.386692913386,3.58),.PIECEWISE_BEZIER_KNOTS.);
#2202 = CARTESIAN_POINT('',(0.,-3.386692913386));
#2203 = CARTESIAN_POINT('',(0.,-3.58));
#2204 = ( GEOMETRIC_REPRESENTATION_CONTEXT(2) 
PARAMETRIC_REPRESENTATION_CONTEXT() REPRESENTATION_CONTEXT('2D SPACE',''
  ) );
#2205 = ORIENTED_EDGE('',*,*,#2206,.F.);
#2206 = EDGE_CURVE('',#1712,#2187,#2207,.T.);
#2207 = SURFACE_CURVE('',#2208,(#2211,#2217),.PCURVE_S1.);
#2208 = B_SPLINE_CURVE_WITH_KNOTS('',1,(#2209,#2210),.UNSPECIFIED.,.F.,
  .F.,(2,2),(-0.2,-0.19),.PIECEWISE_BEZIER_KNOTS.);
#2209 = CARTESIAN_POINT('',(81.588,-59.378,173.198));
#2210 = CARTESIAN_POINT('',(81.334,-59.378,173.198));
#2211 = PCURVE('',#1632,#2212);
#2212 = DEFINITIONAL_REPRESENTATION('',(#2213),#2216);
#2213 = B_SPLINE_CURVE_WITH_KNOTS('',1,(#2214,#2215),.UNSPECIFIED.,.F.,
  .F.,(2,2),(-0.2,-0.19),.PIECEWISE_BEZIER_KNOTS.);
#2214 = CARTESIAN_POINT('',(2.636692913386,-0.2));
#2215 = CARTESIAN_POINT('',(2.636692913386,-0.19));
#2216 = ( GEOMETRIC_REPRESENTATION_CONTEXT(2) 
PARAMETRIC_REPRESENTATION_CONTEXT() REPRESENTATION_CONTEXT('2D SPACE',''
  ) );
#2217 = PCURVE('',#1745,#2218);
#2218 = DEFINITIONAL_REPRESENTATION('',(#2219),#2222);
#2219 = B_SPLINE_CURVE_WITH_KNOTS('',1,(#2220,#2221),.UNSPECIFIED.,.F.,
  .F.,(2,2),(-0.2,-0.19),.PIECEWISE_BEZIER_KNOTS.);
#2220 = CARTESIAN_POINT('',(1.391102362205,0.2));
#2221 = CARTESIAN_POINT('',(1.391102362205,0.19));
#2222 = ( GEOMETRIC_REPRESENTATION_CONTEXT(2) 
PARAMETRIC_REPRESENTATION_CONTEXT() REPRESENTATION_CONTEXT('2D SPACE',''
  ) );
#2223 = ORIENTED_EDGE('',*,*,#1711,.T.);
#2224 = ORIENTED_EDGE('',*,*,#1618,.F.);
#2225 = ADVANCED_FACE('',(#2226),#1680,.T.);
#2226 = FACE_BOUND('',#2227,.T.);
#2227 = EDGE_LOOP('',(#2228,#2248,#2249,#2250));
#2228 = ORIENTED_EDGE('',*,*,#2229,.F.);
#2229 = EDGE_CURVE('',#1810,#2230,#2232,.T.);
#2230 = VERTEX_POINT('',#2231);
#2231 = CARTESIAN_POINT('',(81.334,-83.17,173.198));
#2232 = SURFACE_CURVE('',#2233,(#2236,#2242),.PCURVE_S1.);
#2233 = B_SPLINE_CURVE_WITH_KNOTS('',1,(#2234,#2235),.UNSPECIFIED.,.F.,
  .F.,(2,2),(0.75,2.45),.PIECEWISE_BEZIER_KNOTS.);
#2234 = CARTESIAN_POINT('',(81.334,-126.35,173.198));
#2235 = CARTESIAN_POINT('',(81.334,-83.17,173.198));
#2236 = PCURVE('',#1680,#2237);
#2237 = DEFINITIONAL_REPRESENTATION('',(#2238),#2241);
#2238 = B_SPLINE_CURVE_WITH_KNOTS('',1,(#2239,#2240),.UNSPECIFIED.,.F.,
  .F.,(2,2),(0.75,2.45),.PIECEWISE_BEZIER_KNOTS.);
#2239 = CARTESIAN_POINT('',(0.,-0.19));
#2240 = CARTESIAN_POINT('',(1.7,-0.19));
#2241 = ( GEOMETRIC_REPRESENTATION_CONTEXT(2) 
PARAMETRIC_REPRESENTATION_CONTEXT() REPRESENTATION_CONTEXT('2D SPACE',''
  ) );
#2242 = PCURVE('',#1966,#2243);
#2243 = DEFINITIONAL_REPRESENTATION('',(#2244),#2247);
#2244 = B_SPLINE_CURVE_WITH_KNOTS('',1,(#2245,#2246),.UNSPECIFIED.,.F.,
  .F.,(2,2),(0.75,2.45),.PIECEWISE_BEZIER_KNOTS.);
#2245 = CARTESIAN_POINT('',(0.,-0.75));
#2246 = CARTESIAN_POINT('',(0.,-2.45));
#2247 = ( GEOMETRIC_REPRESENTATION_CONTEXT(2) 
PARAMETRIC_REPRESENTATION_CONTEXT() REPRESENTATION_CONTEXT('2D SPACE',''
  ) );
#2248 = ORIENTED_EDGE('',*,*,#1829,.T.);
#2249 = ORIENTED_EDGE('',*,*,#1664,.T.);
#2250 = ORIENTED_EDGE('',*,*,#2251,.T.);
#2251 = EDGE_CURVE('',#1667,#2230,#2252,.T.);
#2252 = SURFACE_CURVE('',#2253,(#2256,#2262),.PCURVE_S1.);
#2253 = B_SPLINE_CURVE_WITH_KNOTS('',1,(#2254,#2255),.UNSPECIFIED.,.F.,
  .F.,(2,2),(-0.2,-0.19),.PIECEWISE_BEZIER_KNOTS.);
#2254 = CARTESIAN_POINT('',(81.588,-83.17,173.198));
#2255 = CARTESIAN_POINT('',(81.334,-83.17,173.198));
#2256 = PCURVE('',#1680,#2257);
#2257 = DEFINITIONAL_REPRESENTATION('',(#2258),#2261);
#2258 = B_SPLINE_CURVE_WITH_KNOTS('',1,(#2259,#2260),.UNSPECIFIED.,.F.,
  .F.,(2,2),(-0.2,-0.19),.PIECEWISE_BEZIER_KNOTS.);
#2259 = CARTESIAN_POINT('',(1.7,-0.2));
#2260 = CARTESIAN_POINT('',(1.7,-0.19));
#2261 = ( GEOMETRIC_REPRESENTATION_CONTEXT(2) 
PARAMETRIC_REPRESENTATION_CONTEXT() REPRESENTATION_CONTEXT('2D SPACE',''
  ) );
#2262 = PCURVE('',#1793,#2263);
#2263 = DEFINITIONAL_REPRESENTATION('',(#2264),#2267);
#2264 = B_SPLINE_CURVE_WITH_KNOTS('',1,(#2265,#2266),.UNSPECIFIED.,.F.,
  .F.,(2,2),(-0.2,-0.19),.PIECEWISE_BEZIER_KNOTS.);
#2265 = CARTESIAN_POINT('',(1.391102362205,0.2));
#2266 = CARTESIAN_POINT('',(1.391102362205,0.19));
#2267 = ( GEOMETRIC_REPRESENTATION_CONTEXT(2) 
PARAMETRIC_REPRESENTATION_CONTEXT() REPRESENTATION_CONTEXT('2D SPACE',''
  ) );
#2268 = ADVANCED_FACE('',(#2269,#2406),#1793,.F.);
#2269 = FACE_BOUND('',#2270,.F.);
#2270 = EDGE_LOOP('',(#2271,#2291,#2292,#2293,#2313,#2333,#2358,#2383));
#2271 = ORIENTED_EDGE('',*,*,#2272,.F.);
#2272 = EDGE_CURVE('',#1757,#2273,#2275,.T.);
#2273 = VERTEX_POINT('',#2274);
#2274 = CARTESIAN_POINT('',(112.67,-83.17,137.864));
#2275 = SURFACE_CURVE('',#2276,(#2279,#2285),.PCURVE_S1.);
#2276 = B_SPLINE_CURVE_WITH_KNOTS('',1,(#2277,#2278),.UNSPECIFIED.,.F.,
  .F.,(2,2),(0.2,1.423700787402),.PIECEWISE_BEZIER_KNOTS.);
#2277 = CARTESIAN_POINT('',(81.588,-83.17,137.864));
#2278 = CARTESIAN_POINT('',(112.67,-83.17,137.864));
#2279 = PCURVE('',#1793,#2280);
#2280 = DEFINITIONAL_REPRESENTATION('',(#2281),#2284);
#2281 = B_SPLINE_CURVE_WITH_KNOTS('',1,(#2282,#2283),.UNSPECIFIED.,.F.,
  .F.,(2,2),(0.2,1.423700787402),.PIECEWISE_BEZIER_KNOTS.);
#2282 = CARTESIAN_POINT('',(0.,0.2));
#2283 = CARTESIAN_POINT('',(0.,1.423700787402));
#2284 = ( GEOMETRIC_REPRESENTATION_CONTEXT(2) 
PARAMETRIC_REPRESENTATION_CONTEXT() REPRESENTATION_CONTEXT('2D SPACE',''
  ) );
#2285 = PCURVE('',#1770,#2286);
#2286 = DEFINITIONAL_REPRESENTATION('',(#2287),#2290);
#2287 = B_SPLINE_CURVE_WITH_KNOTS('',1,(#2288,#2289),.UNSPECIFIED.,.F.,
  .F.,(2,2),(0.2,1.423700787402),.PIECEWISE_BEZIER_KNOTS.);
#2288 = CARTESIAN_POINT('',(0.,-0.2));
#2289 = CARTESIAN_POINT('',(0.,-1.423700787402));
#2290 = ( GEOMETRIC_REPRESENTATION_CONTEXT(2) 
PARAMETRIC_REPRESENTATION_CONTEXT() REPRESENTATION_CONTEXT('2D SPACE',''
  ) );
#2291 = ORIENTED_EDGE('',*,*,#1781,.T.);
#2292 = ORIENTED_EDGE('',*,*,#2251,.T.);
#2293 = ORIENTED_EDGE('',*,*,#2294,.F.);
#2294 = EDGE_CURVE('',#2295,#2230,#2297,.T.);
#2295 = VERTEX_POINT('',#2296);
#2296 = CARTESIAN_POINT('',(81.334,-83.17,180.31));
#2297 = SURFACE_CURVE('',#2298,(#2301,#2307),.PCURVE_S1.);
#2298 = B_SPLINE_CURVE_WITH_KNOTS('',1,(#2299,#2300),.UNSPECIFIED.,.F.,
  .F.,(2,2),(-0.975551181102,-0.695551181102),.PIECEWISE_BEZIER_KNOTS.);
#2299 = CARTESIAN_POINT('',(81.334,-83.17,180.31));
#2300 = CARTESIAN_POINT('',(81.334,-83.17,173.198));
#2301 = PCURVE('',#1793,#2302);
#2302 = DEFINITIONAL_REPRESENTATION('',(#2303),#2306);
#2303 = B_SPLINE_CURVE_WITH_KNOTS('',1,(#2304,#2305),.UNSPECIFIED.,.F.,
  .F.,(2,2),(-0.975551181102,-0.695551181102),.PIECEWISE_BEZIER_KNOTS.);
#2304 = CARTESIAN_POINT('',(1.671102362205,0.19));
#2305 = CARTESIAN_POINT('',(1.391102362205,0.19));
#2306 = ( GEOMETRIC_REPRESENTATION_CONTEXT(2) 
PARAMETRIC_REPRESENTATION_CONTEXT() REPRESENTATION_CONTEXT('2D SPACE',''
  ) );
#2307 = PCURVE('',#1966,#2308);
#2308 = DEFINITIONAL_REPRESENTATION('',(#2309),#2312);
#2309 = B_SPLINE_CURVE_WITH_KNOTS('',1,(#2310,#2311),.UNSPECIFIED.,.F.,
  .F.,(2,2),(-0.975551181102,-0.695551181102),.PIECEWISE_BEZIER_KNOTS.);
#2310 = CARTESIAN_POINT('',(0.28,-2.45));
#2311 = CARTESIAN_POINT('',(0.,-2.45));
#2312 = ( GEOMETRIC_REPRESENTATION_CONTEXT(2) 
PARAMETRIC_REPRESENTATION_CONTEXT() REPRESENTATION_CONTEXT('2D SPACE',''
  ) );
#2313 = ORIENTED_EDGE('',*,*,#2314,.F.);
#2314 = EDGE_CURVE('',#2315,#2295,#2317,.T.);
#2315 = VERTEX_POINT('',#2316);
#2316 = CARTESIAN_POINT('',(76.508,-83.17,178.32282352941));
#2317 = SURFACE_CURVE('',#2318,(#2321,#2327),.PCURVE_S1.);
#2318 = B_SPLINE_CURVE_WITH_KNOTS('',1,(#2319,#2320),.UNSPECIFIED.,.F.,
  .F.,(2,2),(0.20050345713,0.40598036884),.PIECEWISE_BEZIER_KNOTS.);
#2319 = CARTESIAN_POINT('',(76.508,-83.17,178.32282352941));
#2320 = CARTESIAN_POINT('',(81.334,-83.17,180.31));
#2321 = PCURVE('',#1793,#2322);
#2322 = DEFINITIONAL_REPRESENTATION('',(#2323),#2326);
#2323 = B_SPLINE_CURVE_WITH_KNOTS('',1,(#2324,#2325),.UNSPECIFIED.,.F.,
  .F.,(2,2),(0.20050345713,0.40598036884),.PIECEWISE_BEZIER_KNOTS.);
#2324 = CARTESIAN_POINT('',(1.592867068087,0.));
#2325 = CARTESIAN_POINT('',(1.671102362205,0.19));
#2326 = ( GEOMETRIC_REPRESENTATION_CONTEXT(2) 
PARAMETRIC_REPRESENTATION_CONTEXT() REPRESENTATION_CONTEXT('2D SPACE',''
  ) );
#2327 = PCURVE('',#1892,#2328);
#2328 = DEFINITIONAL_REPRESENTATION('',(#2329),#2332);
#2329 = B_SPLINE_CURVE_WITH_KNOTS('',1,(#2330,#2331),.UNSPECIFIED.,.F.,
  .F.,(2,2),(0.20050345713,0.40598036884),.PIECEWISE_BEZIER_KNOTS.);
#2330 = CARTESIAN_POINT('',(0.20547691171,-2.45));
#2331 = CARTESIAN_POINT('',(0.,-2.45));
#2332 = ( GEOMETRIC_REPRESENTATION_CONTEXT(2) 
PARAMETRIC_REPRESENTATION_CONTEXT() REPRESENTATION_CONTEXT('2D SPACE',''
  ) );
#2333 = ORIENTED_EDGE('',*,*,#2334,.T.);
#2334 = EDGE_CURVE('',#2315,#2335,#2337,.T.);
#2335 = VERTEX_POINT('',#2336);
#2336 = CARTESIAN_POINT('',(76.508,-83.17,181.928));
#2337 = SURFACE_CURVE('',#2338,(#2341,#2347),.PCURVE_S1.);
#2338 = B_SPLINE_CURVE_WITH_KNOTS('',1,(#2339,#2340),.UNSPECIFIED.,.F.,
  .F.,(2,2),(1.592867068087,1.734803149606),.PIECEWISE_BEZIER_KNOTS.);
#2339 = CARTESIAN_POINT('',(76.508,-83.17,178.32282352941));
#2340 = CARTESIAN_POINT('',(76.508,-83.17,181.928));
#2341 = PCURVE('',#1793,#2342);
#2342 = DEFINITIONAL_REPRESENTATION('',(#2343),#2346);
#2343 = B_SPLINE_CURVE_WITH_KNOTS('',1,(#2344,#2345),.UNSPECIFIED.,.F.,
  .F.,(2,2),(1.592867068087,1.734803149606),.PIECEWISE_BEZIER_KNOTS.);
#2344 = CARTESIAN_POINT('',(1.592867068087,0.));
#2345 = CARTESIAN_POINT('',(1.734803149606,0.));
#2346 = ( GEOMETRIC_REPRESENTATION_CONTEXT(2) 
PARAMETRIC_REPRESENTATION_CONTEXT() REPRESENTATION_CONTEXT('2D SPACE',''
  ) );
#2347 = PCURVE('',#2348,#2353);
#2348 = B_SPLINE_SURFACE_WITH_KNOTS('',1,1,(
    (#2349,#2350)
    ,(#2351,#2352
    )),.UNSPECIFIED.,.F.,.F.,.F.,(2,2),(2,2),(1.7,2.636692913386),(
    1.681764705882,1.823700787402),.PIECEWISE_BEZIER_KNOTS.);
#2349 = CARTESIAN_POINT('',(76.508,-83.17,178.32282352941));
#2350 = CARTESIAN_POINT('',(76.508,-83.17,181.928));
#2351 = CARTESIAN_POINT('',(76.508,-59.378,178.32282352941));
#2352 = CARTESIAN_POINT('',(76.508,-59.378,181.928));
#2353 = DEFINITIONAL_REPRESENTATION('',(#2354),#2357);
#2354 = B_SPLINE_CURVE_WITH_KNOTS('',1,(#2355,#2356),.UNSPECIFIED.,.F.,
  .F.,(2,2),(1.592867068087,1.734803149606),.PIECEWISE_BEZIER_KNOTS.);
#2355 = CARTESIAN_POINT('',(1.7,1.681764705882));
#2356 = CARTESIAN_POINT('',(1.7,1.823700787402));
#2357 = ( GEOMETRIC_REPRESENTATION_CONTEXT(2) 
PARAMETRIC_REPRESENTATION_CONTEXT() REPRESENTATION_CONTEXT('2D SPACE',''
  ) );
#2358 = ORIENTED_EDGE('',*,*,#2359,.T.);
#2359 = EDGE_CURVE('',#2335,#2360,#2362,.T.);
#2360 = VERTEX_POINT('',#2361);
#2361 = CARTESIAN_POINT('',(112.67,-83.17,181.928));
#2362 = SURFACE_CURVE('',#2363,(#2366,#2372),.PCURVE_S1.);
#2363 = B_SPLINE_CURVE_WITH_KNOTS('',1,(#2364,#2365),.UNSPECIFIED.,.F.,
  .F.,(2,2),(0.,1.423700787402),.PIECEWISE_BEZIER_KNOTS.);
#2364 = CARTESIAN_POINT('',(76.508,-83.17,181.928));
#2365 = CARTESIAN_POINT('',(112.67,-83.17,181.928));
#2366 = PCURVE('',#1793,#2367);
#2367 = DEFINITIONAL_REPRESENTATION('',(#2368),#2371);
#2368 = B_SPLINE_CURVE_WITH_KNOTS('',1,(#2369,#2370),.UNSPECIFIED.,.F.,
  .F.,(2,2),(0.,1.423700787402),.PIECEWISE_BEZIER_KNOTS.);
#2369 = CARTESIAN_POINT('',(1.734803149606,0.));
#2370 = CARTESIAN_POINT('',(1.734803149606,1.423700787402));
#2371 = ( GEOMETRIC_REPRESENTATION_CONTEXT(2) 
PARAMETRIC_REPRESENTATION_CONTEXT() REPRESENTATION_CONTEXT('2D SPACE',''
  ) );
#2372 = PCURVE('',#2373,#2378);
#2373 = B_SPLINE_SURFACE_WITH_KNOTS('',1,1,(
    (#2374,#2375)
    ,(#2376,#2377
    )),.UNSPECIFIED.,.F.,.F.,.F.,(2,2),(2,2),(0.,0.936692913386),(
    -1.423700787402,0.),.PIECEWISE_BEZIER_KNOTS.);
#2374 = CARTESIAN_POINT('',(112.67,-83.17,181.928));
#2375 = CARTESIAN_POINT('',(76.508,-83.17,181.928));
#2376 = CARTESIAN_POINT('',(112.67,-59.378,181.928));
#2377 = CARTESIAN_POINT('',(76.508,-59.378,181.928));
#2378 = DEFINITIONAL_REPRESENTATION('',(#2379),#2382);
#2379 = B_SPLINE_CURVE_WITH_KNOTS('',1,(#2380,#2381),.UNSPECIFIED.,.F.,
  .F.,(2,2),(0.,1.423700787402),.PIECEWISE_BEZIER_KNOTS.);
#2380 = CARTESIAN_POINT('',(0.,0.));
#2381 = CARTESIAN_POINT('',(0.,-1.423700787402));
#2382 = ( GEOMETRIC_REPRESENTATION_CONTEXT(2) 
PARAMETRIC_REPRESENTATION_CONTEXT() REPRESENTATION_CONTEXT('2D SPACE',''
  ) );
#2383 = ORIENTED_EDGE('',*,*,#2384,.F.);
#2384 = EDGE_CURVE('',#2273,#2360,#2385,.T.);
#2385 = SURFACE_CURVE('',#2386,(#2389,#2395),.PCURVE_S1.);
#2386 = B_SPLINE_CURVE_WITH_KNOTS('',1,(#2387,#2388),.UNSPECIFIED.,.F.,
  .F.,(2,2),(0.,1.734803149606),.PIECEWISE_BEZIER_KNOTS.);
#2387 = CARTESIAN_POINT('',(112.67,-83.17,137.864));
#2388 = CARTESIAN_POINT('',(112.67,-83.17,181.928));
#2389 = PCURVE('',#1793,#2390);
#2390 = DEFINITIONAL_REPRESENTATION('',(#2391),#2394);
#2391 = B_SPLINE_CURVE_WITH_KNOTS('',1,(#2392,#2393),.UNSPECIFIED.,.F.,
  .F.,(2,2),(0.,1.734803149606),.PIECEWISE_BEZIER_KNOTS.);
#2392 = CARTESIAN_POINT('',(0.,1.423700787402));
#2393 = CARTESIAN_POINT('',(1.734803149606,1.423700787402));
#2394 = ( GEOMETRIC_REPRESENTATION_CONTEXT(2) 
PARAMETRIC_REPRESENTATION_CONTEXT() REPRESENTATION_CONTEXT('2D SPACE',''
  ) );
#2395 = PCURVE('',#2396,#2401);
#2396 = B_SPLINE_SURFACE_WITH_KNOTS('',1,1,(
    (#2397,#2398)
    ,(#2399,#2400
    )),.UNSPECIFIED.,.F.,.F.,.F.,(2,2),(2,2),(0.,0.936692913386),(0.,
    1.734803149606),.PIECEWISE_BEZIER_KNOTS.);
#2397 = CARTESIAN_POINT('',(112.67,-83.17,137.864));
#2398 = CARTESIAN_POINT('',(112.67,-83.17,181.928));
#2399 = CARTESIAN_POINT('',(112.67,-59.378,137.864));
#2400 = CARTESIAN_POINT('',(112.67,-59.378,181.928));
#2401 = DEFINITIONAL_REPRESENTATION('',(#2402),#2405);
#2402 = B_SPLINE_CURVE_WITH_KNOTS('',1,(#2403,#2404),.UNSPECIFIED.,.F.,
  .F.,(2,2),(0.,1.734803149606),.PIECEWISE_BEZIER_KNOTS.);
#2403 = CARTESIAN_POINT('',(0.,0.));
#2404 = CARTESIAN_POINT('',(0.,1.734803149606));
#2405 = ( GEOMETRIC_REPRESENTATION_CONTEXT(2) 
PARAMETRIC_REPRESENTATION_CONTEXT() REPRESENTATION_CONTEXT('2D SPACE',''
  ) );
#2406 = FACE_BOUND('',#2407,.F.);
#2407 = EDGE_LOOP('',(#2408,#2430,#2455,#2480));
#2408 = ORIENTED_EDGE('',*,*,#2409,.T.);
#2409 = EDGE_CURVE('',#2410,#2412,#2414,.T.);
#2410 = VERTEX_POINT('',#2411);
#2411 = CARTESIAN_POINT('',(90.13,-83.17,179.896));
#2412 = VERTEX_POINT('',#2413);
#2413 = CARTESIAN_POINT('',(90.13,-83.17,139.896));
#2414 = SURFACE_CURVE('',#2415,(#2418,#2424),.PCURVE_S1.);
#2415 = B_SPLINE_CURVE_WITH_KNOTS('',1,(#2416,#2417),.UNSPECIFIED.,.F.,
  .F.,(2,2),(-1.614803149606,-4.E-02),.PIECEWISE_BEZIER_KNOTS.);
#2416 = CARTESIAN_POINT('',(90.13,-83.17,179.896));
#2417 = CARTESIAN_POINT('',(90.13,-83.17,139.896));
#2418 = PCURVE('',#1793,#2419);
#2419 = DEFINITIONAL_REPRESENTATION('',(#2420),#2423);
#2420 = B_SPLINE_CURVE_WITH_KNOTS('',1,(#2421,#2422),.UNSPECIFIED.,.F.,
  .F.,(2,2),(-1.614803149606,-4.E-02),.PIECEWISE_BEZIER_KNOTS.);
#2421 = CARTESIAN_POINT('',(1.654803149606,0.536299212598));
#2422 = CARTESIAN_POINT('',(8.E-02,0.536299212598));
#2423 = ( GEOMETRIC_REPRESENTATION_CONTEXT(2) 
PARAMETRIC_REPRESENTATION_CONTEXT() REPRESENTATION_CONTEXT('2D SPACE',''
  ) );
#2424 = PCURVE('',#2022,#2425);
#2425 = DEFINITIONAL_REPRESENTATION('',(#2426),#2429);
#2426 = B_SPLINE_CURVE_WITH_KNOTS('',1,(#2427,#2428),.UNSPECIFIED.,.F.,
  .F.,(2,2),(-1.614803149606,-4.E-02),.PIECEWISE_BEZIER_KNOTS.);
#2427 = CARTESIAN_POINT('',(0.6,1.574803149606));
#2428 = CARTESIAN_POINT('',(0.6,0.));
#2429 = ( GEOMETRIC_REPRESENTATION_CONTEXT(2) 
PARAMETRIC_REPRESENTATION_CONTEXT() REPRESENTATION_CONTEXT('2D SPACE',''
  ) );
#2430 = ORIENTED_EDGE('',*,*,#2431,.T.);
#2431 = EDGE_CURVE('',#2412,#2432,#2434,.T.);
#2432 = VERTEX_POINT('',#2433);
#2433 = CARTESIAN_POINT('',(110.13,-83.17,139.896));
#2434 = SURFACE_CURVE('',#2435,(#2438,#2444),.PCURVE_S1.);
#2435 = B_SPLINE_CURVE_WITH_KNOTS('',1,(#2436,#2437),.UNSPECIFIED.,.F.,
  .F.,(2,2),(0.268149606299,1.055551181102),.PIECEWISE_BEZIER_KNOTS.);
#2436 = CARTESIAN_POINT('',(90.13,-83.17,139.896));
#2437 = CARTESIAN_POINT('',(110.13,-83.17,139.896));
#2438 = PCURVE('',#1793,#2439);
#2439 = DEFINITIONAL_REPRESENTATION('',(#2440),#2443);
#2440 = B_SPLINE_CURVE_WITH_KNOTS('',1,(#2441,#2442),.UNSPECIFIED.,.F.,
  .F.,(2,2),(0.268149606299,1.055551181102),.PIECEWISE_BEZIER_KNOTS.);
#2441 = CARTESIAN_POINT('',(8.E-02,0.536299212598));
#2442 = CARTESIAN_POINT('',(8.E-02,1.323700787402));
#2443 = ( GEOMETRIC_REPRESENTATION_CONTEXT(2) 
PARAMETRIC_REPRESENTATION_CONTEXT() REPRESENTATION_CONTEXT('2D SPACE',''
  ) );
#2444 = PCURVE('',#2445,#2450);
#2445 = B_SPLINE_SURFACE_WITH_KNOTS('',1,1,(
    (#2446,#2447)
    ,(#2448,#2449
    )),.UNSPECIFIED.,.F.,.F.,.F.,(2,2),(2,2),(0.6,1.456692913386),(
    -0.787401574803,0.),.PIECEWISE_BEZIER_KNOTS.);
#2446 = CARTESIAN_POINT('',(110.13,-83.17,139.896));
#2447 = CARTESIAN_POINT('',(90.13,-83.17,139.896));
#2448 = CARTESIAN_POINT('',(110.13,-61.41,139.896));
#2449 = CARTESIAN_POINT('',(90.13,-61.41,139.896));
#2450 = DEFINITIONAL_REPRESENTATION('',(#2451),#2454);
#2451 = B_SPLINE_CURVE_WITH_KNOTS('',1,(#2452,#2453),.UNSPECIFIED.,.F.,
  .F.,(2,2),(0.268149606299,1.055551181102),.PIECEWISE_BEZIER_KNOTS.);
#2452 = CARTESIAN_POINT('',(0.6,0.));
#2453 = CARTESIAN_POINT('',(0.6,-0.787401574803));
#2454 = ( GEOMETRIC_REPRESENTATION_CONTEXT(2) 
PARAMETRIC_REPRESENTATION_CONTEXT() REPRESENTATION_CONTEXT('2D SPACE',''
  ) );
#2455 = ORIENTED_EDGE('',*,*,#2456,.F.);
#2456 = EDGE_CURVE('',#2457,#2432,#2459,.T.);
#2457 = VERTEX_POINT('',#2458);
#2458 = CARTESIAN_POINT('',(110.13,-83.17,179.896));
#2459 = SURFACE_CURVE('',#2460,(#2463,#2469),.PCURVE_S1.);
#2460 = B_SPLINE_CURVE_WITH_KNOTS('',1,(#2461,#2462),.UNSPECIFIED.,.F.,
  .F.,(2,2),(-1.614803149606,-4.E-02),.PIECEWISE_BEZIER_KNOTS.);
#2461 = CARTESIAN_POINT('',(110.13,-83.17,179.896));
#2462 = CARTESIAN_POINT('',(110.13,-83.17,139.896));
#2463 = PCURVE('',#1793,#2464);
#2464 = DEFINITIONAL_REPRESENTATION('',(#2465),#2468);
#2465 = B_SPLINE_CURVE_WITH_KNOTS('',1,(#2466,#2467),.UNSPECIFIED.,.F.,
  .F.,(2,2),(-1.614803149606,-4.E-02),.PIECEWISE_BEZIER_KNOTS.);
#2466 = CARTESIAN_POINT('',(1.654803149606,1.323700787402));
#2467 = CARTESIAN_POINT('',(8.E-02,1.323700787402));
#2468 = ( GEOMETRIC_REPRESENTATION_CONTEXT(2) 
PARAMETRIC_REPRESENTATION_CONTEXT() REPRESENTATION_CONTEXT('2D SPACE',''
  ) );
#2469 = PCURVE('',#2470,#2475);
#2470 = B_SPLINE_SURFACE_WITH_KNOTS('',1,1,(
    (#2471,#2472)
    ,(#2473,#2474
    )),.UNSPECIFIED.,.F.,.F.,.F.,(2,2),(2,2),(0.6,1.456692913386),(0.,
    1.574803149606),.PIECEWISE_BEZIER_KNOTS.);
#2471 = CARTESIAN_POINT('',(110.13,-83.17,139.896));
#2472 = CARTESIAN_POINT('',(110.13,-83.17,179.896));
#2473 = CARTESIAN_POINT('',(110.13,-61.41,139.896));
#2474 = CARTESIAN_POINT('',(110.13,-61.41,179.896));
#2475 = DEFINITIONAL_REPRESENTATION('',(#2476),#2479);
#2476 = B_SPLINE_CURVE_WITH_KNOTS('',1,(#2477,#2478),.UNSPECIFIED.,.F.,
  .F.,(2,2),(-1.614803149606,-4.E-02),.PIECEWISE_BEZIER_KNOTS.);
#2477 = CARTESIAN_POINT('',(0.6,1.574803149606));
#2478 = CARTESIAN_POINT('',(0.6,0.));
#2479 = ( GEOMETRIC_REPRESENTATION_CONTEXT(2) 
PARAMETRIC_REPRESENTATION_CONTEXT() REPRESENTATION_CONTEXT('2D SPACE',''
  ) );
#2480 = ORIENTED_EDGE('',*,*,#2481,.F.);
#2481 = EDGE_CURVE('',#2410,#2457,#2482,.T.);
#2482 = SURFACE_CURVE('',#2483,(#2486,#2492),.PCURVE_S1.);
#2483 = B_SPLINE_CURVE_WITH_KNOTS('',1,(#2484,#2485),.UNSPECIFIED.,.F.,
  .F.,(2,2),(0.268149606299,1.055551181102),.PIECEWISE_BEZIER_KNOTS.);
#2484 = CARTESIAN_POINT('',(90.13,-83.17,179.896));
#2485 = CARTESIAN_POINT('',(110.13,-83.17,179.896));
#2486 = PCURVE('',#1793,#2487);
#2487 = DEFINITIONAL_REPRESENTATION('',(#2488),#2491);
#2488 = B_SPLINE_CURVE_WITH_KNOTS('',1,(#2489,#2490),.UNSPECIFIED.,.F.,
  .F.,(2,2),(0.268149606299,1.055551181102),.PIECEWISE_BEZIER_KNOTS.);
#2489 = CARTESIAN_POINT('',(1.654803149606,0.536299212598));
#2490 = CARTESIAN_POINT('',(1.654803149606,1.323700787402));
#2491 = ( GEOMETRIC_REPRESENTATION_CONTEXT(2) 
PARAMETRIC_REPRESENTATION_CONTEXT() REPRESENTATION_CONTEXT('2D SPACE',''
  ) );
#2492 = PCURVE('',#2493,#2498);
#2493 = B_SPLINE_SURFACE_WITH_KNOTS('',1,1,(
    (#2494,#2495)
    ,(#2496,#2497
    )),.UNSPECIFIED.,.F.,.F.,.F.,(2,2),(2,2),(0.6,1.456692913386),(
    -0.787401574803,0.),.PIECEWISE_BEZIER_KNOTS.);
#2494 = CARTESIAN_POINT('',(110.13,-83.17,179.896));
#2495 = CARTESIAN_POINT('',(90.13,-83.17,179.896));
#2496 = CARTESIAN_POINT('',(110.13,-61.41,179.896));
#2497 = CARTESIAN_POINT('',(90.13,-61.41,179.896));
#2498 = DEFINITIONAL_REPRESENTATION('',(#2499),#2502);
#2499 = B_SPLINE_CURVE_WITH_KNOTS('',1,(#2500,#2501),.UNSPECIFIED.,.F.,
  .F.,(2,2),(0.268149606299,1.055551181102),.PIECEWISE_BEZIER_KNOTS.);
#2500 = CARTESIAN_POINT('',(0.6,0.));
#2501 = CARTESIAN_POINT('',(0.6,-0.787401574803));
#2502 = ( GEOMETRIC_REPRESENTATION_CONTEXT(2) 
PARAMETRIC_REPRESENTATION_CONTEXT() REPRESENTATION_CONTEXT('2D SPACE',''
  ) );
#2503 = ADVANCED_FACE('',(#2504),#1770,.F.);
#2504 = FACE_BOUND('',#2505,.F.);
#2505 = EDGE_LOOP('',(#2506,#2526,#2527,#2528));
#2506 = ORIENTED_EDGE('',*,*,#2507,.F.);
#2507 = EDGE_CURVE('',#1732,#2508,#2510,.T.);
#2508 = VERTEX_POINT('',#2509);
#2509 = CARTESIAN_POINT('',(112.67,-59.378,137.864));
#2510 = SURFACE_CURVE('',#2511,(#2514,#2520),.PCURVE_S1.);
#2511 = B_SPLINE_CURVE_WITH_KNOTS('',1,(#2512,#2513),.UNSPECIFIED.,.F.,
  .F.,(2,2),(0.2,1.423700787402),.PIECEWISE_BEZIER_KNOTS.);
#2512 = CARTESIAN_POINT('',(81.588,-59.378,137.864));
#2513 = CARTESIAN_POINT('',(112.67,-59.378,137.864));
#2514 = PCURVE('',#1770,#2515);
#2515 = DEFINITIONAL_REPRESENTATION('',(#2516),#2519);
#2516 = B_SPLINE_CURVE_WITH_KNOTS('',1,(#2517,#2518),.UNSPECIFIED.,.F.,
  .F.,(2,2),(0.2,1.423700787402),.PIECEWISE_BEZIER_KNOTS.);
#2517 = CARTESIAN_POINT('',(0.936692913386,-0.2));
#2518 = CARTESIAN_POINT('',(0.936692913386,-1.423700787402));
#2519 = ( GEOMETRIC_REPRESENTATION_CONTEXT(2) 
PARAMETRIC_REPRESENTATION_CONTEXT() REPRESENTATION_CONTEXT('2D SPACE',''
  ) );
#2520 = PCURVE('',#1745,#2521);
#2521 = DEFINITIONAL_REPRESENTATION('',(#2522),#2525);
#2522 = B_SPLINE_CURVE_WITH_KNOTS('',1,(#2523,#2524),.UNSPECIFIED.,.F.,
  .F.,(2,2),(0.2,1.423700787402),.PIECEWISE_BEZIER_KNOTS.);
#2523 = CARTESIAN_POINT('',(0.,0.2));
#2524 = CARTESIAN_POINT('',(0.,1.423700787402));
#2525 = ( GEOMETRIC_REPRESENTATION_CONTEXT(2) 
PARAMETRIC_REPRESENTATION_CONTEXT() REPRESENTATION_CONTEXT('2D SPACE',''
  ) );
#2526 = ORIENTED_EDGE('',*,*,#1756,.T.);
#2527 = ORIENTED_EDGE('',*,*,#2272,.T.);
#2528 = ORIENTED_EDGE('',*,*,#2529,.T.);
#2529 = EDGE_CURVE('',#2273,#2508,#2530,.T.);
#2530 = SURFACE_CURVE('',#2531,(#2534,#2540),.PCURVE_S1.);
#2531 = B_SPLINE_CURVE_WITH_KNOTS('',1,(#2532,#2533),.UNSPECIFIED.,.F.,
  .F.,(2,2),(0.,0.936692913386),.PIECEWISE_BEZIER_KNOTS.);
#2532 = CARTESIAN_POINT('',(112.67,-83.17,137.864));
#2533 = CARTESIAN_POINT('',(112.67,-59.378,137.864));
#2534 = PCURVE('',#1770,#2535);
#2535 = DEFINITIONAL_REPRESENTATION('',(#2536),#2539);
#2536 = B_SPLINE_CURVE_WITH_KNOTS('',1,(#2537,#2538),.UNSPECIFIED.,.F.,
  .F.,(2,2),(0.,0.936692913386),.PIECEWISE_BEZIER_KNOTS.);
#2537 = CARTESIAN_POINT('',(0.,-1.423700787402));
#2538 = CARTESIAN_POINT('',(0.936692913386,-1.423700787402));
#2539 = ( GEOMETRIC_REPRESENTATION_CONTEXT(2) 
PARAMETRIC_REPRESENTATION_CONTEXT() REPRESENTATION_CONTEXT('2D SPACE',''
  ) );
#2540 = PCURVE('',#2396,#2541);
#2541 = DEFINITIONAL_REPRESENTATION('',(#2542),#2545);
#2542 = B_SPLINE_CURVE_WITH_KNOTS('',1,(#2543,#2544),.UNSPECIFIED.,.F.,
  .F.,(2,2),(0.,0.936692913386),.PIECEWISE_BEZIER_KNOTS.);
#2543 = CARTESIAN_POINT('',(0.,0.));
#2544 = CARTESIAN_POINT('',(0.936692913386,0.));
#2545 = ( GEOMETRIC_REPRESENTATION_CONTEXT(2) 
PARAMETRIC_REPRESENTATION_CONTEXT() REPRESENTATION_CONTEXT('2D SPACE',''
  ) );
#2546 = ADVANCED_FACE('',(#2547),#1745,.T.);
#2547 = FACE_BOUND('',#2548,.T.);
#2548 = EDGE_LOOP('',(#2549,#2550,#2551,#2552,#2572,#2592,#2612,#2632));
#2549 = ORIENTED_EDGE('',*,*,#2507,.F.);
#2550 = ORIENTED_EDGE('',*,*,#1731,.T.);
#2551 = ORIENTED_EDGE('',*,*,#2206,.T.);
#2552 = ORIENTED_EDGE('',*,*,#2553,.F.);
#2553 = EDGE_CURVE('',#2554,#2187,#2556,.T.);
#2554 = VERTEX_POINT('',#2555);
#2555 = CARTESIAN_POINT('',(81.334,-59.378,180.31));
#2556 = SURFACE_CURVE('',#2557,(#2560,#2566),.PCURVE_S1.);
#2557 = B_SPLINE_CURVE_WITH_KNOTS('',1,(#2558,#2559),.UNSPECIFIED.,.F.,
  .F.,(2,2),(-0.975551181102,-0.695551181102),.PIECEWISE_BEZIER_KNOTS.);
#2558 = CARTESIAN_POINT('',(81.334,-59.378,180.31));
#2559 = CARTESIAN_POINT('',(81.334,-59.378,173.198));
#2560 = PCURVE('',#1745,#2561);
#2561 = DEFINITIONAL_REPRESENTATION('',(#2562),#2565);
#2562 = B_SPLINE_CURVE_WITH_KNOTS('',1,(#2563,#2564),.UNSPECIFIED.,.F.,
  .F.,(2,2),(-0.975551181102,-0.695551181102),.PIECEWISE_BEZIER_KNOTS.);
#2563 = CARTESIAN_POINT('',(1.671102362205,0.19));
#2564 = CARTESIAN_POINT('',(1.391102362205,0.19));
#2565 = ( GEOMETRIC_REPRESENTATION_CONTEXT(2) 
PARAMETRIC_REPRESENTATION_CONTEXT() REPRESENTATION_CONTEXT('2D SPACE',''
  ) );
#2566 = PCURVE('',#1940,#2567);
#2567 = DEFINITIONAL_REPRESENTATION('',(#2568),#2571);
#2568 = B_SPLINE_CURVE_WITH_KNOTS('',1,(#2569,#2570),.UNSPECIFIED.,.F.,
  .F.,(2,2),(-0.975551181102,-0.695551181102),.PIECEWISE_BEZIER_KNOTS.);
#2569 = CARTESIAN_POINT('',(0.28,-3.386692913386));
#2570 = CARTESIAN_POINT('',(0.,-3.386692913386));
#2571 = ( GEOMETRIC_REPRESENTATION_CONTEXT(2) 
PARAMETRIC_REPRESENTATION_CONTEXT() REPRESENTATION_CONTEXT('2D SPACE',''
  ) );
#2572 = ORIENTED_EDGE('',*,*,#2573,.F.);
#2573 = EDGE_CURVE('',#2574,#2554,#2576,.T.);
#2574 = VERTEX_POINT('',#2575);
#2575 = CARTESIAN_POINT('',(76.508,-59.378,178.32282352941));
#2576 = SURFACE_CURVE('',#2577,(#2580,#2586),.PCURVE_S1.);
#2577 = B_SPLINE_CURVE_WITH_KNOTS('',1,(#2578,#2579),.UNSPECIFIED.,.F.,
  .F.,(2,2),(0.20050345713,0.40598036884),.PIECEWISE_BEZIER_KNOTS.);
#2578 = CARTESIAN_POINT('',(76.508,-59.378,178.32282352941));
#2579 = CARTESIAN_POINT('',(81.334,-59.378,180.31));
#2580 = PCURVE('',#1745,#2581);
#2581 = DEFINITIONAL_REPRESENTATION('',(#2582),#2585);
#2582 = B_SPLINE_CURVE_WITH_KNOTS('',1,(#2583,#2584),.UNSPECIFIED.,.F.,
  .F.,(2,2),(0.20050345713,0.40598036884),.PIECEWISE_BEZIER_KNOTS.);
#2583 = CARTESIAN_POINT('',(1.592867068087,0.));
#2584 = CARTESIAN_POINT('',(1.671102362205,0.19));
#2585 = ( GEOMETRIC_REPRESENTATION_CONTEXT(2) 
PARAMETRIC_REPRESENTATION_CONTEXT() REPRESENTATION_CONTEXT('2D SPACE',''
  ) );
#2586 = PCURVE('',#1892,#2587);
#2587 = DEFINITIONAL_REPRESENTATION('',(#2588),#2591);
#2588 = B_SPLINE_CURVE_WITH_KNOTS('',1,(#2589,#2590),.UNSPECIFIED.,.F.,
  .F.,(2,2),(0.20050345713,0.40598036884),.PIECEWISE_BEZIER_KNOTS.);
#2589 = CARTESIAN_POINT('',(0.20547691171,-3.386692913386));
#2590 = CARTESIAN_POINT('',(0.,-3.386692913386));
#2591 = ( GEOMETRIC_REPRESENTATION_CONTEXT(2) 
PARAMETRIC_REPRESENTATION_CONTEXT() REPRESENTATION_CONTEXT('2D SPACE',''
  ) );
#2592 = ORIENTED_EDGE('',*,*,#2593,.T.);
#2593 = EDGE_CURVE('',#2574,#2594,#2596,.T.);
#2594 = VERTEX_POINT('',#2595);
#2595 = CARTESIAN_POINT('',(76.508,-59.378,181.928));
#2596 = SURFACE_CURVE('',#2597,(#2600,#2606),.PCURVE_S1.);
#2597 = B_SPLINE_CURVE_WITH_KNOTS('',1,(#2598,#2599),.UNSPECIFIED.,.F.,
  .F.,(2,2),(1.592867068087,1.734803149606),.PIECEWISE_BEZIER_KNOTS.);
#2598 = CARTESIAN_POINT('',(76.508,-59.378,178.32282352941));
#2599 = CARTESIAN_POINT('',(76.508,-59.378,181.928));
#2600 = PCURVE('',#1745,#2601);
#2601 = DEFINITIONAL_REPRESENTATION('',(#2602),#2605);
#2602 = B_SPLINE_CURVE_WITH_KNOTS('',1,(#2603,#2604),.UNSPECIFIED.,.F.,
  .F.,(2,2),(1.592867068087,1.734803149606),.PIECEWISE_BEZIER_KNOTS.);
#2603 = CARTESIAN_POINT('',(1.592867068087,0.));
#2604 = CARTESIAN_POINT('',(1.734803149606,0.));
#2605 = ( GEOMETRIC_REPRESENTATION_CONTEXT(2) 
PARAMETRIC_REPRESENTATION_CONTEXT() REPRESENTATION_CONTEXT('2D SPACE',''
  ) );
#2606 = PCURVE('',#2348,#2607);
#2607 = DEFINITIONAL_REPRESENTATION('',(#2608),#2611);
#2608 = B_SPLINE_CURVE_WITH_KNOTS('',1,(#2609,#2610),.UNSPECIFIED.,.F.,
  .F.,(2,2),(1.592867068087,1.734803149606),.PIECEWISE_BEZIER_KNOTS.);
#2609 = CARTESIAN_POINT('',(2.636692913386,1.681764705882));
#2610 = CARTESIAN_POINT('',(2.636692913386,1.823700787402));
#2611 = ( GEOMETRIC_REPRESENTATION_CONTEXT(2) 
PARAMETRIC_REPRESENTATION_CONTEXT() REPRESENTATION_CONTEXT('2D SPACE',''
  ) );
#2612 = ORIENTED_EDGE('',*,*,#2613,.T.);
#2613 = EDGE_CURVE('',#2594,#2614,#2616,.T.);
#2614 = VERTEX_POINT('',#2615);
#2615 = CARTESIAN_POINT('',(112.67,-59.378,181.928));
#2616 = SURFACE_CURVE('',#2617,(#2620,#2626),.PCURVE_S1.);
#2617 = B_SPLINE_CURVE_WITH_KNOTS('',1,(#2618,#2619),.UNSPECIFIED.,.F.,
  .F.,(2,2),(0.,1.423700787402),.PIECEWISE_BEZIER_KNOTS.);
#2618 = CARTESIAN_POINT('',(76.508,-59.378,181.928));
#2619 = CARTESIAN_POINT('',(112.67,-59.378,181.928));
#2620 = PCURVE('',#1745,#2621);
#2621 = DEFINITIONAL_REPRESENTATION('',(#2622),#2625);
#2622 = B_SPLINE_CURVE_WITH_KNOTS('',1,(#2623,#2624),.UNSPECIFIED.,.F.,
  .F.,(2,2),(0.,1.423700787402),.PIECEWISE_BEZIER_KNOTS.);
#2623 = CARTESIAN_POINT('',(1.734803149606,0.));
#2624 = CARTESIAN_POINT('',(1.734803149606,1.423700787402));
#2625 = ( GEOMETRIC_REPRESENTATION_CONTEXT(2) 
PARAMETRIC_REPRESENTATION_CONTEXT() REPRESENTATION_CONTEXT('2D SPACE',''
  ) );
#2626 = PCURVE('',#2373,#2627);
#2627 = DEFINITIONAL_REPRESENTATION('',(#2628),#2631);
#2628 = B_SPLINE_CURVE_WITH_KNOTS('',1,(#2629,#2630),.UNSPECIFIED.,.F.,
  .F.,(2,2),(0.,1.423700787402),.PIECEWISE_BEZIER_KNOTS.);
#2629 = CARTESIAN_POINT('',(0.936692913386,0.));
#2630 = CARTESIAN_POINT('',(0.936692913386,-1.423700787402));
#2631 = ( GEOMETRIC_REPRESENTATION_CONTEXT(2) 
PARAMETRIC_REPRESENTATION_CONTEXT() REPRESENTATION_CONTEXT('2D SPACE',''
  ) );
#2632 = ORIENTED_EDGE('',*,*,#2633,.F.);
#2633 = EDGE_CURVE('',#2508,#2614,#2634,.T.);
#2634 = SURFACE_CURVE('',#2635,(#2638,#2644),.PCURVE_S1.);
#2635 = B_SPLINE_CURVE_WITH_KNOTS('',1,(#2636,#2637),.UNSPECIFIED.,.F.,
  .F.,(2,2),(0.,1.734803149606),.PIECEWISE_BEZIER_KNOTS.);
#2636 = CARTESIAN_POINT('',(112.67,-59.378,137.864));
#2637 = CARTESIAN_POINT('',(112.67,-59.378,181.928));
#2638 = PCURVE('',#1745,#2639);
#2639 = DEFINITIONAL_REPRESENTATION('',(#2640),#2643);
#2640 = B_SPLINE_CURVE_WITH_KNOTS('',1,(#2641,#2642),.UNSPECIFIED.,.F.,
  .F.,(2,2),(0.,1.734803149606),.PIECEWISE_BEZIER_KNOTS.);
#2641 = CARTESIAN_POINT('',(0.,1.423700787402));
#2642 = CARTESIAN_POINT('',(1.734803149606,1.423700787402));
#2643 = ( GEOMETRIC_REPRESENTATION_CONTEXT(2) 
PARAMETRIC_REPRESENTATION_CONTEXT() REPRESENTATION_CONTEXT('2D SPACE',''
  ) );
#2644 = PCURVE('',#2396,#2645);
#2645 = DEFINITIONAL_REPRESENTATION('',(#2646),#2649);
#2646 = B_SPLINE_CURVE_WITH_KNOTS('',1,(#2647,#2648),.UNSPECIFIED.,.F.,
  .F.,(2,2),(0.,1.734803149606),.PIECEWISE_BEZIER_KNOTS.);
#2647 = CARTESIAN_POINT('',(0.936692913386,0.));
#2648 = CARTESIAN_POINT('',(0.936692913386,1.734803149606));
#2649 = ( GEOMETRIC_REPRESENTATION_CONTEXT(2) 
PARAMETRIC_REPRESENTATION_CONTEXT() REPRESENTATION_CONTEXT('2D SPACE',''
  ) );
#2650 = ADVANCED_FACE('',(#2651),#1867,.T.);
#2651 = FACE_BOUND('',#2652,.T.);
#2652 = EDGE_LOOP('',(#2653,#2654,#2674));
#2653 = ORIENTED_EDGE('',*,*,#1851,.T.);
#2654 = ORIENTED_EDGE('',*,*,#2655,.T.);
#2655 = EDGE_CURVE('',#1854,#2656,#2658,.T.);
#2656 = VERTEX_POINT('',#2657);
#2657 = CARTESIAN_POINT('',(81.334,-145.4,180.31));
#2658 = SURFACE_CURVE('',#2659,(#2662,#2668),.PCURVE_S1.);
#2659 = B_SPLINE_CURVE_WITH_KNOTS('',1,(#2660,#2661),.UNSPECIFIED.,.F.,
  .F.,(2,2),(0.,0.28),.PIECEWISE_BEZIER_KNOTS.);
#2660 = CARTESIAN_POINT('',(81.334,-145.4,173.198));
#2661 = CARTESIAN_POINT('',(81.334,-145.4,180.31));
#2662 = PCURVE('',#1867,#2663);
#2663 = DEFINITIONAL_REPRESENTATION('',(#2664),#2667);
#2664 = B_SPLINE_CURVE_WITH_KNOTS('',1,(#2665,#2666),.UNSPECIFIED.,.F.,
  .F.,(2,2),(0.,0.28),.PIECEWISE_BEZIER_KNOTS.);
#2665 = CARTESIAN_POINT('',(8.38477631085E-02,0.283847763109));
#2666 = CARTESIAN_POINT('',(-0.196152236891,0.283847763109));
#2667 = ( GEOMETRIC_REPRESENTATION_CONTEXT(2) 
PARAMETRIC_REPRESENTATION_CONTEXT() REPRESENTATION_CONTEXT('2D SPACE',''
  ) );
#2668 = PCURVE('',#1966,#2669);
#2669 = DEFINITIONAL_REPRESENTATION('',(#2670),#2673);
#2670 = B_SPLINE_CURVE_WITH_KNOTS('',1,(#2671,#2672),.UNSPECIFIED.,.F.,
  .F.,(2,2),(0.,0.28),.PIECEWISE_BEZIER_KNOTS.);
#2671 = CARTESIAN_POINT('',(0.,0.));
#2672 = CARTESIAN_POINT('',(0.28,0.));
#2673 = ( GEOMETRIC_REPRESENTATION_CONTEXT(2) 
PARAMETRIC_REPRESENTATION_CONTEXT() REPRESENTATION_CONTEXT('2D SPACE',''
  ) );
#2674 = ORIENTED_EDGE('',*,*,#2675,.T.);
#2675 = EDGE_CURVE('',#2656,#1852,#2676,.T.);
#2676 = SURFACE_CURVE('',#2677,(#2680,#2686),.PCURVE_S1.);
#2677 = B_SPLINE_CURVE_WITH_KNOTS('',1,(#2678,#2679),.UNSPECIFIED.,.F.,
  .F.,(2,2),(0.,0.735391052434),.PIECEWISE_BEZIER_KNOTS.);
#2678 = CARTESIAN_POINT('',(81.334,-145.4,180.31));
#2679 = CARTESIAN_POINT('',(64.062,-145.4,173.198));
#2680 = PCURVE('',#1867,#2681);
#2681 = DEFINITIONAL_REPRESENTATION('',(#2682),#2685);
#2682 = B_SPLINE_CURVE_WITH_KNOTS('',1,(#2683,#2684),.UNSPECIFIED.,.F.,
  .F.,(2,2),(0.,0.735391052434),.PIECEWISE_BEZIER_KNOTS.);
#2683 = CARTESIAN_POINT('',(-0.196152236891,0.283847763109));
#2684 = CARTESIAN_POINT('',(8.38477631085E-02,-0.396152236891));
#2685 = ( GEOMETRIC_REPRESENTATION_CONTEXT(2) 
PARAMETRIC_REPRESENTATION_CONTEXT() REPRESENTATION_CONTEXT('2D SPACE',''
  ) );
#2686 = PCURVE('',#1892,#2687);
#2687 = DEFINITIONAL_REPRESENTATION('',(#2688),#2691);
#2688 = B_SPLINE_CURVE_WITH_KNOTS('',1,(#2689,#2690),.UNSPECIFIED.,.F.,
  .F.,(2,2),(0.,0.735391052434),.PIECEWISE_BEZIER_KNOTS.);
#2689 = CARTESIAN_POINT('',(0.,0.));
#2690 = CARTESIAN_POINT('',(0.735391052434,0.));
#2691 = ( GEOMETRIC_REPRESENTATION_CONTEXT(2) 
PARAMETRIC_REPRESENTATION_CONTEXT() REPRESENTATION_CONTEXT('2D SPACE',''
  ) );
#2692 = ADVANCED_FACE('',(#2693),#1892,.T.);
#2693 = FACE_BOUND('',#2694,.T.);
#2694 = EDGE_LOOP('',(#2695,#2696,#2714,#2715,#2733,#2734,#2754,#2772));
#2695 = ORIENTED_EDGE('',*,*,#2675,.F.);
#2696 = ORIENTED_EDGE('',*,*,#2697,.T.);
#2697 = EDGE_CURVE('',#2656,#2295,#2698,.T.);
#2698 = SURFACE_CURVE('',#2699,(#2702,#2708),.PCURVE_S1.);
#2699 = B_SPLINE_CURVE_WITH_KNOTS('',1,(#2700,#2701),.UNSPECIFIED.,.F.,
  .F.,(2,2),(0.,2.45),.PIECEWISE_BEZIER_KNOTS.);
#2700 = CARTESIAN_POINT('',(81.334,-145.4,180.31));
#2701 = CARTESIAN_POINT('',(81.334,-83.17,180.31));
#2702 = PCURVE('',#1892,#2703);
#2703 = DEFINITIONAL_REPRESENTATION('',(#2704),#2707);
#2704 = B_SPLINE_CURVE_WITH_KNOTS('',1,(#2705,#2706),.UNSPECIFIED.,.F.,
  .F.,(2,2),(0.,2.45),.PIECEWISE_BEZIER_KNOTS.);
#2705 = CARTESIAN_POINT('',(0.,0.));
#2706 = CARTESIAN_POINT('',(0.,-2.45));
#2707 = ( GEOMETRIC_REPRESENTATION_CONTEXT(2) 
PARAMETRIC_REPRESENTATION_CONTEXT() REPRESENTATION_CONTEXT('2D SPACE',''
  ) );
#2708 = PCURVE('',#1966,#2709);
#2709 = DEFINITIONAL_REPRESENTATION('',(#2710),#2713);
#2710 = B_SPLINE_CURVE_WITH_KNOTS('',1,(#2711,#2712),.UNSPECIFIED.,.F.,
  .F.,(2,2),(0.,2.45),.PIECEWISE_BEZIER_KNOTS.);
#2711 = CARTESIAN_POINT('',(0.28,0.));
#2712 = CARTESIAN_POINT('',(0.28,-2.45));
#2713 = ( GEOMETRIC_REPRESENTATION_CONTEXT(2) 
PARAMETRIC_REPRESENTATION_CONTEXT() REPRESENTATION_CONTEXT('2D SPACE',''
  ) );
#2714 = ORIENTED_EDGE('',*,*,#2314,.F.);
#2715 = ORIENTED_EDGE('',*,*,#2716,.F.);
#2716 = EDGE_CURVE('',#2574,#2315,#2717,.T.);
#2717 = SURFACE_CURVE('',#2718,(#2721,#2727),.PCURVE_S1.);
#2718 = B_SPLINE_CURVE_WITH_KNOTS('',1,(#2719,#2720),.UNSPECIFIED.,.F.,
  .F.,(2,2),(-3.011692913386,-2.075),.PIECEWISE_BEZIER_KNOTS.);
#2719 = CARTESIAN_POINT('',(76.508,-59.378,178.32282352941));
#2720 = CARTESIAN_POINT('',(76.508,-83.17,178.32282352941));
#2721 = PCURVE('',#1892,#2722);
#2722 = DEFINITIONAL_REPRESENTATION('',(#2723),#2726);
#2723 = B_SPLINE_CURVE_WITH_KNOTS('',1,(#2724,#2725),.UNSPECIFIED.,.F.,
  .F.,(2,2),(-3.011692913386,-2.075),.PIECEWISE_BEZIER_KNOTS.);
#2724 = CARTESIAN_POINT('',(0.20547691171,-3.386692913386));
#2725 = CARTESIAN_POINT('',(0.20547691171,-2.45));
#2726 = ( GEOMETRIC_REPRESENTATION_CONTEXT(2) 
PARAMETRIC_REPRESENTATION_CONTEXT() REPRESENTATION_CONTEXT('2D SPACE',''
  ) );
#2727 = PCURVE('',#2348,#2728);
#2728 = DEFINITIONAL_REPRESENTATION('',(#2729),#2732);
#2729 = B_SPLINE_CURVE_WITH_KNOTS('',1,(#2730,#2731),.UNSPECIFIED.,.F.,
  .F.,(2,2),(-3.011692913386,-2.075),.PIECEWISE_BEZIER_KNOTS.);
#2730 = CARTESIAN_POINT('',(2.636692913386,1.681764705882));
#2731 = CARTESIAN_POINT('',(1.7,1.681764705882));
#2732 = ( GEOMETRIC_REPRESENTATION_CONTEXT(2) 
PARAMETRIC_REPRESENTATION_CONTEXT() REPRESENTATION_CONTEXT('2D SPACE',''
  ) );
#2733 = ORIENTED_EDGE('',*,*,#2573,.T.);
#2734 = ORIENTED_EDGE('',*,*,#2735,.T.);
#2735 = EDGE_CURVE('',#2554,#2736,#2738,.T.);
#2736 = VERTEX_POINT('',#2737);
#2737 = CARTESIAN_POINT('',(81.334,-43.8,180.31));
#2738 = SURFACE_CURVE('',#2739,(#2742,#2748),.PCURVE_S1.);
#2739 = B_SPLINE_CURVE_WITH_KNOTS('',1,(#2740,#2741),.UNSPECIFIED.,.F.,
  .F.,(2,2),(3.386692913386,4.),.PIECEWISE_BEZIER_KNOTS.);
#2740 = CARTESIAN_POINT('',(81.334,-59.378,180.31));
#2741 = CARTESIAN_POINT('',(81.334,-43.8,180.31));
#2742 = PCURVE('',#1892,#2743);
#2743 = DEFINITIONAL_REPRESENTATION('',(#2744),#2747);
#2744 = B_SPLINE_CURVE_WITH_KNOTS('',1,(#2745,#2746),.UNSPECIFIED.,.F.,
  .F.,(2,2),(3.386692913386,4.),.PIECEWISE_BEZIER_KNOTS.);
#2745 = CARTESIAN_POINT('',(0.,-3.386692913386));
#2746 = CARTESIAN_POINT('',(0.,-4.));
#2747 = ( GEOMETRIC_REPRESENTATION_CONTEXT(2) 
PARAMETRIC_REPRESENTATION_CONTEXT() REPRESENTATION_CONTEXT('2D SPACE',''
  ) );
#2748 = PCURVE('',#1940,#2749);
#2749 = DEFINITIONAL_REPRESENTATION('',(#2750),#2753);
#2750 = B_SPLINE_CURVE_WITH_KNOTS('',1,(#2751,#2752),.UNSPECIFIED.,.F.,
  .F.,(2,2),(3.386692913386,4.),.PIECEWISE_BEZIER_KNOTS.);
#2751 = CARTESIAN_POINT('',(0.28,-3.386692913386));
#2752 = CARTESIAN_POINT('',(0.28,-4.));
#2753 = ( GEOMETRIC_REPRESENTATION_CONTEXT(2) 
PARAMETRIC_REPRESENTATION_CONTEXT() REPRESENTATION_CONTEXT('2D SPACE',''
  ) );
#2754 = ORIENTED_EDGE('',*,*,#2755,.T.);
#2755 = EDGE_CURVE('',#2736,#1879,#2756,.T.);
#2756 = SURFACE_CURVE('',#2757,(#2760,#2766),.PCURVE_S1.);
#2757 = B_SPLINE_CURVE_WITH_KNOTS('',1,(#2758,#2759),.UNSPECIFIED.,.F.,
  .F.,(2,2),(0.,0.735391052434),.PIECEWISE_BEZIER_KNOTS.);
#2758 = CARTESIAN_POINT('',(81.334,-43.8,180.31));
#2759 = CARTESIAN_POINT('',(64.062,-43.8,173.198));
#2760 = PCURVE('',#1892,#2761);
#2761 = DEFINITIONAL_REPRESENTATION('',(#2762),#2765);
#2762 = B_SPLINE_CURVE_WITH_KNOTS('',1,(#2763,#2764),.UNSPECIFIED.,.F.,
  .F.,(2,2),(0.,0.735391052434),.PIECEWISE_BEZIER_KNOTS.);
#2763 = CARTESIAN_POINT('',(0.,-4.));
#2764 = CARTESIAN_POINT('',(0.735391052434,-4.));
#2765 = ( GEOMETRIC_REPRESENTATION_CONTEXT(2) 
PARAMETRIC_REPRESENTATION_CONTEXT() REPRESENTATION_CONTEXT('2D SPACE',''
  ) );
#2766 = PCURVE('',#1917,#2767);
#2767 = DEFINITIONAL_REPRESENTATION('',(#2768),#2771);
#2768 = B_SPLINE_CURVE_WITH_KNOTS('',1,(#2769,#2770),.UNSPECIFIED.,.F.,
  .F.,(2,2),(0.,0.735391052434),.PIECEWISE_BEZIER_KNOTS.);
#2769 = CARTESIAN_POINT('',(-0.196152236891,0.283847763109));
#2770 = CARTESIAN_POINT('',(8.38477631085E-02,-0.396152236891));
#2771 = ( GEOMETRIC_REPRESENTATION_CONTEXT(2) 
PARAMETRIC_REPRESENTATION_CONTEXT() REPRESENTATION_CONTEXT('2D SPACE',''
  ) );
#2772 = ORIENTED_EDGE('',*,*,#1878,.F.);
#2773 = ADVANCED_FACE('',(#2774),#1917,.F.);
#2774 = FACE_BOUND('',#2775,.F.);
#2775 = EDGE_LOOP('',(#2776,#2777,#2795));
#2776 = ORIENTED_EDGE('',*,*,#1903,.T.);
#2777 = ORIENTED_EDGE('',*,*,#2778,.T.);
#2778 = EDGE_CURVE('',#1904,#2736,#2779,.T.);
#2779 = SURFACE_CURVE('',#2780,(#2783,#2789),.PCURVE_S1.);
#2780 = B_SPLINE_CURVE_WITH_KNOTS('',1,(#2781,#2782),.UNSPECIFIED.,.F.,
  .F.,(2,2),(0.,0.28),.PIECEWISE_BEZIER_KNOTS.);
#2781 = CARTESIAN_POINT('',(81.334,-43.8,173.198));
#2782 = CARTESIAN_POINT('',(81.334,-43.8,180.31));
#2783 = PCURVE('',#1917,#2784);
#2784 = DEFINITIONAL_REPRESENTATION('',(#2785),#2788);
#2785 = B_SPLINE_CURVE_WITH_KNOTS('',1,(#2786,#2787),.UNSPECIFIED.,.F.,
  .F.,(2,2),(0.,0.28),.PIECEWISE_BEZIER_KNOTS.);
#2786 = CARTESIAN_POINT('',(8.38477631085E-02,0.283847763109));
#2787 = CARTESIAN_POINT('',(-0.196152236891,0.283847763109));
#2788 = ( GEOMETRIC_REPRESENTATION_CONTEXT(2) 
PARAMETRIC_REPRESENTATION_CONTEXT() REPRESENTATION_CONTEXT('2D SPACE',''
  ) );
#2789 = PCURVE('',#1940,#2790);
#2790 = DEFINITIONAL_REPRESENTATION('',(#2791),#2794);
#2791 = B_SPLINE_CURVE_WITH_KNOTS('',1,(#2792,#2793),.UNSPECIFIED.,.F.,
  .F.,(2,2),(0.,0.28),.PIECEWISE_BEZIER_KNOTS.);
#2792 = CARTESIAN_POINT('',(0.,-4.));
#2793 = CARTESIAN_POINT('',(0.28,-4.));
#2794 = ( GEOMETRIC_REPRESENTATION_CONTEXT(2) 
PARAMETRIC_REPRESENTATION_CONTEXT() REPRESENTATION_CONTEXT('2D SPACE',''
  ) );
#2795 = ORIENTED_EDGE('',*,*,#2755,.T.);
#2796 = ADVANCED_FACE('',(#2797),#1940,.T.);
#2797 = FACE_BOUND('',#2798,.T.);
#2798 = EDGE_LOOP('',(#2799,#2800,#2801,#2802,#2803));
#2799 = ORIENTED_EDGE('',*,*,#2553,.T.);
#2800 = ORIENTED_EDGE('',*,*,#2186,.T.);
#2801 = ORIENTED_EDGE('',*,*,#1928,.T.);
#2802 = ORIENTED_EDGE('',*,*,#2778,.T.);
#2803 = ORIENTED_EDGE('',*,*,#2735,.F.);
#2804 = ADVANCED_FACE('',(#2805),#1966,.T.);
#2805 = FACE_BOUND('',#2806,.T.);
#2806 = EDGE_LOOP('',(#2807,#2808,#2809,#2810,#2811));
#2807 = ORIENTED_EDGE('',*,*,#2655,.F.);
#2808 = ORIENTED_EDGE('',*,*,#1954,.T.);
#2809 = ORIENTED_EDGE('',*,*,#2229,.T.);
#2810 = ORIENTED_EDGE('',*,*,#2294,.F.);
#2811 = ORIENTED_EDGE('',*,*,#2697,.F.);
#2812 = ADVANCED_FACE('',(#2813),#2022,.T.);
#2813 = FACE_BOUND('',#2814,.T.);
#2814 = EDGE_LOOP('',(#2815,#2835,#2836,#2856,#2874,#2875,#2876));
#2815 = ORIENTED_EDGE('',*,*,#2816,.F.);
#2816 = EDGE_CURVE('',#2410,#2817,#2819,.T.);
#2817 = VERTEX_POINT('',#2818);
#2818 = CARTESIAN_POINT('',(90.13,-61.41,179.896));
#2819 = SURFACE_CURVE('',#2820,(#2823,#2829),.PCURVE_S1.);
#2820 = B_SPLINE_CURVE_WITH_KNOTS('',1,(#2821,#2822),.UNSPECIFIED.,.F.,
  .F.,(2,2),(0.6,1.456692913386),.PIECEWISE_BEZIER_KNOTS.);
#2821 = CARTESIAN_POINT('',(90.13,-83.17,179.896));
#2822 = CARTESIAN_POINT('',(90.13,-61.41,179.896));
#2823 = PCURVE('',#2022,#2824);
#2824 = DEFINITIONAL_REPRESENTATION('',(#2825),#2828);
#2825 = B_SPLINE_CURVE_WITH_KNOTS('',1,(#2826,#2827),.UNSPECIFIED.,.F.,
  .F.,(2,2),(0.6,1.456692913386),.PIECEWISE_BEZIER_KNOTS.);
#2826 = CARTESIAN_POINT('',(0.6,1.574803149606));
#2827 = CARTESIAN_POINT('',(1.456692913386,1.574803149606));
#2828 = ( GEOMETRIC_REPRESENTATION_CONTEXT(2) 
PARAMETRIC_REPRESENTATION_CONTEXT() REPRESENTATION_CONTEXT('2D SPACE',''
  ) );
#2829 = PCURVE('',#2493,#2830);
#2830 = DEFINITIONAL_REPRESENTATION('',(#2831),#2834);
#2831 = B_SPLINE_CURVE_WITH_KNOTS('',1,(#2832,#2833),.UNSPECIFIED.,.F.,
  .F.,(2,2),(0.6,1.456692913386),.PIECEWISE_BEZIER_KNOTS.);
#2832 = CARTESIAN_POINT('',(0.6,0.));
#2833 = CARTESIAN_POINT('',(1.456692913386,0.));
#2834 = ( GEOMETRIC_REPRESENTATION_CONTEXT(2) 
PARAMETRIC_REPRESENTATION_CONTEXT() REPRESENTATION_CONTEXT('2D SPACE',''
  ) );
#2835 = ORIENTED_EDGE('',*,*,#2409,.T.);
#2836 = ORIENTED_EDGE('',*,*,#2837,.T.);
#2837 = EDGE_CURVE('',#2412,#2838,#2840,.T.);
#2838 = VERTEX_POINT('',#2839);
#2839 = CARTESIAN_POINT('',(90.13,-61.41,139.896));
#2840 = SURFACE_CURVE('',#2841,(#2844,#2850),.PCURVE_S1.);
#2841 = B_SPLINE_CURVE_WITH_KNOTS('',1,(#2842,#2843),.UNSPECIFIED.,.F.,
  .F.,(2,2),(0.6,1.456692913386),.PIECEWISE_BEZIER_KNOTS.);
#2842 = CARTESIAN_POINT('',(90.13,-83.17,139.896));
#2843 = CARTESIAN_POINT('',(90.13,-61.41,139.896));
#2844 = PCURVE('',#2022,#2845);
#2845 = DEFINITIONAL_REPRESENTATION('',(#2846),#2849);
#2846 = B_SPLINE_CURVE_WITH_KNOTS('',1,(#2847,#2848),.UNSPECIFIED.,.F.,
  .F.,(2,2),(0.6,1.456692913386),.PIECEWISE_BEZIER_KNOTS.);
#2847 = CARTESIAN_POINT('',(0.6,0.));
#2848 = CARTESIAN_POINT('',(1.456692913386,0.));
#2849 = ( GEOMETRIC_REPRESENTATION_CONTEXT(2) 
PARAMETRIC_REPRESENTATION_CONTEXT() REPRESENTATION_CONTEXT('2D SPACE',''
  ) );
#2850 = PCURVE('',#2445,#2851);
#2851 = DEFINITIONAL_REPRESENTATION('',(#2852),#2855);
#2852 = B_SPLINE_CURVE_WITH_KNOTS('',1,(#2853,#2854),.UNSPECIFIED.,.F.,
  .F.,(2,2),(0.6,1.456692913386),.PIECEWISE_BEZIER_KNOTS.);
#2853 = CARTESIAN_POINT('',(0.6,0.));
#2854 = CARTESIAN_POINT('',(1.456692913386,0.));
#2855 = ( GEOMETRIC_REPRESENTATION_CONTEXT(2) 
PARAMETRIC_REPRESENTATION_CONTEXT() REPRESENTATION_CONTEXT('2D SPACE',''
  ) );
#2856 = ORIENTED_EDGE('',*,*,#2857,.T.);
#2857 = EDGE_CURVE('',#2838,#2092,#2858,.T.);
#2858 = SURFACE_CURVE('',#2859,(#2862,#2868),.PCURVE_S1.);
#2859 = B_SPLINE_CURVE_WITH_KNOTS('',1,(#2860,#2861),.UNSPECIFIED.,.F.,
  .F.,(2,2),(0.,0.930850504603),.PIECEWISE_BEZIER_KNOTS.);
#2860 = CARTESIAN_POINT('',(90.13,-61.41,139.896));
#2861 = CARTESIAN_POINT('',(90.13,-61.41,163.5396028169));
#2862 = PCURVE('',#2022,#2863);
#2863 = DEFINITIONAL_REPRESENTATION('',(#2864),#2867);
#2864 = B_SPLINE_CURVE_WITH_KNOTS('',1,(#2865,#2866),.UNSPECIFIED.,.F.,
  .F.,(2,2),(0.,0.930850504603),.PIECEWISE_BEZIER_KNOTS.);
#2865 = CARTESIAN_POINT('',(1.456692913386,0.));
#2866 = CARTESIAN_POINT('',(1.456692913386,0.930850504603));
#2867 = ( GEOMETRIC_REPRESENTATION_CONTEXT(2) 
PARAMETRIC_REPRESENTATION_CONTEXT() REPRESENTATION_CONTEXT('2D SPACE',''
  ) );
#2868 = PCURVE('',#2049,#2869);
#2869 = DEFINITIONAL_REPRESENTATION('',(#2870),#2873);
#2870 = B_SPLINE_CURVE_WITH_KNOTS('',1,(#2871,#2872),.UNSPECIFIED.,.F.,
  .F.,(2,2),(0.,0.930850504603),.PIECEWISE_BEZIER_KNOTS.);
#2871 = CARTESIAN_POINT('',(0.,0.));
#2872 = CARTESIAN_POINT('',(0.930850504603,0.));
#2873 = ( GEOMETRIC_REPRESENTATION_CONTEXT(2) 
PARAMETRIC_REPRESENTATION_CONTEXT() REPRESENTATION_CONTEXT('2D SPACE',''
  ) );
#2874 = ORIENTED_EDGE('',*,*,#2112,.T.);
#2875 = ORIENTED_EDGE('',*,*,#2003,.T.);
#2876 = ORIENTED_EDGE('',*,*,#2877,.T.);
#2877 = EDGE_CURVE('',#2004,#2817,#2878,.T.);
#2878 = SURFACE_CURVE('',#2879,(#2882,#2888),.PCURVE_S1.);
#2879 = B_SPLINE_CURVE_WITH_KNOTS('',1,(#2880,#2881),.UNSPECIFIED.,.F.,
  .F.,(2,2),(1.011354219807,1.574803149606),.PIECEWISE_BEZIER_KNOTS.);
#2880 = CARTESIAN_POINT('',(90.13,-61.41,165.58439718309));
#2881 = CARTESIAN_POINT('',(90.13,-61.41,179.896));
#2882 = PCURVE('',#2022,#2883);
#2883 = DEFINITIONAL_REPRESENTATION('',(#2884),#2887);
#2884 = B_SPLINE_CURVE_WITH_KNOTS('',1,(#2885,#2886),.UNSPECIFIED.,.F.,
  .F.,(2,2),(1.011354219807,1.574803149606),.PIECEWISE_BEZIER_KNOTS.);
#2885 = CARTESIAN_POINT('',(1.456692913386,1.011354219807));
#2886 = CARTESIAN_POINT('',(1.456692913386,1.574803149606));
#2887 = ( GEOMETRIC_REPRESENTATION_CONTEXT(2) 
PARAMETRIC_REPRESENTATION_CONTEXT() REPRESENTATION_CONTEXT('2D SPACE',''
  ) );
#2888 = PCURVE('',#2049,#2889);
#2889 = DEFINITIONAL_REPRESENTATION('',(#2890),#2893);
#2890 = B_SPLINE_CURVE_WITH_KNOTS('',1,(#2891,#2892),.UNSPECIFIED.,.F.,
  .F.,(2,2),(1.011354219807,1.574803149606),.PIECEWISE_BEZIER_KNOTS.);
#2891 = CARTESIAN_POINT('',(1.011354219807,0.));
#2892 = CARTESIAN_POINT('',(1.574803149606,0.));
#2893 = ( GEOMETRIC_REPRESENTATION_CONTEXT(2) 
PARAMETRIC_REPRESENTATION_CONTEXT() REPRESENTATION_CONTEXT('2D SPACE',''
  ) );
#2894 = ADVANCED_FACE('',(#2895),#2049,.F.);
#2895 = FACE_BOUND('',#2896,.F.);
#2896 = EDGE_LOOP('',(#2897,#2919,#2937,#2938,#2939,#2957,#2958,#2959));
#2897 = ORIENTED_EDGE('',*,*,#2898,.F.);
#2898 = EDGE_CURVE('',#2899,#2901,#2903,.T.);
#2899 = VERTEX_POINT('',#2900);
#2900 = CARTESIAN_POINT('',(110.13,-61.41,139.896));
#2901 = VERTEX_POINT('',#2902);
#2902 = CARTESIAN_POINT('',(110.13,-61.41,179.896));
#2903 = SURFACE_CURVE('',#2904,(#2907,#2913),.PCURVE_S1.);
#2904 = B_SPLINE_CURVE_WITH_KNOTS('',1,(#2905,#2906),.UNSPECIFIED.,.F.,
  .F.,(2,2),(0.,1.574803149606),.PIECEWISE_BEZIER_KNOTS.);
#2905 = CARTESIAN_POINT('',(110.13,-61.41,139.896));
#2906 = CARTESIAN_POINT('',(110.13,-61.41,179.896));
#2907 = PCURVE('',#2049,#2908);
#2908 = DEFINITIONAL_REPRESENTATION('',(#2909),#2912);
#2909 = B_SPLINE_CURVE_WITH_KNOTS('',1,(#2910,#2911),.UNSPECIFIED.,.F.,
  .F.,(2,2),(0.,1.574803149606),.PIECEWISE_BEZIER_KNOTS.);
#2910 = CARTESIAN_POINT('',(0.,0.787401574803));
#2911 = CARTESIAN_POINT('',(1.574803149606,0.787401574803));
#2912 = ( GEOMETRIC_REPRESENTATION_CONTEXT(2) 
PARAMETRIC_REPRESENTATION_CONTEXT() REPRESENTATION_CONTEXT('2D SPACE',''
  ) );
#2913 = PCURVE('',#2470,#2914);
#2914 = DEFINITIONAL_REPRESENTATION('',(#2915),#2918);
#2915 = B_SPLINE_CURVE_WITH_KNOTS('',1,(#2916,#2917),.UNSPECIFIED.,.F.,
  .F.,(2,2),(0.,1.574803149606),.PIECEWISE_BEZIER_KNOTS.);
#2916 = CARTESIAN_POINT('',(1.456692913386,0.));
#2917 = CARTESIAN_POINT('',(1.456692913386,1.574803149606));
#2918 = ( GEOMETRIC_REPRESENTATION_CONTEXT(2) 
PARAMETRIC_REPRESENTATION_CONTEXT() REPRESENTATION_CONTEXT('2D SPACE',''
  ) );
#2919 = ORIENTED_EDGE('',*,*,#2920,.F.);
#2920 = EDGE_CURVE('',#2838,#2899,#2921,.T.);
#2921 = SURFACE_CURVE('',#2922,(#2925,#2931),.PCURVE_S1.);
#2922 = B_SPLINE_CURVE_WITH_KNOTS('',1,(#2923,#2924),.UNSPECIFIED.,.F.,
  .F.,(2,2),(0.,0.787401574803),.PIECEWISE_BEZIER_KNOTS.);
#2923 = CARTESIAN_POINT('',(90.13,-61.41,139.896));
#2924 = CARTESIAN_POINT('',(110.13,-61.41,139.896));
#2925 = PCURVE('',#2049,#2926);
#2926 = DEFINITIONAL_REPRESENTATION('',(#2927),#2930);
#2927 = B_SPLINE_CURVE_WITH_KNOTS('',1,(#2928,#2929),.UNSPECIFIED.,.F.,
  .F.,(2,2),(0.,0.787401574803),.PIECEWISE_BEZIER_KNOTS.);
#2928 = CARTESIAN_POINT('',(0.,0.));
#2929 = CARTESIAN_POINT('',(0.,0.787401574803));
#2930 = ( GEOMETRIC_REPRESENTATION_CONTEXT(2) 
PARAMETRIC_REPRESENTATION_CONTEXT() REPRESENTATION_CONTEXT('2D SPACE',''
  ) );
#2931 = PCURVE('',#2445,#2932);
#2932 = DEFINITIONAL_REPRESENTATION('',(#2933),#2936);
#2933 = B_SPLINE_CURVE_WITH_KNOTS('',1,(#2934,#2935),.UNSPECIFIED.,.F.,
  .F.,(2,2),(0.,0.787401574803),.PIECEWISE_BEZIER_KNOTS.);
#2934 = CARTESIAN_POINT('',(1.456692913386,0.));
#2935 = CARTESIAN_POINT('',(1.456692913386,-0.787401574803));
#2936 = ( GEOMETRIC_REPRESENTATION_CONTEXT(2) 
PARAMETRIC_REPRESENTATION_CONTEXT() REPRESENTATION_CONTEXT('2D SPACE',''
  ) );
#2937 = ORIENTED_EDGE('',*,*,#2857,.T.);
#2938 = ORIENTED_EDGE('',*,*,#2091,.F.);
#2939 = ORIENTED_EDGE('',*,*,#2940,.T.);
#2940 = EDGE_CURVE('',#2061,#2035,#2941,.T.);
#2941 = SURFACE_CURVE('',#2942,(#2945,#2951),.PCURVE_S1.);
#2942 = B_SPLINE_CURVE_WITH_KNOTS('',1,(#2943,#2944),.UNSPECIFIED.,.F.,
  .F.,(2,2),(0.4452993235,0.525803038705),.PIECEWISE_BEZIER_KNOTS.);
#2943 = CARTESIAN_POINT('',(99.368,-61.41,163.5396028169));
#2944 = CARTESIAN_POINT('',(99.368,-61.41,165.58439718309));
#2945 = PCURVE('',#2049,#2946);
#2946 = DEFINITIONAL_REPRESENTATION('',(#2947),#2950);
#2947 = B_SPLINE_CURVE_WITH_KNOTS('',1,(#2948,#2949),.UNSPECIFIED.,.F.,
  .F.,(2,2),(0.4452993235,0.525803038705),.PIECEWISE_BEZIER_KNOTS.);
#2948 = CARTESIAN_POINT('',(0.930850504603,0.363700787402));
#2949 = CARTESIAN_POINT('',(1.011354219807,0.363700787402));
#2950 = ( GEOMETRIC_REPRESENTATION_CONTEXT(2) 
PARAMETRIC_REPRESENTATION_CONTEXT() REPRESENTATION_CONTEXT('2D SPACE',''
  ) );
#2951 = PCURVE('',#2079,#2952);
#2952 = DEFINITIONAL_REPRESENTATION('',(#2953),#2956);
#2953 = B_SPLINE_CURVE_WITH_KNOTS('',1,(#2954,#2955),.UNSPECIFIED.,.F.,
  .F.,(2,2),(0.4452993235,0.525803038705),.PIECEWISE_BEZIER_KNOTS.);
#2954 = CARTESIAN_POINT('',(-7.669291338583E-02,-4.025185760215E-02));
#2955 = CARTESIAN_POINT('',(-7.669291338583E-02,4.025185760215E-02));
#2956 = ( GEOMETRIC_REPRESENTATION_CONTEXT(2) 
PARAMETRIC_REPRESENTATION_CONTEXT() REPRESENTATION_CONTEXT('2D SPACE',''
  ) );
#2957 = ORIENTED_EDGE('',*,*,#2034,.T.);
#2958 = ORIENTED_EDGE('',*,*,#2877,.T.);
#2959 = ORIENTED_EDGE('',*,*,#2960,.T.);
#2960 = EDGE_CURVE('',#2817,#2901,#2961,.T.);
#2961 = SURFACE_CURVE('',#2962,(#2965,#2971),.PCURVE_S1.);
#2962 = B_SPLINE_CURVE_WITH_KNOTS('',1,(#2963,#2964),.UNSPECIFIED.,.F.,
  .F.,(2,2),(0.,0.787401574803),.PIECEWISE_BEZIER_KNOTS.);
#2963 = CARTESIAN_POINT('',(90.13,-61.41,179.896));
#2964 = CARTESIAN_POINT('',(110.13,-61.41,179.896));
#2965 = PCURVE('',#2049,#2966);
#2966 = DEFINITIONAL_REPRESENTATION('',(#2967),#2970);
#2967 = B_SPLINE_CURVE_WITH_KNOTS('',1,(#2968,#2969),.UNSPECIFIED.,.F.,
  .F.,(2,2),(0.,0.787401574803),.PIECEWISE_BEZIER_KNOTS.);
#2968 = CARTESIAN_POINT('',(1.574803149606,0.));
#2969 = CARTESIAN_POINT('',(1.574803149606,0.787401574803));
#2970 = ( GEOMETRIC_REPRESENTATION_CONTEXT(2) 
PARAMETRIC_REPRESENTATION_CONTEXT() REPRESENTATION_CONTEXT('2D SPACE',''
  ) );
#2971 = PCURVE('',#2493,#2972);
#2972 = DEFINITIONAL_REPRESENTATION('',(#2973),#2976);
#2973 = B_SPLINE_CURVE_WITH_KNOTS('',1,(#2974,#2975),.UNSPECIFIED.,.F.,
  .F.,(2,2),(0.,0.787401574803),.PIECEWISE_BEZIER_KNOTS.);
#2974 = CARTESIAN_POINT('',(1.456692913386,0.));
#2975 = CARTESIAN_POINT('',(1.456692913386,-0.787401574803));
#2976 = ( GEOMETRIC_REPRESENTATION_CONTEXT(2) 
PARAMETRIC_REPRESENTATION_CONTEXT() REPRESENTATION_CONTEXT('2D SPACE',''
  ) );
#2977 = ADVANCED_FACE('',(#2978),#2079,.T.);
#2978 = FACE_BOUND('',#2979,.T.);
#2979 = EDGE_LOOP('',(#2980,#2981));
#2980 = ORIENTED_EDGE('',*,*,#2940,.T.);
#2981 = ORIENTED_EDGE('',*,*,#2060,.T.);
#2982 = ADVANCED_FACE('',(#2983),#2396,.T.);
#2983 = FACE_BOUND('',#2984,.T.);
#2984 = EDGE_LOOP('',(#2985,#2986,#2987,#2988));
#2985 = ORIENTED_EDGE('',*,*,#2384,.F.);
#2986 = ORIENTED_EDGE('',*,*,#2529,.T.);
#2987 = ORIENTED_EDGE('',*,*,#2633,.T.);
#2988 = ORIENTED_EDGE('',*,*,#2989,.F.);
#2989 = EDGE_CURVE('',#2360,#2614,#2990,.T.);
#2990 = SURFACE_CURVE('',#2991,(#2994,#3000),.PCURVE_S1.);
#2991 = B_SPLINE_CURVE_WITH_KNOTS('',1,(#2992,#2993),.UNSPECIFIED.,.F.,
  .F.,(2,2),(0.,0.936692913386),.PIECEWISE_BEZIER_KNOTS.);
#2992 = CARTESIAN_POINT('',(112.67,-83.17,181.928));
#2993 = CARTESIAN_POINT('',(112.67,-59.378,181.928));
#2994 = PCURVE('',#2396,#2995);
#2995 = DEFINITIONAL_REPRESENTATION('',(#2996),#2999);
#2996 = B_SPLINE_CURVE_WITH_KNOTS('',1,(#2997,#2998),.UNSPECIFIED.,.F.,
  .F.,(2,2),(0.,0.936692913386),.PIECEWISE_BEZIER_KNOTS.);
#2997 = CARTESIAN_POINT('',(0.,1.734803149606));
#2998 = CARTESIAN_POINT('',(0.936692913386,1.734803149606));
#2999 = ( GEOMETRIC_REPRESENTATION_CONTEXT(2) 
PARAMETRIC_REPRESENTATION_CONTEXT() REPRESENTATION_CONTEXT('2D SPACE',''
  ) );
#3000 = PCURVE('',#2373,#3001);
#3001 = DEFINITIONAL_REPRESENTATION('',(#3002),#3005);
#3002 = B_SPLINE_CURVE_WITH_KNOTS('',1,(#3003,#3004),.UNSPECIFIED.,.F.,
  .F.,(2,2),(0.,0.936692913386),.PIECEWISE_BEZIER_KNOTS.);
#3003 = CARTESIAN_POINT('',(0.,-1.423700787402));
#3004 = CARTESIAN_POINT('',(0.936692913386,-1.423700787402));
#3005 = ( GEOMETRIC_REPRESENTATION_CONTEXT(2) 
PARAMETRIC_REPRESENTATION_CONTEXT() REPRESENTATION_CONTEXT('2D SPACE',''
  ) );
#3006 = ADVANCED_FACE('',(#3007),#2373,.T.);
#3007 = FACE_BOUND('',#3008,.T.);
#3008 = EDGE_LOOP('',(#3009,#3027,#3028,#3029));
#3009 = ORIENTED_EDGE('',*,*,#3010,.F.);
#3010 = EDGE_CURVE('',#2335,#2594,#3011,.T.);
#3011 = SURFACE_CURVE('',#3012,(#3015,#3021),.PCURVE_S1.);
#3012 = B_SPLINE_CURVE_WITH_KNOTS('',1,(#3013,#3014),.UNSPECIFIED.,.F.,
  .F.,(2,2),(0.,0.936692913386),.PIECEWISE_BEZIER_KNOTS.);
#3013 = CARTESIAN_POINT('',(76.508,-83.17,181.928));
#3014 = CARTESIAN_POINT('',(76.508,-59.378,181.928));
#3015 = PCURVE('',#2373,#3016);
#3016 = DEFINITIONAL_REPRESENTATION('',(#3017),#3020);
#3017 = B_SPLINE_CURVE_WITH_KNOTS('',1,(#3018,#3019),.UNSPECIFIED.,.F.,
  .F.,(2,2),(0.,0.936692913386),.PIECEWISE_BEZIER_KNOTS.);
#3018 = CARTESIAN_POINT('',(0.,0.));
#3019 = CARTESIAN_POINT('',(0.936692913386,0.));
#3020 = ( GEOMETRIC_REPRESENTATION_CONTEXT(2) 
PARAMETRIC_REPRESENTATION_CONTEXT() REPRESENTATION_CONTEXT('2D SPACE',''
  ) );
#3021 = PCURVE('',#2348,#3022);
#3022 = DEFINITIONAL_REPRESENTATION('',(#3023),#3026);
#3023 = B_SPLINE_CURVE_WITH_KNOTS('',1,(#3024,#3025),.UNSPECIFIED.,.F.,
  .F.,(2,2),(0.,0.936692913386),.PIECEWISE_BEZIER_KNOTS.);
#3024 = CARTESIAN_POINT('',(1.7,1.823700787402));
#3025 = CARTESIAN_POINT('',(2.636692913386,1.823700787402));
#3026 = ( GEOMETRIC_REPRESENTATION_CONTEXT(2) 
PARAMETRIC_REPRESENTATION_CONTEXT() REPRESENTATION_CONTEXT('2D SPACE',''
  ) );
#3027 = ORIENTED_EDGE('',*,*,#2359,.T.);
#3028 = ORIENTED_EDGE('',*,*,#2989,.T.);
#3029 = ORIENTED_EDGE('',*,*,#2613,.F.);
#3030 = ADVANCED_FACE('',(#3031),#2348,.F.);
#3031 = FACE_BOUND('',#3032,.F.);
#3032 = EDGE_LOOP('',(#3033,#3034,#3035,#3036));
#3033 = ORIENTED_EDGE('',*,*,#2334,.F.);
#3034 = ORIENTED_EDGE('',*,*,#2716,.F.);
#3035 = ORIENTED_EDGE('',*,*,#2593,.T.);
#3036 = ORIENTED_EDGE('',*,*,#3010,.F.);
#3037 = ADVANCED_FACE('',(#3038),#2493,.F.);
#3038 = FACE_BOUND('',#3039,.F.);
#3039 = EDGE_LOOP('',(#3040,#3041,#3042,#3060));
#3040 = ORIENTED_EDGE('',*,*,#2816,.F.);
#3041 = ORIENTED_EDGE('',*,*,#2481,.T.);
#3042 = ORIENTED_EDGE('',*,*,#3043,.T.);
#3043 = EDGE_CURVE('',#2457,#2901,#3044,.T.);
#3044 = SURFACE_CURVE('',#3045,(#3048,#3054),.PCURVE_S1.);
#3045 = B_SPLINE_CURVE_WITH_KNOTS('',1,(#3046,#3047),.UNSPECIFIED.,.F.,
  .F.,(2,2),(0.6,1.456692913386),.PIECEWISE_BEZIER_KNOTS.);
#3046 = CARTESIAN_POINT('',(110.13,-83.17,179.896));
#3047 = CARTESIAN_POINT('',(110.13,-61.41,179.896));
#3048 = PCURVE('',#2493,#3049);
#3049 = DEFINITIONAL_REPRESENTATION('',(#3050),#3053);
#3050 = B_SPLINE_CURVE_WITH_KNOTS('',1,(#3051,#3052),.UNSPECIFIED.,.F.,
  .F.,(2,2),(0.6,1.456692913386),.PIECEWISE_BEZIER_KNOTS.);
#3051 = CARTESIAN_POINT('',(0.6,-0.787401574803));
#3052 = CARTESIAN_POINT('',(1.456692913386,-0.787401574803));
#3053 = ( GEOMETRIC_REPRESENTATION_CONTEXT(2) 
PARAMETRIC_REPRESENTATION_CONTEXT() REPRESENTATION_CONTEXT('2D SPACE',''
  ) );
#3054 = PCURVE('',#2470,#3055);
#3055 = DEFINITIONAL_REPRESENTATION('',(#3056),#3059);
#3056 = B_SPLINE_CURVE_WITH_KNOTS('',1,(#3057,#3058),.UNSPECIFIED.,.F.,
  .F.,(2,2),(0.6,1.456692913386),.PIECEWISE_BEZIER_KNOTS.);
#3057 = CARTESIAN_POINT('',(0.6,1.574803149606));
#3058 = CARTESIAN_POINT('',(1.456692913386,1.574803149606));
#3059 = ( GEOMETRIC_REPRESENTATION_CONTEXT(2) 
PARAMETRIC_REPRESENTATION_CONTEXT() REPRESENTATION_CONTEXT('2D SPACE',''
  ) );
#3060 = ORIENTED_EDGE('',*,*,#2960,.F.);
#3061 = ADVANCED_FACE('',(#3062),#2445,.T.);
#3062 = FACE_BOUND('',#3063,.T.);
#3063 = EDGE_LOOP('',(#3064,#3065,#3066,#3084));
#3064 = ORIENTED_EDGE('',*,*,#2837,.F.);
#3065 = ORIENTED_EDGE('',*,*,#2431,.T.);
#3066 = ORIENTED_EDGE('',*,*,#3067,.T.);
#3067 = EDGE_CURVE('',#2432,#2899,#3068,.T.);
#3068 = SURFACE_CURVE('',#3069,(#3072,#3078),.PCURVE_S1.);
#3069 = B_SPLINE_CURVE_WITH_KNOTS('',1,(#3070,#3071),.UNSPECIFIED.,.F.,
  .F.,(2,2),(0.6,1.456692913386),.PIECEWISE_BEZIER_KNOTS.);
#3070 = CARTESIAN_POINT('',(110.13,-83.17,139.896));
#3071 = CARTESIAN_POINT('',(110.13,-61.41,139.896));
#3072 = PCURVE('',#2445,#3073);
#3073 = DEFINITIONAL_REPRESENTATION('',(#3074),#3077);
#3074 = B_SPLINE_CURVE_WITH_KNOTS('',1,(#3075,#3076),.UNSPECIFIED.,.F.,
  .F.,(2,2),(0.6,1.456692913386),.PIECEWISE_BEZIER_KNOTS.);
#3075 = CARTESIAN_POINT('',(0.6,-0.787401574803));
#3076 = CARTESIAN_POINT('',(1.456692913386,-0.787401574803));
#3077 = ( GEOMETRIC_REPRESENTATION_CONTEXT(2) 
PARAMETRIC_REPRESENTATION_CONTEXT() REPRESENTATION_CONTEXT('2D SPACE',''
  ) );
#3078 = PCURVE('',#2470,#3079);
#3079 = DEFINITIONAL_REPRESENTATION('',(#3080),#3083);
#3080 = B_SPLINE_CURVE_WITH_KNOTS('',1,(#3081,#3082),.UNSPECIFIED.,.F.,
  .F.,(2,2),(0.6,1.456692913386),.PIECEWISE_BEZIER_KNOTS.);
#3081 = CARTESIAN_POINT('',(0.6,0.));
#3082 = CARTESIAN_POINT('',(1.456692913386,0.));
#3083 = ( GEOMETRIC_REPRESENTATION_CONTEXT(2) 
PARAMETRIC_REPRESENTATION_CONTEXT() REPRESENTATION_CONTEXT('2D SPACE',''
  ) );
#3084 = ORIENTED_EDGE('',*,*,#2920,.F.);
#3085 = ADVANCED_FACE('',(#3086),#2470,.F.);
#3086 = FACE_BOUND('',#3087,.F.);
#3087 = EDGE_LOOP('',(#3088,#3089,#3090,#3091));
#3088 = ORIENTED_EDGE('',*,*,#3043,.F.);
#3089 = ORIENTED_EDGE('',*,*,#2456,.T.);
#3090 = ORIENTED_EDGE('',*,*,#3067,.T.);
#3091 = ORIENTED_EDGE('',*,*,#2898,.T.);
#3092 = MANIFOLD_SOLID_BREP('',#3093);
#3093 = CLOSED_SHELL('',(#3094,#3202,#3269,#3331,#3355,#3379));
#3094 = ADVANCED_FACE('',(#3095),#3108,.F.);
#3095 = FACE_BOUND('',#3096,.F.);
#3096 = EDGE_LOOP('',(#3097,#3129,#3154,#3179));
#3097 = ORIENTED_EDGE('',*,*,#3098,.F.);
#3098 = EDGE_CURVE('',#3099,#3101,#3103,.T.);
#3099 = VERTEX_POINT('',#3100);
#3100 = CARTESIAN_POINT('',(76.508,-150.48,173.198));
#3101 = VERTEX_POINT('',#3102);
#3102 = CARTESIAN_POINT('',(76.508,-145.908,173.198));
#3103 = SURFACE_CURVE('',#3104,(#3107,#3118),.PCURVE_S1.);
#3104 = B_SPLINE_CURVE_WITH_KNOTS('',1,(#3105,#3106),.UNSPECIFIED.,.F.,
  .F.,(2,2),(0.,0.18),.PIECEWISE_BEZIER_KNOTS.);
#3105 = CARTESIAN_POINT('',(76.508,-150.48,173.198));
#3106 = CARTESIAN_POINT('',(76.508,-145.908,173.198));
#3107 = PCURVE('',#3108,#3113);
#3108 = B_SPLINE_SURFACE_WITH_KNOTS('',1,1,(
    (#3109,#3110)
    ,(#3111,#3112
    )),.UNSPECIFIED.,.F.,.F.,.F.,(2,2),(2,2),(0.,0.18),(-0.68,0.),
  .PIECEWISE_BEZIER_KNOTS.);
#3109 = CARTESIAN_POINT('',(93.78,-150.48,173.198));
#3110 = CARTESIAN_POINT('',(76.508,-150.48,173.198));
#3111 = CARTESIAN_POINT('',(93.78,-145.908,173.198));
#3112 = CARTESIAN_POINT('',(76.508,-145.908,173.198));
#3113 = DEFINITIONAL_REPRESENTATION('',(#3114),#3117);
#3114 = B_SPLINE_CURVE_WITH_KNOTS('',1,(#3115,#3116),.UNSPECIFIED.,.F.,
  .F.,(2,2),(0.,0.18),.PIECEWISE_BEZIER_KNOTS.);
#3115 = CARTESIAN_POINT('',(0.,0.));
#3116 = CARTESIAN_POINT('',(0.18,0.));
#3117 = ( GEOMETRIC_REPRESENTATION_CONTEXT(2) 
PARAMETRIC_REPRESENTATION_CONTEXT() REPRESENTATION_CONTEXT('2D SPACE',''
  ) );
#3118 = PCURVE('',#3119,#3124);
#3119 = B_SPLINE_SURFACE_WITH_KNOTS('',1,1,(
    (#3120,#3121)
    ,(#3122,#3123
    )),.UNSPECIFIED.,.F.,.F.,.F.,(2,2),(2,2),(0.,0.18),(0.,0.79),
  .PIECEWISE_BEZIER_KNOTS.);
#3120 = CARTESIAN_POINT('',(76.508,-150.48,173.198));
#3121 = CARTESIAN_POINT('',(76.508,-150.48,193.264));
#3122 = CARTESIAN_POINT('',(76.508,-145.908,173.198));
#3123 = CARTESIAN_POINT('',(76.508,-145.908,193.264));
#3124 = DEFINITIONAL_REPRESENTATION('',(#3125),#3128);
#3125 = B_SPLINE_CURVE_WITH_KNOTS('',1,(#3126,#3127),.UNSPECIFIED.,.F.,
  .F.,(2,2),(0.,0.18),.PIECEWISE_BEZIER_KNOTS.);
#3126 = CARTESIAN_POINT('',(0.,0.));
#3127 = CARTESIAN_POINT('',(0.18,0.));
#3128 = ( GEOMETRIC_REPRESENTATION_CONTEXT(2) 
PARAMETRIC_REPRESENTATION_CONTEXT() REPRESENTATION_CONTEXT('2D SPACE',''
  ) );
#3129 = ORIENTED_EDGE('',*,*,#3130,.T.);
#3130 = EDGE_CURVE('',#3099,#3131,#3133,.T.);
#3131 = VERTEX_POINT('',#3132);
#3132 = CARTESIAN_POINT('',(93.78,-150.48,173.198));
#3133 = SURFACE_CURVE('',#3134,(#3137,#3143),.PCURVE_S1.);
#3134 = B_SPLINE_CURVE_WITH_KNOTS('',1,(#3135,#3136),.UNSPECIFIED.,.F.,
  .F.,(2,2),(0.,0.68),.PIECEWISE_BEZIER_KNOTS.);
#3135 = CARTESIAN_POINT('',(76.508,-150.48,173.198));
#3136 = CARTESIAN_POINT('',(93.78,-150.48,173.198));
#3137 = PCURVE('',#3108,#3138);
#3138 = DEFINITIONAL_REPRESENTATION('',(#3139),#3142);
#3139 = B_SPLINE_CURVE_WITH_KNOTS('',1,(#3140,#3141),.UNSPECIFIED.,.F.,
  .F.,(2,2),(0.,0.68),.PIECEWISE_BEZIER_KNOTS.);
#3140 = CARTESIAN_POINT('',(0.,0.));
#3141 = CARTESIAN_POINT('',(0.,-0.68));
#3142 = ( GEOMETRIC_REPRESENTATION_CONTEXT(2) 
PARAMETRIC_REPRESENTATION_CONTEXT() REPRESENTATION_CONTEXT('2D SPACE',''
  ) );
#3143 = PCURVE('',#3144,#3149);
#3144 = B_SPLINE_SURFACE_WITH_KNOTS('',1,1,(
    (#3145,#3146)
    ,(#3147,#3148
    )),.UNSPECIFIED.,.F.,.F.,.F.,(2,2),(2,2),(0.,0.79),(0.,0.68),
  .PIECEWISE_BEZIER_KNOTS.);
#3145 = CARTESIAN_POINT('',(76.508,-150.48,173.198));
#3146 = CARTESIAN_POINT('',(93.78,-150.48,173.198));
#3147 = CARTESIAN_POINT('',(76.508,-150.48,193.264));
#3148 = CARTESIAN_POINT('',(93.78,-150.48,193.264));
#3149 = DEFINITIONAL_REPRESENTATION('',(#3150),#3153);
#3150 = B_SPLINE_CURVE_WITH_KNOTS('',1,(#3151,#3152),.UNSPECIFIED.,.F.,
  .F.,(2,2),(0.,0.68),.PIECEWISE_BEZIER_KNOTS.);
#3151 = CARTESIAN_POINT('',(0.,0.));
#3152 = CARTESIAN_POINT('',(0.,0.68));
#3153 = ( GEOMETRIC_REPRESENTATION_CONTEXT(2) 
PARAMETRIC_REPRESENTATION_CONTEXT() REPRESENTATION_CONTEXT('2D SPACE',''
  ) );
#3154 = ORIENTED_EDGE('',*,*,#3155,.T.);
#3155 = EDGE_CURVE('',#3131,#3156,#3158,.T.);
#3156 = VERTEX_POINT('',#3157);
#3157 = CARTESIAN_POINT('',(93.78,-145.908,173.198));
#3158 = SURFACE_CURVE('',#3159,(#3162,#3168),.PCURVE_S1.);
#3159 = B_SPLINE_CURVE_WITH_KNOTS('',1,(#3160,#3161),.UNSPECIFIED.,.F.,
  .F.,(2,2),(0.,0.18),.PIECEWISE_BEZIER_KNOTS.);
#3160 = CARTESIAN_POINT('',(93.78,-150.48,173.198));
#3161 = CARTESIAN_POINT('',(93.78,-145.908,173.198));
#3162 = PCURVE('',#3108,#3163);
#3163 = DEFINITIONAL_REPRESENTATION('',(#3164),#3167);
#3164 = B_SPLINE_CURVE_WITH_KNOTS('',1,(#3165,#3166),.UNSPECIFIED.,.F.,
  .F.,(2,2),(0.,0.18),.PIECEWISE_BEZIER_KNOTS.);
#3165 = CARTESIAN_POINT('',(0.,-0.68));
#3166 = CARTESIAN_POINT('',(0.18,-0.68));
#3167 = ( GEOMETRIC_REPRESENTATION_CONTEXT(2) 
PARAMETRIC_REPRESENTATION_CONTEXT() REPRESENTATION_CONTEXT('2D SPACE',''
  ) );
#3168 = PCURVE('',#3169,#3174);
#3169 = B_SPLINE_SURFACE_WITH_KNOTS('',1,1,(
    (#3170,#3171)
    ,(#3172,#3173
    )),.UNSPECIFIED.,.F.,.F.,.F.,(2,2),(2,2),(0.,0.18),(0.,0.79),
  .PIECEWISE_BEZIER_KNOTS.);
#3170 = CARTESIAN_POINT('',(93.78,-150.48,173.198));
#3171 = CARTESIAN_POINT('',(93.78,-150.48,193.264));
#3172 = CARTESIAN_POINT('',(93.78,-145.908,173.198));
#3173 = CARTESIAN_POINT('',(93.78,-145.908,193.264));
#3174 = DEFINITIONAL_REPRESENTATION('',(#3175),#3178);
#3175 = B_SPLINE_CURVE_WITH_KNOTS('',1,(#3176,#3177),.UNSPECIFIED.,.F.,
  .F.,(2,2),(0.,0.18),.PIECEWISE_BEZIER_KNOTS.);
#3176 = CARTESIAN_POINT('',(0.,0.));
#3177 = CARTESIAN_POINT('',(0.18,0.));
#3178 = ( GEOMETRIC_REPRESENTATION_CONTEXT(2) 
PARAMETRIC_REPRESENTATION_CONTEXT() REPRESENTATION_CONTEXT('2D SPACE',''
  ) );
#3179 = ORIENTED_EDGE('',*,*,#3180,.F.);
#3180 = EDGE_CURVE('',#3101,#3156,#3181,.T.);
#3181 = SURFACE_CURVE('',#3182,(#3185,#3191),.PCURVE_S1.);
#3182 = B_SPLINE_CURVE_WITH_KNOTS('',1,(#3183,#3184),.UNSPECIFIED.,.F.,
  .F.,(2,2),(0.,0.68),.PIECEWISE_BEZIER_KNOTS.);
#3183 = CARTESIAN_POINT('',(76.508,-145.908,173.198));
#3184 = CARTESIAN_POINT('',(93.78,-145.908,173.198));
#3185 = PCURVE('',#3108,#3186);
#3186 = DEFINITIONAL_REPRESENTATION('',(#3187),#3190);
#3187 = B_SPLINE_CURVE_WITH_KNOTS('',1,(#3188,#3189),.UNSPECIFIED.,.F.,
  .F.,(2,2),(0.,0.68),.PIECEWISE_BEZIER_KNOTS.);
#3188 = CARTESIAN_POINT('',(0.18,0.));
#3189 = CARTESIAN_POINT('',(0.18,-0.68));
#3190 = ( GEOMETRIC_REPRESENTATION_CONTEXT(2) 
PARAMETRIC_REPRESENTATION_CONTEXT() REPRESENTATION_CONTEXT('2D SPACE',''
  ) );
#3191 = PCURVE('',#3192,#3197);
#3192 = B_SPLINE_SURFACE_WITH_KNOTS('',1,1,(
    (#3193,#3194)
    ,(#3195,#3196
    )),.UNSPECIFIED.,.F.,.F.,.F.,(2,2),(2,2),(0.,0.79),(0.,0.68),
  .PIECEWISE_BEZIER_KNOTS.);
#3193 = CARTESIAN_POINT('',(76.508,-145.908,173.198));
#3194 = CARTESIAN_POINT('',(93.78,-145.908,173.198));
#3195 = CARTESIAN_POINT('',(76.508,-145.908,193.264));
#3196 = CARTESIAN_POINT('',(93.78,-145.908,193.264));
#3197 = DEFINITIONAL_REPRESENTATION('',(#3198),#3201);
#3198 = B_SPLINE_CURVE_WITH_KNOTS('',1,(#3199,#3200),.UNSPECIFIED.,.F.,
  .F.,(2,2),(0.,0.68),.PIECEWISE_BEZIER_KNOTS.);
#3199 = CARTESIAN_POINT('',(0.,0.));
#3200 = CARTESIAN_POINT('',(0.,0.68));
#3201 = ( GEOMETRIC_REPRESENTATION_CONTEXT(2) 
PARAMETRIC_REPRESENTATION_CONTEXT() REPRESENTATION_CONTEXT('2D SPACE',''
  ) );
#3202 = ADVANCED_FACE('',(#3203),#3144,.F.);
#3203 = FACE_BOUND('',#3204,.F.);
#3204 = EDGE_LOOP('',(#3205,#3206,#3226,#3251));
#3205 = ORIENTED_EDGE('',*,*,#3130,.F.);
#3206 = ORIENTED_EDGE('',*,*,#3207,.T.);
#3207 = EDGE_CURVE('',#3099,#3208,#3210,.T.);
#3208 = VERTEX_POINT('',#3209);
#3209 = CARTESIAN_POINT('',(76.508,-150.48,193.264));
#3210 = SURFACE_CURVE('',#3211,(#3214,#3220),.PCURVE_S1.);
#3211 = B_SPLINE_CURVE_WITH_KNOTS('',1,(#3212,#3213),.UNSPECIFIED.,.F.,
  .F.,(2,2),(0.,0.79),.PIECEWISE_BEZIER_KNOTS.);
#3212 = CARTESIAN_POINT('',(76.508,-150.48,173.198));
#3213 = CARTESIAN_POINT('',(76.508,-150.48,193.264));
#3214 = PCURVE('',#3144,#3215);
#3215 = DEFINITIONAL_REPRESENTATION('',(#3216),#3219);
#3216 = B_SPLINE_CURVE_WITH_KNOTS('',1,(#3217,#3218),.UNSPECIFIED.,.F.,
  .F.,(2,2),(0.,0.79),.PIECEWISE_BEZIER_KNOTS.);
#3217 = CARTESIAN_POINT('',(0.,0.));
#3218 = CARTESIAN_POINT('',(0.79,0.));
#3219 = ( GEOMETRIC_REPRESENTATION_CONTEXT(2) 
PARAMETRIC_REPRESENTATION_CONTEXT() REPRESENTATION_CONTEXT('2D SPACE',''
  ) );
#3220 = PCURVE('',#3119,#3221);
#3221 = DEFINITIONAL_REPRESENTATION('',(#3222),#3225);
#3222 = B_SPLINE_CURVE_WITH_KNOTS('',1,(#3223,#3224),.UNSPECIFIED.,.F.,
  .F.,(2,2),(0.,0.79),.PIECEWISE_BEZIER_KNOTS.);
#3223 = CARTESIAN_POINT('',(0.,0.));
#3224 = CARTESIAN_POINT('',(0.,0.79));
#3225 = ( GEOMETRIC_REPRESENTATION_CONTEXT(2) 
PARAMETRIC_REPRESENTATION_CONTEXT() REPRESENTATION_CONTEXT('2D SPACE',''
  ) );
#3226 = ORIENTED_EDGE('',*,*,#3227,.T.);
#3227 = EDGE_CURVE('',#3208,#3228,#3230,.T.);
#3228 = VERTEX_POINT('',#3229);
#3229 = CARTESIAN_POINT('',(93.78,-150.48,193.264));
#3230 = SURFACE_CURVE('',#3231,(#3234,#3240),.PCURVE_S1.);
#3231 = B_SPLINE_CURVE_WITH_KNOTS('',1,(#3232,#3233),.UNSPECIFIED.,.F.,
  .F.,(2,2),(0.,0.68),.PIECEWISE_BEZIER_KNOTS.);
#3232 = CARTESIAN_POINT('',(76.508,-150.48,193.264));
#3233 = CARTESIAN_POINT('',(93.78,-150.48,193.264));
#3234 = PCURVE('',#3144,#3235);
#3235 = DEFINITIONAL_REPRESENTATION('',(#3236),#3239);
#3236 = B_SPLINE_CURVE_WITH_KNOTS('',1,(#3237,#3238),.UNSPECIFIED.,.F.,
  .F.,(2,2),(0.,0.68),.PIECEWISE_BEZIER_KNOTS.);
#3237 = CARTESIAN_POINT('',(0.79,0.));
#3238 = CARTESIAN_POINT('',(0.79,0.68));
#3239 = ( GEOMETRIC_REPRESENTATION_CONTEXT(2) 
PARAMETRIC_REPRESENTATION_CONTEXT() REPRESENTATION_CONTEXT('2D SPACE',''
  ) );
#3240 = PCURVE('',#3241,#3246);
#3241 = B_SPLINE_SURFACE_WITH_KNOTS('',1,1,(
    (#3242,#3243)
    ,(#3244,#3245
    )),.UNSPECIFIED.,.F.,.F.,.F.,(2,2),(2,2),(0.,0.18),(-0.68,0.),
  .PIECEWISE_BEZIER_KNOTS.);
#3242 = CARTESIAN_POINT('',(93.78,-150.48,193.264));
#3243 = CARTESIAN_POINT('',(76.508,-150.48,193.264));
#3244 = CARTESIAN_POINT('',(93.78,-145.908,193.264));
#3245 = CARTESIAN_POINT('',(76.508,-145.908,193.264));
#3246 = DEFINITIONAL_REPRESENTATION('',(#3247),#3250);
#3247 = B_SPLINE_CURVE_WITH_KNOTS('',1,(#3248,#3249),.UNSPECIFIED.,.F.,
  .F.,(2,2),(0.,0.68),.PIECEWISE_BEZIER_KNOTS.);
#3248 = CARTESIAN_POINT('',(0.,0.));
#3249 = CARTESIAN_POINT('',(0.,-0.68));
#3250 = ( GEOMETRIC_REPRESENTATION_CONTEXT(2) 
PARAMETRIC_REPRESENTATION_CONTEXT() REPRESENTATION_CONTEXT('2D SPACE',''
  ) );
#3251 = ORIENTED_EDGE('',*,*,#3252,.F.);
#3252 = EDGE_CURVE('',#3131,#3228,#3253,.T.);
#3253 = SURFACE_CURVE('',#3254,(#3257,#3263),.PCURVE_S1.);
#3254 = B_SPLINE_CURVE_WITH_KNOTS('',1,(#3255,#3256),.UNSPECIFIED.,.F.,
  .F.,(2,2),(0.,0.79),.PIECEWISE_BEZIER_KNOTS.);
#3255 = CARTESIAN_POINT('',(93.78,-150.48,173.198));
#3256 = CARTESIAN_POINT('',(93.78,-150.48,193.264));
#3257 = PCURVE('',#3144,#3258);
#3258 = DEFINITIONAL_REPRESENTATION('',(#3259),#3262);
#3259 = B_SPLINE_CURVE_WITH_KNOTS('',1,(#3260,#3261),.UNSPECIFIED.,.F.,
  .F.,(2,2),(0.,0.79),.PIECEWISE_BEZIER_KNOTS.);
#3260 = CARTESIAN_POINT('',(0.,0.68));
#3261 = CARTESIAN_POINT('',(0.79,0.68));
#3262 = ( GEOMETRIC_REPRESENTATION_CONTEXT(2) 
PARAMETRIC_REPRESENTATION_CONTEXT() REPRESENTATION_CONTEXT('2D SPACE',''
  ) );
#3263 = PCURVE('',#3169,#3264);
#3264 = DEFINITIONAL_REPRESENTATION('',(#3265),#3268);
#3265 = B_SPLINE_CURVE_WITH_KNOTS('',1,(#3266,#3267),.UNSPECIFIED.,.F.,
  .F.,(2,2),(0.,0.79),.PIECEWISE_BEZIER_KNOTS.);
#3266 = CARTESIAN_POINT('',(0.,0.));
#3267 = CARTESIAN_POINT('',(0.,0.79));
#3268 = ( GEOMETRIC_REPRESENTATION_CONTEXT(2) 
PARAMETRIC_REPRESENTATION_CONTEXT() REPRESENTATION_CONTEXT('2D SPACE',''
  ) );
#3269 = ADVANCED_FACE('',(#3270),#3241,.T.);
#3270 = FACE_BOUND('',#3271,.T.);
#3271 = EDGE_LOOP('',(#3272,#3292,#3293,#3313));
#3272 = ORIENTED_EDGE('',*,*,#3273,.F.);
#3273 = EDGE_CURVE('',#3208,#3274,#3276,.T.);
#3274 = VERTEX_POINT('',#3275);
#3275 = CARTESIAN_POINT('',(76.508,-145.908,193.264));
#3276 = SURFACE_CURVE('',#3277,(#3280,#3286),.PCURVE_S1.);
#3277 = B_SPLINE_CURVE_WITH_KNOTS('',1,(#3278,#3279),.UNSPECIFIED.,.F.,
  .F.,(2,2),(0.,0.18),.PIECEWISE_BEZIER_KNOTS.);
#3278 = CARTESIAN_POINT('',(76.508,-150.48,193.264));
#3279 = CARTESIAN_POINT('',(76.508,-145.908,193.264));
#3280 = PCURVE('',#3241,#3281);
#3281 = DEFINITIONAL_REPRESENTATION('',(#3282),#3285);
#3282 = B_SPLINE_CURVE_WITH_KNOTS('',1,(#3283,#3284),.UNSPECIFIED.,.F.,
  .F.,(2,2),(0.,0.18),.PIECEWISE_BEZIER_KNOTS.);
#3283 = CARTESIAN_POINT('',(0.,0.));
#3284 = CARTESIAN_POINT('',(0.18,0.));
#3285 = ( GEOMETRIC_REPRESENTATION_CONTEXT(2) 
PARAMETRIC_REPRESENTATION_CONTEXT() REPRESENTATION_CONTEXT('2D SPACE',''
  ) );
#3286 = PCURVE('',#3119,#3287);
#3287 = DEFINITIONAL_REPRESENTATION('',(#3288),#3291);
#3288 = B_SPLINE_CURVE_WITH_KNOTS('',1,(#3289,#3290),.UNSPECIFIED.,.F.,
  .F.,(2,2),(0.,0.18),.PIECEWISE_BEZIER_KNOTS.);
#3289 = CARTESIAN_POINT('',(0.,0.79));
#3290 = CARTESIAN_POINT('',(0.18,0.79));
#3291 = ( GEOMETRIC_REPRESENTATION_CONTEXT(2) 
PARAMETRIC_REPRESENTATION_CONTEXT() REPRESENTATION_CONTEXT('2D SPACE',''
  ) );
#3292 = ORIENTED_EDGE('',*,*,#3227,.T.);
#3293 = ORIENTED_EDGE('',*,*,#3294,.T.);
#3294 = EDGE_CURVE('',#3228,#3295,#3297,.T.);
#3295 = VERTEX_POINT('',#3296);
#3296 = CARTESIAN_POINT('',(93.78,-145.908,193.264));
#3297 = SURFACE_CURVE('',#3298,(#3301,#3307),.PCURVE_S1.);
#3298 = B_SPLINE_CURVE_WITH_KNOTS('',1,(#3299,#3300),.UNSPECIFIED.,.F.,
  .F.,(2,2),(0.,0.18),.PIECEWISE_BEZIER_KNOTS.);
#3299 = CARTESIAN_POINT('',(93.78,-150.48,193.264));
#3300 = CARTESIAN_POINT('',(93.78,-145.908,193.264));
#3301 = PCURVE('',#3241,#3302);
#3302 = DEFINITIONAL_REPRESENTATION('',(#3303),#3306);
#3303 = B_SPLINE_CURVE_WITH_KNOTS('',1,(#3304,#3305),.UNSPECIFIED.,.F.,
  .F.,(2,2),(0.,0.18),.PIECEWISE_BEZIER_KNOTS.);
#3304 = CARTESIAN_POINT('',(0.,-0.68));
#3305 = CARTESIAN_POINT('',(0.18,-0.68));
#3306 = ( GEOMETRIC_REPRESENTATION_CONTEXT(2) 
PARAMETRIC_REPRESENTATION_CONTEXT() REPRESENTATION_CONTEXT('2D SPACE',''
  ) );
#3307 = PCURVE('',#3169,#3308);
#3308 = DEFINITIONAL_REPRESENTATION('',(#3309),#3312);
#3309 = B_SPLINE_CURVE_WITH_KNOTS('',1,(#3310,#3311),.UNSPECIFIED.,.F.,
  .F.,(2,2),(0.,0.18),.PIECEWISE_BEZIER_KNOTS.);
#3310 = CARTESIAN_POINT('',(0.,0.79));
#3311 = CARTESIAN_POINT('',(0.18,0.79));
#3312 = ( GEOMETRIC_REPRESENTATION_CONTEXT(2) 
PARAMETRIC_REPRESENTATION_CONTEXT() REPRESENTATION_CONTEXT('2D SPACE',''
  ) );
#3313 = ORIENTED_EDGE('',*,*,#3314,.F.);
#3314 = EDGE_CURVE('',#3274,#3295,#3315,.T.);
#3315 = SURFACE_CURVE('',#3316,(#3319,#3325),.PCURVE_S1.);
#3316 = B_SPLINE_CURVE_WITH_KNOTS('',1,(#3317,#3318),.UNSPECIFIED.,.F.,
  .F.,(2,2),(0.,0.68),.PIECEWISE_BEZIER_KNOTS.);
#3317 = CARTESIAN_POINT('',(76.508,-145.908,193.264));
#3318 = CARTESIAN_POINT('',(93.78,-145.908,193.264));
#3319 = PCURVE('',#3241,#3320);
#3320 = DEFINITIONAL_REPRESENTATION('',(#3321),#3324);
#3321 = B_SPLINE_CURVE_WITH_KNOTS('',1,(#3322,#3323),.UNSPECIFIED.,.F.,
  .F.,(2,2),(0.,0.68),.PIECEWISE_BEZIER_KNOTS.);
#3322 = CARTESIAN_POINT('',(0.18,0.));
#3323 = CARTESIAN_POINT('',(0.18,-0.68));
#3324 = ( GEOMETRIC_REPRESENTATION_CONTEXT(2) 
PARAMETRIC_REPRESENTATION_CONTEXT() REPRESENTATION_CONTEXT('2D SPACE',''
  ) );
#3325 = PCURVE('',#3192,#3326);
#3326 = DEFINITIONAL_REPRESENTATION('',(#3327),#3330);
#3327 = B_SPLINE_CURVE_WITH_KNOTS('',1,(#3328,#3329),.UNSPECIFIED.,.F.,
  .F.,(2,2),(0.,0.68),.PIECEWISE_BEZIER_KNOTS.);
#3328 = CARTESIAN_POINT('',(0.79,0.));
#3329 = CARTESIAN_POINT('',(0.79,0.68));
#3330 = ( GEOMETRIC_REPRESENTATION_CONTEXT(2) 
PARAMETRIC_REPRESENTATION_CONTEXT() REPRESENTATION_CONTEXT('2D SPACE',''
  ) );
#3331 = ADVANCED_FACE('',(#3332),#3169,.T.);
#3332 = FACE_BOUND('',#3333,.T.);
#3333 = EDGE_LOOP('',(#3334,#3335,#3336,#3354));
#3334 = ORIENTED_EDGE('',*,*,#3252,.F.);
#3335 = ORIENTED_EDGE('',*,*,#3155,.T.);
#3336 = ORIENTED_EDGE('',*,*,#3337,.T.);
#3337 = EDGE_CURVE('',#3156,#3295,#3338,.T.);
#3338 = SURFACE_CURVE('',#3339,(#3342,#3348),.PCURVE_S1.);
#3339 = B_SPLINE_CURVE_WITH_KNOTS('',1,(#3340,#3341),.UNSPECIFIED.,.F.,
  .F.,(2,2),(0.,0.79),.PIECEWISE_BEZIER_KNOTS.);
#3340 = CARTESIAN_POINT('',(93.78,-145.908,173.198));
#3341 = CARTESIAN_POINT('',(93.78,-145.908,193.264));
#3342 = PCURVE('',#3169,#3343);
#3343 = DEFINITIONAL_REPRESENTATION('',(#3344),#3347);
#3344 = B_SPLINE_CURVE_WITH_KNOTS('',1,(#3345,#3346),.UNSPECIFIED.,.F.,
  .F.,(2,2),(0.,0.79),.PIECEWISE_BEZIER_KNOTS.);
#3345 = CARTESIAN_POINT('',(0.18,0.));
#3346 = CARTESIAN_POINT('',(0.18,0.79));
#3347 = ( GEOMETRIC_REPRESENTATION_CONTEXT(2) 
PARAMETRIC_REPRESENTATION_CONTEXT() REPRESENTATION_CONTEXT('2D SPACE',''
  ) );
#3348 = PCURVE('',#3192,#3349);
#3349 = DEFINITIONAL_REPRESENTATION('',(#3350),#3353);
#3350 = B_SPLINE_CURVE_WITH_KNOTS('',1,(#3351,#3352),.UNSPECIFIED.,.F.,
  .F.,(2,2),(0.,0.79),.PIECEWISE_BEZIER_KNOTS.);
#3351 = CARTESIAN_POINT('',(0.,0.68));
#3352 = CARTESIAN_POINT('',(0.79,0.68));
#3353 = ( GEOMETRIC_REPRESENTATION_CONTEXT(2) 
PARAMETRIC_REPRESENTATION_CONTEXT() REPRESENTATION_CONTEXT('2D SPACE',''
  ) );
#3354 = ORIENTED_EDGE('',*,*,#3294,.F.);
#3355 = ADVANCED_FACE('',(#3356),#3192,.T.);
#3356 = FACE_BOUND('',#3357,.T.);
#3357 = EDGE_LOOP('',(#3358,#3359,#3377,#3378));
#3358 = ORIENTED_EDGE('',*,*,#3180,.F.);
#3359 = ORIENTED_EDGE('',*,*,#3360,.T.);
#3360 = EDGE_CURVE('',#3101,#3274,#3361,.T.);
#3361 = SURFACE_CURVE('',#3362,(#3365,#3371),.PCURVE_S1.);
#3362 = B_SPLINE_CURVE_WITH_KNOTS('',1,(#3363,#3364),.UNSPECIFIED.,.F.,
  .F.,(2,2),(0.,0.79),.PIECEWISE_BEZIER_KNOTS.);
#3363 = CARTESIAN_POINT('',(76.508,-145.908,173.198));
#3364 = CARTESIAN_POINT('',(76.508,-145.908,193.264));
#3365 = PCURVE('',#3192,#3366);
#3366 = DEFINITIONAL_REPRESENTATION('',(#3367),#3370);
#3367 = B_SPLINE_CURVE_WITH_KNOTS('',1,(#3368,#3369),.UNSPECIFIED.,.F.,
  .F.,(2,2),(0.,0.79),.PIECEWISE_BEZIER_KNOTS.);
#3368 = CARTESIAN_POINT('',(0.,0.));
#3369 = CARTESIAN_POINT('',(0.79,0.));
#3370 = ( GEOMETRIC_REPRESENTATION_CONTEXT(2) 
PARAMETRIC_REPRESENTATION_CONTEXT() REPRESENTATION_CONTEXT('2D SPACE',''
  ) );
#3371 = PCURVE('',#3119,#3372);
#3372 = DEFINITIONAL_REPRESENTATION('',(#3373),#3376);
#3373 = B_SPLINE_CURVE_WITH_KNOTS('',1,(#3374,#3375),.UNSPECIFIED.,.F.,
  .F.,(2,2),(0.,0.79),.PIECEWISE_BEZIER_KNOTS.);
#3374 = CARTESIAN_POINT('',(0.18,0.));
#3375 = CARTESIAN_POINT('',(0.18,0.79));
#3376 = ( GEOMETRIC_REPRESENTATION_CONTEXT(2) 
PARAMETRIC_REPRESENTATION_CONTEXT() REPRESENTATION_CONTEXT('2D SPACE',''
  ) );
#3377 = ORIENTED_EDGE('',*,*,#3314,.T.);
#3378 = ORIENTED_EDGE('',*,*,#3337,.F.);
#3379 = ADVANCED_FACE('',(#3380),#3119,.F.);
#3380 = FACE_BOUND('',#3381,.F.);
#3381 = EDGE_LOOP('',(#3382,#3383,#3384,#3385));
#3382 = ORIENTED_EDGE('',*,*,#3207,.F.);
#3383 = ORIENTED_EDGE('',*,*,#3098,.T.);
#3384 = ORIENTED_EDGE('',*,*,#3360,.T.);
#3385 = ORIENTED_EDGE('',*,*,#3273,.F.);
#3386 = ( GEOMETRIC_REPRESENTATION_CONTEXT(3) 
GLOBAL_UNCERTAINTY_ASSIGNED_CONTEXT((#3390)) 
GLOBAL_UNIT_ASSIGNED_CONTEXT((#3387,#3388,#3389)) REPRESENTATION_CONTEXT
('Context #1','3D Context with UNIT and UNCERTAINTY') );
#3387 = ( LENGTH_UNIT() NAMED_UNIT(*) SI_UNIT(.MILLI.,.METRE.) );
#3388 = ( NAMED_UNIT(*) PLANE_ANGLE_UNIT() SI_UNIT($,.RADIAN.) );
#3389 = ( NAMED_UNIT(*) SI_UNIT($,.STERADIAN.) SOLID_ANGLE_UNIT() );
#3390 = UNCERTAINTY_MEASURE_WITH_UNIT(LENGTH_MEASURE(2.E-06),#3387,
  'distance_accuracy_value','confusion accuracy');
#3391 = CONTEXT_DEPENDENT_SHAPE_REPRESENTATION(#3392,#3394);
#3392 = ( REPRESENTATION_RELATIONSHIP('','',#1362,#10) 
REPRESENTATION_RELATIONSHIP_WITH_TRANSFORMATION(#3393) 
SHAPE_REPRESENTATION_RELATIONSHIP() );
#3393 = ITEM_DEFINED_TRANSFORMATION('','',#11,#31);
#3394 = PRODUCT_DEFINITION_SHAPE('Placement','Placement of an item',
  #3395);
#3395 = NEXT_ASSEMBLY_USAGE_OCCURRENCE('5',
'flap_bracket_L (print, PETG: on the upright''s web, cradles the servo; 
two M4 through the web, nuts inside the channel)','',#5,#1357,$);
#3396 = PRODUCT_RELATED_PRODUCT_CATEGORY('part',$,(#1359));
#3397 = SHAPE_DEFINITION_REPRESENTATION(#3398,#3404);
#3398 = PRODUCT_DEFINITION_SHAPE('','',#3399);
#3399 = PRODUCT_DEFINITION('design','',#3400,#3403);
#3400 = PRODUCT_DEFINITION_FORMATION('','',#3401);
#3401 = PRODUCT(
'flap_R (print, PETG 3 mm, a knuckle on an M4 shoulder-screw hinge pin, 
a torsion spring, a notch for the latch)',
'flap_R (print, PETG 3 mm, a knuckle on an M4 shoulder-screw hinge pin, 
a torsion spring, a notch for the latch)','',(#3402));
#3402 = PRODUCT_CONTEXT('',#2,'mechanical');
#3403 = PRODUCT_DEFINITION_CONTEXT('part definition',#2,'design');
#3404 = ADVANCED_BREP_SHAPE_REPRESENTATION('',(#11,#3405),#3741);
#3405 = MANIFOLD_SOLID_BREP('',#3406);
#3406 = CLOSED_SHELL('',(#3407,#3540,#3624,#3667,#3710,#3734));
#3407 = ADVANCED_FACE('',(#3408),#3426,.F.);
#3408 = FACE_BOUND('',#3409,.F.);
#3409 = EDGE_LOOP('',(#3410,#3467,#3492,#3517));
#3410 = ORIENTED_EDGE('',*,*,#3411,.T.);
#3411 = EDGE_CURVE('',#3412,#3414,#3416,.T.);
#3412 = VERTEX_POINT('',#3413);
#3413 = CARTESIAN_POINT('',(-210.6172501923,-100.95,191.34303941354));
#3414 = VERTEX_POINT('',#3415);
#3415 = CARTESIAN_POINT('',(-207.8356986286,-100.95,192.46685919379));
#3416 = SURFACE_CURVE('',#3417,(#3425,#3441),.PCURVE_S1.);
#3417 = ( BOUNDED_CURVE() B_SPLINE_CURVE(2,(#3418,#3419,#3420,#3421,
#3422,#3423,#3424),.UNSPECIFIED.,.F.,.F.) B_SPLINE_CURVE_WITH_KNOTS((3,2
    ,2,3),(0.271765289706,2.184983532295,4.098201774885,6.011420017474),
.PIECEWISE_BEZIER_KNOTS.) CURVE() GEOMETRIC_REPRESENTATION_ITEM() 
RATIONAL_B_SPLINE_CURVE((1.,0.576294462814,1.,0.576294462814,1.,
0.576294462814,1.)) REPRESENTATION_ITEM('') );
#3418 = CARTESIAN_POINT('',(-210.6172501923,-100.95,191.34303941354));
#3419 = CARTESIAN_POINT('',(-216.8980629,-100.95,186.51122413525));
#3420 = CARTESIAN_POINT('',(-210.237857793,-100.95,182.2174245258));
#3421 = CARTESIAN_POINT('',(-203.5776526861,-100.95,177.92362491636));
#3422 = CARTESIAN_POINT('',(-201.769425914,-100.95,185.63889309665));
#3423 = CARTESIAN_POINT('',(-199.9611991419,-100.95,193.35416127695));
#3424 = CARTESIAN_POINT('',(-207.8356986286,-100.95,192.46685919379));
#3425 = PCURVE('',#3426,#3431);
#3426 = B_SPLINE_SURFACE_WITH_KNOTS('',1,1,(
    (#3427,#3428)
    ,(#3429,#3430
    )),.UNSPECIFIED.,.F.,.F.,.F.,(2,2),(2,2),(-0.22,3.67),(
    -0.16094488189,0.27905511811),.PIECEWISE_BEZIER_KNOTS.);
#3427 = CARTESIAN_POINT('',(-199.9355949766,-100.95,183.82619826468));
#3428 = CARTESIAN_POINT('',(-210.2978017353,-100.95,179.63959497667));
#3429 = CARTESIAN_POINT('',(-236.9489740457,-100.95,275.43752619901));
#3430 = CARTESIAN_POINT('',(-247.3111808043,-100.95,271.25092291099));
#3431 = DEFINITIONAL_REPRESENTATION('',(#3432),#3440);
#3432 = ( BOUNDED_CURVE() B_SPLINE_CURVE(2,(#3433,#3434,#3435,#3436,
#3437,#3438,#3439),.UNSPECIFIED.,.F.,.F.) B_SPLINE_CURVE_WITH_KNOTS((3,2
    ,2,3),(0.271765289706,2.184983532295,4.098201774885,6.011420017474),
.PIECEWISE_BEZIER_KNOTS.) CURVE() GEOMETRIC_REPRESENTATION_ITEM() 
RATIONAL_B_SPLINE_CURVE((1.,0.576294462814,1.,0.576294462814,1.,
0.576294462814,1.)) REPRESENTATION_ITEM('') );
#3433 = CARTESIAN_POINT('',(0.211925678069,0.11811023622));
#3434 = CARTESIAN_POINT('',(0.128179722874,0.418641653448));
#3435 = CARTESIAN_POINT('',(-0.126784781819,0.238848385779));
#3436 = CARTESIAN_POINT('',(-0.381749286512,5.905511811024E-02));
#3437 = CARTESIAN_POINT('',(-0.126784781819,-0.120738149559));
#3438 = CARTESIAN_POINT('',(0.128179722874,-0.300531417228));
#3439 = CARTESIAN_POINT('',(0.211925678069,-2.22044604925E-15));
#3440 = ( GEOMETRIC_REPRESENTATION_CONTEXT(2) 
PARAMETRIC_REPRESENTATION_CONTEXT() REPRESENTATION_CONTEXT('2D SPACE',''
  ) );
#3441 = PCURVE('',#3442,#3457);
#3442 = ( BOUNDED_SURFACE() B_SPLINE_SURFACE(2,1,(
    (#3443,#3444)
    ,(#3445,#3446)
    ,(#3447,#3448)
    ,(#3449,#3450)
    ,(#3451,#3452)
    ,(#3453,#3454)
    ,(#3455,#3456
)),.UNSPECIFIED.,.F.,.F.,.F.) B_SPLINE_SURFACE_WITH_KNOTS((3,2,2,3),(2,2
    ),(0.271765289706,2.184983532295,4.098201774885,6.011420017474),(
-1.75,0.),.PIECEWISE_BEZIER_KNOTS.) GEOMETRIC_REPRESENTATION_ITEM() 
RATIONAL_B_SPLINE_SURFACE((
    (1.,1.)
    ,(0.576294462814,0.576294462814)
    ,(1.,1.)
    ,(0.576294462814,0.576294462814)
    ,(1.,1.)
    ,(0.576294462814,0.576294462814)
,(1.,1.))) REPRESENTATION_ITEM('') SURFACE() );
#3443 = CARTESIAN_POINT('',(-210.6172501923,-100.95,191.34303941354));
#3444 = CARTESIAN_POINT('',(-210.6172501923,-145.4,191.34303941354));
#3445 = CARTESIAN_POINT('',(-216.8980629,-100.95,186.51122413525));
#3446 = CARTESIAN_POINT('',(-216.8980629,-145.4,186.51122413525));
#3447 = CARTESIAN_POINT('',(-210.237857793,-100.95,182.2174245258));
#3448 = CARTESIAN_POINT('',(-210.237857793,-145.4,182.2174245258));
#3449 = CARTESIAN_POINT('',(-203.5776526861,-100.95,177.92362491636));
#3450 = CARTESIAN_POINT('',(-203.5776526861,-145.4,177.92362491636));
#3451 = CARTESIAN_POINT('',(-201.769425914,-100.95,185.63889309665));
#3452 = CARTESIAN_POINT('',(-201.769425914,-145.4,185.63889309665));
#3453 = CARTESIAN_POINT('',(-199.9611991419,-100.95,193.35416127695));
#3454 = CARTESIAN_POINT('',(-199.9611991419,-145.4,193.35416127695));
#3455 = CARTESIAN_POINT('',(-207.8356986286,-100.95,192.46685919379));
#3456 = CARTESIAN_POINT('',(-207.8356986286,-145.4,192.46685919379));
#3457 = DEFINITIONAL_REPRESENTATION('',(#3458),#3466);
#3458 = B_SPLINE_CURVE_WITH_KNOTS('',2,(#3459,#3460,#3461,#3462,#3463,
    #3464,#3465),.UNSPECIFIED.,.F.,.F.,(3,2,2,3),(0.271765289706,
    2.184983532295,4.098201774885,6.011420017474),
  .PIECEWISE_BEZIER_KNOTS.);
#3459 = CARTESIAN_POINT('',(0.271765289706,-1.75));
#3460 = CARTESIAN_POINT('',(1.228374411,-1.75));
#3461 = CARTESIAN_POINT('',(2.184983532295,-1.75));
#3462 = CARTESIAN_POINT('',(3.14159265359,-1.75));
#3463 = CARTESIAN_POINT('',(4.098201774885,-1.75));
#3464 = CARTESIAN_POINT('',(5.054810896179,-1.75));
#3465 = CARTESIAN_POINT('',(6.011420017474,-1.75));
#3466 = ( GEOMETRIC_REPRESENTATION_CONTEXT(2) 
PARAMETRIC_REPRESENTATION_CONTEXT() REPRESENTATION_CONTEXT('2D SPACE',''
  ) );
#3467 = ORIENTED_EDGE('',*,*,#3468,.T.);
#3468 = EDGE_CURVE('',#3414,#3469,#3471,.T.);
#3469 = VERTEX_POINT('',#3470);
#3470 = CARTESIAN_POINT('',(-240.7393016431,-100.95,273.90613444513));
#3471 = SURFACE_CURVE('',#3472,(#3475,#3481),.PCURVE_S1.);
#3472 = B_SPLINE_CURVE_WITH_KNOTS('',1,(#3473,#3474),.UNSPECIFIED.,.F.,
  .F.,(2,2),(0.211925678069,3.67),.PIECEWISE_BEZIER_KNOTS.);
#3473 = CARTESIAN_POINT('',(-207.8356986286,-100.95,192.46685919379));
#3474 = CARTESIAN_POINT('',(-240.7393016431,-100.95,273.90613444513));
#3475 = PCURVE('',#3426,#3476);
#3476 = DEFINITIONAL_REPRESENTATION('',(#3477),#3480);
#3477 = B_SPLINE_CURVE_WITH_KNOTS('',1,(#3478,#3479),.UNSPECIFIED.,.F.,
  .F.,(2,2),(0.211925678069,3.67),.PIECEWISE_BEZIER_KNOTS.);
#3478 = CARTESIAN_POINT('',(0.211925678069,-1.33226762955E-15));
#3479 = CARTESIAN_POINT('',(3.67,8.881784197001E-16));
#3480 = ( GEOMETRIC_REPRESENTATION_CONTEXT(2) 
PARAMETRIC_REPRESENTATION_CONTEXT() REPRESENTATION_CONTEXT('2D SPACE',''
  ) );
#3481 = PCURVE('',#3482,#3487);
#3482 = B_SPLINE_SURFACE_WITH_KNOTS('',1,1,(
    (#3483,#3484)
    ,(#3485,#3486
    )),.UNSPECIFIED.,.F.,.F.,.F.,(2,2),(2,2),(0.,1.75),(0.211925678069,
    3.67),.PIECEWISE_BEZIER_KNOTS.);
#3483 = CARTESIAN_POINT('',(-207.8356986286,-145.4,192.46685919379));
#3484 = CARTESIAN_POINT('',(-240.7393016431,-145.4,273.90613444513));
#3485 = CARTESIAN_POINT('',(-207.8356986286,-100.95,192.46685919379));
#3486 = CARTESIAN_POINT('',(-240.7393016431,-100.95,273.90613444513));
#3487 = DEFINITIONAL_REPRESENTATION('',(#3488),#3491);
#3488 = B_SPLINE_CURVE_WITH_KNOTS('',1,(#3489,#3490),.UNSPECIFIED.,.F.,
  .F.,(2,2),(0.211925678069,3.67),.PIECEWISE_BEZIER_KNOTS.);
#3489 = CARTESIAN_POINT('',(1.75,0.211925678069));
#3490 = CARTESIAN_POINT('',(1.75,3.67));
#3491 = ( GEOMETRIC_REPRESENTATION_CONTEXT(2) 
PARAMETRIC_REPRESENTATION_CONTEXT() REPRESENTATION_CONTEXT('2D SPACE',''
  ) );
#3492 = ORIENTED_EDGE('',*,*,#3493,.T.);
#3493 = EDGE_CURVE('',#3469,#3494,#3496,.T.);
#3494 = VERTEX_POINT('',#3495);
#3495 = CARTESIAN_POINT('',(-243.5208532068,-100.95,272.78231466488));
#3496 = SURFACE_CURVE('',#3497,(#3500,#3506),.PCURVE_S1.);
#3497 = B_SPLINE_CURVE_WITH_KNOTS('',1,(#3498,#3499),.UNSPECIFIED.,.F.,
  .F.,(2,2),(0.,0.11811023622),.PIECEWISE_BEZIER_KNOTS.);
#3498 = CARTESIAN_POINT('',(-240.7393016431,-100.95,273.90613444513));
#3499 = CARTESIAN_POINT('',(-243.5208532068,-100.95,272.78231466488));
#3500 = PCURVE('',#3426,#3501);
#3501 = DEFINITIONAL_REPRESENTATION('',(#3502),#3505);
#3502 = B_SPLINE_CURVE_WITH_KNOTS('',1,(#3503,#3504),.UNSPECIFIED.,.F.,
  .F.,(2,2),(0.,0.11811023622),.PIECEWISE_BEZIER_KNOTS.);
#3503 = CARTESIAN_POINT('',(3.67,0.));
#3504 = CARTESIAN_POINT('',(3.67,0.11811023622));
#3505 = ( GEOMETRIC_REPRESENTATION_CONTEXT(2) 
PARAMETRIC_REPRESENTATION_CONTEXT() REPRESENTATION_CONTEXT('2D SPACE',''
  ) );
#3506 = PCURVE('',#3507,#3512);
#3507 = B_SPLINE_SURFACE_WITH_KNOTS('',1,1,(
    (#3508,#3509)
    ,(#3510,#3511
    )),.UNSPECIFIED.,.F.,.F.,.F.,(2,2),(2,2),(0.,1.75),(-0.11811023622,
    0.),.PIECEWISE_BEZIER_KNOTS.);
#3508 = CARTESIAN_POINT('',(-243.5208532068,-145.4,272.78231466488));
#3509 = CARTESIAN_POINT('',(-240.7393016431,-145.4,273.90613444513));
#3510 = CARTESIAN_POINT('',(-243.5208532068,-100.95,272.78231466488));
#3511 = CARTESIAN_POINT('',(-240.7393016431,-100.95,273.90613444513));
#3512 = DEFINITIONAL_REPRESENTATION('',(#3513),#3516);
#3513 = B_SPLINE_CURVE_WITH_KNOTS('',1,(#3514,#3515),.UNSPECIFIED.,.F.,
  .F.,(2,2),(0.,0.11811023622),.PIECEWISE_BEZIER_KNOTS.);
#3514 = CARTESIAN_POINT('',(1.75,0.));
#3515 = CARTESIAN_POINT('',(1.75,-0.11811023622));
#3516 = ( GEOMETRIC_REPRESENTATION_CONTEXT(2) 
PARAMETRIC_REPRESENTATION_CONTEXT() REPRESENTATION_CONTEXT('2D SPACE',''
  ) );
#3517 = ORIENTED_EDGE('',*,*,#3518,.F.);
#3518 = EDGE_CURVE('',#3412,#3494,#3519,.T.);
#3519 = SURFACE_CURVE('',#3520,(#3523,#3529),.PCURVE_S1.);
#3520 = B_SPLINE_CURVE_WITH_KNOTS('',1,(#3521,#3522),.UNSPECIFIED.,.F.,
  .F.,(2,2),(0.211925678069,3.67),.PIECEWISE_BEZIER_KNOTS.);
#3521 = CARTESIAN_POINT('',(-210.6172501923,-100.95,191.34303941354));
#3522 = CARTESIAN_POINT('',(-243.5208532068,-100.95,272.78231466488));
#3523 = PCURVE('',#3426,#3524);
#3524 = DEFINITIONAL_REPRESENTATION('',(#3525),#3528);
#3525 = B_SPLINE_CURVE_WITH_KNOTS('',1,(#3526,#3527),.UNSPECIFIED.,.F.,
  .F.,(2,2),(0.211925678069,3.67),.PIECEWISE_BEZIER_KNOTS.);
#3526 = CARTESIAN_POINT('',(0.211925678069,0.11811023622));
#3527 = CARTESIAN_POINT('',(3.67,0.11811023622));
#3528 = ( GEOMETRIC_REPRESENTATION_CONTEXT(2) 
PARAMETRIC_REPRESENTATION_CONTEXT() REPRESENTATION_CONTEXT('2D SPACE',''
  ) );
#3529 = PCURVE('',#3530,#3535);
#3530 = B_SPLINE_SURFACE_WITH_KNOTS('',1,1,(
    (#3531,#3532)
    ,(#3533,#3534
    )),.UNSPECIFIED.,.F.,.F.,.F.,(2,2),(2,2),(0.,1.75),(0.211925678069,
    3.67),.PIECEWISE_BEZIER_KNOTS.);
#3531 = CARTESIAN_POINT('',(-210.6172501923,-145.4,191.34303941354));
#3532 = CARTESIAN_POINT('',(-243.5208532068,-145.4,272.78231466488));
#3533 = CARTESIAN_POINT('',(-210.6172501923,-100.95,191.34303941354));
#3534 = CARTESIAN_POINT('',(-243.5208532068,-100.95,272.78231466488));
#3535 = DEFINITIONAL_REPRESENTATION('',(#3536),#3539);
#3536 = B_SPLINE_CURVE_WITH_KNOTS('',1,(#3537,#3538),.UNSPECIFIED.,.F.,
  .F.,(2,2),(0.211925678069,3.67),.PIECEWISE_BEZIER_KNOTS.);
#3537 = CARTESIAN_POINT('',(1.75,0.211925678069));
#3538 = CARTESIAN_POINT('',(1.75,3.67));
#3539 = ( GEOMETRIC_REPRESENTATION_CONTEXT(2) 
PARAMETRIC_REPRESENTATION_CONTEXT() REPRESENTATION_CONTEXT('2D SPACE',''
  ) );
#3540 = ADVANCED_FACE('',(#3541),#3442,.T.);
#3541 = FACE_BOUND('',#3542,.T.);
#3542 = EDGE_LOOP('',(#3543,#3585,#3604,#3605));
#3543 = ORIENTED_EDGE('',*,*,#3544,.F.);
#3544 = EDGE_CURVE('',#3545,#3547,#3549,.T.);
#3545 = VERTEX_POINT('',#3546);
#3546 = CARTESIAN_POINT('',(-210.6172501923,-145.4,191.34303941354));
#3547 = VERTEX_POINT('',#3548);
#3548 = CARTESIAN_POINT('',(-207.8356986286,-145.4,192.46685919379));
#3549 = SURFACE_CURVE('',#3550,(#3558,#3569),.PCURVE_S1.);
#3550 = ( BOUNDED_CURVE() B_SPLINE_CURVE(2,(#3551,#3552,#3553,#3554,
#3555,#3556,#3557),.UNSPECIFIED.,.F.,.F.) B_SPLINE_CURVE_WITH_KNOTS((3,2
    ,2,3),(0.271765289706,2.184983532295,4.098201774885,6.011420017474),
.PIECEWISE_BEZIER_KNOTS.) CURVE() GEOMETRIC_REPRESENTATION_ITEM() 
RATIONAL_B_SPLINE_CURVE((1.,0.576294462814,1.,0.576294462814,1.,
0.576294462814,1.)) REPRESENTATION_ITEM('') );
#3551 = CARTESIAN_POINT('',(-210.6172501923,-145.4,191.34303941354));
#3552 = CARTESIAN_POINT('',(-216.8980629,-145.4,186.51122413525));
#3553 = CARTESIAN_POINT('',(-210.237857793,-145.4,182.2174245258));
#3554 = CARTESIAN_POINT('',(-203.5776526861,-145.4,177.92362491636));
#3555 = CARTESIAN_POINT('',(-201.769425914,-145.4,185.63889309665));
#3556 = CARTESIAN_POINT('',(-199.9611991419,-145.4,193.35416127695));
#3557 = CARTESIAN_POINT('',(-207.8356986286,-145.4,192.46685919379));
#3558 = PCURVE('',#3442,#3559);
#3559 = DEFINITIONAL_REPRESENTATION('',(#3560),#3568);
#3560 = B_SPLINE_CURVE_WITH_KNOTS('',2,(#3561,#3562,#3563,#3564,#3565,
    #3566,#3567),.UNSPECIFIED.,.F.,.F.,(3,2,2,3),(0.271765289706,
    2.184983532295,4.098201774885,6.011420017474),
  .PIECEWISE_BEZIER_KNOTS.);
#3561 = CARTESIAN_POINT('',(0.271765289706,0.));
#3562 = CARTESIAN_POINT('',(1.228374411,3.932249348449E-16));
#3563 = CARTESIAN_POINT('',(2.184983532295,0.));
#3564 = CARTESIAN_POINT('',(3.14159265359,-2.402761100395E-16));
#3565 = CARTESIAN_POINT('',(4.098201774885,-1.665334536938E-16));
#3566 = CARTESIAN_POINT('',(5.054810896179,-1.433832542954E-17));
#3567 = CARTESIAN_POINT('',(6.011420017474,-2.22044604925E-16));
#3568 = ( GEOMETRIC_REPRESENTATION_CONTEXT(2) 
PARAMETRIC_REPRESENTATION_CONTEXT() REPRESENTATION_CONTEXT('2D SPACE',''
  ) );
#3569 = PCURVE('',#3570,#3575);
#3570 = B_SPLINE_SURFACE_WITH_KNOTS('',1,1,(
    (#3571,#3572)
    ,(#3573,#3574
    )),.UNSPECIFIED.,.F.,.F.,.F.,(2,2),(2,2),(-0.22,3.67),(-0.22,0.22),
  .PIECEWISE_BEZIER_KNOTS.);
#3571 = CARTESIAN_POINT('',(-199.9355949766,-145.4,183.82619826468));
#3572 = CARTESIAN_POINT('',(-210.2978017353,-145.4,179.63959497667));
#3573 = CARTESIAN_POINT('',(-236.9489740457,-145.4,275.43752619901));
#3574 = CARTESIAN_POINT('',(-247.3111808043,-145.4,271.25092291099));
#3575 = DEFINITIONAL_REPRESENTATION('',(#3576),#3584);
#3576 = ( BOUNDED_CURVE() B_SPLINE_CURVE(2,(#3577,#3578,#3579,#3580,
#3581,#3582,#3583),.UNSPECIFIED.,.F.,.F.) B_SPLINE_CURVE_WITH_KNOTS((3,2
    ,2,3),(0.271765289706,2.184983532295,4.098201774885,6.011420017474),
.PIECEWISE_BEZIER_KNOTS.) CURVE() GEOMETRIC_REPRESENTATION_ITEM() 
RATIONAL_B_SPLINE_CURVE((1.,0.576294462814,1.,0.576294462814,1.,
0.576294462814,1.)) REPRESENTATION_ITEM('') );
#3577 = CARTESIAN_POINT('',(0.211925678069,5.905511811024E-02));
#3578 = CARTESIAN_POINT('',(0.128179722874,0.359586535338));
#3579 = CARTESIAN_POINT('',(-0.126784781819,0.179793267669));
#3580 = CARTESIAN_POINT('',(-0.381749286512,-4.440892098501E-16));
#3581 = CARTESIAN_POINT('',(-0.126784781819,-0.179793267669));
#3582 = CARTESIAN_POINT('',(0.128179722874,-0.359586535338));
#3583 = CARTESIAN_POINT('',(0.211925678069,-5.905511811024E-02));
#3584 = ( GEOMETRIC_REPRESENTATION_CONTEXT(2) 
PARAMETRIC_REPRESENTATION_CONTEXT() REPRESENTATION_CONTEXT('2D SPACE',''
  ) );
#3585 = ORIENTED_EDGE('',*,*,#3586,.F.);
#3586 = EDGE_CURVE('',#3412,#3545,#3587,.T.);
#3587 = SURFACE_CURVE('',#3588,(#3591,#3598),.PCURVE_S1.);
#3588 = B_SPLINE_CURVE_WITH_KNOTS('',1,(#3589,#3590),.UNSPECIFIED.,.F.,
  .F.,(2,2),(-1.75,0.),.PIECEWISE_BEZIER_KNOTS.);
#3589 = CARTESIAN_POINT('',(-210.6172501923,-100.95,191.34303941354));
#3590 = CARTESIAN_POINT('',(-210.6172501923,-145.4,191.34303941354));
#3591 = PCURVE('',#3442,#3592);
#3592 = DEFINITIONAL_REPRESENTATION('',(#3593),#3597);
#3593 = B_SPLINE_CURVE_WITH_KNOTS('',2,(#3594,#3595,#3596),
  .UNSPECIFIED.,.F.,.F.,(3,3),(-1.75,0.),.PIECEWISE_BEZIER_KNOTS.);
#3594 = CARTESIAN_POINT('',(0.271765289706,-1.75));
#3595 = CARTESIAN_POINT('',(0.271765289706,-0.875));
#3596 = CARTESIAN_POINT('',(0.271765289706,0.));
#3597 = ( GEOMETRIC_REPRESENTATION_CONTEXT(2) 
PARAMETRIC_REPRESENTATION_CONTEXT() REPRESENTATION_CONTEXT('2D SPACE',''
  ) );
#3598 = PCURVE('',#3530,#3599);
#3599 = DEFINITIONAL_REPRESENTATION('',(#3600),#3603);
#3600 = B_SPLINE_CURVE_WITH_KNOTS('',1,(#3601,#3602),.UNSPECIFIED.,.F.,
  .F.,(2,2),(-1.75,0.),.PIECEWISE_BEZIER_KNOTS.);
#3601 = CARTESIAN_POINT('',(1.75,0.211925678069));
#3602 = CARTESIAN_POINT('',(0.,0.211925678069));
#3603 = ( GEOMETRIC_REPRESENTATION_CONTEXT(2) 
PARAMETRIC_REPRESENTATION_CONTEXT() REPRESENTATION_CONTEXT('2D SPACE',''
  ) );
#3604 = ORIENTED_EDGE('',*,*,#3411,.T.);
#3605 = ORIENTED_EDGE('',*,*,#3606,.T.);
#3606 = EDGE_CURVE('',#3414,#3547,#3607,.T.);
#3607 = SURFACE_CURVE('',#3608,(#3611,#3618),.PCURVE_S1.);
#3608 = B_SPLINE_CURVE_WITH_KNOTS('',1,(#3609,#3610),.UNSPECIFIED.,.F.,
  .F.,(2,2),(-1.75,0.),.PIECEWISE_BEZIER_KNOTS.);
#3609 = CARTESIAN_POINT('',(-207.8356986286,-100.95,192.46685919379));
#3610 = CARTESIAN_POINT('',(-207.8356986286,-145.4,192.46685919379));
#3611 = PCURVE('',#3442,#3612);
#3612 = DEFINITIONAL_REPRESENTATION('',(#3613),#3617);
#3613 = B_SPLINE_CURVE_WITH_KNOTS('',2,(#3614,#3615,#3616),
  .UNSPECIFIED.,.F.,.F.,(3,3),(-1.75,0.),.PIECEWISE_BEZIER_KNOTS.);
#3614 = CARTESIAN_POINT('',(6.011420017474,-1.75));
#3615 = CARTESIAN_POINT('',(6.011420017474,-0.875));
#3616 = CARTESIAN_POINT('',(6.011420017474,-2.22044604925E-16));
#3617 = ( GEOMETRIC_REPRESENTATION_CONTEXT(2) 
PARAMETRIC_REPRESENTATION_CONTEXT() REPRESENTATION_CONTEXT('2D SPACE',''
  ) );
#3618 = PCURVE('',#3482,#3619);
#3619 = DEFINITIONAL_REPRESENTATION('',(#3620),#3623);
#3620 = B_SPLINE_CURVE_WITH_KNOTS('',1,(#3621,#3622),.UNSPECIFIED.,.F.,
  .F.,(2,2),(-1.75,0.),.PIECEWISE_BEZIER_KNOTS.);
#3621 = CARTESIAN_POINT('',(1.75,0.211925678069));
#3622 = CARTESIAN_POINT('',(0.,0.211925678069));
#3623 = ( GEOMETRIC_REPRESENTATION_CONTEXT(2) 
PARAMETRIC_REPRESENTATION_CONTEXT() REPRESENTATION_CONTEXT('2D SPACE',''
  ) );
#3624 = ADVANCED_FACE('',(#3625),#3530,.F.);
#3625 = FACE_BOUND('',#3626,.F.);
#3626 = EDGE_LOOP('',(#3627,#3647,#3648,#3649));
#3627 = ORIENTED_EDGE('',*,*,#3628,.F.);
#3628 = EDGE_CURVE('',#3545,#3629,#3631,.T.);
#3629 = VERTEX_POINT('',#3630);
#3630 = CARTESIAN_POINT('',(-243.5208532068,-145.4,272.78231466488));
#3631 = SURFACE_CURVE('',#3632,(#3635,#3641),.PCURVE_S1.);
#3632 = B_SPLINE_CURVE_WITH_KNOTS('',1,(#3633,#3634),.UNSPECIFIED.,.F.,
  .F.,(2,2),(0.211925678069,3.67),.PIECEWISE_BEZIER_KNOTS.);
#3633 = CARTESIAN_POINT('',(-210.6172501923,-145.4,191.34303941354));
#3634 = CARTESIAN_POINT('',(-243.5208532068,-145.4,272.78231466488));
#3635 = PCURVE('',#3530,#3636);
#3636 = DEFINITIONAL_REPRESENTATION('',(#3637),#3640);
#3637 = B_SPLINE_CURVE_WITH_KNOTS('',1,(#3638,#3639),.UNSPECIFIED.,.F.,
  .F.,(2,2),(0.211925678069,3.67),.PIECEWISE_BEZIER_KNOTS.);
#3638 = CARTESIAN_POINT('',(0.,0.211925678069));
#3639 = CARTESIAN_POINT('',(0.,3.67));
#3640 = ( GEOMETRIC_REPRESENTATION_CONTEXT(2) 
PARAMETRIC_REPRESENTATION_CONTEXT() REPRESENTATION_CONTEXT('2D SPACE',''
  ) );
#3641 = PCURVE('',#3570,#3642);
#3642 = DEFINITIONAL_REPRESENTATION('',(#3643),#3646);
#3643 = B_SPLINE_CURVE_WITH_KNOTS('',1,(#3644,#3645),.UNSPECIFIED.,.F.,
  .F.,(2,2),(0.211925678069,3.67),.PIECEWISE_BEZIER_KNOTS.);
#3644 = CARTESIAN_POINT('',(0.211925678069,5.905511811023E-02));
#3645 = CARTESIAN_POINT('',(3.67,5.905511811024E-02));
#3646 = ( GEOMETRIC_REPRESENTATION_CONTEXT(2) 
PARAMETRIC_REPRESENTATION_CONTEXT() REPRESENTATION_CONTEXT('2D SPACE',''
  ) );
#3647 = ORIENTED_EDGE('',*,*,#3586,.F.);
#3648 = ORIENTED_EDGE('',*,*,#3518,.T.);
#3649 = ORIENTED_EDGE('',*,*,#3650,.F.);
#3650 = EDGE_CURVE('',#3629,#3494,#3651,.T.);
#3651 = SURFACE_CURVE('',#3652,(#3655,#3661),.PCURVE_S1.);
#3652 = B_SPLINE_CURVE_WITH_KNOTS('',1,(#3653,#3654),.UNSPECIFIED.,.F.,
  .F.,(2,2),(0.,1.75),.PIECEWISE_BEZIER_KNOTS.);
#3653 = CARTESIAN_POINT('',(-243.5208532068,-145.4,272.78231466488));
#3654 = CARTESIAN_POINT('',(-243.5208532068,-100.95,272.78231466488));
#3655 = PCURVE('',#3530,#3656);
#3656 = DEFINITIONAL_REPRESENTATION('',(#3657),#3660);
#3657 = B_SPLINE_CURVE_WITH_KNOTS('',1,(#3658,#3659),.UNSPECIFIED.,.F.,
  .F.,(2,2),(0.,1.75),.PIECEWISE_BEZIER_KNOTS.);
#3658 = CARTESIAN_POINT('',(0.,3.67));
#3659 = CARTESIAN_POINT('',(1.75,3.67));
#3660 = ( GEOMETRIC_REPRESENTATION_CONTEXT(2) 
PARAMETRIC_REPRESENTATION_CONTEXT() REPRESENTATION_CONTEXT('2D SPACE',''
  ) );
#3661 = PCURVE('',#3507,#3662);
#3662 = DEFINITIONAL_REPRESENTATION('',(#3663),#3666);
#3663 = B_SPLINE_CURVE_WITH_KNOTS('',1,(#3664,#3665),.UNSPECIFIED.,.F.,
  .F.,(2,2),(0.,1.75),.PIECEWISE_BEZIER_KNOTS.);
#3664 = CARTESIAN_POINT('',(0.,-0.11811023622));
#3665 = CARTESIAN_POINT('',(1.75,-0.11811023622));
#3666 = ( GEOMETRIC_REPRESENTATION_CONTEXT(2) 
PARAMETRIC_REPRESENTATION_CONTEXT() REPRESENTATION_CONTEXT('2D SPACE',''
  ) );
#3667 = ADVANCED_FACE('',(#3668),#3507,.F.);
#3668 = FACE_BOUND('',#3669,.F.);
#3669 = EDGE_LOOP('',(#3670,#3690,#3708,#3709));
#3670 = ORIENTED_EDGE('',*,*,#3671,.F.);
#3671 = EDGE_CURVE('',#3672,#3469,#3674,.T.);
#3672 = VERTEX_POINT('',#3673);
#3673 = CARTESIAN_POINT('',(-240.7393016431,-145.4,273.90613444513));
#3674 = SURFACE_CURVE('',#3675,(#3678,#3684),.PCURVE_S1.);
#3675 = B_SPLINE_CURVE_WITH_KNOTS('',1,(#3676,#3677),.UNSPECIFIED.,.F.,
  .F.,(2,2),(0.,1.75),.PIECEWISE_BEZIER_KNOTS.);
#3676 = CARTESIAN_POINT('',(-240.7393016431,-145.4,273.90613444513));
#3677 = CARTESIAN_POINT('',(-240.7393016431,-100.95,273.90613444513));
#3678 = PCURVE('',#3507,#3679);
#3679 = DEFINITIONAL_REPRESENTATION('',(#3680),#3683);
#3680 = B_SPLINE_CURVE_WITH_KNOTS('',1,(#3681,#3682),.UNSPECIFIED.,.F.,
  .F.,(2,2),(0.,1.75),.PIECEWISE_BEZIER_KNOTS.);
#3681 = CARTESIAN_POINT('',(0.,0.));
#3682 = CARTESIAN_POINT('',(1.75,0.));
#3683 = ( GEOMETRIC_REPRESENTATION_CONTEXT(2) 
PARAMETRIC_REPRESENTATION_CONTEXT() REPRESENTATION_CONTEXT('2D SPACE',''
  ) );
#3684 = PCURVE('',#3482,#3685);
#3685 = DEFINITIONAL_REPRESENTATION('',(#3686),#3689);
#3686 = B_SPLINE_CURVE_WITH_KNOTS('',1,(#3687,#3688),.UNSPECIFIED.,.F.,
  .F.,(2,2),(0.,1.75),.PIECEWISE_BEZIER_KNOTS.);
#3687 = CARTESIAN_POINT('',(0.,3.67));
#3688 = CARTESIAN_POINT('',(1.75,3.67));
#3689 = ( GEOMETRIC_REPRESENTATION_CONTEXT(2) 
PARAMETRIC_REPRESENTATION_CONTEXT() REPRESENTATION_CONTEXT('2D SPACE',''
  ) );
#3690 = ORIENTED_EDGE('',*,*,#3691,.T.);
#3691 = EDGE_CURVE('',#3672,#3629,#3692,.T.);
#3692 = SURFACE_CURVE('',#3693,(#3696,#3702),.PCURVE_S1.);
#3693 = B_SPLINE_CURVE_WITH_KNOTS('',1,(#3694,#3695),.UNSPECIFIED.,.F.,
  .F.,(2,2),(0.,0.11811023622),.PIECEWISE_BEZIER_KNOTS.);
#3694 = CARTESIAN_POINT('',(-240.7393016431,-145.4,273.90613444513));
#3695 = CARTESIAN_POINT('',(-243.5208532068,-145.4,272.78231466488));
#3696 = PCURVE('',#3507,#3697);
#3697 = DEFINITIONAL_REPRESENTATION('',(#3698),#3701);
#3698 = B_SPLINE_CURVE_WITH_KNOTS('',1,(#3699,#3700),.UNSPECIFIED.,.F.,
  .F.,(2,2),(0.,0.11811023622),.PIECEWISE_BEZIER_KNOTS.);
#3699 = CARTESIAN_POINT('',(0.,0.));
#3700 = CARTESIAN_POINT('',(0.,-0.11811023622));
#3701 = ( GEOMETRIC_REPRESENTATION_CONTEXT(2) 
PARAMETRIC_REPRESENTATION_CONTEXT() REPRESENTATION_CONTEXT('2D SPACE',''
  ) );
#3702 = PCURVE('',#3570,#3703);
#3703 = DEFINITIONAL_REPRESENTATION('',(#3704),#3707);
#3704 = B_SPLINE_CURVE_WITH_KNOTS('',1,(#3705,#3706),.UNSPECIFIED.,.F.,
  .F.,(2,2),(0.,0.11811023622),.PIECEWISE_BEZIER_KNOTS.);
#3705 = CARTESIAN_POINT('',(3.67,-5.905511811024E-02));
#3706 = CARTESIAN_POINT('',(3.67,5.905511811024E-02));
#3707 = ( GEOMETRIC_REPRESENTATION_CONTEXT(2) 
PARAMETRIC_REPRESENTATION_CONTEXT() REPRESENTATION_CONTEXT('2D SPACE',''
  ) );
#3708 = ORIENTED_EDGE('',*,*,#3650,.T.);
#3709 = ORIENTED_EDGE('',*,*,#3493,.F.);
#3710 = ADVANCED_FACE('',(#3711),#3482,.T.);
#3711 = FACE_BOUND('',#3712,.T.);
#3712 = EDGE_LOOP('',(#3713,#3731,#3732,#3733));
#3713 = ORIENTED_EDGE('',*,*,#3714,.F.);
#3714 = EDGE_CURVE('',#3547,#3672,#3715,.T.);
#3715 = SURFACE_CURVE('',#3716,(#3719,#3725),.PCURVE_S1.);
#3716 = B_SPLINE_CURVE_WITH_KNOTS('',1,(#3717,#3718),.UNSPECIFIED.,.F.,
  .F.,(2,2),(0.211925678069,3.67),.PIECEWISE_BEZIER_KNOTS.);
#3717 = CARTESIAN_POINT('',(-207.8356986286,-145.4,192.46685919379));
#3718 = CARTESIAN_POINT('',(-240.7393016431,-145.4,273.90613444513));
#3719 = PCURVE('',#3482,#3720);
#3720 = DEFINITIONAL_REPRESENTATION('',(#3721),#3724);
#3721 = B_SPLINE_CURVE_WITH_KNOTS('',1,(#3722,#3723),.UNSPECIFIED.,.F.,
  .F.,(2,2),(0.211925678069,3.67),.PIECEWISE_BEZIER_KNOTS.);
#3722 = CARTESIAN_POINT('',(0.,0.211925678069));
#3723 = CARTESIAN_POINT('',(0.,3.67));
#3724 = ( GEOMETRIC_REPRESENTATION_CONTEXT(2) 
PARAMETRIC_REPRESENTATION_CONTEXT() REPRESENTATION_CONTEXT('2D SPACE',''
  ) );
#3725 = PCURVE('',#3570,#3726);
#3726 = DEFINITIONAL_REPRESENTATION('',(#3727),#3730);
#3727 = B_SPLINE_CURVE_WITH_KNOTS('',1,(#3728,#3729),.UNSPECIFIED.,.F.,
  .F.,(2,2),(0.211925678069,3.67),.PIECEWISE_BEZIER_KNOTS.);
#3728 = CARTESIAN_POINT('',(0.211925678069,-5.905511811024E-02));
#3729 = CARTESIAN_POINT('',(3.67,-5.905511811024E-02));
#3730 = ( GEOMETRIC_REPRESENTATION_CONTEXT(2) 
PARAMETRIC_REPRESENTATION_CONTEXT() REPRESENTATION_CONTEXT('2D SPACE',''
  ) );
#3731 = ORIENTED_EDGE('',*,*,#3606,.F.);
#3732 = ORIENTED_EDGE('',*,*,#3468,.T.);
#3733 = ORIENTED_EDGE('',*,*,#3671,.F.);
#3734 = ADVANCED_FACE('',(#3735),#3570,.T.);
#3735 = FACE_BOUND('',#3736,.T.);
#3736 = EDGE_LOOP('',(#3737,#3738,#3739,#3740));
#3737 = ORIENTED_EDGE('',*,*,#3544,.T.);
#3738 = ORIENTED_EDGE('',*,*,#3714,.T.);
#3739 = ORIENTED_EDGE('',*,*,#3691,.T.);
#3740 = ORIENTED_EDGE('',*,*,#3628,.F.);
#3741 = ( GEOMETRIC_REPRESENTATION_CONTEXT(3) 
GLOBAL_UNCERTAINTY_ASSIGNED_CONTEXT((#3745)) 
GLOBAL_UNIT_ASSIGNED_CONTEXT((#3742,#3743,#3744)) REPRESENTATION_CONTEXT
('Context #1','3D Context with UNIT and UNCERTAINTY') );
#3742 = ( LENGTH_UNIT() NAMED_UNIT(*) SI_UNIT(.MILLI.,.METRE.) );
#3743 = ( NAMED_UNIT(*) PLANE_ANGLE_UNIT() SI_UNIT($,.RADIAN.) );
#3744 = ( NAMED_UNIT(*) SI_UNIT($,.STERADIAN.) SOLID_ANGLE_UNIT() );
#3745 = UNCERTAINTY_MEASURE_WITH_UNIT(LENGTH_MEASURE(2.E-06),#3742,
  'distance_accuracy_value','confusion accuracy');
#3746 = CONTEXT_DEPENDENT_SHAPE_REPRESENTATION(#3747,#3749);
#3747 = ( REPRESENTATION_RELATIONSHIP('','',#3404,#10) 
REPRESENTATION_RELATIONSHIP_WITH_TRANSFORMATION(#3748) 
SHAPE_REPRESENTATION_RELATIONSHIP() );
#3748 = ITEM_DEFINED_TRANSFORMATION('','',#11,#35);
#3749 = PRODUCT_DEFINITION_SHAPE('Placement','Placement of an item',
  #3750);
#3750 = NEXT_ASSEMBLY_USAGE_OCCURRENCE('6',
'flap_R (print, PETG 3 mm, a knuckle on an M4 shoulder-screw hinge pin, 
a torsion spring, a notch for the latch)','',#5,#3399,$);
#3751 = PRODUCT_RELATED_PRODUCT_CATEGORY('part',$,(#3401));
#3752 = SHAPE_DEFINITION_REPRESENTATION(#3753,#3759);
#3753 = PRODUCT_DEFINITION_SHAPE('','',#3754);
#3754 = PRODUCT_DEFINITION('design','',#3755,#3758);
#3755 = PRODUCT_DEFINITION_FORMATION('','',#3756);
#3756 = PRODUCT(
  'flap_foam_R (0.5 in EVA or polyethylene foam, contact cement)',
  'flap_foam_R (0.5 in EVA or polyethylene foam, contact cement)','',(
    #3757));
#3757 = PRODUCT_CONTEXT('',#2,'mechanical');
#3758 = PRODUCT_DEFINITION_CONTEXT('part definition',#2,'design');
#3759 = ADVANCED_BREP_SHAPE_REPRESENTATION('',(#11,#3760),#4054);
#3760 = MANIFOLD_SOLID_BREP('',#3761);
#3761 = CLOSED_SHELL('',(#3762,#3870,#3958,#3999,#4040,#4047));
#3762 = ADVANCED_FACE('',(#3763),#3776,.T.);
#3763 = FACE_BOUND('',#3764,.T.);
#3764 = EDGE_LOOP('',(#3765,#3797,#3822,#3847));
#3765 = ORIENTED_EDGE('',*,*,#3766,.F.);
#3766 = EDGE_CURVE('',#3767,#3769,#3771,.T.);
#3767 = VERTEX_POINT('',#3768);
#3768 = CARTESIAN_POINT('',(-195.471240386,-144.13,195.7659841124));
#3769 = VERTEX_POINT('',#3770);
#3770 = CARTESIAN_POINT('',(-195.471240386,-102.22,195.7659841124));
#3771 = SURFACE_CURVE('',#3772,(#3775,#3786),.PCURVE_S1.);
#3772 = B_SPLINE_CURVE_WITH_KNOTS('',1,(#3773,#3774),.UNSPECIFIED.,.F.,
  .F.,(2,2),(0.,1.65),.PIECEWISE_BEZIER_KNOTS.);
#3773 = CARTESIAN_POINT('',(-195.471240386,-144.13,195.7659841124));
#3774 = CARTESIAN_POINT('',(-195.471240386,-102.22,195.7659841124));
#3775 = PCURVE('',#3776,#3781);
#3776 = B_SPLINE_SURFACE_WITH_KNOTS('',1,1,(
    (#3777,#3778)
    ,(#3779,#3780
    )),.UNSPECIFIED.,.F.,.F.,.F.,(2,2),(2,2),(0.,1.65),(-0.5,0.),
  .PIECEWISE_BEZIER_KNOTS.);
#3777 = CARTESIAN_POINT('',(-207.246475339,-144.13,191.00848037602));
#3778 = CARTESIAN_POINT('',(-195.471240386,-144.13,195.7659841124));
#3779 = CARTESIAN_POINT('',(-207.246475339,-102.22,191.00848037602));
#3780 = CARTESIAN_POINT('',(-195.471240386,-102.22,195.7659841124));
#3781 = DEFINITIONAL_REPRESENTATION('',(#3782),#3785);
#3782 = B_SPLINE_CURVE_WITH_KNOTS('',1,(#3783,#3784),.UNSPECIFIED.,.F.,
  .F.,(2,2),(0.,1.65),.PIECEWISE_BEZIER_KNOTS.);
#3783 = CARTESIAN_POINT('',(0.,0.));
#3784 = CARTESIAN_POINT('',(1.65,0.));
#3785 = ( GEOMETRIC_REPRESENTATION_CONTEXT(2) 
PARAMETRIC_REPRESENTATION_CONTEXT() REPRESENTATION_CONTEXT('2D SPACE',''
  ) );
#3786 = PCURVE('',#3787,#3792);
#3787 = B_SPLINE_SURFACE_WITH_KNOTS('',1,1,(
    (#3788,#3789)
    ,(#3790,#3791
    )),.UNSPECIFIED.,.F.,.F.,.F.,(2,2),(2,2),(0.,1.65),(0.,3.52),
  .PIECEWISE_BEZIER_KNOTS.);
#3788 = CARTESIAN_POINT('',(-195.471240386,-144.13,195.7659841124));
#3789 = CARTESIAN_POINT('',(-228.9640666901,-144.13,278.66363818151));
#3790 = CARTESIAN_POINT('',(-195.471240386,-102.22,195.7659841124));
#3791 = CARTESIAN_POINT('',(-228.9640666901,-102.22,278.66363818151));
#3792 = DEFINITIONAL_REPRESENTATION('',(#3793),#3796);
#3793 = B_SPLINE_CURVE_WITH_KNOTS('',1,(#3794,#3795),.UNSPECIFIED.,.F.,
  .F.,(2,2),(0.,1.65),.PIECEWISE_BEZIER_KNOTS.);
#3794 = CARTESIAN_POINT('',(0.,0.));
#3795 = CARTESIAN_POINT('',(1.65,0.));
#3796 = ( GEOMETRIC_REPRESENTATION_CONTEXT(2) 
PARAMETRIC_REPRESENTATION_CONTEXT() REPRESENTATION_CONTEXT('2D SPACE',''
  ) );
#3797 = ORIENTED_EDGE('',*,*,#3798,.T.);
#3798 = EDGE_CURVE('',#3767,#3799,#3801,.T.);
#3799 = VERTEX_POINT('',#3800);
#3800 = CARTESIAN_POINT('',(-207.246475339,-144.13,191.00848037602));
#3801 = SURFACE_CURVE('',#3802,(#3805,#3811),.PCURVE_S1.);
#3802 = B_SPLINE_CURVE_WITH_KNOTS('',1,(#3803,#3804),.UNSPECIFIED.,.F.,
  .F.,(2,2),(0.,0.5),.PIECEWISE_BEZIER_KNOTS.);
#3803 = CARTESIAN_POINT('',(-195.471240386,-144.13,195.7659841124));
#3804 = CARTESIAN_POINT('',(-207.246475339,-144.13,191.00848037602));
#3805 = PCURVE('',#3776,#3806);
#3806 = DEFINITIONAL_REPRESENTATION('',(#3807),#3810);
#3807 = B_SPLINE_CURVE_WITH_KNOTS('',1,(#3808,#3809),.UNSPECIFIED.,.F.,
  .F.,(2,2),(0.,0.5),.PIECEWISE_BEZIER_KNOTS.);
#3808 = CARTESIAN_POINT('',(0.,0.));
#3809 = CARTESIAN_POINT('',(0.,-0.5));
#3810 = ( GEOMETRIC_REPRESENTATION_CONTEXT(2) 
PARAMETRIC_REPRESENTATION_CONTEXT() REPRESENTATION_CONTEXT('2D SPACE',''
  ) );
#3811 = PCURVE('',#3812,#3817);
#3812 = B_SPLINE_SURFACE_WITH_KNOTS('',1,1,(
    (#3813,#3814)
    ,(#3815,#3816
    )),.UNSPECIFIED.,.F.,.F.,.F.,(2,2),(2,2),(0.,3.52),(0.,0.5),
  .PIECEWISE_BEZIER_KNOTS.);
#3813 = CARTESIAN_POINT('',(-195.471240386,-144.13,195.7659841124));
#3814 = CARTESIAN_POINT('',(-207.246475339,-144.13,191.00848037602));
#3815 = CARTESIAN_POINT('',(-228.9640666901,-144.13,278.66363818151));
#3816 = CARTESIAN_POINT('',(-240.7393016431,-144.13,273.90613444513));
#3817 = DEFINITIONAL_REPRESENTATION('',(#3818),#3821);
#3818 = B_SPLINE_CURVE_WITH_KNOTS('',1,(#3819,#3820),.UNSPECIFIED.,.F.,
  .F.,(2,2),(0.,0.5),.PIECEWISE_BEZIER_KNOTS.);
#3819 = CARTESIAN_POINT('',(0.,0.));
#3820 = CARTESIAN_POINT('',(1.7763568394E-15,0.5));
#3821 = ( GEOMETRIC_REPRESENTATION_CONTEXT(2) 
PARAMETRIC_REPRESENTATION_CONTEXT() REPRESENTATION_CONTEXT('2D SPACE',''
  ) );
#3822 = ORIENTED_EDGE('',*,*,#3823,.T.);
#3823 = EDGE_CURVE('',#3799,#3824,#3826,.T.);
#3824 = VERTEX_POINT('',#3825);
#3825 = CARTESIAN_POINT('',(-207.246475339,-102.22,191.00848037602));
#3826 = SURFACE_CURVE('',#3827,(#3830,#3836),.PCURVE_S1.);
#3827 = B_SPLINE_CURVE_WITH_KNOTS('',1,(#3828,#3829),.UNSPECIFIED.,.F.,
  .F.,(2,2),(0.,1.65),.PIECEWISE_BEZIER_KNOTS.);
#3828 = CARTESIAN_POINT('',(-207.246475339,-144.13,191.00848037602));
#3829 = CARTESIAN_POINT('',(-207.246475339,-102.22,191.00848037602));
#3830 = PCURVE('',#3776,#3831);
#3831 = DEFINITIONAL_REPRESENTATION('',(#3832),#3835);
#3832 = B_SPLINE_CURVE_WITH_KNOTS('',1,(#3833,#3834),.UNSPECIFIED.,.F.,
  .F.,(2,2),(0.,1.65),.PIECEWISE_BEZIER_KNOTS.);
#3833 = CARTESIAN_POINT('',(0.,-0.5));
#3834 = CARTESIAN_POINT('',(1.65,-0.5));
#3835 = ( GEOMETRIC_REPRESENTATION_CONTEXT(2) 
PARAMETRIC_REPRESENTATION_CONTEXT() REPRESENTATION_CONTEXT('2D SPACE',''
  ) );
#3836 = PCURVE('',#3837,#3842);
#3837 = B_SPLINE_SURFACE_WITH_KNOTS('',1,1,(
    (#3838,#3839)
    ,(#3840,#3841
    )),.UNSPECIFIED.,.F.,.F.,.F.,(2,2),(2,2),(0.,1.65),(0.,3.52),
  .PIECEWISE_BEZIER_KNOTS.);
#3838 = CARTESIAN_POINT('',(-207.246475339,-144.13,191.00848037602));
#3839 = CARTESIAN_POINT('',(-240.7393016431,-144.13,273.90613444513));
#3840 = CARTESIAN_POINT('',(-207.246475339,-102.22,191.00848037602));
#3841 = CARTESIAN_POINT('',(-240.7393016431,-102.22,273.90613444513));
#3842 = DEFINITIONAL_REPRESENTATION('',(#3843),#3846);
#3843 = B_SPLINE_CURVE_WITH_KNOTS('',1,(#3844,#3845),.UNSPECIFIED.,.F.,
  .F.,(2,2),(0.,1.65),.PIECEWISE_BEZIER_KNOTS.);
#3844 = CARTESIAN_POINT('',(0.,0.));
#3845 = CARTESIAN_POINT('',(1.65,0.));
#3846 = ( GEOMETRIC_REPRESENTATION_CONTEXT(2) 
PARAMETRIC_REPRESENTATION_CONTEXT() REPRESENTATION_CONTEXT('2D SPACE',''
  ) );
#3847 = ORIENTED_EDGE('',*,*,#3848,.F.);
#3848 = EDGE_CURVE('',#3769,#3824,#3849,.T.);
#3849 = SURFACE_CURVE('',#3850,(#3853,#3859),.PCURVE_S1.);
#3850 = B_SPLINE_CURVE_WITH_KNOTS('',1,(#3851,#3852),.UNSPECIFIED.,.F.,
  .F.,(2,2),(0.,0.5),.PIECEWISE_BEZIER_KNOTS.);
#3851 = CARTESIAN_POINT('',(-195.471240386,-102.22,195.7659841124));
#3852 = CARTESIAN_POINT('',(-207.246475339,-102.22,191.00848037602));
#3853 = PCURVE('',#3776,#3854);
#3854 = DEFINITIONAL_REPRESENTATION('',(#3855),#3858);
#3855 = B_SPLINE_CURVE_WITH_KNOTS('',1,(#3856,#3857),.UNSPECIFIED.,.F.,
  .F.,(2,2),(0.,0.5),.PIECEWISE_BEZIER_KNOTS.);
#3856 = CARTESIAN_POINT('',(1.65,0.));
#3857 = CARTESIAN_POINT('',(1.65,-0.5));
#3858 = ( GEOMETRIC_REPRESENTATION_CONTEXT(2) 
PARAMETRIC_REPRESENTATION_CONTEXT() REPRESENTATION_CONTEXT('2D SPACE',''
  ) );
#3859 = PCURVE('',#3860,#3865);
#3860 = B_SPLINE_SURFACE_WITH_KNOTS('',1,1,(
    (#3861,#3862)
    ,(#3863,#3864
    )),.UNSPECIFIED.,.F.,.F.,.F.,(2,2),(2,2),(0.,3.52),(0.,0.5),
  .PIECEWISE_BEZIER_KNOTS.);
#3861 = CARTESIAN_POINT('',(-195.471240386,-102.22,195.7659841124));
#3862 = CARTESIAN_POINT('',(-207.246475339,-102.22,191.00848037602));
#3863 = CARTESIAN_POINT('',(-228.9640666901,-102.22,278.66363818151));
#3864 = CARTESIAN_POINT('',(-240.7393016431,-102.22,273.90613444513));
#3865 = DEFINITIONAL_REPRESENTATION('',(#3866),#3869);
#3866 = B_SPLINE_CURVE_WITH_KNOTS('',1,(#3867,#3868),.UNSPECIFIED.,.F.,
  .F.,(2,2),(0.,0.5),.PIECEWISE_BEZIER_KNOTS.);
#3867 = CARTESIAN_POINT('',(0.,0.));
#3868 = CARTESIAN_POINT('',(1.7763568394E-15,0.5));
#3869 = ( GEOMETRIC_REPRESENTATION_CONTEXT(2) 
PARAMETRIC_REPRESENTATION_CONTEXT() REPRESENTATION_CONTEXT('2D SPACE',''
  ) );
#3870 = ADVANCED_FACE('',(#3871),#3884,.F.);
#3871 = FACE_BOUND('',#3872,.F.);
#3872 = EDGE_LOOP('',(#3873,#3900,#3920,#3940));
#3873 = ORIENTED_EDGE('',*,*,#3874,.F.);
#3874 = EDGE_CURVE('',#3875,#3877,#3879,.T.);
#3875 = VERTEX_POINT('',#3876);
#3876 = CARTESIAN_POINT('',(-228.9640666901,-144.13,278.66363818151));
#3877 = VERTEX_POINT('',#3878);
#3878 = CARTESIAN_POINT('',(-228.9640666901,-102.22,278.66363818151));
#3879 = SURFACE_CURVE('',#3880,(#3883,#3894),.PCURVE_S1.);
#3880 = B_SPLINE_CURVE_WITH_KNOTS('',1,(#3881,#3882),.UNSPECIFIED.,.F.,
  .F.,(2,2),(0.,1.65),.PIECEWISE_BEZIER_KNOTS.);
#3881 = CARTESIAN_POINT('',(-228.9640666901,-144.13,278.66363818151));
#3882 = CARTESIAN_POINT('',(-228.9640666901,-102.22,278.66363818151));
#3883 = PCURVE('',#3884,#3889);
#3884 = B_SPLINE_SURFACE_WITH_KNOTS('',1,1,(
    (#3885,#3886)
    ,(#3887,#3888
    )),.UNSPECIFIED.,.F.,.F.,.F.,(2,2),(2,2),(0.,1.65),(-0.5,0.),
  .PIECEWISE_BEZIER_KNOTS.);
#3885 = CARTESIAN_POINT('',(-240.7393016431,-144.13,273.90613444513));
#3886 = CARTESIAN_POINT('',(-228.9640666901,-144.13,278.66363818151));
#3887 = CARTESIAN_POINT('',(-240.7393016431,-102.22,273.90613444513));
#3888 = CARTESIAN_POINT('',(-228.9640666901,-102.22,278.66363818151));
#3889 = DEFINITIONAL_REPRESENTATION('',(#3890),#3893);
#3890 = B_SPLINE_CURVE_WITH_KNOTS('',1,(#3891,#3892),.UNSPECIFIED.,.F.,
  .F.,(2,2),(0.,1.65),.PIECEWISE_BEZIER_KNOTS.);
#3891 = CARTESIAN_POINT('',(0.,0.));
#3892 = CARTESIAN_POINT('',(1.65,0.));
#3893 = ( GEOMETRIC_REPRESENTATION_CONTEXT(2) 
PARAMETRIC_REPRESENTATION_CONTEXT() REPRESENTATION_CONTEXT('2D SPACE',''
  ) );
#3894 = PCURVE('',#3787,#3895);
#3895 = DEFINITIONAL_REPRESENTATION('',(#3896),#3899);
#3896 = B_SPLINE_CURVE_WITH_KNOTS('',1,(#3897,#3898),.UNSPECIFIED.,.F.,
  .F.,(2,2),(0.,1.65),.PIECEWISE_BEZIER_KNOTS.);
#3897 = CARTESIAN_POINT('',(0.,3.52));
#3898 = CARTESIAN_POINT('',(1.65,3.52));
#3899 = ( GEOMETRIC_REPRESENTATION_CONTEXT(2) 
PARAMETRIC_REPRESENTATION_CONTEXT() REPRESENTATION_CONTEXT('2D SPACE',''
  ) );
#3900 = ORIENTED_EDGE('',*,*,#3901,.T.);
#3901 = EDGE_CURVE('',#3875,#3902,#3904,.T.);
#3902 = VERTEX_POINT('',#3903);
#3903 = CARTESIAN_POINT('',(-240.7393016431,-144.13,273.90613444513));
#3904 = SURFACE_CURVE('',#3905,(#3908,#3914),.PCURVE_S1.);
#3905 = B_SPLINE_CURVE_WITH_KNOTS('',1,(#3906,#3907),.UNSPECIFIED.,.F.,
  .F.,(2,2),(0.,0.5),.PIECEWISE_BEZIER_KNOTS.);
#3906 = CARTESIAN_POINT('',(-228.9640666901,-144.13,278.66363818151));
#3907 = CARTESIAN_POINT('',(-240.7393016431,-144.13,273.90613444513));
#3908 = PCURVE('',#3884,#3909);
#3909 = DEFINITIONAL_REPRESENTATION('',(#3910),#3913);
#3910 = B_SPLINE_CURVE_WITH_KNOTS('',1,(#3911,#3912),.UNSPECIFIED.,.F.,
  .F.,(2,2),(0.,0.5),.PIECEWISE_BEZIER_KNOTS.);
#3911 = CARTESIAN_POINT('',(0.,0.));
#3912 = CARTESIAN_POINT('',(0.,-0.5));
#3913 = ( GEOMETRIC_REPRESENTATION_CONTEXT(2) 
PARAMETRIC_REPRESENTATION_CONTEXT() REPRESENTATION_CONTEXT('2D SPACE',''
  ) );
#3914 = PCURVE('',#3812,#3915);
#3915 = DEFINITIONAL_REPRESENTATION('',(#3916),#3919);
#3916 = B_SPLINE_CURVE_WITH_KNOTS('',1,(#3917,#3918),.UNSPECIFIED.,.F.,
  .F.,(2,2),(0.,0.5),.PIECEWISE_BEZIER_KNOTS.);
#3917 = CARTESIAN_POINT('',(3.52,1.7763568394E-15));
#3918 = CARTESIAN_POINT('',(3.52,0.5));
#3919 = ( GEOMETRIC_REPRESENTATION_CONTEXT(2) 
PARAMETRIC_REPRESENTATION_CONTEXT() REPRESENTATION_CONTEXT('2D SPACE',''
  ) );
#3920 = ORIENTED_EDGE('',*,*,#3921,.T.);
#3921 = EDGE_CURVE('',#3902,#3922,#3924,.T.);
#3922 = VERTEX_POINT('',#3923);
#3923 = CARTESIAN_POINT('',(-240.7393016431,-102.22,273.90613444513));
#3924 = SURFACE_CURVE('',#3925,(#3928,#3934),.PCURVE_S1.);
#3925 = B_SPLINE_CURVE_WITH_KNOTS('',1,(#3926,#3927),.UNSPECIFIED.,.F.,
  .F.,(2,2),(0.,1.65),.PIECEWISE_BEZIER_KNOTS.);
#3926 = CARTESIAN_POINT('',(-240.7393016431,-144.13,273.90613444513));
#3927 = CARTESIAN_POINT('',(-240.7393016431,-102.22,273.90613444513));
#3928 = PCURVE('',#3884,#3929);
#3929 = DEFINITIONAL_REPRESENTATION('',(#3930),#3933);
#3930 = B_SPLINE_CURVE_WITH_KNOTS('',1,(#3931,#3932),.UNSPECIFIED.,.F.,
  .F.,(2,2),(0.,1.65),.PIECEWISE_BEZIER_KNOTS.);
#3931 = CARTESIAN_POINT('',(0.,-0.5));
#3932 = CARTESIAN_POINT('',(1.65,-0.5));
#3933 = ( GEOMETRIC_REPRESENTATION_CONTEXT(2) 
PARAMETRIC_REPRESENTATION_CONTEXT() REPRESENTATION_CONTEXT('2D SPACE',''
  ) );
#3934 = PCURVE('',#3837,#3935);
#3935 = DEFINITIONAL_REPRESENTATION('',(#3936),#3939);
#3936 = B_SPLINE_CURVE_WITH_KNOTS('',1,(#3937,#3938),.UNSPECIFIED.,.F.,
  .F.,(2,2),(0.,1.65),.PIECEWISE_BEZIER_KNOTS.);
#3937 = CARTESIAN_POINT('',(0.,3.52));
#3938 = CARTESIAN_POINT('',(1.65,3.52));
#3939 = ( GEOMETRIC_REPRESENTATION_CONTEXT(2) 
PARAMETRIC_REPRESENTATION_CONTEXT() REPRESENTATION_CONTEXT('2D SPACE',''
  ) );
#3940 = ORIENTED_EDGE('',*,*,#3941,.F.);
#3941 = EDGE_CURVE('',#3877,#3922,#3942,.T.);
#3942 = SURFACE_CURVE('',#3943,(#3946,#3952),.PCURVE_S1.);
#3943 = B_SPLINE_CURVE_WITH_KNOTS('',1,(#3944,#3945),.UNSPECIFIED.,.F.,
  .F.,(2,2),(0.,0.5),.PIECEWISE_BEZIER_KNOTS.);
#3944 = CARTESIAN_POINT('',(-228.9640666901,-102.22,278.66363818151));
#3945 = CARTESIAN_POINT('',(-240.7393016431,-102.22,273.90613444513));
#3946 = PCURVE('',#3884,#3947);
#3947 = DEFINITIONAL_REPRESENTATION('',(#3948),#3951);
#3948 = B_SPLINE_CURVE_WITH_KNOTS('',1,(#3949,#3950),.UNSPECIFIED.,.F.,
  .F.,(2,2),(0.,0.5),.PIECEWISE_BEZIER_KNOTS.);
#3949 = CARTESIAN_POINT('',(1.65,0.));
#3950 = CARTESIAN_POINT('',(1.65,-0.5));
#3951 = ( GEOMETRIC_REPRESENTATION_CONTEXT(2) 
PARAMETRIC_REPRESENTATION_CONTEXT() REPRESENTATION_CONTEXT('2D SPACE',''
  ) );
#3952 = PCURVE('',#3860,#3953);
#3953 = DEFINITIONAL_REPRESENTATION('',(#3954),#3957);
#3954 = B_SPLINE_CURVE_WITH_KNOTS('',1,(#3955,#3956),.UNSPECIFIED.,.F.,
  .F.,(2,2),(0.,0.5),.PIECEWISE_BEZIER_KNOTS.);
#3955 = CARTESIAN_POINT('',(3.52,1.7763568394E-15));
#3956 = CARTESIAN_POINT('',(3.52,0.5));
#3957 = ( GEOMETRIC_REPRESENTATION_CONTEXT(2) 
PARAMETRIC_REPRESENTATION_CONTEXT() REPRESENTATION_CONTEXT('2D SPACE',''
  ) );
#3958 = ADVANCED_FACE('',(#3959),#3787,.T.);
#3959 = FACE_BOUND('',#3960,.T.);
#3960 = EDGE_LOOP('',(#3961,#3979,#3980,#3998));
#3961 = ORIENTED_EDGE('',*,*,#3962,.F.);
#3962 = EDGE_CURVE('',#3767,#3875,#3963,.T.);
#3963 = SURFACE_CURVE('',#3964,(#3967,#3973),.PCURVE_S1.);
#3964 = B_SPLINE_CURVE_WITH_KNOTS('',1,(#3965,#3966),.UNSPECIFIED.,.F.,
  .F.,(2,2),(0.,3.52),.PIECEWISE_BEZIER_KNOTS.);
#3965 = CARTESIAN_POINT('',(-195.471240386,-144.13,195.7659841124));
#3966 = CARTESIAN_POINT('',(-228.9640666901,-144.13,278.66363818151));
#3967 = PCURVE('',#3787,#3968);
#3968 = DEFINITIONAL_REPRESENTATION('',(#3969),#3972);
#3969 = B_SPLINE_CURVE_WITH_KNOTS('',1,(#3970,#3971),.UNSPECIFIED.,.F.,
  .F.,(2,2),(0.,3.52),.PIECEWISE_BEZIER_KNOTS.);
#3970 = CARTESIAN_POINT('',(0.,0.));
#3971 = CARTESIAN_POINT('',(0.,3.52));
#3972 = ( GEOMETRIC_REPRESENTATION_CONTEXT(2) 
PARAMETRIC_REPRESENTATION_CONTEXT() REPRESENTATION_CONTEXT('2D SPACE',''
  ) );
#3973 = PCURVE('',#3812,#3974);
#3974 = DEFINITIONAL_REPRESENTATION('',(#3975),#3978);
#3975 = B_SPLINE_CURVE_WITH_KNOTS('',1,(#3976,#3977),.UNSPECIFIED.,.F.,
  .F.,(2,2),(0.,3.52),.PIECEWISE_BEZIER_KNOTS.);
#3976 = CARTESIAN_POINT('',(0.,0.));
#3977 = CARTESIAN_POINT('',(3.52,1.7763568394E-15));
#3978 = ( GEOMETRIC_REPRESENTATION_CONTEXT(2) 
PARAMETRIC_REPRESENTATION_CONTEXT() REPRESENTATION_CONTEXT('2D SPACE',''
  ) );
#3979 = ORIENTED_EDGE('',*,*,#3766,.T.);
#3980 = ORIENTED_EDGE('',*,*,#3981,.T.);
#3981 = EDGE_CURVE('',#3769,#3877,#3982,.T.);
#3982 = SURFACE_CURVE('',#3983,(#3986,#3992),.PCURVE_S1.);
#3983 = B_SPLINE_CURVE_WITH_KNOTS('',1,(#3984,#3985),.UNSPECIFIED.,.F.,
  .F.,(2,2),(0.,3.52),.PIECEWISE_BEZIER_KNOTS.);
#3984 = CARTESIAN_POINT('',(-195.471240386,-102.22,195.7659841124));
#3985 = CARTESIAN_POINT('',(-228.9640666901,-102.22,278.66363818151));
#3986 = PCURVE('',#3787,#3987);
#3987 = DEFINITIONAL_REPRESENTATION('',(#3988),#3991);
#3988 = B_SPLINE_CURVE_WITH_KNOTS('',1,(#3989,#3990),.UNSPECIFIED.,.F.,
  .F.,(2,2),(0.,3.52),.PIECEWISE_BEZIER_KNOTS.);
#3989 = CARTESIAN_POINT('',(1.65,0.));
#3990 = CARTESIAN_POINT('',(1.65,3.52));
#3991 = ( GEOMETRIC_REPRESENTATION_CONTEXT(2) 
PARAMETRIC_REPRESENTATION_CONTEXT() REPRESENTATION_CONTEXT('2D SPACE',''
  ) );
#3992 = PCURVE('',#3860,#3993);
#3993 = DEFINITIONAL_REPRESENTATION('',(#3994),#3997);
#3994 = B_SPLINE_CURVE_WITH_KNOTS('',1,(#3995,#3996),.UNSPECIFIED.,.F.,
  .F.,(2,2),(0.,3.52),.PIECEWISE_BEZIER_KNOTS.);
#3995 = CARTESIAN_POINT('',(0.,0.));
#3996 = CARTESIAN_POINT('',(3.52,1.7763568394E-15));
#3997 = ( GEOMETRIC_REPRESENTATION_CONTEXT(2) 
PARAMETRIC_REPRESENTATION_CONTEXT() REPRESENTATION_CONTEXT('2D SPACE',''
  ) );
#3998 = ORIENTED_EDGE('',*,*,#3874,.F.);
#3999 = ADVANCED_FACE('',(#4000),#3837,.F.);
#4000 = FACE_BOUND('',#4001,.F.);
#4001 = EDGE_LOOP('',(#4002,#4020,#4021,#4039));
#4002 = ORIENTED_EDGE('',*,*,#4003,.F.);
#4003 = EDGE_CURVE('',#3799,#3902,#4004,.T.);
#4004 = SURFACE_CURVE('',#4005,(#4008,#4014),.PCURVE_S1.);
#4005 = B_SPLINE_CURVE_WITH_KNOTS('',1,(#4006,#4007),.UNSPECIFIED.,.F.,
  .F.,(2,2),(0.,3.52),.PIECEWISE_BEZIER_KNOTS.);
#4006 = CARTESIAN_POINT('',(-207.246475339,-144.13,191.00848037602));
#4007 = CARTESIAN_POINT('',(-240.7393016431,-144.13,273.90613444513));
#4008 = PCURVE('',#3837,#4009);
#4009 = DEFINITIONAL_REPRESENTATION('',(#4010),#4013);
#4010 = B_SPLINE_CURVE_WITH_KNOTS('',1,(#4011,#4012),.UNSPECIFIED.,.F.,
  .F.,(2,2),(0.,3.52),.PIECEWISE_BEZIER_KNOTS.);
#4011 = CARTESIAN_POINT('',(0.,0.));
#4012 = CARTESIAN_POINT('',(0.,3.52));
#4013 = ( GEOMETRIC_REPRESENTATION_CONTEXT(2) 
PARAMETRIC_REPRESENTATION_CONTEXT() REPRESENTATION_CONTEXT('2D SPACE',''
  ) );
#4014 = PCURVE('',#3812,#4015);
#4015 = DEFINITIONAL_REPRESENTATION('',(#4016),#4019);
#4016 = B_SPLINE_CURVE_WITH_KNOTS('',1,(#4017,#4018),.UNSPECIFIED.,.F.,
  .F.,(2,2),(0.,3.52),.PIECEWISE_BEZIER_KNOTS.);
#4017 = CARTESIAN_POINT('',(1.7763568394E-15,0.5));
#4018 = CARTESIAN_POINT('',(3.52,0.5));
#4019 = ( GEOMETRIC_REPRESENTATION_CONTEXT(2) 
PARAMETRIC_REPRESENTATION_CONTEXT() REPRESENTATION_CONTEXT('2D SPACE',''
  ) );
#4020 = ORIENTED_EDGE('',*,*,#3823,.T.);
#4021 = ORIENTED_EDGE('',*,*,#4022,.T.);
#4022 = EDGE_CURVE('',#3824,#3922,#4023,.T.);
#4023 = SURFACE_CURVE('',#4024,(#4027,#4033),.PCURVE_S1.);
#4024 = B_SPLINE_CURVE_WITH_KNOTS('',1,(#4025,#4026),.UNSPECIFIED.,.F.,
  .F.,(2,2),(0.,3.52),.PIECEWISE_BEZIER_KNOTS.);
#4025 = CARTESIAN_POINT('',(-207.246475339,-102.22,191.00848037602));
#4026 = CARTESIAN_POINT('',(-240.7393016431,-102.22,273.90613444513));
#4027 = PCURVE('',#3837,#4028);
#4028 = DEFINITIONAL_REPRESENTATION('',(#4029),#4032);
#4029 = B_SPLINE_CURVE_WITH_KNOTS('',1,(#4030,#4031),.UNSPECIFIED.,.F.,
  .F.,(2,2),(0.,3.52),.PIECEWISE_BEZIER_KNOTS.);
#4030 = CARTESIAN_POINT('',(1.65,0.));
#4031 = CARTESIAN_POINT('',(1.65,3.52));
#4032 = ( GEOMETRIC_REPRESENTATION_CONTEXT(2) 
PARAMETRIC_REPRESENTATION_CONTEXT() REPRESENTATION_CONTEXT('2D SPACE',''
  ) );
#4033 = PCURVE('',#3860,#4034);
#4034 = DEFINITIONAL_REPRESENTATION('',(#4035),#4038);
#4035 = B_SPLINE_CURVE_WITH_KNOTS('',1,(#4036,#4037),.UNSPECIFIED.,.F.,
  .F.,(2,2),(0.,3.52),.PIECEWISE_BEZIER_KNOTS.);
#4036 = CARTESIAN_POINT('',(1.7763568394E-15,0.5));
#4037 = CARTESIAN_POINT('',(3.52,0.5));
#4038 = ( GEOMETRIC_REPRESENTATION_CONTEXT(2) 
PARAMETRIC_REPRESENTATION_CONTEXT() REPRESENTATION_CONTEXT('2D SPACE',''
  ) );
#4039 = ORIENTED_EDGE('',*,*,#3921,.F.);
#4040 = ADVANCED_FACE('',(#4041),#3812,.T.);
#4041 = FACE_BOUND('',#4042,.T.);
#4042 = EDGE_LOOP('',(#4043,#4044,#4045,#4046));
#4043 = ORIENTED_EDGE('',*,*,#3798,.F.);
#4044 = ORIENTED_EDGE('',*,*,#3962,.T.);
#4045 = ORIENTED_EDGE('',*,*,#3901,.T.);
#4046 = ORIENTED_EDGE('',*,*,#4003,.F.);
#4047 = ADVANCED_FACE('',(#4048),#3860,.F.);
#4048 = FACE_BOUND('',#4049,.F.);
#4049 = EDGE_LOOP('',(#4050,#4051,#4052,#4053));
#4050 = ORIENTED_EDGE('',*,*,#3848,.F.);
#4051 = ORIENTED_EDGE('',*,*,#3981,.T.);
#4052 = ORIENTED_EDGE('',*,*,#3941,.T.);
#4053 = ORIENTED_EDGE('',*,*,#4022,.F.);
#4054 = ( GEOMETRIC_REPRESENTATION_CONTEXT(3) 
GLOBAL_UNCERTAINTY_ASSIGNED_CONTEXT((#4058)) 
GLOBAL_UNIT_ASSIGNED_CONTEXT((#4055,#4056,#4057)) REPRESENTATION_CONTEXT
('Context #1','3D Context with UNIT and UNCERTAINTY') );
#4055 = ( LENGTH_UNIT() NAMED_UNIT(*) SI_UNIT(.MILLI.,.METRE.) );
#4056 = ( NAMED_UNIT(*) PLANE_ANGLE_UNIT() SI_UNIT($,.RADIAN.) );
#4057 = ( NAMED_UNIT(*) SI_UNIT($,.STERADIAN.) SOLID_ANGLE_UNIT() );
#4058 = UNCERTAINTY_MEASURE_WITH_UNIT(LENGTH_MEASURE(2.E-06),#4055,
  'distance_accuracy_value','confusion accuracy');
#4059 = CONTEXT_DEPENDENT_SHAPE_REPRESENTATION(#4060,#4062);
#4060 = ( REPRESENTATION_RELATIONSHIP('','',#3759,#10) 
REPRESENTATION_RELATIONSHIP_WITH_TRANSFORMATION(#4061) 
SHAPE_REPRESENTATION_RELATIONSHIP() );
#4061 = ITEM_DEFINED_TRANSFORMATION('','',#11,#39);
#4062 = PRODUCT_DEFINITION_SHAPE('Placement','Placement of an item',
  #4063);
#4063 = NEXT_ASSEMBLY_USAGE_OCCURRENCE('7',
  'flap_foam_R (0.5 in EVA or polyethylene foam, contact cement)','',#5,
  #3754,$);
#4064 = PRODUCT_RELATED_PRODUCT_CATEGORY('part',$,(#3756));
#4065 = SHAPE_DEFINITION_REPRESENTATION(#4066,#4072);
#4066 = PRODUCT_DEFINITION_SHAPE('','',#4067);
#4067 = PRODUCT_DEFINITION('design','',#4068,#4071);
#4068 = PRODUCT_DEFINITION_FORMATION('','',#4069);
#4069 = PRODUCT(
'flap_latch_servo_R (goBILDA 2000-0025-0003 or any standard-size servo: 
holds the flap folded until START)',
'flap_latch_servo_R (goBILDA 2000-0025-0003 or any standard-size servo: 
holds the flap folded until START)','',(#4070));
#4070 = PRODUCT_CONTEXT('',#2,'mechanical');
#4071 = PRODUCT_DEFINITION_CONTEXT('part definition',#2,'design');
#4072 = ADVANCED_BREP_SHAPE_REPRESENTATION('',(#11,#4073),#4367);
#4073 = MANIFOLD_SOLID_BREP('',#4074);
#4074 = CLOSED_SHELL('',(#4075,#4183,#4271,#4312,#4353,#4360));
#4075 = ADVANCED_FACE('',(#4076),#4089,.F.);
#4076 = FACE_BOUND('',#4077,.F.);
#4077 = EDGE_LOOP('',(#4078,#4110,#4135,#4160));
#4078 = ORIENTED_EDGE('',*,*,#4079,.F.);
#4079 = EDGE_CURVE('',#4080,#4082,#4084,.T.);
#4080 = VERTEX_POINT('',#4081);
#4081 = CARTESIAN_POINT('',(-229.91,-98.41,139.896));
#4082 = VERTEX_POINT('',#4083);
#4083 = CARTESIAN_POINT('',(-229.91,-61.41,139.896));
#4084 = SURFACE_CURVE('',#4085,(#4088,#4099),.PCURVE_S1.);
#4085 = B_SPLINE_CURVE_WITH_KNOTS('',1,(#4086,#4087),.UNSPECIFIED.,.F.,
  .F.,(2,2),(0.,1.456692913386),.PIECEWISE_BEZIER_KNOTS.);
#4086 = CARTESIAN_POINT('',(-229.91,-98.41,139.896));
#4087 = CARTESIAN_POINT('',(-229.91,-61.41,139.896));
#4088 = PCURVE('',#4089,#4094);
#4089 = B_SPLINE_SURFACE_WITH_KNOTS('',1,1,(
    (#4090,#4091)
    ,(#4092,#4093
    )),.UNSPECIFIED.,.F.,.F.,.F.,(2,2),(2,2),(0.,1.456692913386),(
    -0.787401574803,0.),.PIECEWISE_BEZIER_KNOTS.);
#4090 = CARTESIAN_POINT('',(-209.91,-98.41,139.896));
#4091 = CARTESIAN_POINT('',(-229.91,-98.41,139.896));
#4092 = CARTESIAN_POINT('',(-209.91,-61.41,139.896));
#4093 = CARTESIAN_POINT('',(-229.91,-61.41,139.896));
#4094 = DEFINITIONAL_REPRESENTATION('',(#4095),#4098);
#4095 = B_SPLINE_CURVE_WITH_KNOTS('',1,(#4096,#4097),.UNSPECIFIED.,.F.,
  .F.,(2,2),(0.,1.456692913386),.PIECEWISE_BEZIER_KNOTS.);
#4096 = CARTESIAN_POINT('',(0.,0.));
#4097 = CARTESIAN_POINT('',(1.456692913386,0.));
#4098 = ( GEOMETRIC_REPRESENTATION_CONTEXT(2) 
PARAMETRIC_REPRESENTATION_CONTEXT() REPRESENTATION_CONTEXT('2D SPACE',''
  ) );
#4099 = PCURVE('',#4100,#4105);
#4100 = B_SPLINE_SURFACE_WITH_KNOTS('',1,1,(
    (#4101,#4102)
    ,(#4103,#4104
    )),.UNSPECIFIED.,.F.,.F.,.F.,(2,2),(2,2),(0.,1.456692913386),(0.,
    1.574803149606),.PIECEWISE_BEZIER_KNOTS.);
#4101 = CARTESIAN_POINT('',(-229.91,-98.41,139.896));
#4102 = CARTESIAN_POINT('',(-229.91,-98.41,179.896));
#4103 = CARTESIAN_POINT('',(-229.91,-61.41,139.896));
#4104 = CARTESIAN_POINT('',(-229.91,-61.41,179.896));
#4105 = DEFINITIONAL_REPRESENTATION('',(#4106),#4109);
#4106 = B_SPLINE_CURVE_WITH_KNOTS('',1,(#4107,#4108),.UNSPECIFIED.,.F.,
  .F.,(2,2),(0.,1.456692913386),.PIECEWISE_BEZIER_KNOTS.);
#4107 = CARTESIAN_POINT('',(0.,0.));
#4108 = CARTESIAN_POINT('',(1.456692913386,0.));
#4109 = ( GEOMETRIC_REPRESENTATION_CONTEXT(2) 
PARAMETRIC_REPRESENTATION_CONTEXT() REPRESENTATION_CONTEXT('2D SPACE',''
  ) );
#4110 = ORIENTED_EDGE('',*,*,#4111,.T.);
#4111 = EDGE_CURVE('',#4080,#4112,#4114,.T.);
#4112 = VERTEX_POINT('',#4113);
#4113 = CARTESIAN_POINT('',(-209.91,-98.41,139.896));
#4114 = SURFACE_CURVE('',#4115,(#4118,#4124),.PCURVE_S1.);
#4115 = B_SPLINE_CURVE_WITH_KNOTS('',1,(#4116,#4117),.UNSPECIFIED.,.F.,
  .F.,(2,2),(0.,0.787401574803),.PIECEWISE_BEZIER_KNOTS.);
#4116 = CARTESIAN_POINT('',(-229.91,-98.41,139.896));
#4117 = CARTESIAN_POINT('',(-209.91,-98.41,139.896));
#4118 = PCURVE('',#4089,#4119);
#4119 = DEFINITIONAL_REPRESENTATION('',(#4120),#4123);
#4120 = B_SPLINE_CURVE_WITH_KNOTS('',1,(#4121,#4122),.UNSPECIFIED.,.F.,
  .F.,(2,2),(0.,0.787401574803),.PIECEWISE_BEZIER_KNOTS.);
#4121 = CARTESIAN_POINT('',(0.,0.));
#4122 = CARTESIAN_POINT('',(0.,-0.787401574803));
#4123 = ( GEOMETRIC_REPRESENTATION_CONTEXT(2) 
PARAMETRIC_REPRESENTATION_CONTEXT() REPRESENTATION_CONTEXT('2D SPACE',''
  ) );
#4124 = PCURVE('',#4125,#4130);
#4125 = B_SPLINE_SURFACE_WITH_KNOTS('',1,1,(
    (#4126,#4127)
    ,(#4128,#4129
    )),.UNSPECIFIED.,.F.,.F.,.F.,(2,2),(2,2),(0.,1.574803149606),(0.,
    0.787401574803),.PIECEWISE_BEZIER_KNOTS.);
#4126 = CARTESIAN_POINT('',(-229.91,-98.41,139.896));
#4127 = CARTESIAN_POINT('',(-209.91,-98.41,139.896));
#4128 = CARTESIAN_POINT('',(-229.91,-98.41,179.896));
#4129 = CARTESIAN_POINT('',(-209.91,-98.41,179.896));
#4130 = DEFINITIONAL_REPRESENTATION('',(#4131),#4134);
#4131 = B_SPLINE_CURVE_WITH_KNOTS('',1,(#4132,#4133),.UNSPECIFIED.,.F.,
  .F.,(2,2),(0.,0.787401574803),.PIECEWISE_BEZIER_KNOTS.);
#4132 = CARTESIAN_POINT('',(0.,0.));
#4133 = CARTESIAN_POINT('',(0.,0.787401574803));
#4134 = ( GEOMETRIC_REPRESENTATION_CONTEXT(2) 
PARAMETRIC_REPRESENTATION_CONTEXT() REPRESENTATION_CONTEXT('2D SPACE',''
  ) );
#4135 = ORIENTED_EDGE('',*,*,#4136,.T.);
#4136 = EDGE_CURVE('',#4112,#4137,#4139,.T.);
#4137 = VERTEX_POINT('',#4138);
#4138 = CARTESIAN_POINT('',(-209.91,-61.41,139.896));
#4139 = SURFACE_CURVE('',#4140,(#4143,#4149),.PCURVE_S1.);
#4140 = B_SPLINE_CURVE_WITH_KNOTS('',1,(#4141,#4142),.UNSPECIFIED.,.F.,
  .F.,(2,2),(0.,1.456692913386),.PIECEWISE_BEZIER_KNOTS.);
#4141 = CARTESIAN_POINT('',(-209.91,-98.41,139.896));
#4142 = CARTESIAN_POINT('',(-209.91,-61.41,139.896));
#4143 = PCURVE('',#4089,#4144);
#4144 = DEFINITIONAL_REPRESENTATION('',(#4145),#4148);
#4145 = B_SPLINE_CURVE_WITH_KNOTS('',1,(#4146,#4147),.UNSPECIFIED.,.F.,
  .F.,(2,2),(0.,1.456692913386),.PIECEWISE_BEZIER_KNOTS.);
#4146 = CARTESIAN_POINT('',(0.,-0.787401574803));
#4147 = CARTESIAN_POINT('',(1.456692913386,-0.787401574803));
#4148 = ( GEOMETRIC_REPRESENTATION_CONTEXT(2) 
PARAMETRIC_REPRESENTATION_CONTEXT() REPRESENTATION_CONTEXT('2D SPACE',''
  ) );
#4149 = PCURVE('',#4150,#4155);
#4150 = B_SPLINE_SURFACE_WITH_KNOTS('',1,1,(
    (#4151,#4152)
    ,(#4153,#4154
    )),.UNSPECIFIED.,.F.,.F.,.F.,(2,2),(2,2),(0.,1.456692913386),(0.,
    1.574803149606),.PIECEWISE_BEZIER_KNOTS.);
#4151 = CARTESIAN_POINT('',(-209.91,-98.41,139.896));
#4152 = CARTESIAN_POINT('',(-209.91,-98.41,179.896));
#4153 = CARTESIAN_POINT('',(-209.91,-61.41,139.896));
#4154 = CARTESIAN_POINT('',(-209.91,-61.41,179.896));
#4155 = DEFINITIONAL_REPRESENTATION('',(#4156),#4159);
#4156 = B_SPLINE_CURVE_WITH_KNOTS('',1,(#4157,#4158),.UNSPECIFIED.,.F.,
  .F.,(2,2),(0.,1.456692913386),.PIECEWISE_BEZIER_KNOTS.);
#4157 = CARTESIAN_POINT('',(0.,0.));
#4158 = CARTESIAN_POINT('',(1.456692913386,0.));
#4159 = ( GEOMETRIC_REPRESENTATION_CONTEXT(2) 
PARAMETRIC_REPRESENTATION_CONTEXT() REPRESENTATION_CONTEXT('2D SPACE',''
  ) );
#4160 = ORIENTED_EDGE('',*,*,#4161,.F.);
#4161 = EDGE_CURVE('',#4082,#4137,#4162,.T.);
#4162 = SURFACE_CURVE('',#4163,(#4166,#4172),.PCURVE_S1.);
#4163 = B_SPLINE_CURVE_WITH_KNOTS('',1,(#4164,#4165),.UNSPECIFIED.,.F.,
  .F.,(2,2),(0.,0.787401574803),.PIECEWISE_BEZIER_KNOTS.);
#4164 = CARTESIAN_POINT('',(-229.91,-61.41,139.896));
#4165 = CARTESIAN_POINT('',(-209.91,-61.41,139.896));
#4166 = PCURVE('',#4089,#4167);
#4167 = DEFINITIONAL_REPRESENTATION('',(#4168),#4171);
#4168 = B_SPLINE_CURVE_WITH_KNOTS('',1,(#4169,#4170),.UNSPECIFIED.,.F.,
  .F.,(2,2),(0.,0.787401574803),.PIECEWISE_BEZIER_KNOTS.);
#4169 = CARTESIAN_POINT('',(1.456692913386,0.));
#4170 = CARTESIAN_POINT('',(1.456692913386,-0.787401574803));
#4171 = ( GEOMETRIC_REPRESENTATION_CONTEXT(2) 
PARAMETRIC_REPRESENTATION_CONTEXT() REPRESENTATION_CONTEXT('2D SPACE',''
  ) );
#4172 = PCURVE('',#4173,#4178);
#4173 = B_SPLINE_SURFACE_WITH_KNOTS('',1,1,(
    (#4174,#4175)
    ,(#4176,#4177
    )),.UNSPECIFIED.,.F.,.F.,.F.,(2,2),(2,2),(0.,1.574803149606),(0.,
    0.787401574803),.PIECEWISE_BEZIER_KNOTS.);
#4174 = CARTESIAN_POINT('',(-229.91,-61.41,139.896));
#4175 = CARTESIAN_POINT('',(-209.91,-61.41,139.896));
#4176 = CARTESIAN_POINT('',(-229.91,-61.41,179.896));
#4177 = CARTESIAN_POINT('',(-209.91,-61.41,179.896));
#4178 = DEFINITIONAL_REPRESENTATION('',(#4179),#4182);
#4179 = B_SPLINE_CURVE_WITH_KNOTS('',1,(#4180,#4181),.UNSPECIFIED.,.F.,
  .F.,(2,2),(0.,0.787401574803),.PIECEWISE_BEZIER_KNOTS.);
#4180 = CARTESIAN_POINT('',(0.,0.));
#4181 = CARTESIAN_POINT('',(0.,0.787401574803));
#4182 = ( GEOMETRIC_REPRESENTATION_CONTEXT(2) 
PARAMETRIC_REPRESENTATION_CONTEXT() REPRESENTATION_CONTEXT('2D SPACE',''
  ) );
#4183 = ADVANCED_FACE('',(#4184),#4197,.T.);
#4184 = FACE_BOUND('',#4185,.T.);
#4185 = EDGE_LOOP('',(#4186,#4213,#4233,#4253));
#4186 = ORIENTED_EDGE('',*,*,#4187,.F.);
#4187 = EDGE_CURVE('',#4188,#4190,#4192,.T.);
#4188 = VERTEX_POINT('',#4189);
#4189 = CARTESIAN_POINT('',(-229.91,-98.41,179.896));
#4190 = VERTEX_POINT('',#4191);
#4191 = CARTESIAN_POINT('',(-229.91,-61.41,179.896));
#4192 = SURFACE_CURVE('',#4193,(#4196,#4207),.PCURVE_S1.);
#4193 = B_SPLINE_CURVE_WITH_KNOTS('',1,(#4194,#4195),.UNSPECIFIED.,.F.,
  .F.,(2,2),(0.,1.456692913386),.PIECEWISE_BEZIER_KNOTS.);
#4194 = CARTESIAN_POINT('',(-229.91,-98.41,179.896));
#4195 = CARTESIAN_POINT('',(-229.91,-61.41,179.896));
#4196 = PCURVE('',#4197,#4202);
#4197 = B_SPLINE_SURFACE_WITH_KNOTS('',1,1,(
    (#4198,#4199)
    ,(#4200,#4201
    )),.UNSPECIFIED.,.F.,.F.,.F.,(2,2),(2,2),(0.,1.456692913386),(
    -0.787401574803,0.),.PIECEWISE_BEZIER_KNOTS.);
#4198 = CARTESIAN_POINT('',(-209.91,-98.41,179.896));
#4199 = CARTESIAN_POINT('',(-229.91,-98.41,179.896));
#4200 = CARTESIAN_POINT('',(-209.91,-61.41,179.896));
#4201 = CARTESIAN_POINT('',(-229.91,-61.41,179.896));
#4202 = DEFINITIONAL_REPRESENTATION('',(#4203),#4206);
#4203 = B_SPLINE_CURVE_WITH_KNOTS('',1,(#4204,#4205),.UNSPECIFIED.,.F.,
  .F.,(2,2),(0.,1.456692913386),.PIECEWISE_BEZIER_KNOTS.);
#4204 = CARTESIAN_POINT('',(0.,0.));
#4205 = CARTESIAN_POINT('',(1.456692913386,0.));
#4206 = ( GEOMETRIC_REPRESENTATION_CONTEXT(2) 
PARAMETRIC_REPRESENTATION_CONTEXT() REPRESENTATION_CONTEXT('2D SPACE',''
  ) );
#4207 = PCURVE('',#4100,#4208);
#4208 = DEFINITIONAL_REPRESENTATION('',(#4209),#4212);
#4209 = B_SPLINE_CURVE_WITH_KNOTS('',1,(#4210,#4211),.UNSPECIFIED.,.F.,
  .F.,(2,2),(0.,1.456692913386),.PIECEWISE_BEZIER_KNOTS.);
#4210 = CARTESIAN_POINT('',(0.,1.574803149606));
#4211 = CARTESIAN_POINT('',(1.456692913386,1.574803149606));
#4212 = ( GEOMETRIC_REPRESENTATION_CONTEXT(2) 
PARAMETRIC_REPRESENTATION_CONTEXT() REPRESENTATION_CONTEXT('2D SPACE',''
  ) );
#4213 = ORIENTED_EDGE('',*,*,#4214,.T.);
#4214 = EDGE_CURVE('',#4188,#4215,#4217,.T.);
#4215 = VERTEX_POINT('',#4216);
#4216 = CARTESIAN_POINT('',(-209.91,-98.41,179.896));
#4217 = SURFACE_CURVE('',#4218,(#4221,#4227),.PCURVE_S1.);
#4218 = B_SPLINE_CURVE_WITH_KNOTS('',1,(#4219,#4220),.UNSPECIFIED.,.F.,
  .F.,(2,2),(0.,0.787401574803),.PIECEWISE_BEZIER_KNOTS.);
#4219 = CARTESIAN_POINT('',(-229.91,-98.41,179.896));
#4220 = CARTESIAN_POINT('',(-209.91,-98.41,179.896));
#4221 = PCURVE('',#4197,#4222);
#4222 = DEFINITIONAL_REPRESENTATION('',(#4223),#4226);
#4223 = B_SPLINE_CURVE_WITH_KNOTS('',1,(#4224,#4225),.UNSPECIFIED.,.F.,
  .F.,(2,2),(0.,0.787401574803),.PIECEWISE_BEZIER_KNOTS.);
#4224 = CARTESIAN_POINT('',(0.,0.));
#4225 = CARTESIAN_POINT('',(0.,-0.787401574803));
#4226 = ( GEOMETRIC_REPRESENTATION_CONTEXT(2) 
PARAMETRIC_REPRESENTATION_CONTEXT() REPRESENTATION_CONTEXT('2D SPACE',''
  ) );
#4227 = PCURVE('',#4125,#4228);
#4228 = DEFINITIONAL_REPRESENTATION('',(#4229),#4232);
#4229 = B_SPLINE_CURVE_WITH_KNOTS('',1,(#4230,#4231),.UNSPECIFIED.,.F.,
  .F.,(2,2),(0.,0.787401574803),.PIECEWISE_BEZIER_KNOTS.);
#4230 = CARTESIAN_POINT('',(1.574803149606,0.));
#4231 = CARTESIAN_POINT('',(1.574803149606,0.787401574803));
#4232 = ( GEOMETRIC_REPRESENTATION_CONTEXT(2) 
PARAMETRIC_REPRESENTATION_CONTEXT() REPRESENTATION_CONTEXT('2D SPACE',''
  ) );
#4233 = ORIENTED_EDGE('',*,*,#4234,.T.);
#4234 = EDGE_CURVE('',#4215,#4235,#4237,.T.);
#4235 = VERTEX_POINT('',#4236);
#4236 = CARTESIAN_POINT('',(-209.91,-61.41,179.896));
#4237 = SURFACE_CURVE('',#4238,(#4241,#4247),.PCURVE_S1.);
#4238 = B_SPLINE_CURVE_WITH_KNOTS('',1,(#4239,#4240),.UNSPECIFIED.,.F.,
  .F.,(2,2),(0.,1.456692913386),.PIECEWISE_BEZIER_KNOTS.);
#4239 = CARTESIAN_POINT('',(-209.91,-98.41,179.896));
#4240 = CARTESIAN_POINT('',(-209.91,-61.41,179.896));
#4241 = PCURVE('',#4197,#4242);
#4242 = DEFINITIONAL_REPRESENTATION('',(#4243),#4246);
#4243 = B_SPLINE_CURVE_WITH_KNOTS('',1,(#4244,#4245),.UNSPECIFIED.,.F.,
  .F.,(2,2),(0.,1.456692913386),.PIECEWISE_BEZIER_KNOTS.);
#4244 = CARTESIAN_POINT('',(0.,-0.787401574803));
#4245 = CARTESIAN_POINT('',(1.456692913386,-0.787401574803));
#4246 = ( GEOMETRIC_REPRESENTATION_CONTEXT(2) 
PARAMETRIC_REPRESENTATION_CONTEXT() REPRESENTATION_CONTEXT('2D SPACE',''
  ) );
#4247 = PCURVE('',#4150,#4248);
#4248 = DEFINITIONAL_REPRESENTATION('',(#4249),#4252);
#4249 = B_SPLINE_CURVE_WITH_KNOTS('',1,(#4250,#4251),.UNSPECIFIED.,.F.,
  .F.,(2,2),(0.,1.456692913386),.PIECEWISE_BEZIER_KNOTS.);
#4250 = CARTESIAN_POINT('',(0.,1.574803149606));
#4251 = CARTESIAN_POINT('',(1.456692913386,1.574803149606));
#4252 = ( GEOMETRIC_REPRESENTATION_CONTEXT(2) 
PARAMETRIC_REPRESENTATION_CONTEXT() REPRESENTATION_CONTEXT('2D SPACE',''
  ) );
#4253 = ORIENTED_EDGE('',*,*,#4254,.F.);
#4254 = EDGE_CURVE('',#4190,#4235,#4255,.T.);
#4255 = SURFACE_CURVE('',#4256,(#4259,#4265),.PCURVE_S1.);
#4256 = B_SPLINE_CURVE_WITH_KNOTS('',1,(#4257,#4258),.UNSPECIFIED.,.F.,
  .F.,(2,2),(0.,0.787401574803),.PIECEWISE_BEZIER_KNOTS.);
#4257 = CARTESIAN_POINT('',(-229.91,-61.41,179.896));
#4258 = CARTESIAN_POINT('',(-209.91,-61.41,179.896));
#4259 = PCURVE('',#4197,#4260);
#4260 = DEFINITIONAL_REPRESENTATION('',(#4261),#4264);
#4261 = B_SPLINE_CURVE_WITH_KNOTS('',1,(#4262,#4263),.UNSPECIFIED.,.F.,
  .F.,(2,2),(0.,0.787401574803),.PIECEWISE_BEZIER_KNOTS.);
#4262 = CARTESIAN_POINT('',(1.456692913386,0.));
#4263 = CARTESIAN_POINT('',(1.456692913386,-0.787401574803));
#4264 = ( GEOMETRIC_REPRESENTATION_CONTEXT(2) 
PARAMETRIC_REPRESENTATION_CONTEXT() REPRESENTATION_CONTEXT('2D SPACE',''
  ) );
#4265 = PCURVE('',#4173,#4266);
#4266 = DEFINITIONAL_REPRESENTATION('',(#4267),#4270);
#4267 = B_SPLINE_CURVE_WITH_KNOTS('',1,(#4268,#4269),.UNSPECIFIED.,.F.,
  .F.,(2,2),(0.,0.787401574803),.PIECEWISE_BEZIER_KNOTS.);
#4268 = CARTESIAN_POINT('',(1.574803149606,0.));
#4269 = CARTESIAN_POINT('',(1.574803149606,0.787401574803));
#4270 = ( GEOMETRIC_REPRESENTATION_CONTEXT(2) 
PARAMETRIC_REPRESENTATION_CONTEXT() REPRESENTATION_CONTEXT('2D SPACE',''
  ) );
#4271 = ADVANCED_FACE('',(#4272),#4100,.F.);
#4272 = FACE_BOUND('',#4273,.F.);
#4273 = EDGE_LOOP('',(#4274,#4292,#4293,#4311));
#4274 = ORIENTED_EDGE('',*,*,#4275,.F.);
#4275 = EDGE_CURVE('',#4080,#4188,#4276,.T.);
#4276 = SURFACE_CURVE('',#4277,(#4280,#4286),.PCURVE_S1.);
#4277 = B_SPLINE_CURVE_WITH_KNOTS('',1,(#4278,#4279),.UNSPECIFIED.,.F.,
  .F.,(2,2),(0.,1.574803149606),.PIECEWISE_BEZIER_KNOTS.);
#4278 = CARTESIAN_POINT('',(-229.91,-98.41,139.896));
#4279 = CARTESIAN_POINT('',(-229.91,-98.41,179.896));
#4280 = PCURVE('',#4100,#4281);
#4281 = DEFINITIONAL_REPRESENTATION('',(#4282),#4285);
#4282 = B_SPLINE_CURVE_WITH_KNOTS('',1,(#4283,#4284),.UNSPECIFIED.,.F.,
  .F.,(2,2),(0.,1.574803149606),.PIECEWISE_BEZIER_KNOTS.);
#4283 = CARTESIAN_POINT('',(0.,0.));
#4284 = CARTESIAN_POINT('',(0.,1.574803149606));
#4285 = ( GEOMETRIC_REPRESENTATION_CONTEXT(2) 
PARAMETRIC_REPRESENTATION_CONTEXT() REPRESENTATION_CONTEXT('2D SPACE',''
  ) );
#4286 = PCURVE('',#4125,#4287);
#4287 = DEFINITIONAL_REPRESENTATION('',(#4288),#4291);
#4288 = B_SPLINE_CURVE_WITH_KNOTS('',1,(#4289,#4290),.UNSPECIFIED.,.F.,
  .F.,(2,2),(0.,1.574803149606),.PIECEWISE_BEZIER_KNOTS.);
#4289 = CARTESIAN_POINT('',(0.,0.));
#4290 = CARTESIAN_POINT('',(1.574803149606,0.));
#4291 = ( GEOMETRIC_REPRESENTATION_CONTEXT(2) 
PARAMETRIC_REPRESENTATION_CONTEXT() REPRESENTATION_CONTEXT('2D SPACE',''
  ) );
#4292 = ORIENTED_EDGE('',*,*,#4079,.T.);
#4293 = ORIENTED_EDGE('',*,*,#4294,.T.);
#4294 = EDGE_CURVE('',#4082,#4190,#4295,.T.);
#4295 = SURFACE_CURVE('',#4296,(#4299,#4305),.PCURVE_S1.);
#4296 = B_SPLINE_CURVE_WITH_KNOTS('',1,(#4297,#4298),.UNSPECIFIED.,.F.,
  .F.,(2,2),(0.,1.574803149606),.PIECEWISE_BEZIER_KNOTS.);
#4297 = CARTESIAN_POINT('',(-229.91,-61.41,139.896));
#4298 = CARTESIAN_POINT('',(-229.91,-61.41,179.896));
#4299 = PCURVE('',#4100,#4300);
#4300 = DEFINITIONAL_REPRESENTATION('',(#4301),#4304);
#4301 = B_SPLINE_CURVE_WITH_KNOTS('',1,(#4302,#4303),.UNSPECIFIED.,.F.,
  .F.,(2,2),(0.,1.574803149606),.PIECEWISE_BEZIER_KNOTS.);
#4302 = CARTESIAN_POINT('',(1.456692913386,0.));
#4303 = CARTESIAN_POINT('',(1.456692913386,1.574803149606));
#4304 = ( GEOMETRIC_REPRESENTATION_CONTEXT(2) 
PARAMETRIC_REPRESENTATION_CONTEXT() REPRESENTATION_CONTEXT('2D SPACE',''
  ) );
#4305 = PCURVE('',#4173,#4306);
#4306 = DEFINITIONAL_REPRESENTATION('',(#4307),#4310);
#4307 = B_SPLINE_CURVE_WITH_KNOTS('',1,(#4308,#4309),.UNSPECIFIED.,.F.,
  .F.,(2,2),(0.,1.574803149606),.PIECEWISE_BEZIER_KNOTS.);
#4308 = CARTESIAN_POINT('',(0.,0.));
#4309 = CARTESIAN_POINT('',(1.574803149606,0.));
#4310 = ( GEOMETRIC_REPRESENTATION_CONTEXT(2) 
PARAMETRIC_REPRESENTATION_CONTEXT() REPRESENTATION_CONTEXT('2D SPACE',''
  ) );
#4311 = ORIENTED_EDGE('',*,*,#4187,.F.);
#4312 = ADVANCED_FACE('',(#4313),#4150,.T.);
#4313 = FACE_BOUND('',#4314,.T.);
#4314 = EDGE_LOOP('',(#4315,#4333,#4334,#4352));
#4315 = ORIENTED_EDGE('',*,*,#4316,.F.);
#4316 = EDGE_CURVE('',#4112,#4215,#4317,.T.);
#4317 = SURFACE_CURVE('',#4318,(#4321,#4327),.PCURVE_S1.);
#4318 = B_SPLINE_CURVE_WITH_KNOTS('',1,(#4319,#4320),.UNSPECIFIED.,.F.,
  .F.,(2,2),(0.,1.574803149606),.PIECEWISE_BEZIER_KNOTS.);
#4319 = CARTESIAN_POINT('',(-209.91,-98.41,139.896));
#4320 = CARTESIAN_POINT('',(-209.91,-98.41,179.896));
#4321 = PCURVE('',#4150,#4322);
#4322 = DEFINITIONAL_REPRESENTATION('',(#4323),#4326);
#4323 = B_SPLINE_CURVE_WITH_KNOTS('',1,(#4324,#4325),.UNSPECIFIED.,.F.,
  .F.,(2,2),(0.,1.574803149606),.PIECEWISE_BEZIER_KNOTS.);
#4324 = CARTESIAN_POINT('',(0.,0.));
#4325 = CARTESIAN_POINT('',(0.,1.574803149606));
#4326 = ( GEOMETRIC_REPRESENTATION_CONTEXT(2) 
PARAMETRIC_REPRESENTATION_CONTEXT() REPRESENTATION_CONTEXT('2D SPACE',''
  ) );
#4327 = PCURVE('',#4125,#4328);
#4328 = DEFINITIONAL_REPRESENTATION('',(#4329),#4332);
#4329 = B_SPLINE_CURVE_WITH_KNOTS('',1,(#4330,#4331),.UNSPECIFIED.,.F.,
  .F.,(2,2),(0.,1.574803149606),.PIECEWISE_BEZIER_KNOTS.);
#4330 = CARTESIAN_POINT('',(0.,0.787401574803));
#4331 = CARTESIAN_POINT('',(1.574803149606,0.787401574803));
#4332 = ( GEOMETRIC_REPRESENTATION_CONTEXT(2) 
PARAMETRIC_REPRESENTATION_CONTEXT() REPRESENTATION_CONTEXT('2D SPACE',''
  ) );
#4333 = ORIENTED_EDGE('',*,*,#4136,.T.);
#4334 = ORIENTED_EDGE('',*,*,#4335,.T.);
#4335 = EDGE_CURVE('',#4137,#4235,#4336,.T.);
#4336 = SURFACE_CURVE('',#4337,(#4340,#4346),.PCURVE_S1.);
#4337 = B_SPLINE_CURVE_WITH_KNOTS('',1,(#4338,#4339),.UNSPECIFIED.,.F.,
  .F.,(2,2),(0.,1.574803149606),.PIECEWISE_BEZIER_KNOTS.);
#4338 = CARTESIAN_POINT('',(-209.91,-61.41,139.896));
#4339 = CARTESIAN_POINT('',(-209.91,-61.41,179.896));
#4340 = PCURVE('',#4150,#4341);
#4341 = DEFINITIONAL_REPRESENTATION('',(#4342),#4345);
#4342 = B_SPLINE_CURVE_WITH_KNOTS('',1,(#4343,#4344),.UNSPECIFIED.,.F.,
  .F.,(2,2),(0.,1.574803149606),.PIECEWISE_BEZIER_KNOTS.);
#4343 = CARTESIAN_POINT('',(1.456692913386,0.));
#4344 = CARTESIAN_POINT('',(1.456692913386,1.574803149606));
#4345 = ( GEOMETRIC_REPRESENTATION_CONTEXT(2) 
PARAMETRIC_REPRESENTATION_CONTEXT() REPRESENTATION_CONTEXT('2D SPACE',''
  ) );
#4346 = PCURVE('',#4173,#4347);
#4347 = DEFINITIONAL_REPRESENTATION('',(#4348),#4351);
#4348 = B_SPLINE_CURVE_WITH_KNOTS('',1,(#4349,#4350),.UNSPECIFIED.,.F.,
  .F.,(2,2),(0.,1.574803149606),.PIECEWISE_BEZIER_KNOTS.);
#4349 = CARTESIAN_POINT('',(0.,0.787401574803));
#4350 = CARTESIAN_POINT('',(1.574803149606,0.787401574803));
#4351 = ( GEOMETRIC_REPRESENTATION_CONTEXT(2) 
PARAMETRIC_REPRESENTATION_CONTEXT() REPRESENTATION_CONTEXT('2D SPACE',''
  ) );
#4352 = ORIENTED_EDGE('',*,*,#4234,.F.);
#4353 = ADVANCED_FACE('',(#4354),#4125,.F.);
#4354 = FACE_BOUND('',#4355,.F.);
#4355 = EDGE_LOOP('',(#4356,#4357,#4358,#4359));
#4356 = ORIENTED_EDGE('',*,*,#4111,.F.);
#4357 = ORIENTED_EDGE('',*,*,#4275,.T.);
#4358 = ORIENTED_EDGE('',*,*,#4214,.T.);
#4359 = ORIENTED_EDGE('',*,*,#4316,.F.);
#4360 = ADVANCED_FACE('',(#4361),#4173,.T.);
#4361 = FACE_BOUND('',#4362,.T.);
#4362 = EDGE_LOOP('',(#4363,#4364,#4365,#4366));
#4363 = ORIENTED_EDGE('',*,*,#4161,.F.);
#4364 = ORIENTED_EDGE('',*,*,#4294,.T.);
#4365 = ORIENTED_EDGE('',*,*,#4254,.T.);
#4366 = ORIENTED_EDGE('',*,*,#4335,.F.);
#4367 = ( GEOMETRIC_REPRESENTATION_CONTEXT(3) 
GLOBAL_UNCERTAINTY_ASSIGNED_CONTEXT((#4371)) 
GLOBAL_UNIT_ASSIGNED_CONTEXT((#4368,#4369,#4370)) REPRESENTATION_CONTEXT
('Context #1','3D Context with UNIT and UNCERTAINTY') );
#4368 = ( LENGTH_UNIT() NAMED_UNIT(*) SI_UNIT(.MILLI.,.METRE.) );
#4369 = ( NAMED_UNIT(*) PLANE_ANGLE_UNIT() SI_UNIT($,.RADIAN.) );
#4370 = ( NAMED_UNIT(*) SI_UNIT($,.STERADIAN.) SOLID_ANGLE_UNIT() );
#4371 = UNCERTAINTY_MEASURE_WITH_UNIT(LENGTH_MEASURE(2.E-06),#4368,
  'distance_accuracy_value','confusion accuracy');
#4372 = CONTEXT_DEPENDENT_SHAPE_REPRESENTATION(#4373,#4375);
#4373 = ( REPRESENTATION_RELATIONSHIP('','',#4072,#10) 
REPRESENTATION_RELATIONSHIP_WITH_TRANSFORMATION(#4374) 
SHAPE_REPRESENTATION_RELATIONSHIP() );
#4374 = ITEM_DEFINED_TRANSFORMATION('','',#11,#43);
#4375 = PRODUCT_DEFINITION_SHAPE('Placement','Placement of an item',
  #4376);
#4376 = NEXT_ASSEMBLY_USAGE_OCCURRENCE('8',
'flap_latch_servo_R (goBILDA 2000-0025-0003 or any standard-size servo: 
holds the flap folded until START)','',#5,#4067,$);
#4377 = PRODUCT_RELATED_PRODUCT_CATEGORY('part',$,(#4069));
#4378 = SHAPE_DEFINITION_REPRESENTATION(#4379,#4385);
#4379 = PRODUCT_DEFINITION_SHAPE('','',#4380);
#4380 = PRODUCT_DEFINITION('design','',#4381,#4384);
#4381 = PRODUCT_DEFINITION_FORMATION('','',#4382);
#4382 = PRODUCT(
'flap_latch_horn_R (print, PETG, on the servo''s spline: across the 
knuckle''s notch while folded)',
'flap_latch_horn_R (print, PETG, on the servo''s spline: across the 
knuckle''s notch while folded)','',(#4383));
#4383 = PRODUCT_CONTEXT('',#2,'mechanical');
#4384 = PRODUCT_DEFINITION_CONTEXT('part definition',#2,'design');
#4385 = ADVANCED_BREP_SHAPE_REPRESENTATION('',(#11,#4386),#4680);
#4386 = MANIFOLD_SOLID_BREP('',#4387);
#4387 = CLOSED_SHELL('',(#4388,#4496,#4584,#4625,#4666,#4673));
#4388 = ADVANCED_FACE('',(#4389),#4402,.T.);
#4389 = FACE_BOUND('',#4390,.T.);
#4390 = EDGE_LOOP('',(#4391,#4423,#4448,#4473));
#4391 = ORIENTED_EDGE('',*,*,#4392,.F.);
#4392 = EDGE_CURVE('',#4393,#4395,#4397,.T.);
#4393 = VERTEX_POINT('',#4394);
#4394 = CARTESIAN_POINT('',(-216.1,-104.76,172.944));
#4395 = VERTEX_POINT('',#4396);
#4396 = CARTESIAN_POINT('',(-216.1,-100.442,172.944));
#4397 = SURFACE_CURVE('',#4398,(#4401,#4412),.PCURVE_S1.);
#4398 = B_SPLINE_CURVE_WITH_KNOTS('',1,(#4399,#4400),.UNSPECIFIED.,.F.,
  .F.,(2,2),(0.,0.17),.PIECEWISE_BEZIER_KNOTS.);
#4399 = CARTESIAN_POINT('',(-216.1,-104.76,172.944));
#4400 = CARTESIAN_POINT('',(-216.1,-100.442,172.944));
#4401 = PCURVE('',#4402,#4407);
#4402 = B_SPLINE_SURFACE_WITH_KNOTS('',1,1,(
    (#4403,#4404)
    ,(#4405,#4406
    )),.UNSPECIFIED.,.F.,.F.,.F.,(2,2),(2,2),(0.,0.17),(-0.24,0.),
  .PIECEWISE_BEZIER_KNOTS.);
#4403 = CARTESIAN_POINT('',(-216.1,-104.76,166.848));
#4404 = CARTESIAN_POINT('',(-216.1,-104.76,172.944));
#4405 = CARTESIAN_POINT('',(-216.1,-100.442,166.848));
#4406 = CARTESIAN_POINT('',(-216.1,-100.442,172.944));
#4407 = DEFINITIONAL_REPRESENTATION('',(#4408),#4411);
#4408 = B_SPLINE_CURVE_WITH_KNOTS('',1,(#4409,#4410),.UNSPECIFIED.,.F.,
  .F.,(2,2),(0.,0.17),.PIECEWISE_BEZIER_KNOTS.);
#4409 = CARTESIAN_POINT('',(0.,0.));
#4410 = CARTESIAN_POINT('',(0.17,0.));
#4411 = ( GEOMETRIC_REPRESENTATION_CONTEXT(2) 
PARAMETRIC_REPRESENTATION_CONTEXT() REPRESENTATION_CONTEXT('2D SPACE',''
  ) );
#4412 = PCURVE('',#4413,#4418);
#4413 = B_SPLINE_SURFACE_WITH_KNOTS('',1,1,(
    (#4414,#4415)
    ,(#4416,#4417
    )),.UNSPECIFIED.,.F.,.F.,.F.,(2,2),(2,2),(0.,0.17),(0.,1.15),
  .PIECEWISE_BEZIER_KNOTS.);
#4414 = CARTESIAN_POINT('',(-216.1,-104.76,172.944));
#4415 = CARTESIAN_POINT('',(-245.31,-104.76,172.944));
#4416 = CARTESIAN_POINT('',(-216.1,-100.442,172.944));
#4417 = CARTESIAN_POINT('',(-245.31,-100.442,172.944));
#4418 = DEFINITIONAL_REPRESENTATION('',(#4419),#4422);
#4419 = B_SPLINE_CURVE_WITH_KNOTS('',1,(#4420,#4421),.UNSPECIFIED.,.F.,
  .F.,(2,2),(0.,0.17),.PIECEWISE_BEZIER_KNOTS.);
#4420 = CARTESIAN_POINT('',(0.,0.));
#4421 = CARTESIAN_POINT('',(0.17,0.));
#4422 = ( GEOMETRIC_REPRESENTATION_CONTEXT(2) 
PARAMETRIC_REPRESENTATION_CONTEXT() REPRESENTATION_CONTEXT('2D SPACE',''
  ) );
#4423 = ORIENTED_EDGE('',*,*,#4424,.T.);
#4424 = EDGE_CURVE('',#4393,#4425,#4427,.T.);
#4425 = VERTEX_POINT('',#4426);
#4426 = CARTESIAN_POINT('',(-216.1,-104.76,166.848));
#4427 = SURFACE_CURVE('',#4428,(#4431,#4437),.PCURVE_S1.);
#4428 = B_SPLINE_CURVE_WITH_KNOTS('',1,(#4429,#4430),.UNSPECIFIED.,.F.,
  .F.,(2,2),(0.,0.24),.PIECEWISE_BEZIER_KNOTS.);
#4429 = CARTESIAN_POINT('',(-216.1,-104.76,172.944));
#4430 = CARTESIAN_POINT('',(-216.1,-104.76,166.848));
#4431 = PCURVE('',#4402,#4432);
#4432 = DEFINITIONAL_REPRESENTATION('',(#4433),#4436);
#4433 = B_SPLINE_CURVE_WITH_KNOTS('',1,(#4434,#4435),.UNSPECIFIED.,.F.,
  .F.,(2,2),(0.,0.24),.PIECEWISE_BEZIER_KNOTS.);
#4434 = CARTESIAN_POINT('',(0.,0.));
#4435 = CARTESIAN_POINT('',(0.,-0.24));
#4436 = ( GEOMETRIC_REPRESENTATION_CONTEXT(2) 
PARAMETRIC_REPRESENTATION_CONTEXT() REPRESENTATION_CONTEXT('2D SPACE',''
  ) );
#4437 = PCURVE('',#4438,#4443);
#4438 = B_SPLINE_SURFACE_WITH_KNOTS('',1,1,(
    (#4439,#4440)
    ,(#4441,#4442
    )),.UNSPECIFIED.,.F.,.F.,.F.,(2,2),(2,2),(-2.6645352591E-17,1.15),(
    0.,0.24),.PIECEWISE_BEZIER_KNOTS.);
#4439 = CARTESIAN_POINT('',(-216.1,-104.76,172.944));
#4440 = CARTESIAN_POINT('',(-216.1,-104.76,166.848));
#4441 = CARTESIAN_POINT('',(-245.31,-104.76,172.944));
#4442 = CARTESIAN_POINT('',(-245.31,-104.76,166.848));
#4443 = DEFINITIONAL_REPRESENTATION('',(#4444),#4447);
#4444 = B_SPLINE_CURVE_WITH_KNOTS('',1,(#4445,#4446),.UNSPECIFIED.,.F.,
  .F.,(2,2),(0.,0.24),.PIECEWISE_BEZIER_KNOTS.);
#4445 = CARTESIAN_POINT('',(0.,0.));
#4446 = CARTESIAN_POINT('',(0.,0.24));
#4447 = ( GEOMETRIC_REPRESENTATION_CONTEXT(2) 
PARAMETRIC_REPRESENTATION_CONTEXT() REPRESENTATION_CONTEXT('2D SPACE',''
  ) );
#4448 = ORIENTED_EDGE('',*,*,#4449,.T.);
#4449 = EDGE_CURVE('',#4425,#4450,#4452,.T.);
#4450 = VERTEX_POINT('',#4451);
#4451 = CARTESIAN_POINT('',(-216.1,-100.442,166.848));
#4452 = SURFACE_CURVE('',#4453,(#4456,#4462),.PCURVE_S1.);
#4453 = B_SPLINE_CURVE_WITH_KNOTS('',1,(#4454,#4455),.UNSPECIFIED.,.F.,
  .F.,(2,2),(0.,0.17),.PIECEWISE_BEZIER_KNOTS.);
#4454 = CARTESIAN_POINT('',(-216.1,-104.76,166.848));
#4455 = CARTESIAN_POINT('',(-216.1,-100.442,166.848));
#4456 = PCURVE('',#4402,#4457);
#4457 = DEFINITIONAL_REPRESENTATION('',(#4458),#4461);
#4458 = B_SPLINE_CURVE_WITH_KNOTS('',1,(#4459,#4460),.UNSPECIFIED.,.F.,
  .F.,(2,2),(0.,0.17),.PIECEWISE_BEZIER_KNOTS.);
#4459 = CARTESIAN_POINT('',(0.,-0.24));
#4460 = CARTESIAN_POINT('',(0.17,-0.24));
#4461 = ( GEOMETRIC_REPRESENTATION_CONTEXT(2) 
PARAMETRIC_REPRESENTATION_CONTEXT() REPRESENTATION_CONTEXT('2D SPACE',''
  ) );
#4462 = PCURVE('',#4463,#4468);
#4463 = B_SPLINE_SURFACE_WITH_KNOTS('',1,1,(
    (#4464,#4465)
    ,(#4466,#4467
    )),.UNSPECIFIED.,.F.,.F.,.F.,(2,2),(2,2),(0.,0.17),(0.,1.15),
  .PIECEWISE_BEZIER_KNOTS.);
#4464 = CARTESIAN_POINT('',(-216.1,-104.76,166.848));
#4465 = CARTESIAN_POINT('',(-245.31,-104.76,166.848));
#4466 = CARTESIAN_POINT('',(-216.1,-100.442,166.848));
#4467 = CARTESIAN_POINT('',(-245.31,-100.442,166.848));
#4468 = DEFINITIONAL_REPRESENTATION('',(#4469),#4472);
#4469 = B_SPLINE_CURVE_WITH_KNOTS('',1,(#4470,#4471),.UNSPECIFIED.,.F.,
  .F.,(2,2),(0.,0.17),.PIECEWISE_BEZIER_KNOTS.);
#4470 = CARTESIAN_POINT('',(0.,0.));
#4471 = CARTESIAN_POINT('',(0.17,0.));
#4472 = ( GEOMETRIC_REPRESENTATION_CONTEXT(2) 
PARAMETRIC_REPRESENTATION_CONTEXT() REPRESENTATION_CONTEXT('2D SPACE',''
  ) );
#4473 = ORIENTED_EDGE('',*,*,#4474,.F.);
#4474 = EDGE_CURVE('',#4395,#4450,#4475,.T.);
#4475 = SURFACE_CURVE('',#4476,(#4479,#4485),.PCURVE_S1.);
#4476 = B_SPLINE_CURVE_WITH_KNOTS('',1,(#4477,#4478),.UNSPECIFIED.,.F.,
  .F.,(2,2),(0.,0.24),.PIECEWISE_BEZIER_KNOTS.);
#4477 = CARTESIAN_POINT('',(-216.1,-100.442,172.944));
#4478 = CARTESIAN_POINT('',(-216.1,-100.442,166.848));
#4479 = PCURVE('',#4402,#4480);
#4480 = DEFINITIONAL_REPRESENTATION('',(#4481),#4484);
#4481 = B_SPLINE_CURVE_WITH_KNOTS('',1,(#4482,#4483),.UNSPECIFIED.,.F.,
  .F.,(2,2),(0.,0.24),.PIECEWISE_BEZIER_KNOTS.);
#4482 = CARTESIAN_POINT('',(0.17,0.));
#4483 = CARTESIAN_POINT('',(0.17,-0.24));
#4484 = ( GEOMETRIC_REPRESENTATION_CONTEXT(2) 
PARAMETRIC_REPRESENTATION_CONTEXT() REPRESENTATION_CONTEXT('2D SPACE',''
  ) );
#4485 = PCURVE('',#4486,#4491);
#4486 = B_SPLINE_SURFACE_WITH_KNOTS('',1,1,(
    (#4487,#4488)
    ,(#4489,#4490
    )),.UNSPECIFIED.,.F.,.F.,.F.,(2,2),(2,2),(-2.6645352591E-17,1.15),(
    0.,0.24),.PIECEWISE_BEZIER_KNOTS.);
#4487 = CARTESIAN_POINT('',(-216.1,-100.442,172.944));
#4488 = CARTESIAN_POINT('',(-216.1,-100.442,166.848));
#4489 = CARTESIAN_POINT('',(-245.31,-100.442,172.944));
#4490 = CARTESIAN_POINT('',(-245.31,-100.442,166.848));
#4491 = DEFINITIONAL_REPRESENTATION('',(#4492),#4495);
#4492 = B_SPLINE_CURVE_WITH_KNOTS('',1,(#4493,#4494),.UNSPECIFIED.,.F.,
  .F.,(2,2),(0.,0.24),.PIECEWISE_BEZIER_KNOTS.);
#4493 = CARTESIAN_POINT('',(0.,0.));
#4494 = CARTESIAN_POINT('',(0.,0.24));
#4495 = ( GEOMETRIC_REPRESENTATION_CONTEXT(2) 
PARAMETRIC_REPRESENTATION_CONTEXT() REPRESENTATION_CONTEXT('2D SPACE',''
  ) );
#4496 = ADVANCED_FACE('',(#4497),#4510,.F.);
#4497 = FACE_BOUND('',#4498,.F.);
#4498 = EDGE_LOOP('',(#4499,#4526,#4546,#4566));
#4499 = ORIENTED_EDGE('',*,*,#4500,.F.);
#4500 = EDGE_CURVE('',#4501,#4503,#4505,.T.);
#4501 = VERTEX_POINT('',#4502);
#4502 = CARTESIAN_POINT('',(-245.31,-104.76,172.944));
#4503 = VERTEX_POINT('',#4504);
#4504 = CARTESIAN_POINT('',(-245.31,-100.442,172.944));
#4505 = SURFACE_CURVE('',#4506,(#4509,#4520),.PCURVE_S1.);
#4506 = B_SPLINE_CURVE_WITH_KNOTS('',1,(#4507,#4508),.UNSPECIFIED.,.F.,
  .F.,(2,2),(0.,0.17),.PIECEWISE_BEZIER_KNOTS.);
#4507 = CARTESIAN_POINT('',(-245.31,-104.76,172.944));
#4508 = CARTESIAN_POINT('',(-245.31,-100.442,172.944));
#4509 = PCURVE('',#4510,#4515);
#4510 = B_SPLINE_SURFACE_WITH_KNOTS('',1,1,(
    (#4511,#4512)
    ,(#4513,#4514
    )),.UNSPECIFIED.,.F.,.F.,.F.,(2,2),(2,2),(0.,0.17),(-0.24,0.),
  .PIECEWISE_BEZIER_KNOTS.);
#4511 = CARTESIAN_POINT('',(-245.31,-104.76,166.848));
#4512 = CARTESIAN_POINT('',(-245.31,-104.76,172.944));
#4513 = CARTESIAN_POINT('',(-245.31,-100.442,166.848));
#4514 = CARTESIAN_POINT('',(-245.31,-100.442,172.944));
#4515 = DEFINITIONAL_REPRESENTATION('',(#4516),#4519);
#4516 = B_SPLINE_CURVE_WITH_KNOTS('',1,(#4517,#4518),.UNSPECIFIED.,.F.,
  .F.,(2,2),(0.,0.17),.PIECEWISE_BEZIER_KNOTS.);
#4517 = CARTESIAN_POINT('',(0.,0.));
#4518 = CARTESIAN_POINT('',(0.17,0.));
#4519 = ( GEOMETRIC_REPRESENTATION_CONTEXT(2) 
PARAMETRIC_REPRESENTATION_CONTEXT() REPRESENTATION_CONTEXT('2D SPACE',''
  ) );
#4520 = PCURVE('',#4413,#4521);
#4521 = DEFINITIONAL_REPRESENTATION('',(#4522),#4525);
#4522 = B_SPLINE_CURVE_WITH_KNOTS('',1,(#4523,#4524),.UNSPECIFIED.,.F.,
  .F.,(2,2),(0.,0.17),.PIECEWISE_BEZIER_KNOTS.);
#4523 = CARTESIAN_POINT('',(0.,1.15));
#4524 = CARTESIAN_POINT('',(0.17,1.15));
#4525 = ( GEOMETRIC_REPRESENTATION_CONTEXT(2) 
PARAMETRIC_REPRESENTATION_CONTEXT() REPRESENTATION_CONTEXT('2D SPACE',''
  ) );
#4526 = ORIENTED_EDGE('',*,*,#4527,.T.);
#4527 = EDGE_CURVE('',#4501,#4528,#4530,.T.);
#4528 = VERTEX_POINT('',#4529);
#4529 = CARTESIAN_POINT('',(-245.31,-104.76,166.848));
#4530 = SURFACE_CURVE('',#4531,(#4534,#4540),.PCURVE_S1.);
#4531 = B_SPLINE_CURVE_WITH_KNOTS('',1,(#4532,#4533),.UNSPECIFIED.,.F.,
  .F.,(2,2),(0.,0.24),.PIECEWISE_BEZIER_KNOTS.);
#4532 = CARTESIAN_POINT('',(-245.31,-104.76,172.944));
#4533 = CARTESIAN_POINT('',(-245.31,-104.76,166.848));
#4534 = PCURVE('',#4510,#4535);
#4535 = DEFINITIONAL_REPRESENTATION('',(#4536),#4539);
#4536 = B_SPLINE_CURVE_WITH_KNOTS('',1,(#4537,#4538),.UNSPECIFIED.,.F.,
  .F.,(2,2),(0.,0.24),.PIECEWISE_BEZIER_KNOTS.);
#4537 = CARTESIAN_POINT('',(0.,0.));
#4538 = CARTESIAN_POINT('',(0.,-0.24));
#4539 = ( GEOMETRIC_REPRESENTATION_CONTEXT(2) 
PARAMETRIC_REPRESENTATION_CONTEXT() REPRESENTATION_CONTEXT('2D SPACE',''
  ) );
#4540 = PCURVE('',#4438,#4541);
#4541 = DEFINITIONAL_REPRESENTATION('',(#4542),#4545);
#4542 = B_SPLINE_CURVE_WITH_KNOTS('',1,(#4543,#4544),.UNSPECIFIED.,.F.,
  .F.,(2,2),(0.,0.24),.PIECEWISE_BEZIER_KNOTS.);
#4543 = CARTESIAN_POINT('',(1.15,0.));
#4544 = CARTESIAN_POINT('',(1.15,0.24));
#4545 = ( GEOMETRIC_REPRESENTATION_CONTEXT(2) 
PARAMETRIC_REPRESENTATION_CONTEXT() REPRESENTATION_CONTEXT('2D SPACE',''
  ) );
#4546 = ORIENTED_EDGE('',*,*,#4547,.T.);
#4547 = EDGE_CURVE('',#4528,#4548,#4550,.T.);
#4548 = VERTEX_POINT('',#4549);
#4549 = CARTESIAN_POINT('',(-245.31,-100.442,166.848));
#4550 = SURFACE_CURVE('',#4551,(#4554,#4560),.PCURVE_S1.);
#4551 = B_SPLINE_CURVE_WITH_KNOTS('',1,(#4552,#4553),.UNSPECIFIED.,.F.,
  .F.,(2,2),(0.,0.17),.PIECEWISE_BEZIER_KNOTS.);
#4552 = CARTESIAN_POINT('',(-245.31,-104.76,166.848));
#4553 = CARTESIAN_POINT('',(-245.31,-100.442,166.848));
#4554 = PCURVE('',#4510,#4555);
#4555 = DEFINITIONAL_REPRESENTATION('',(#4556),#4559);
#4556 = B_SPLINE_CURVE_WITH_KNOTS('',1,(#4557,#4558),.UNSPECIFIED.,.F.,
  .F.,(2,2),(0.,0.17),.PIECEWISE_BEZIER_KNOTS.);
#4557 = CARTESIAN_POINT('',(0.,-0.24));
#4558 = CARTESIAN_POINT('',(0.17,-0.24));
#4559 = ( GEOMETRIC_REPRESENTATION_CONTEXT(2) 
PARAMETRIC_REPRESENTATION_CONTEXT() REPRESENTATION_CONTEXT('2D SPACE',''
  ) );
#4560 = PCURVE('',#4463,#4561);
#4561 = DEFINITIONAL_REPRESENTATION('',(#4562),#4565);
#4562 = B_SPLINE_CURVE_WITH_KNOTS('',1,(#4563,#4564),.UNSPECIFIED.,.F.,
  .F.,(2,2),(0.,0.17),.PIECEWISE_BEZIER_KNOTS.);
#4563 = CARTESIAN_POINT('',(0.,1.15));
#4564 = CARTESIAN_POINT('',(0.17,1.15));
#4565 = ( GEOMETRIC_REPRESENTATION_CONTEXT(2) 
PARAMETRIC_REPRESENTATION_CONTEXT() REPRESENTATION_CONTEXT('2D SPACE',''
  ) );
#4566 = ORIENTED_EDGE('',*,*,#4567,.F.);
#4567 = EDGE_CURVE('',#4503,#4548,#4568,.T.);
#4568 = SURFACE_CURVE('',#4569,(#4572,#4578),.PCURVE_S1.);
#4569 = B_SPLINE_CURVE_WITH_KNOTS('',1,(#4570,#4571),.UNSPECIFIED.,.F.,
  .F.,(2,2),(0.,0.24),.PIECEWISE_BEZIER_KNOTS.);
#4570 = CARTESIAN_POINT('',(-245.31,-100.442,172.944));
#4571 = CARTESIAN_POINT('',(-245.31,-100.442,166.848));
#4572 = PCURVE('',#4510,#4573);
#4573 = DEFINITIONAL_REPRESENTATION('',(#4574),#4577);
#4574 = B_SPLINE_CURVE_WITH_KNOTS('',1,(#4575,#4576),.UNSPECIFIED.,.F.,
  .F.,(2,2),(0.,0.24),.PIECEWISE_BEZIER_KNOTS.);
#4575 = CARTESIAN_POINT('',(0.17,0.));
#4576 = CARTESIAN_POINT('',(0.17,-0.24));
#4577 = ( GEOMETRIC_REPRESENTATION_CONTEXT(2) 
PARAMETRIC_REPRESENTATION_CONTEXT() REPRESENTATION_CONTEXT('2D SPACE',''
  ) );
#4578 = PCURVE('',#4486,#4579);
#4579 = DEFINITIONAL_REPRESENTATION('',(#4580),#4583);
#4580 = B_SPLINE_CURVE_WITH_KNOTS('',1,(#4581,#4582),.UNSPECIFIED.,.F.,
  .F.,(2,2),(0.,0.24),.PIECEWISE_BEZIER_KNOTS.);
#4581 = CARTESIAN_POINT('',(1.15,0.));
#4582 = CARTESIAN_POINT('',(1.15,0.24));
#4583 = ( GEOMETRIC_REPRESENTATION_CONTEXT(2) 
PARAMETRIC_REPRESENTATION_CONTEXT() REPRESENTATION_CONTEXT('2D SPACE',''
  ) );
#4584 = ADVANCED_FACE('',(#4585),#4413,.T.);
#4585 = FACE_BOUND('',#4586,.T.);
#4586 = EDGE_LOOP('',(#4587,#4605,#4606,#4624));
#4587 = ORIENTED_EDGE('',*,*,#4588,.F.);
#4588 = EDGE_CURVE('',#4393,#4501,#4589,.T.);
#4589 = SURFACE_CURVE('',#4590,(#4593,#4599),.PCURVE_S1.);
#4590 = B_SPLINE_CURVE_WITH_KNOTS('',1,(#4591,#4592),.UNSPECIFIED.,.F.,
  .F.,(2,2),(0.,1.15),.PIECEWISE_BEZIER_KNOTS.);
#4591 = CARTESIAN_POINT('',(-216.1,-104.76,172.944));
#4592 = CARTESIAN_POINT('',(-245.31,-104.76,172.944));
#4593 = PCURVE('',#4413,#4594);
#4594 = DEFINITIONAL_REPRESENTATION('',(#4595),#4598);
#4595 = B_SPLINE_CURVE_WITH_KNOTS('',1,(#4596,#4597),.UNSPECIFIED.,.F.,
  .F.,(2,2),(0.,1.15),.PIECEWISE_BEZIER_KNOTS.);
#4596 = CARTESIAN_POINT('',(0.,0.));
#4597 = CARTESIAN_POINT('',(0.,1.15));
#4598 = ( GEOMETRIC_REPRESENTATION_CONTEXT(2) 
PARAMETRIC_REPRESENTATION_CONTEXT() REPRESENTATION_CONTEXT('2D SPACE',''
  ) );
#4599 = PCURVE('',#4438,#4600);
#4600 = DEFINITIONAL_REPRESENTATION('',(#4601),#4604);
#4601 = B_SPLINE_CURVE_WITH_KNOTS('',1,(#4602,#4603),.UNSPECIFIED.,.F.,
  .F.,(2,2),(0.,1.15),.PIECEWISE_BEZIER_KNOTS.);
#4602 = CARTESIAN_POINT('',(0.,0.));
#4603 = CARTESIAN_POINT('',(1.15,0.));
#4604 = ( GEOMETRIC_REPRESENTATION_CONTEXT(2) 
PARAMETRIC_REPRESENTATION_CONTEXT() REPRESENTATION_CONTEXT('2D SPACE',''
  ) );
#4605 = ORIENTED_EDGE('',*,*,#4392,.T.);
#4606 = ORIENTED_EDGE('',*,*,#4607,.T.);
#4607 = EDGE_CURVE('',#4395,#4503,#4608,.T.);
#4608 = SURFACE_CURVE('',#4609,(#4612,#4618),.PCURVE_S1.);
#4609 = B_SPLINE_CURVE_WITH_KNOTS('',1,(#4610,#4611),.UNSPECIFIED.,.F.,
  .F.,(2,2),(0.,1.15),.PIECEWISE_BEZIER_KNOTS.);
#4610 = CARTESIAN_POINT('',(-216.1,-100.442,172.944));
#4611 = CARTESIAN_POINT('',(-245.31,-100.442,172.944));
#4612 = PCURVE('',#4413,#4613);
#4613 = DEFINITIONAL_REPRESENTATION('',(#4614),#4617);
#4614 = B_SPLINE_CURVE_WITH_KNOTS('',1,(#4615,#4616),.UNSPECIFIED.,.F.,
  .F.,(2,2),(0.,1.15),.PIECEWISE_BEZIER_KNOTS.);
#4615 = CARTESIAN_POINT('',(0.17,0.));
#4616 = CARTESIAN_POINT('',(0.17,1.15));
#4617 = ( GEOMETRIC_REPRESENTATION_CONTEXT(2) 
PARAMETRIC_REPRESENTATION_CONTEXT() REPRESENTATION_CONTEXT('2D SPACE',''
  ) );
#4618 = PCURVE('',#4486,#4619);
#4619 = DEFINITIONAL_REPRESENTATION('',(#4620),#4623);
#4620 = B_SPLINE_CURVE_WITH_KNOTS('',1,(#4621,#4622),.UNSPECIFIED.,.F.,
  .F.,(2,2),(0.,1.15),.PIECEWISE_BEZIER_KNOTS.);
#4621 = CARTESIAN_POINT('',(0.,0.));
#4622 = CARTESIAN_POINT('',(1.15,0.));
#4623 = ( GEOMETRIC_REPRESENTATION_CONTEXT(2) 
PARAMETRIC_REPRESENTATION_CONTEXT() REPRESENTATION_CONTEXT('2D SPACE',''
  ) );
#4624 = ORIENTED_EDGE('',*,*,#4500,.F.);
#4625 = ADVANCED_FACE('',(#4626),#4463,.F.);
#4626 = FACE_BOUND('',#4627,.F.);
#4627 = EDGE_LOOP('',(#4628,#4646,#4647,#4665));
#4628 = ORIENTED_EDGE('',*,*,#4629,.F.);
#4629 = EDGE_CURVE('',#4425,#4528,#4630,.T.);
#4630 = SURFACE_CURVE('',#4631,(#4634,#4640),.PCURVE_S1.);
#4631 = B_SPLINE_CURVE_WITH_KNOTS('',1,(#4632,#4633),.UNSPECIFIED.,.F.,
  .F.,(2,2),(0.,1.15),.PIECEWISE_BEZIER_KNOTS.);
#4632 = CARTESIAN_POINT('',(-216.1,-104.76,166.848));
#4633 = CARTESIAN_POINT('',(-245.31,-104.76,166.848));
#4634 = PCURVE('',#4463,#4635);
#4635 = DEFINITIONAL_REPRESENTATION('',(#4636),#4639);
#4636 = B_SPLINE_CURVE_WITH_KNOTS('',1,(#4637,#4638),.UNSPECIFIED.,.F.,
  .F.,(2,2),(0.,1.15),.PIECEWISE_BEZIER_KNOTS.);
#4637 = CARTESIAN_POINT('',(0.,0.));
#4638 = CARTESIAN_POINT('',(0.,1.15));
#4639 = ( GEOMETRIC_REPRESENTATION_CONTEXT(2) 
PARAMETRIC_REPRESENTATION_CONTEXT() REPRESENTATION_CONTEXT('2D SPACE',''
  ) );
#4640 = PCURVE('',#4438,#4641);
#4641 = DEFINITIONAL_REPRESENTATION('',(#4642),#4645);
#4642 = B_SPLINE_CURVE_WITH_KNOTS('',1,(#4643,#4644),.UNSPECIFIED.,.F.,
  .F.,(2,2),(0.,1.15),.PIECEWISE_BEZIER_KNOTS.);
#4643 = CARTESIAN_POINT('',(0.,0.24));
#4644 = CARTESIAN_POINT('',(1.15,0.24));
#4645 = ( GEOMETRIC_REPRESENTATION_CONTEXT(2) 
PARAMETRIC_REPRESENTATION_CONTEXT() REPRESENTATION_CONTEXT('2D SPACE',''
  ) );
#4646 = ORIENTED_EDGE('',*,*,#4449,.T.);
#4647 = ORIENTED_EDGE('',*,*,#4648,.T.);
#4648 = EDGE_CURVE('',#4450,#4548,#4649,.T.);
#4649 = SURFACE_CURVE('',#4650,(#4653,#4659),.PCURVE_S1.);
#4650 = B_SPLINE_CURVE_WITH_KNOTS('',1,(#4651,#4652),.UNSPECIFIED.,.F.,
  .F.,(2,2),(0.,1.15),.PIECEWISE_BEZIER_KNOTS.);
#4651 = CARTESIAN_POINT('',(-216.1,-100.442,166.848));
#4652 = CARTESIAN_POINT('',(-245.31,-100.442,166.848));
#4653 = PCURVE('',#4463,#4654);
#4654 = DEFINITIONAL_REPRESENTATION('',(#4655),#4658);
#4655 = B_SPLINE_CURVE_WITH_KNOTS('',1,(#4656,#4657),.UNSPECIFIED.,.F.,
  .F.,(2,2),(0.,1.15),.PIECEWISE_BEZIER_KNOTS.);
#4656 = CARTESIAN_POINT('',(0.17,0.));
#4657 = CARTESIAN_POINT('',(0.17,1.15));
#4658 = ( GEOMETRIC_REPRESENTATION_CONTEXT(2) 
PARAMETRIC_REPRESENTATION_CONTEXT() REPRESENTATION_CONTEXT('2D SPACE',''
  ) );
#4659 = PCURVE('',#4486,#4660);
#4660 = DEFINITIONAL_REPRESENTATION('',(#4661),#4664);
#4661 = B_SPLINE_CURVE_WITH_KNOTS('',1,(#4662,#4663),.UNSPECIFIED.,.F.,
  .F.,(2,2),(0.,1.15),.PIECEWISE_BEZIER_KNOTS.);
#4662 = CARTESIAN_POINT('',(0.,0.24));
#4663 = CARTESIAN_POINT('',(1.15,0.24));
#4664 = ( GEOMETRIC_REPRESENTATION_CONTEXT(2) 
PARAMETRIC_REPRESENTATION_CONTEXT() REPRESENTATION_CONTEXT('2D SPACE',''
  ) );
#4665 = ORIENTED_EDGE('',*,*,#4547,.F.);
#4666 = ADVANCED_FACE('',(#4667),#4438,.T.);
#4667 = FACE_BOUND('',#4668,.T.);
#4668 = EDGE_LOOP('',(#4669,#4670,#4671,#4672));
#4669 = ORIENTED_EDGE('',*,*,#4424,.F.);
#4670 = ORIENTED_EDGE('',*,*,#4588,.T.);
#4671 = ORIENTED_EDGE('',*,*,#4527,.T.);
#4672 = ORIENTED_EDGE('',*,*,#4629,.F.);
#4673 = ADVANCED_FACE('',(#4674),#4486,.F.);
#4674 = FACE_BOUND('',#4675,.F.);
#4675 = EDGE_LOOP('',(#4676,#4677,#4678,#4679));
#4676 = ORIENTED_EDGE('',*,*,#4474,.F.);
#4677 = ORIENTED_EDGE('',*,*,#4607,.T.);
#4678 = ORIENTED_EDGE('',*,*,#4567,.T.);
#4679 = ORIENTED_EDGE('',*,*,#4648,.F.);
#4680 = ( GEOMETRIC_REPRESENTATION_CONTEXT(3) 
GLOBAL_UNCERTAINTY_ASSIGNED_CONTEXT((#4684)) 
GLOBAL_UNIT_ASSIGNED_CONTEXT((#4681,#4682,#4683)) REPRESENTATION_CONTEXT
('Context #1','3D Context with UNIT and UNCERTAINTY') );
#4681 = ( LENGTH_UNIT() NAMED_UNIT(*) SI_UNIT(.MILLI.,.METRE.) );
#4682 = ( NAMED_UNIT(*) PLANE_ANGLE_UNIT() SI_UNIT($,.RADIAN.) );
#4683 = ( NAMED_UNIT(*) SI_UNIT($,.STERADIAN.) SOLID_ANGLE_UNIT() );
#4684 = UNCERTAINTY_MEASURE_WITH_UNIT(LENGTH_MEASURE(2.E-06),#4681,
  'distance_accuracy_value','confusion accuracy');
#4685 = CONTEXT_DEPENDENT_SHAPE_REPRESENTATION(#4686,#4688);
#4686 = ( REPRESENTATION_RELATIONSHIP('','',#4385,#10) 
REPRESENTATION_RELATIONSHIP_WITH_TRANSFORMATION(#4687) 
SHAPE_REPRESENTATION_RELATIONSHIP() );
#4687 = ITEM_DEFINED_TRANSFORMATION('','',#11,#47);
#4688 = PRODUCT_DEFINITION_SHAPE('Placement','Placement of an item',
  #4689);
#4689 = NEXT_ASSEMBLY_USAGE_OCCURRENCE('9',
'flap_latch_horn_R (print, PETG, on the servo''s spline: across the 
knuckle''s notch while folded)','',#5,#4380,$);
#4690 = PRODUCT_RELATED_PRODUCT_CATEGORY('part',$,(#4382));
#4691 = SHAPE_DEFINITION_REPRESENTATION(#4692,#4698);
#4692 = PRODUCT_DEFINITION_SHAPE('','',#4693);
#4693 = PRODUCT_DEFINITION('design','',#4694,#4697);
#4694 = PRODUCT_DEFINITION_FORMATION('','',#4695);
#4695 = PRODUCT(
'flap_bracket_R (print, PETG: on the upright''s web, cradles the servo; 
two M4 through the web, nuts inside the channel)',
'flap_bracket_R (print, PETG: on the upright''s web, cradles the servo; 
two M4 through the web, nuts inside the channel)','',(#4696));
#4696 = PRODUCT_CONTEXT('',#2,'mechanical');
#4697 = PRODUCT_DEFINITION_CONTEXT('part definition',#2,'design');
#4698 = SHAPE_REPRESENTATION('',(#11,#4699,#6290),#6584);
#4699 = MANIFOLD_SOLID_BREP('',#4700);
#4700 = CLOSED_SHELL('',(#4701,#4809,#5053,#5096,#5224,#5268,#5371,#5433
    ,#5604,#5647,#5671,#5716,#5917,#5941,#5983,#6027,#6051,#6058,#6065,
    #6147,#6190,#6233,#6257,#6285));
#4701 = ADVANCED_FACE('',(#4702),#4715,.T.);
#4702 = FACE_BOUND('',#4703,.T.);
#4703 = EDGE_LOOP('',(#4704,#4736,#4761,#4786));
#4704 = ORIENTED_EDGE('',*,*,#4705,.F.);
#4705 = EDGE_CURVE('',#4706,#4708,#4710,.T.);
#4706 = VERTEX_POINT('',#4707);
#4707 = CARTESIAN_POINT('',(-196.288,-126.35,135.606));
#4708 = VERTEX_POINT('',#4709);
#4709 = CARTESIAN_POINT('',(-196.288,-54.468,135.606));
#4710 = SURFACE_CURVE('',#4711,(#4714,#4725),.PCURVE_S1.);
#4711 = B_SPLINE_CURVE_WITH_KNOTS('',1,(#4712,#4713),.UNSPECIFIED.,.F.,
  .F.,(2,2),(0.,2.83),.PIECEWISE_BEZIER_KNOTS.);
#4712 = CARTESIAN_POINT('',(-196.288,-126.35,135.606));
#4713 = CARTESIAN_POINT('',(-196.288,-54.468,135.606));
#4714 = PCURVE('',#4715,#4720);
#4715 = B_SPLINE_SURFACE_WITH_KNOTS('',1,1,(
    (#4716,#4717)
    ,(#4718,#4719
    )),.UNSPECIFIED.,.F.,.F.,.F.,(2,2),(2,2),(0.,2.83),(-0.2,0.),
  .PIECEWISE_BEZIER_KNOTS.);
#4716 = CARTESIAN_POINT('',(-201.368,-126.35,135.606));
#4717 = CARTESIAN_POINT('',(-196.288,-126.35,135.606));
#4718 = CARTESIAN_POINT('',(-201.368,-54.468,135.606));
#4719 = CARTESIAN_POINT('',(-196.288,-54.468,135.606));
#4720 = DEFINITIONAL_REPRESENTATION('',(#4721),#4724);
#4721 = B_SPLINE_CURVE_WITH_KNOTS('',1,(#4722,#4723),.UNSPECIFIED.,.F.,
  .F.,(2,2),(0.,2.83),.PIECEWISE_BEZIER_KNOTS.);
#4722 = CARTESIAN_POINT('',(0.,0.));
#4723 = CARTESIAN_POINT('',(2.83,0.));
#4724 = ( GEOMETRIC_REPRESENTATION_CONTEXT(2) 
PARAMETRIC_REPRESENTATION_CONTEXT() REPRESENTATION_CONTEXT('2D SPACE',''
  ) );
#4725 = PCURVE('',#4726,#4731);
#4726 = B_SPLINE_SURFACE_WITH_KNOTS('',1,1,(
    (#4727,#4728)
    ,(#4729,#4730
    )),.UNSPECIFIED.,.F.,.F.,.F.,(2,2),(2,2),(0.,2.83),(0.,
    1.823700787402),.PIECEWISE_BEZIER_KNOTS.);
#4727 = CARTESIAN_POINT('',(-196.288,-126.35,135.606));
#4728 = CARTESIAN_POINT('',(-196.288,-126.35,181.928));
#4729 = CARTESIAN_POINT('',(-196.288,-54.468,135.606));
#4730 = CARTESIAN_POINT('',(-196.288,-54.468,181.928));
#4731 = DEFINITIONAL_REPRESENTATION('',(#4732),#4735);
#4732 = B_SPLINE_CURVE_WITH_KNOTS('',1,(#4733,#4734),.UNSPECIFIED.,.F.,
  .F.,(2,2),(0.,2.83),.PIECEWISE_BEZIER_KNOTS.);
#4733 = CARTESIAN_POINT('',(0.,0.));
#4734 = CARTESIAN_POINT('',(2.83,0.));
#4735 = ( GEOMETRIC_REPRESENTATION_CONTEXT(2) 
PARAMETRIC_REPRESENTATION_CONTEXT() REPRESENTATION_CONTEXT('2D SPACE',''
  ) );
#4736 = ORIENTED_EDGE('',*,*,#4737,.T.);
#4737 = EDGE_CURVE('',#4706,#4738,#4740,.T.);
#4738 = VERTEX_POINT('',#4739);
#4739 = CARTESIAN_POINT('',(-201.368,-126.35,135.606));
#4740 = SURFACE_CURVE('',#4741,(#4744,#4750),.PCURVE_S1.);
#4741 = B_SPLINE_CURVE_WITH_KNOTS('',1,(#4742,#4743),.UNSPECIFIED.,.F.,
  .F.,(2,2),(0.,0.2),.PIECEWISE_BEZIER_KNOTS.);
#4742 = CARTESIAN_POINT('',(-196.288,-126.35,135.606));
#4743 = CARTESIAN_POINT('',(-201.368,-126.35,135.606));
#4744 = PCURVE('',#4715,#4745);
#4745 = DEFINITIONAL_REPRESENTATION('',(#4746),#4749);
#4746 = B_SPLINE_CURVE_WITH_KNOTS('',1,(#4747,#4748),.UNSPECIFIED.,.F.,
  .F.,(2,2),(0.,0.2),.PIECEWISE_BEZIER_KNOTS.);
#4747 = CARTESIAN_POINT('',(0.,0.));
#4748 = CARTESIAN_POINT('',(0.,-0.2));
#4749 = ( GEOMETRIC_REPRESENTATION_CONTEXT(2) 
PARAMETRIC_REPRESENTATION_CONTEXT() REPRESENTATION_CONTEXT('2D SPACE',''
  ) );
#4750 = PCURVE('',#4751,#4756);
#4751 = B_SPLINE_SURFACE_WITH_KNOTS('',1,1,(
    (#4752,#4753)
    ,(#4754,#4755
    )),.UNSPECIFIED.,.F.,.F.,.F.,(2,2),(2,2),(0.,1.48),(0.,0.2),
  .PIECEWISE_BEZIER_KNOTS.);
#4752 = CARTESIAN_POINT('',(-196.288,-126.35,135.606));
#4753 = CARTESIAN_POINT('',(-201.368,-126.35,135.606));
#4754 = CARTESIAN_POINT('',(-196.288,-126.35,173.198));
#4755 = CARTESIAN_POINT('',(-201.368,-126.35,173.198));
#4756 = DEFINITIONAL_REPRESENTATION('',(#4757),#4760);
#4757 = B_SPLINE_CURVE_WITH_KNOTS('',1,(#4758,#4759),.UNSPECIFIED.,.F.,
  .F.,(2,2),(0.,0.2),.PIECEWISE_BEZIER_KNOTS.);
#4758 = CARTESIAN_POINT('',(0.,0.));
#4759 = CARTESIAN_POINT('',(0.,0.2));
#4760 = ( GEOMETRIC_REPRESENTATION_CONTEXT(2) 
PARAMETRIC_REPRESENTATION_CONTEXT() REPRESENTATION_CONTEXT('2D SPACE',''
  ) );
#4761 = ORIENTED_EDGE('',*,*,#4762,.T.);
#4762 = EDGE_CURVE('',#4738,#4763,#4765,.T.);
#4763 = VERTEX_POINT('',#4764);
#4764 = CARTESIAN_POINT('',(-201.368,-54.468,135.606));
#4765 = SURFACE_CURVE('',#4766,(#4769,#4775),.PCURVE_S1.);
#4766 = B_SPLINE_CURVE_WITH_KNOTS('',1,(#4767,#4768),.UNSPECIFIED.,.F.,
  .F.,(2,2),(0.,2.83),.PIECEWISE_BEZIER_KNOTS.);
#4767 = CARTESIAN_POINT('',(-201.368,-126.35,135.606));
#4768 = CARTESIAN_POINT('',(-201.368,-54.468,135.606));
#4769 = PCURVE('',#4715,#4770);
#4770 = DEFINITIONAL_REPRESENTATION('',(#4771),#4774);
#4771 = B_SPLINE_CURVE_WITH_KNOTS('',1,(#4772,#4773),.UNSPECIFIED.,.F.,
  .F.,(2,2),(0.,2.83),.PIECEWISE_BEZIER_KNOTS.);
#4772 = CARTESIAN_POINT('',(0.,-0.2));
#4773 = CARTESIAN_POINT('',(2.83,-0.2));
#4774 = ( GEOMETRIC_REPRESENTATION_CONTEXT(2) 
PARAMETRIC_REPRESENTATION_CONTEXT() REPRESENTATION_CONTEXT('2D SPACE',''
  ) );
#4775 = PCURVE('',#4776,#4781);
#4776 = B_SPLINE_SURFACE_WITH_KNOTS('',1,1,(
    (#4777,#4778)
    ,(#4779,#4780
    )),.UNSPECIFIED.,.F.,.F.,.F.,(2,2),(2,2),(0.,2.83),(0.,1.48),
  .PIECEWISE_BEZIER_KNOTS.);
#4777 = CARTESIAN_POINT('',(-201.368,-126.35,135.606));
#4778 = CARTESIAN_POINT('',(-201.368,-126.35,173.198));
#4779 = CARTESIAN_POINT('',(-201.368,-54.468,135.606));
#4780 = CARTESIAN_POINT('',(-201.368,-54.468,173.198));
#4781 = DEFINITIONAL_REPRESENTATION('',(#4782),#4785);
#4782 = B_SPLINE_CURVE_WITH_KNOTS('',1,(#4783,#4784),.UNSPECIFIED.,.F.,
  .F.,(2,2),(0.,2.83),.PIECEWISE_BEZIER_KNOTS.);
#4783 = CARTESIAN_POINT('',(0.,0.));
#4784 = CARTESIAN_POINT('',(2.83,0.));
#4785 = ( GEOMETRIC_REPRESENTATION_CONTEXT(2) 
PARAMETRIC_REPRESENTATION_CONTEXT() REPRESENTATION_CONTEXT('2D SPACE',''
  ) );
#4786 = ORIENTED_EDGE('',*,*,#4787,.F.);
#4787 = EDGE_CURVE('',#4708,#4763,#4788,.T.);
#4788 = SURFACE_CURVE('',#4789,(#4792,#4798),.PCURVE_S1.);
#4789 = B_SPLINE_CURVE_WITH_KNOTS('',1,(#4790,#4791),.UNSPECIFIED.,.F.,
  .F.,(2,2),(0.,0.2),.PIECEWISE_BEZIER_KNOTS.);
#4790 = CARTESIAN_POINT('',(-196.288,-54.468,135.606));
#4791 = CARTESIAN_POINT('',(-201.368,-54.468,135.606));
#4792 = PCURVE('',#4715,#4793);
#4793 = DEFINITIONAL_REPRESENTATION('',(#4794),#4797);
#4794 = B_SPLINE_CURVE_WITH_KNOTS('',1,(#4795,#4796),.UNSPECIFIED.,.F.,
  .F.,(2,2),(0.,0.2),.PIECEWISE_BEZIER_KNOTS.);
#4795 = CARTESIAN_POINT('',(2.83,0.));
#4796 = CARTESIAN_POINT('',(2.83,-0.2));
#4797 = ( GEOMETRIC_REPRESENTATION_CONTEXT(2) 
PARAMETRIC_REPRESENTATION_CONTEXT() REPRESENTATION_CONTEXT('2D SPACE',''
  ) );
#4798 = PCURVE('',#4799,#4804);
#4799 = B_SPLINE_SURFACE_WITH_KNOTS('',1,1,(
    (#4800,#4801)
    ,(#4802,#4803
    )),.UNSPECIFIED.,.F.,.F.,.F.,(2,2),(2,2),(0.,1.48),(0.,0.2),
  .PIECEWISE_BEZIER_KNOTS.);
#4800 = CARTESIAN_POINT('',(-196.288,-54.468,135.606));
#4801 = CARTESIAN_POINT('',(-201.368,-54.468,135.606));
#4802 = CARTESIAN_POINT('',(-196.288,-54.468,173.198));
#4803 = CARTESIAN_POINT('',(-201.368,-54.468,173.198));
#4804 = DEFINITIONAL_REPRESENTATION('',(#4805),#4808);
#4805 = B_SPLINE_CURVE_WITH_KNOTS('',1,(#4806,#4807),.UNSPECIFIED.,.F.,
  .F.,(2,2),(0.,0.2),.PIECEWISE_BEZIER_KNOTS.);
#4806 = CARTESIAN_POINT('',(0.,0.));
#4807 = CARTESIAN_POINT('',(0.,0.2));
#4808 = ( GEOMETRIC_REPRESENTATION_CONTEXT(2) 
PARAMETRIC_REPRESENTATION_CONTEXT() REPRESENTATION_CONTEXT('2D SPACE',''
  ) );
#4809 = ADVANCED_FACE('',(#4810,#5001),#4726,.T.);
#4810 = FACE_BOUND('',#4811,.T.);
#4811 = EDGE_LOOP('',(#4812,#4839,#4857,#4858,#4878,#4903,#4928,#4953,
    #4978));
#4812 = ORIENTED_EDGE('',*,*,#4813,.F.);
#4813 = EDGE_CURVE('',#4814,#4816,#4818,.T.);
#4814 = VERTEX_POINT('',#4815);
#4815 = CARTESIAN_POINT('',(-196.288,-126.35,173.198));
#4816 = VERTEX_POINT('',#4817);
#4817 = CARTESIAN_POINT('',(-196.288,-100.95,173.198));
#4818 = SURFACE_CURVE('',#4819,(#4822,#4828),.PCURVE_S1.);
#4819 = B_SPLINE_CURVE_WITH_KNOTS('',1,(#4820,#4821),.UNSPECIFIED.,.F.,
  .F.,(2,2),(0.,1.),.PIECEWISE_BEZIER_KNOTS.);
#4820 = CARTESIAN_POINT('',(-196.288,-126.35,173.198));
#4821 = CARTESIAN_POINT('',(-196.288,-100.95,173.198));
#4822 = PCURVE('',#4726,#4823);
#4823 = DEFINITIONAL_REPRESENTATION('',(#4824),#4827);
#4824 = B_SPLINE_CURVE_WITH_KNOTS('',1,(#4825,#4826),.UNSPECIFIED.,.F.,
  .F.,(2,2),(0.,1.),.PIECEWISE_BEZIER_KNOTS.);
#4825 = CARTESIAN_POINT('',(0.,1.48));
#4826 = CARTESIAN_POINT('',(1.,1.48));
#4827 = ( GEOMETRIC_REPRESENTATION_CONTEXT(2) 
PARAMETRIC_REPRESENTATION_CONTEXT() REPRESENTATION_CONTEXT('2D SPACE',''
  ) );
#4828 = PCURVE('',#4829,#4834);
#4829 = B_SPLINE_SURFACE_WITH_KNOTS('',1,1,(
    (#4830,#4831)
    ,(#4832,#4833
    )),.UNSPECIFIED.,.F.,.F.,.F.,(2,2),(2,2),(0.,0.68),(-1.75,0.),
  .PIECEWISE_BEZIER_KNOTS.);
#4830 = CARTESIAN_POINT('',(-183.842,-100.95,173.198));
#4831 = CARTESIAN_POINT('',(-183.842,-145.4,173.198));
#4832 = CARTESIAN_POINT('',(-201.114,-100.95,173.198));
#4833 = CARTESIAN_POINT('',(-201.114,-145.4,173.198));
#4834 = DEFINITIONAL_REPRESENTATION('',(#4835),#4838);
#4835 = B_SPLINE_CURVE_WITH_KNOTS('',1,(#4836,#4837),.UNSPECIFIED.,.F.,
  .F.,(2,2),(0.,1.),.PIECEWISE_BEZIER_KNOTS.);
#4836 = CARTESIAN_POINT('',(0.49,-0.75));
#4837 = CARTESIAN_POINT('',(0.49,-1.75));
#4838 = ( GEOMETRIC_REPRESENTATION_CONTEXT(2) 
PARAMETRIC_REPRESENTATION_CONTEXT() REPRESENTATION_CONTEXT('2D SPACE',''
  ) );
#4839 = ORIENTED_EDGE('',*,*,#4840,.F.);
#4840 = EDGE_CURVE('',#4706,#4814,#4841,.T.);
#4841 = SURFACE_CURVE('',#4842,(#4845,#4851),.PCURVE_S1.);
#4842 = B_SPLINE_CURVE_WITH_KNOTS('',1,(#4843,#4844),.UNSPECIFIED.,.F.,
  .F.,(2,2),(0.,1.48),.PIECEWISE_BEZIER_KNOTS.);
#4843 = CARTESIAN_POINT('',(-196.288,-126.35,135.606));
#4844 = CARTESIAN_POINT('',(-196.288,-126.35,173.198));
#4845 = PCURVE('',#4726,#4846);
#4846 = DEFINITIONAL_REPRESENTATION('',(#4847),#4850);
#4847 = B_SPLINE_CURVE_WITH_KNOTS('',1,(#4848,#4849),.UNSPECIFIED.,.F.,
  .F.,(2,2),(0.,1.48),.PIECEWISE_BEZIER_KNOTS.);
#4848 = CARTESIAN_POINT('',(0.,0.));
#4849 = CARTESIAN_POINT('',(0.,1.48));
#4850 = ( GEOMETRIC_REPRESENTATION_CONTEXT(2) 
PARAMETRIC_REPRESENTATION_CONTEXT() REPRESENTATION_CONTEXT('2D SPACE',''
  ) );
#4851 = PCURVE('',#4751,#4852);
#4852 = DEFINITIONAL_REPRESENTATION('',(#4853),#4856);
#4853 = B_SPLINE_CURVE_WITH_KNOTS('',1,(#4854,#4855),.UNSPECIFIED.,.F.,
  .F.,(2,2),(0.,1.48),.PIECEWISE_BEZIER_KNOTS.);
#4854 = CARTESIAN_POINT('',(0.,0.));
#4855 = CARTESIAN_POINT('',(1.48,0.));
#4856 = ( GEOMETRIC_REPRESENTATION_CONTEXT(2) 
PARAMETRIC_REPRESENTATION_CONTEXT() REPRESENTATION_CONTEXT('2D SPACE',''
  ) );
#4857 = ORIENTED_EDGE('',*,*,#4705,.T.);
#4858 = ORIENTED_EDGE('',*,*,#4859,.T.);
#4859 = EDGE_CURVE('',#4708,#4860,#4862,.T.);
#4860 = VERTEX_POINT('',#4861);
#4861 = CARTESIAN_POINT('',(-196.288,-54.468,173.198));
#4862 = SURFACE_CURVE('',#4863,(#4866,#4872),.PCURVE_S1.);
#4863 = B_SPLINE_CURVE_WITH_KNOTS('',1,(#4864,#4865),.UNSPECIFIED.,.F.,
  .F.,(2,2),(0.,1.48),.PIECEWISE_BEZIER_KNOTS.);
#4864 = CARTESIAN_POINT('',(-196.288,-54.468,135.606));
#4865 = CARTESIAN_POINT('',(-196.288,-54.468,173.198));
#4866 = PCURVE('',#4726,#4867);
#4867 = DEFINITIONAL_REPRESENTATION('',(#4868),#4871);
#4868 = B_SPLINE_CURVE_WITH_KNOTS('',1,(#4869,#4870),.UNSPECIFIED.,.F.,
  .F.,(2,2),(0.,1.48),.PIECEWISE_BEZIER_KNOTS.);
#4869 = CARTESIAN_POINT('',(2.83,0.));
#4870 = CARTESIAN_POINT('',(2.83,1.48));
#4871 = ( GEOMETRIC_REPRESENTATION_CONTEXT(2) 
PARAMETRIC_REPRESENTATION_CONTEXT() REPRESENTATION_CONTEXT('2D SPACE',''
  ) );
#4872 = PCURVE('',#4799,#4873);
#4873 = DEFINITIONAL_REPRESENTATION('',(#4874),#4877);
#4874 = B_SPLINE_CURVE_WITH_KNOTS('',1,(#4875,#4876),.UNSPECIFIED.,.F.,
  .F.,(2,2),(0.,1.48),.PIECEWISE_BEZIER_KNOTS.);
#4875 = CARTESIAN_POINT('',(0.,0.));
#4876 = CARTESIAN_POINT('',(1.48,0.));
#4877 = ( GEOMETRIC_REPRESENTATION_CONTEXT(2) 
PARAMETRIC_REPRESENTATION_CONTEXT() REPRESENTATION_CONTEXT('2D SPACE',''
  ) );
#4878 = ORIENTED_EDGE('',*,*,#4879,.F.);
#4879 = EDGE_CURVE('',#4880,#4860,#4882,.T.);
#4880 = VERTEX_POINT('',#4881);
#4881 = CARTESIAN_POINT('',(-196.288,-59.378,173.198));
#4882 = SURFACE_CURVE('',#4883,(#4886,#4892),.PCURVE_S1.);
#4883 = B_SPLINE_CURVE_WITH_KNOTS('',1,(#4884,#4885),.UNSPECIFIED.,.F.,
  .F.,(2,2),(2.636692913386,2.83),.PIECEWISE_BEZIER_KNOTS.);
#4884 = CARTESIAN_POINT('',(-196.288,-59.378,173.198));
#4885 = CARTESIAN_POINT('',(-196.288,-54.468,173.198));
#4886 = PCURVE('',#4726,#4887);
#4887 = DEFINITIONAL_REPRESENTATION('',(#4888),#4891);
#4888 = B_SPLINE_CURVE_WITH_KNOTS('',1,(#4889,#4890),.UNSPECIFIED.,.F.,
  .F.,(2,2),(2.636692913386,2.83),.PIECEWISE_BEZIER_KNOTS.);
#4889 = CARTESIAN_POINT('',(2.636692913386,1.48));
#4890 = CARTESIAN_POINT('',(2.83,1.48));
#4891 = ( GEOMETRIC_REPRESENTATION_CONTEXT(2) 
PARAMETRIC_REPRESENTATION_CONTEXT() REPRESENTATION_CONTEXT('2D SPACE',''
  ) );
#4892 = PCURVE('',#4893,#4898);
#4893 = B_SPLINE_SURFACE_WITH_KNOTS('',1,1,(
    (#4894,#4895)
    ,(#4896,#4897
    )),.UNSPECIFIED.,.F.,.F.,.F.,(2,2),(2,2),(2.636692913386,2.83),(-0.2
    ,0.),.PIECEWISE_BEZIER_KNOTS.);
#4894 = CARTESIAN_POINT('',(-201.368,-59.378,173.198));
#4895 = CARTESIAN_POINT('',(-196.288,-59.378,173.198));
#4896 = CARTESIAN_POINT('',(-201.368,-54.468,173.198));
#4897 = CARTESIAN_POINT('',(-196.288,-54.468,173.198));
#4898 = DEFINITIONAL_REPRESENTATION('',(#4899),#4902);
#4899 = B_SPLINE_CURVE_WITH_KNOTS('',1,(#4900,#4901),.UNSPECIFIED.,.F.,
  .F.,(2,2),(2.636692913386,2.83),.PIECEWISE_BEZIER_KNOTS.);
#4900 = CARTESIAN_POINT('',(2.636692913386,0.));
#4901 = CARTESIAN_POINT('',(2.83,0.));
#4902 = ( GEOMETRIC_REPRESENTATION_CONTEXT(2) 
PARAMETRIC_REPRESENTATION_CONTEXT() REPRESENTATION_CONTEXT('2D SPACE',''
  ) );
#4903 = ORIENTED_EDGE('',*,*,#4904,.T.);
#4904 = EDGE_CURVE('',#4880,#4905,#4907,.T.);
#4905 = VERTEX_POINT('',#4906);
#4906 = CARTESIAN_POINT('',(-196.288,-59.378,181.928));
#4907 = SURFACE_CURVE('',#4908,(#4911,#4917),.PCURVE_S1.);
#4908 = B_SPLINE_CURVE_WITH_KNOTS('',1,(#4909,#4910),.UNSPECIFIED.,.F.,
  .F.,(2,2),(1.391102362205,1.734803149606),.PIECEWISE_BEZIER_KNOTS.);
#4909 = CARTESIAN_POINT('',(-196.288,-59.378,173.198));
#4910 = CARTESIAN_POINT('',(-196.288,-59.378,181.928));
#4911 = PCURVE('',#4726,#4912);
#4912 = DEFINITIONAL_REPRESENTATION('',(#4913),#4916);
#4913 = B_SPLINE_CURVE_WITH_KNOTS('',1,(#4914,#4915),.UNSPECIFIED.,.F.,
  .F.,(2,2),(1.391102362205,1.734803149606),.PIECEWISE_BEZIER_KNOTS.);
#4914 = CARTESIAN_POINT('',(2.636692913386,1.48));
#4915 = CARTESIAN_POINT('',(2.636692913386,1.823700787402));
#4916 = ( GEOMETRIC_REPRESENTATION_CONTEXT(2) 
PARAMETRIC_REPRESENTATION_CONTEXT() REPRESENTATION_CONTEXT('2D SPACE',''
  ) );
#4917 = PCURVE('',#4918,#4923);
#4918 = B_SPLINE_SURFACE_WITH_KNOTS('',1,1,(
    (#4919,#4920)
    ,(#4921,#4922
    )),.UNSPECIFIED.,.F.,.F.,.F.,(2,2),(2,2),(0.,1.734803149606),(0.,
    1.423700787402),.PIECEWISE_BEZIER_KNOTS.);
#4919 = CARTESIAN_POINT('',(-196.288,-59.378,137.864));
#4920 = CARTESIAN_POINT('',(-232.45,-59.378,137.864));
#4921 = CARTESIAN_POINT('',(-196.288,-59.378,181.928));
#4922 = CARTESIAN_POINT('',(-232.45,-59.378,181.928));
#4923 = DEFINITIONAL_REPRESENTATION('',(#4924),#4927);
#4924 = B_SPLINE_CURVE_WITH_KNOTS('',1,(#4925,#4926),.UNSPECIFIED.,.F.,
  .F.,(2,2),(1.391102362205,1.734803149606),.PIECEWISE_BEZIER_KNOTS.);
#4925 = CARTESIAN_POINT('',(1.391102362205,0.));
#4926 = CARTESIAN_POINT('',(1.734803149606,0.));
#4927 = ( GEOMETRIC_REPRESENTATION_CONTEXT(2) 
PARAMETRIC_REPRESENTATION_CONTEXT() REPRESENTATION_CONTEXT('2D SPACE',''
  ) );
#4928 = ORIENTED_EDGE('',*,*,#4929,.F.);
#4929 = EDGE_CURVE('',#4930,#4905,#4932,.T.);
#4930 = VERTEX_POINT('',#4931);
#4931 = CARTESIAN_POINT('',(-196.288,-83.17,181.928));
#4932 = SURFACE_CURVE('',#4933,(#4936,#4942),.PCURVE_S1.);
#4933 = B_SPLINE_CURVE_WITH_KNOTS('',1,(#4934,#4935),.UNSPECIFIED.,.F.,
  .F.,(2,2),(0.,0.936692913386),.PIECEWISE_BEZIER_KNOTS.);
#4934 = CARTESIAN_POINT('',(-196.288,-83.17,181.928));
#4935 = CARTESIAN_POINT('',(-196.288,-59.378,181.928));
#4936 = PCURVE('',#4726,#4937);
#4937 = DEFINITIONAL_REPRESENTATION('',(#4938),#4941);
#4938 = B_SPLINE_CURVE_WITH_KNOTS('',1,(#4939,#4940),.UNSPECIFIED.,.F.,
  .F.,(2,2),(0.,0.936692913386),.PIECEWISE_BEZIER_KNOTS.);
#4939 = CARTESIAN_POINT('',(1.7,1.823700787402));
#4940 = CARTESIAN_POINT('',(2.636692913386,1.823700787402));
#4941 = ( GEOMETRIC_REPRESENTATION_CONTEXT(2) 
PARAMETRIC_REPRESENTATION_CONTEXT() REPRESENTATION_CONTEXT('2D SPACE',''
  ) );
#4942 = PCURVE('',#4943,#4948);
#4943 = B_SPLINE_SURFACE_WITH_KNOTS('',1,1,(
    (#4944,#4945)
    ,(#4946,#4947
    )),.UNSPECIFIED.,.F.,.F.,.F.,(2,2),(2,2),(0.,0.936692913386),(
    -1.423700787402,0.),.PIECEWISE_BEZIER_KNOTS.);
#4944 = CARTESIAN_POINT('',(-232.45,-83.17,181.928));
#4945 = CARTESIAN_POINT('',(-196.288,-83.17,181.928));
#4946 = CARTESIAN_POINT('',(-232.45,-59.378,181.928));
#4947 = CARTESIAN_POINT('',(-196.288,-59.378,181.928));
#4948 = DEFINITIONAL_REPRESENTATION('',(#4949),#4952);
#4949 = B_SPLINE_CURVE_WITH_KNOTS('',1,(#4950,#4951),.UNSPECIFIED.,.F.,
  .F.,(2,2),(0.,0.936692913386),.PIECEWISE_BEZIER_KNOTS.);
#4950 = CARTESIAN_POINT('',(0.,0.));
#4951 = CARTESIAN_POINT('',(0.936692913386,0.));
#4952 = ( GEOMETRIC_REPRESENTATION_CONTEXT(2) 
PARAMETRIC_REPRESENTATION_CONTEXT() REPRESENTATION_CONTEXT('2D SPACE',''
  ) );
#4953 = ORIENTED_EDGE('',*,*,#4954,.F.);
#4954 = EDGE_CURVE('',#4955,#4930,#4957,.T.);
#4955 = VERTEX_POINT('',#4956);
#4956 = CARTESIAN_POINT('',(-196.288,-83.17,173.198));
#4957 = SURFACE_CURVE('',#4958,(#4961,#4967),.PCURVE_S1.);
#4958 = B_SPLINE_CURVE_WITH_KNOTS('',1,(#4959,#4960),.UNSPECIFIED.,.F.,
  .F.,(2,2),(1.391102362205,1.734803149606),.PIECEWISE_BEZIER_KNOTS.);
#4959 = CARTESIAN_POINT('',(-196.288,-83.17,173.198));
#4960 = CARTESIAN_POINT('',(-196.288,-83.17,181.928));
#4961 = PCURVE('',#4726,#4962);
#4962 = DEFINITIONAL_REPRESENTATION('',(#4963),#4966);
#4963 = B_SPLINE_CURVE_WITH_KNOTS('',1,(#4964,#4965),.UNSPECIFIED.,.F.,
  .F.,(2,2),(1.391102362205,1.734803149606),.PIECEWISE_BEZIER_KNOTS.);
#4964 = CARTESIAN_POINT('',(1.7,1.48));
#4965 = CARTESIAN_POINT('',(1.7,1.823700787402));
#4966 = ( GEOMETRIC_REPRESENTATION_CONTEXT(2) 
PARAMETRIC_REPRESENTATION_CONTEXT() REPRESENTATION_CONTEXT('2D SPACE',''
  ) );
#4967 = PCURVE('',#4968,#4973);
#4968 = B_SPLINE_SURFACE_WITH_KNOTS('',1,1,(
    (#4969,#4970)
    ,(#4971,#4972
    )),.UNSPECIFIED.,.F.,.F.,.F.,(2,2),(2,2),(0.,1.734803149606),(0.,
    1.423700787402),.PIECEWISE_BEZIER_KNOTS.);
#4969 = CARTESIAN_POINT('',(-196.288,-83.17,137.864));
#4970 = CARTESIAN_POINT('',(-232.45,-83.17,137.864));
#4971 = CARTESIAN_POINT('',(-196.288,-83.17,181.928));
#4972 = CARTESIAN_POINT('',(-232.45,-83.17,181.928));
#4973 = DEFINITIONAL_REPRESENTATION('',(#4974),#4977);
#4974 = B_SPLINE_CURVE_WITH_KNOTS('',1,(#4975,#4976),.UNSPECIFIED.,.F.,
  .F.,(2,2),(1.391102362205,1.734803149606),.PIECEWISE_BEZIER_KNOTS.);
#4975 = CARTESIAN_POINT('',(1.391102362205,0.));
#4976 = CARTESIAN_POINT('',(1.734803149606,0.));
#4977 = ( GEOMETRIC_REPRESENTATION_CONTEXT(2) 
PARAMETRIC_REPRESENTATION_CONTEXT() REPRESENTATION_CONTEXT('2D SPACE',''
  ) );
#4978 = ORIENTED_EDGE('',*,*,#4979,.F.);
#4979 = EDGE_CURVE('',#4816,#4955,#4980,.T.);
#4980 = SURFACE_CURVE('',#4981,(#4984,#4990),.PCURVE_S1.);
#4981 = B_SPLINE_CURVE_WITH_KNOTS('',1,(#4982,#4983),.UNSPECIFIED.,.F.,
  .F.,(2,2),(1.,1.7),.PIECEWISE_BEZIER_KNOTS.);
#4982 = CARTESIAN_POINT('',(-196.288,-100.95,173.198));
#4983 = CARTESIAN_POINT('',(-196.288,-83.17,173.198));
#4984 = PCURVE('',#4726,#4985);
#4985 = DEFINITIONAL_REPRESENTATION('',(#4986),#4989);
#4986 = B_SPLINE_CURVE_WITH_KNOTS('',1,(#4987,#4988),.UNSPECIFIED.,.F.,
  .F.,(2,2),(1.,1.7),.PIECEWISE_BEZIER_KNOTS.);
#4987 = CARTESIAN_POINT('',(1.,1.48));
#4988 = CARTESIAN_POINT('',(1.7,1.48));
#4989 = ( GEOMETRIC_REPRESENTATION_CONTEXT(2) 
PARAMETRIC_REPRESENTATION_CONTEXT() REPRESENTATION_CONTEXT('2D SPACE',''
  ) );
#4990 = PCURVE('',#4991,#4996);
#4991 = B_SPLINE_SURFACE_WITH_KNOTS('',1,1,(
    (#4992,#4993)
    ,(#4994,#4995
    )),.UNSPECIFIED.,.F.,.F.,.F.,(2,2),(2,2),(0.,1.7),(-0.2,0.),
  .PIECEWISE_BEZIER_KNOTS.);
#4992 = CARTESIAN_POINT('',(-201.368,-126.35,173.198));
#4993 = CARTESIAN_POINT('',(-196.288,-126.35,173.198));
#4994 = CARTESIAN_POINT('',(-201.368,-83.17,173.198));
#4995 = CARTESIAN_POINT('',(-196.288,-83.17,173.198));
#4996 = DEFINITIONAL_REPRESENTATION('',(#4997),#5000);
#4997 = B_SPLINE_CURVE_WITH_KNOTS('',1,(#4998,#4999),.UNSPECIFIED.,.F.,
  .F.,(2,2),(1.,1.7),.PIECEWISE_BEZIER_KNOTS.);
#4998 = CARTESIAN_POINT('',(1.,0.));
#4999 = CARTESIAN_POINT('',(1.7,0.));
#5000 = ( GEOMETRIC_REPRESENTATION_CONTEXT(2) 
PARAMETRIC_REPRESENTATION_CONTEXT() REPRESENTATION_CONTEXT('2D SPACE',''
  ) );
#5001 = FACE_BOUND('',#5002,.T.);
#5002 = EDGE_LOOP('',(#5003));
#5003 = ORIENTED_EDGE('',*,*,#5004,.T.);
#5004 = EDGE_CURVE('',#5005,#5005,#5007,.T.);
#5005 = VERTEX_POINT('',#5006);
#5006 = CARTESIAN_POINT('',(-196.288,-63.358,166.762));
#5007 = SURFACE_CURVE('',#5008,(#5016,#5027),.PCURVE_S1.);
#5008 = ( BOUNDED_CURVE() B_SPLINE_CURVE(2,(#5009,#5010,#5011,#5012,
#5013,#5014,#5015),.UNSPECIFIED.,.T.,.F.) B_SPLINE_CURVE_WITH_KNOTS((1,2
    ,2,2,2,1),(-2.094395102393,0.,2.094395102393,4.188790204786,
6.28318530718,8.377580409573),.UNSPECIFIED.) CURVE() 
GEOMETRIC_REPRESENTATION_ITEM() RATIONAL_B_SPLINE_CURVE((1.,0.5,1.,0.5,
1.,0.5,1.)) REPRESENTATION_ITEM('') );
#5009 = CARTESIAN_POINT('',(-196.288,-63.358,166.762));
#5010 = CARTESIAN_POINT('',(-196.288,-59.54748822334,166.762));
#5011 = CARTESIAN_POINT('',(-196.288,-61.45274411167,163.462));
#5012 = CARTESIAN_POINT('',(-196.288,-63.358,160.162));
#5013 = CARTESIAN_POINT('',(-196.288,-65.26325588832,163.462));
#5014 = CARTESIAN_POINT('',(-196.288,-67.16851177665,166.762));
#5015 = CARTESIAN_POINT('',(-196.288,-63.358,166.762));
#5016 = PCURVE('',#4726,#5017);
#5017 = DEFINITIONAL_REPRESENTATION('',(#5018),#5026);
#5018 = ( BOUNDED_CURVE() B_SPLINE_CURVE(2,(#5019,#5020,#5021,#5022,
#5023,#5024,#5025),.UNSPECIFIED.,.T.,.F.) B_SPLINE_CURVE_WITH_KNOTS((1,2
    ,2,2,2,1),(-2.094395102393,0.,2.094395102393,4.188790204786,
6.28318530718,8.377580409573),.UNSPECIFIED.) CURVE() 
GEOMETRIC_REPRESENTATION_ITEM() RATIONAL_B_SPLINE_CURVE((1.,0.5,1.,0.5,
1.,0.5,1.)) REPRESENTATION_ITEM('') );
#5019 = CARTESIAN_POINT('',(2.48,1.226614173228));
#5020 = CARTESIAN_POINT('',(2.630020148687,1.226614173228));
#5021 = CARTESIAN_POINT('',(2.555010074344,1.096692913386));
#5022 = CARTESIAN_POINT('',(2.48,0.966771653543));
#5023 = CARTESIAN_POINT('',(2.404989925656,1.096692913386));
#5024 = CARTESIAN_POINT('',(2.329979851313,1.226614173228));
#5025 = CARTESIAN_POINT('',(2.48,1.226614173228));
#5026 = ( GEOMETRIC_REPRESENTATION_CONTEXT(2) 
PARAMETRIC_REPRESENTATION_CONTEXT() REPRESENTATION_CONTEXT('2D SPACE',''
  ) );
#5027 = PCURVE('',#5028,#5043);
#5028 = ( BOUNDED_SURFACE() B_SPLINE_SURFACE(2,1,(
    (#5029,#5030)
    ,(#5031,#5032)
    ,(#5033,#5034)
    ,(#5035,#5036)
    ,(#5037,#5038)
    ,(#5039,#5040)
    ,(#5041,#5042
)),.UNSPECIFIED.,.T.,.F.,.F.) B_SPLINE_SURFACE_WITH_KNOTS((1,2,2,2,2,1),
  (2,2),(-2.094395102393,0.,2.094395102393,4.188790204786,6.28318530718,
    8.377580409573),(-1.,-0.1),.UNSPECIFIED.) 
GEOMETRIC_REPRESENTATION_ITEM() RATIONAL_B_SPLINE_SURFACE((
    (1.,1.)
    ,(0.5,0.5)
    ,(1.,1.)
    ,(0.5,0.5)
    ,(1.,1.)
    ,(0.5,0.5)
,(1.,1.))) REPRESENTATION_ITEM('') SURFACE() );
#5029 = CARTESIAN_POINT('',(-219.148,-63.358,166.762));
#5030 = CARTESIAN_POINT('',(-196.288,-63.358,166.762));
#5031 = CARTESIAN_POINT('',(-219.148,-59.54748822334,166.762));
#5032 = CARTESIAN_POINT('',(-196.288,-59.54748822334,166.762));
#5033 = CARTESIAN_POINT('',(-219.148,-61.45274411167,163.462));
#5034 = CARTESIAN_POINT('',(-196.288,-61.45274411167,163.462));
#5035 = CARTESIAN_POINT('',(-219.148,-63.358,160.162));
#5036 = CARTESIAN_POINT('',(-196.288,-63.358,160.162));
#5037 = CARTESIAN_POINT('',(-219.148,-65.26325588832,163.462));
#5038 = CARTESIAN_POINT('',(-196.288,-65.26325588832,163.462));
#5039 = CARTESIAN_POINT('',(-219.148,-67.16851177665,166.762));
#5040 = CARTESIAN_POINT('',(-196.288,-67.16851177665,166.762));
#5041 = CARTESIAN_POINT('',(-219.148,-63.358,166.762));
#5042 = CARTESIAN_POINT('',(-196.288,-63.358,166.762));
#5043 = DEFINITIONAL_REPRESENTATION('',(#5044),#5052);
#5044 = B_SPLINE_CURVE_WITH_KNOTS('',2,(#5045,#5046,#5047,#5048,#5049,
    #5050,#5051),.UNSPECIFIED.,.F.,.F.,(3,2,2,3),(0.,2.094395102393,
    4.188790204786,6.28318530718),.PIECEWISE_BEZIER_KNOTS.);
#5045 = CARTESIAN_POINT('',(0.,-0.1));
#5046 = CARTESIAN_POINT('',(1.047197551197,-0.1));
#5047 = CARTESIAN_POINT('',(2.094395102393,-0.1));
#5048 = CARTESIAN_POINT('',(3.14159265359,-0.1));
#5049 = CARTESIAN_POINT('',(4.188790204786,-0.1));
#5050 = CARTESIAN_POINT('',(5.235987755983,-0.1));
#5051 = CARTESIAN_POINT('',(6.28318530718,-0.1));
#5052 = ( GEOMETRIC_REPRESENTATION_CONTEXT(2) 
PARAMETRIC_REPRESENTATION_CONTEXT() REPRESENTATION_CONTEXT('2D SPACE',''
  ) );
#5053 = ADVANCED_FACE('',(#5054),#4799,.F.);
#5054 = FACE_BOUND('',#5055,.F.);
#5055 = EDGE_LOOP('',(#5056,#5057,#5058,#5078));
#5056 = ORIENTED_EDGE('',*,*,#4787,.F.);
#5057 = ORIENTED_EDGE('',*,*,#4859,.T.);
#5058 = ORIENTED_EDGE('',*,*,#5059,.T.);
#5059 = EDGE_CURVE('',#4860,#5060,#5062,.T.);
#5060 = VERTEX_POINT('',#5061);
#5061 = CARTESIAN_POINT('',(-201.368,-54.468,173.198));
#5062 = SURFACE_CURVE('',#5063,(#5066,#5072),.PCURVE_S1.);
#5063 = B_SPLINE_CURVE_WITH_KNOTS('',1,(#5064,#5065),.UNSPECIFIED.,.F.,
  .F.,(2,2),(0.,0.2),.PIECEWISE_BEZIER_KNOTS.);
#5064 = CARTESIAN_POINT('',(-196.288,-54.468,173.198));
#5065 = CARTESIAN_POINT('',(-201.368,-54.468,173.198));
#5066 = PCURVE('',#4799,#5067);
#5067 = DEFINITIONAL_REPRESENTATION('',(#5068),#5071);
#5068 = B_SPLINE_CURVE_WITH_KNOTS('',1,(#5069,#5070),.UNSPECIFIED.,.F.,
  .F.,(2,2),(0.,0.2),.PIECEWISE_BEZIER_KNOTS.);
#5069 = CARTESIAN_POINT('',(1.48,0.));
#5070 = CARTESIAN_POINT('',(1.48,0.2));
#5071 = ( GEOMETRIC_REPRESENTATION_CONTEXT(2) 
PARAMETRIC_REPRESENTATION_CONTEXT() REPRESENTATION_CONTEXT('2D SPACE',''
  ) );
#5072 = PCURVE('',#4893,#5073);
#5073 = DEFINITIONAL_REPRESENTATION('',(#5074),#5077);
#5074 = B_SPLINE_CURVE_WITH_KNOTS('',1,(#5075,#5076),.UNSPECIFIED.,.F.,
  .F.,(2,2),(0.,0.2),.PIECEWISE_BEZIER_KNOTS.);
#5075 = CARTESIAN_POINT('',(2.83,0.));
#5076 = CARTESIAN_POINT('',(2.83,-0.2));
#5077 = ( GEOMETRIC_REPRESENTATION_CONTEXT(2) 
PARAMETRIC_REPRESENTATION_CONTEXT() REPRESENTATION_CONTEXT('2D SPACE',''
  ) );
#5078 = ORIENTED_EDGE('',*,*,#5079,.F.);
#5079 = EDGE_CURVE('',#4763,#5060,#5080,.T.);
#5080 = SURFACE_CURVE('',#5081,(#5084,#5090),.PCURVE_S1.);
#5081 = B_SPLINE_CURVE_WITH_KNOTS('',1,(#5082,#5083),.UNSPECIFIED.,.F.,
  .F.,(2,2),(0.,1.48),.PIECEWISE_BEZIER_KNOTS.);
#5082 = CARTESIAN_POINT('',(-201.368,-54.468,135.606));
#5083 = CARTESIAN_POINT('',(-201.368,-54.468,173.198));
#5084 = PCURVE('',#4799,#5085);
#5085 = DEFINITIONAL_REPRESENTATION('',(#5086),#5089);
#5086 = B_SPLINE_CURVE_WITH_KNOTS('',1,(#5087,#5088),.UNSPECIFIED.,.F.,
  .F.,(2,2),(0.,1.48),.PIECEWISE_BEZIER_KNOTS.);
#5087 = CARTESIAN_POINT('',(0.,0.2));
#5088 = CARTESIAN_POINT('',(1.48,0.2));
#5089 = ( GEOMETRIC_REPRESENTATION_CONTEXT(2) 
PARAMETRIC_REPRESENTATION_CONTEXT() REPRESENTATION_CONTEXT('2D SPACE',''
  ) );
#5090 = PCURVE('',#4776,#5091);
#5091 = DEFINITIONAL_REPRESENTATION('',(#5092),#5095);
#5092 = B_SPLINE_CURVE_WITH_KNOTS('',1,(#5093,#5094),.UNSPECIFIED.,.F.,
  .F.,(2,2),(0.,1.48),.PIECEWISE_BEZIER_KNOTS.);
#5093 = CARTESIAN_POINT('',(2.83,0.));
#5094 = CARTESIAN_POINT('',(2.83,1.48));
#5095 = ( GEOMETRIC_REPRESENTATION_CONTEXT(2) 
PARAMETRIC_REPRESENTATION_CONTEXT() REPRESENTATION_CONTEXT('2D SPACE',''
  ) );
#5096 = ADVANCED_FACE('',(#5097),#4776,.F.);
#5097 = FACE_BOUND('',#5098,.F.);
#5098 = EDGE_LOOP('',(#5099,#5121,#5139,#5140,#5141,#5161,#5181,#5206));
#5099 = ORIENTED_EDGE('',*,*,#5100,.F.);
#5100 = EDGE_CURVE('',#5101,#5103,#5105,.T.);
#5101 = VERTEX_POINT('',#5102);
#5102 = CARTESIAN_POINT('',(-201.368,-126.35,173.198));
#5103 = VERTEX_POINT('',#5104);
#5104 = CARTESIAN_POINT('',(-201.368,-83.17,173.198));
#5105 = SURFACE_CURVE('',#5106,(#5109,#5115),.PCURVE_S1.);
#5106 = B_SPLINE_CURVE_WITH_KNOTS('',1,(#5107,#5108),.UNSPECIFIED.,.F.,
  .F.,(2,2),(0.,1.7),.PIECEWISE_BEZIER_KNOTS.);
#5107 = CARTESIAN_POINT('',(-201.368,-126.35,173.198));
#5108 = CARTESIAN_POINT('',(-201.368,-83.17,173.198));
#5109 = PCURVE('',#4776,#5110);
#5110 = DEFINITIONAL_REPRESENTATION('',(#5111),#5114);
#5111 = B_SPLINE_CURVE_WITH_KNOTS('',1,(#5112,#5113),.UNSPECIFIED.,.F.,
  .F.,(2,2),(0.,1.7),.PIECEWISE_BEZIER_KNOTS.);
#5112 = CARTESIAN_POINT('',(0.,1.48));
#5113 = CARTESIAN_POINT('',(1.7,1.48));
#5114 = ( GEOMETRIC_REPRESENTATION_CONTEXT(2) 
PARAMETRIC_REPRESENTATION_CONTEXT() REPRESENTATION_CONTEXT('2D SPACE',''
  ) );
#5115 = PCURVE('',#4991,#5116);
#5116 = DEFINITIONAL_REPRESENTATION('',(#5117),#5120);
#5117 = B_SPLINE_CURVE_WITH_KNOTS('',1,(#5118,#5119),.UNSPECIFIED.,.F.,
  .F.,(2,2),(0.,1.7),.PIECEWISE_BEZIER_KNOTS.);
#5118 = CARTESIAN_POINT('',(0.,-0.2));
#5119 = CARTESIAN_POINT('',(1.7,-0.2));
#5120 = ( GEOMETRIC_REPRESENTATION_CONTEXT(2) 
PARAMETRIC_REPRESENTATION_CONTEXT() REPRESENTATION_CONTEXT('2D SPACE',''
  ) );
#5121 = ORIENTED_EDGE('',*,*,#5122,.F.);
#5122 = EDGE_CURVE('',#4738,#5101,#5123,.T.);
#5123 = SURFACE_CURVE('',#5124,(#5127,#5133),.PCURVE_S1.);
#5124 = B_SPLINE_CURVE_WITH_KNOTS('',1,(#5125,#5126),.UNSPECIFIED.,.F.,
  .F.,(2,2),(0.,1.48),.PIECEWISE_BEZIER_KNOTS.);
#5125 = CARTESIAN_POINT('',(-201.368,-126.35,135.606));
#5126 = CARTESIAN_POINT('',(-201.368,-126.35,173.198));
#5127 = PCURVE('',#4776,#5128);
#5128 = DEFINITIONAL_REPRESENTATION('',(#5129),#5132);
#5129 = B_SPLINE_CURVE_WITH_KNOTS('',1,(#5130,#5131),.UNSPECIFIED.,.F.,
  .F.,(2,2),(0.,1.48),.PIECEWISE_BEZIER_KNOTS.);
#5130 = CARTESIAN_POINT('',(0.,0.));
#5131 = CARTESIAN_POINT('',(0.,1.48));
#5132 = ( GEOMETRIC_REPRESENTATION_CONTEXT(2) 
PARAMETRIC_REPRESENTATION_CONTEXT() REPRESENTATION_CONTEXT('2D SPACE',''
  ) );
#5133 = PCURVE('',#4751,#5134);
#5134 = DEFINITIONAL_REPRESENTATION('',(#5135),#5138);
#5135 = B_SPLINE_CURVE_WITH_KNOTS('',1,(#5136,#5137),.UNSPECIFIED.,.F.,
  .F.,(2,2),(0.,1.48),.PIECEWISE_BEZIER_KNOTS.);
#5136 = CARTESIAN_POINT('',(0.,0.2));
#5137 = CARTESIAN_POINT('',(1.48,0.2));
#5138 = ( GEOMETRIC_REPRESENTATION_CONTEXT(2) 
PARAMETRIC_REPRESENTATION_CONTEXT() REPRESENTATION_CONTEXT('2D SPACE',''
  ) );
#5139 = ORIENTED_EDGE('',*,*,#4762,.T.);
#5140 = ORIENTED_EDGE('',*,*,#5079,.T.);
#5141 = ORIENTED_EDGE('',*,*,#5142,.F.);
#5142 = EDGE_CURVE('',#5143,#5060,#5145,.T.);
#5143 = VERTEX_POINT('',#5144);
#5144 = CARTESIAN_POINT('',(-201.368,-59.378,173.198));
#5145 = SURFACE_CURVE('',#5146,(#5149,#5155),.PCURVE_S1.);
#5146 = B_SPLINE_CURVE_WITH_KNOTS('',1,(#5147,#5148),.UNSPECIFIED.,.F.,
  .F.,(2,2),(2.636692913386,2.83),.PIECEWISE_BEZIER_KNOTS.);
#5147 = CARTESIAN_POINT('',(-201.368,-59.378,173.198));
#5148 = CARTESIAN_POINT('',(-201.368,-54.468,173.198));
#5149 = PCURVE('',#4776,#5150);
#5150 = DEFINITIONAL_REPRESENTATION('',(#5151),#5154);
#5151 = B_SPLINE_CURVE_WITH_KNOTS('',1,(#5152,#5153),.UNSPECIFIED.,.F.,
  .F.,(2,2),(2.636692913386,2.83),.PIECEWISE_BEZIER_KNOTS.);
#5152 = CARTESIAN_POINT('',(2.636692913386,1.48));
#5153 = CARTESIAN_POINT('',(2.83,1.48));
#5154 = ( GEOMETRIC_REPRESENTATION_CONTEXT(2) 
PARAMETRIC_REPRESENTATION_CONTEXT() REPRESENTATION_CONTEXT('2D SPACE',''
  ) );
#5155 = PCURVE('',#4893,#5156);
#5156 = DEFINITIONAL_REPRESENTATION('',(#5157),#5160);
#5157 = B_SPLINE_CURVE_WITH_KNOTS('',1,(#5158,#5159),.UNSPECIFIED.,.F.,
  .F.,(2,2),(2.636692913386,2.83),.PIECEWISE_BEZIER_KNOTS.);
#5158 = CARTESIAN_POINT('',(2.636692913386,-0.2));
#5159 = CARTESIAN_POINT('',(2.83,-0.2));
#5160 = ( GEOMETRIC_REPRESENTATION_CONTEXT(2) 
PARAMETRIC_REPRESENTATION_CONTEXT() REPRESENTATION_CONTEXT('2D SPACE',''
  ) );
#5161 = ORIENTED_EDGE('',*,*,#5162,.F.);
#5162 = EDGE_CURVE('',#5163,#5143,#5165,.T.);
#5163 = VERTEX_POINT('',#5164);
#5164 = CARTESIAN_POINT('',(-201.368,-59.378,137.864));
#5165 = SURFACE_CURVE('',#5166,(#5169,#5175),.PCURVE_S1.);
#5166 = B_SPLINE_CURVE_WITH_KNOTS('',1,(#5167,#5168),.UNSPECIFIED.,.F.,
  .F.,(2,2),(4.444881889764E-02,1.435551181102),
  .PIECEWISE_BEZIER_KNOTS.);
#5167 = CARTESIAN_POINT('',(-201.368,-59.378,137.864));
#5168 = CARTESIAN_POINT('',(-201.368,-59.378,173.198));
#5169 = PCURVE('',#4776,#5170);
#5170 = DEFINITIONAL_REPRESENTATION('',(#5171),#5174);
#5171 = B_SPLINE_CURVE_WITH_KNOTS('',1,(#5172,#5173),.UNSPECIFIED.,.F.,
  .F.,(2,2),(4.444881889764E-02,1.435551181102),
  .PIECEWISE_BEZIER_KNOTS.);
#5172 = CARTESIAN_POINT('',(2.636692913386,8.889763779528E-02));
#5173 = CARTESIAN_POINT('',(2.636692913386,1.48));
#5174 = ( GEOMETRIC_REPRESENTATION_CONTEXT(2) 
PARAMETRIC_REPRESENTATION_CONTEXT() REPRESENTATION_CONTEXT('2D SPACE',''
  ) );
#5175 = PCURVE('',#4918,#5176);
#5176 = DEFINITIONAL_REPRESENTATION('',(#5177),#5180);
#5177 = B_SPLINE_CURVE_WITH_KNOTS('',1,(#5178,#5179),.UNSPECIFIED.,.F.,
  .F.,(2,2),(4.444881889764E-02,1.435551181102),
  .PIECEWISE_BEZIER_KNOTS.);
#5178 = CARTESIAN_POINT('',(0.,0.2));
#5179 = CARTESIAN_POINT('',(1.391102362205,0.2));
#5180 = ( GEOMETRIC_REPRESENTATION_CONTEXT(2) 
PARAMETRIC_REPRESENTATION_CONTEXT() REPRESENTATION_CONTEXT('2D SPACE',''
  ) );
#5181 = ORIENTED_EDGE('',*,*,#5182,.T.);
#5182 = EDGE_CURVE('',#5163,#5183,#5185,.T.);
#5183 = VERTEX_POINT('',#5184);
#5184 = CARTESIAN_POINT('',(-201.368,-83.17,137.864));
#5185 = SURFACE_CURVE('',#5186,(#5189,#5195),.PCURVE_S1.);
#5186 = B_SPLINE_CURVE_WITH_KNOTS('',1,(#5187,#5188),.UNSPECIFIED.,.F.,
  .F.,(2,2),(-1.786692913386,-0.85),.PIECEWISE_BEZIER_KNOTS.);
#5187 = CARTESIAN_POINT('',(-201.368,-59.378,137.864));
#5188 = CARTESIAN_POINT('',(-201.368,-83.17,137.864));
#5189 = PCURVE('',#4776,#5190);
#5190 = DEFINITIONAL_REPRESENTATION('',(#5191),#5194);
#5191 = B_SPLINE_CURVE_WITH_KNOTS('',1,(#5192,#5193),.UNSPECIFIED.,.F.,
  .F.,(2,2),(-1.786692913386,-0.85),.PIECEWISE_BEZIER_KNOTS.);
#5192 = CARTESIAN_POINT('',(2.636692913386,8.889763779528E-02));
#5193 = CARTESIAN_POINT('',(1.7,8.889763779528E-02));
#5194 = ( GEOMETRIC_REPRESENTATION_CONTEXT(2) 
PARAMETRIC_REPRESENTATION_CONTEXT() REPRESENTATION_CONTEXT('2D SPACE',''
  ) );
#5195 = PCURVE('',#5196,#5201);
#5196 = B_SPLINE_SURFACE_WITH_KNOTS('',1,1,(
    (#5197,#5198)
    ,(#5199,#5200
    )),.UNSPECIFIED.,.F.,.F.,.F.,(2,2),(2,2),(0.,0.936692913386),(
    -1.423700787402,-0.2),.PIECEWISE_BEZIER_KNOTS.);
#5197 = CARTESIAN_POINT('',(-232.45,-83.17,137.864));
#5198 = CARTESIAN_POINT('',(-201.368,-83.17,137.864));
#5199 = CARTESIAN_POINT('',(-232.45,-59.378,137.864));
#5200 = CARTESIAN_POINT('',(-201.368,-59.378,137.864));
#5201 = DEFINITIONAL_REPRESENTATION('',(#5202),#5205);
#5202 = B_SPLINE_CURVE_WITH_KNOTS('',1,(#5203,#5204),.UNSPECIFIED.,.F.,
  .F.,(2,2),(-1.786692913386,-0.85),.PIECEWISE_BEZIER_KNOTS.);
#5203 = CARTESIAN_POINT('',(0.936692913386,-0.2));
#5204 = CARTESIAN_POINT('',(0.,-0.2));
#5205 = ( GEOMETRIC_REPRESENTATION_CONTEXT(2) 
PARAMETRIC_REPRESENTATION_CONTEXT() REPRESENTATION_CONTEXT('2D SPACE',''
  ) );
#5206 = ORIENTED_EDGE('',*,*,#5207,.T.);
#5207 = EDGE_CURVE('',#5183,#5103,#5208,.T.);
#5208 = SURFACE_CURVE('',#5209,(#5212,#5218),.PCURVE_S1.);
#5209 = B_SPLINE_CURVE_WITH_KNOTS('',1,(#5210,#5211),.UNSPECIFIED.,.F.,
  .F.,(2,2),(4.444881889764E-02,1.435551181102),
  .PIECEWISE_BEZIER_KNOTS.);
#5210 = CARTESIAN_POINT('',(-201.368,-83.17,137.864));
#5211 = CARTESIAN_POINT('',(-201.368,-83.17,173.198));
#5212 = PCURVE('',#4776,#5213);
#5213 = DEFINITIONAL_REPRESENTATION('',(#5214),#5217);
#5214 = B_SPLINE_CURVE_WITH_KNOTS('',1,(#5215,#5216),.UNSPECIFIED.,.F.,
  .F.,(2,2),(4.444881889764E-02,1.435551181102),
  .PIECEWISE_BEZIER_KNOTS.);
#5215 = CARTESIAN_POINT('',(1.7,8.889763779528E-02));
#5216 = CARTESIAN_POINT('',(1.7,1.48));
#5217 = ( GEOMETRIC_REPRESENTATION_CONTEXT(2) 
PARAMETRIC_REPRESENTATION_CONTEXT() REPRESENTATION_CONTEXT('2D SPACE',''
  ) );
#5218 = PCURVE('',#4968,#5219);
#5219 = DEFINITIONAL_REPRESENTATION('',(#5220),#5223);
#5220 = B_SPLINE_CURVE_WITH_KNOTS('',1,(#5221,#5222),.UNSPECIFIED.,.F.,
  .F.,(2,2),(4.444881889764E-02,1.435551181102),
  .PIECEWISE_BEZIER_KNOTS.);
#5221 = CARTESIAN_POINT('',(0.,0.2));
#5222 = CARTESIAN_POINT('',(1.391102362205,0.2));
#5223 = ( GEOMETRIC_REPRESENTATION_CONTEXT(2) 
PARAMETRIC_REPRESENTATION_CONTEXT() REPRESENTATION_CONTEXT('2D SPACE',''
  ) );
#5224 = ADVANCED_FACE('',(#5225),#4751,.T.);
#5225 = FACE_BOUND('',#5226,.T.);
#5226 = EDGE_LOOP('',(#5227,#5228,#5229,#5249,#5267));
#5227 = ORIENTED_EDGE('',*,*,#4737,.F.);
#5228 = ORIENTED_EDGE('',*,*,#4840,.T.);
#5229 = ORIENTED_EDGE('',*,*,#5230,.T.);
#5230 = EDGE_CURVE('',#4814,#5231,#5233,.T.);
#5231 = VERTEX_POINT('',#5232);
#5232 = CARTESIAN_POINT('',(-201.114,-126.35,173.198));
#5233 = SURFACE_CURVE('',#5234,(#5237,#5243),.PCURVE_S1.);
#5234 = B_SPLINE_CURVE_WITH_KNOTS('',1,(#5235,#5236),.UNSPECIFIED.,.F.,
  .F.,(2,2),(0.,0.19),.PIECEWISE_BEZIER_KNOTS.);
#5235 = CARTESIAN_POINT('',(-196.288,-126.35,173.198));
#5236 = CARTESIAN_POINT('',(-201.114,-126.35,173.198));
#5237 = PCURVE('',#4751,#5238);
#5238 = DEFINITIONAL_REPRESENTATION('',(#5239),#5242);
#5239 = B_SPLINE_CURVE_WITH_KNOTS('',1,(#5240,#5241),.UNSPECIFIED.,.F.,
  .F.,(2,2),(0.,0.19),.PIECEWISE_BEZIER_KNOTS.);
#5240 = CARTESIAN_POINT('',(1.48,0.));
#5241 = CARTESIAN_POINT('',(1.48,0.19));
#5242 = ( GEOMETRIC_REPRESENTATION_CONTEXT(2) 
PARAMETRIC_REPRESENTATION_CONTEXT() REPRESENTATION_CONTEXT('2D SPACE',''
  ) );
#5243 = PCURVE('',#4829,#5244);
#5244 = DEFINITIONAL_REPRESENTATION('',(#5245),#5248);
#5245 = B_SPLINE_CURVE_WITH_KNOTS('',1,(#5246,#5247),.UNSPECIFIED.,.F.,
  .F.,(2,2),(0.,0.19),.PIECEWISE_BEZIER_KNOTS.);
#5246 = CARTESIAN_POINT('',(0.49,-0.75));
#5247 = CARTESIAN_POINT('',(0.68,-0.75));
#5248 = ( GEOMETRIC_REPRESENTATION_CONTEXT(2) 
PARAMETRIC_REPRESENTATION_CONTEXT() REPRESENTATION_CONTEXT('2D SPACE',''
  ) );
#5249 = ORIENTED_EDGE('',*,*,#5250,.T.);
#5250 = EDGE_CURVE('',#5231,#5101,#5251,.T.);
#5251 = SURFACE_CURVE('',#5252,(#5255,#5261),.PCURVE_S1.);
#5252 = B_SPLINE_CURVE_WITH_KNOTS('',1,(#5253,#5254),.UNSPECIFIED.,.F.,
  .F.,(2,2),(0.19,0.2),.PIECEWISE_BEZIER_KNOTS.);
#5253 = CARTESIAN_POINT('',(-201.114,-126.35,173.198));
#5254 = CARTESIAN_POINT('',(-201.368,-126.35,173.198));
#5255 = PCURVE('',#4751,#5256);
#5256 = DEFINITIONAL_REPRESENTATION('',(#5257),#5260);
#5257 = B_SPLINE_CURVE_WITH_KNOTS('',1,(#5258,#5259),.UNSPECIFIED.,.F.,
  .F.,(2,2),(0.19,0.2),.PIECEWISE_BEZIER_KNOTS.);
#5258 = CARTESIAN_POINT('',(1.48,0.19));
#5259 = CARTESIAN_POINT('',(1.48,0.2));
#5260 = ( GEOMETRIC_REPRESENTATION_CONTEXT(2) 
PARAMETRIC_REPRESENTATION_CONTEXT() REPRESENTATION_CONTEXT('2D SPACE',''
  ) );
#5261 = PCURVE('',#4991,#5262);
#5262 = DEFINITIONAL_REPRESENTATION('',(#5263),#5266);
#5263 = B_SPLINE_CURVE_WITH_KNOTS('',1,(#5264,#5265),.UNSPECIFIED.,.F.,
  .F.,(2,2),(0.19,0.2),.PIECEWISE_BEZIER_KNOTS.);
#5264 = CARTESIAN_POINT('',(0.,-0.19));
#5265 = CARTESIAN_POINT('',(0.,-0.2));
#5266 = ( GEOMETRIC_REPRESENTATION_CONTEXT(2) 
PARAMETRIC_REPRESENTATION_CONTEXT() REPRESENTATION_CONTEXT('2D SPACE',''
  ) );
#5267 = ORIENTED_EDGE('',*,*,#5122,.F.);
#5268 = ADVANCED_FACE('',(#5269),#4829,.F.);
#5269 = FACE_BOUND('',#5270,.F.);
#5270 = EDGE_LOOP('',(#5271,#5298,#5323,#5346,#5347,#5348));
#5271 = ORIENTED_EDGE('',*,*,#5272,.F.);
#5272 = EDGE_CURVE('',#5273,#5275,#5277,.T.);
#5273 = VERTEX_POINT('',#5274);
#5274 = CARTESIAN_POINT('',(-183.842,-145.4,173.198));
#5275 = VERTEX_POINT('',#5276);
#5276 = CARTESIAN_POINT('',(-201.114,-145.4,173.198));
#5277 = SURFACE_CURVE('',#5278,(#5281,#5287),.PCURVE_S1.);
#5278 = B_SPLINE_CURVE_WITH_KNOTS('',1,(#5279,#5280),.UNSPECIFIED.,.F.,
  .F.,(2,2),(0.,0.68),.PIECEWISE_BEZIER_KNOTS.);
#5279 = CARTESIAN_POINT('',(-183.842,-145.4,173.198));
#5280 = CARTESIAN_POINT('',(-201.114,-145.4,173.198));
#5281 = PCURVE('',#4829,#5282);
#5282 = DEFINITIONAL_REPRESENTATION('',(#5283),#5286);
#5283 = B_SPLINE_CURVE_WITH_KNOTS('',1,(#5284,#5285),.UNSPECIFIED.,.F.,
  .F.,(2,2),(0.,0.68),.PIECEWISE_BEZIER_KNOTS.);
#5284 = CARTESIAN_POINT('',(0.,0.));
#5285 = CARTESIAN_POINT('',(0.68,0.));
#5286 = ( GEOMETRIC_REPRESENTATION_CONTEXT(2) 
PARAMETRIC_REPRESENTATION_CONTEXT() REPRESENTATION_CONTEXT('2D SPACE',''
  ) );
#5287 = PCURVE('',#5288,#5293);
#5288 = B_SPLINE_SURFACE_WITH_KNOTS('',1,1,(
    (#5289,#5290)
    ,(#5291,#5292
    )),.UNSPECIFIED.,.F.,.F.,.F.,(2,2),(2,2),(-0.196152236891,
    8.38477631085E-02),(-0.396152236891,0.283847763109),
  .PIECEWISE_BEZIER_KNOTS.);
#5289 = CARTESIAN_POINT('',(-183.842,-145.4,180.31));
#5290 = CARTESIAN_POINT('',(-201.114,-145.4,180.31));
#5291 = CARTESIAN_POINT('',(-183.842,-145.4,173.198));
#5292 = CARTESIAN_POINT('',(-201.114,-145.4,173.198));
#5293 = DEFINITIONAL_REPRESENTATION('',(#5294),#5297);
#5294 = B_SPLINE_CURVE_WITH_KNOTS('',1,(#5295,#5296),.UNSPECIFIED.,.F.,
  .F.,(2,2),(0.,0.68),.PIECEWISE_BEZIER_KNOTS.);
#5295 = CARTESIAN_POINT('',(8.38477631085E-02,-0.396152236891));
#5296 = CARTESIAN_POINT('',(8.38477631085E-02,0.283847763109));
#5297 = ( GEOMETRIC_REPRESENTATION_CONTEXT(2) 
PARAMETRIC_REPRESENTATION_CONTEXT() REPRESENTATION_CONTEXT('2D SPACE',''
  ) );
#5298 = ORIENTED_EDGE('',*,*,#5299,.T.);
#5299 = EDGE_CURVE('',#5273,#5300,#5302,.T.);
#5300 = VERTEX_POINT('',#5301);
#5301 = CARTESIAN_POINT('',(-183.842,-100.95,173.198));
#5302 = SURFACE_CURVE('',#5303,(#5306,#5312),.PCURVE_S1.);
#5303 = B_SPLINE_CURVE_WITH_KNOTS('',1,(#5304,#5305),.UNSPECIFIED.,.F.,
  .F.,(2,2),(0.,1.75),.PIECEWISE_BEZIER_KNOTS.);
#5304 = CARTESIAN_POINT('',(-183.842,-145.4,173.198));
#5305 = CARTESIAN_POINT('',(-183.842,-100.95,173.198));
#5306 = PCURVE('',#4829,#5307);
#5307 = DEFINITIONAL_REPRESENTATION('',(#5308),#5311);
#5308 = B_SPLINE_CURVE_WITH_KNOTS('',1,(#5309,#5310),.UNSPECIFIED.,.F.,
  .F.,(2,2),(0.,1.75),.PIECEWISE_BEZIER_KNOTS.);
#5309 = CARTESIAN_POINT('',(0.,0.));
#5310 = CARTESIAN_POINT('',(0.,-1.75));
#5311 = ( GEOMETRIC_REPRESENTATION_CONTEXT(2) 
PARAMETRIC_REPRESENTATION_CONTEXT() REPRESENTATION_CONTEXT('2D SPACE',''
  ) );
#5312 = PCURVE('',#5313,#5318);
#5313 = B_SPLINE_SURFACE_WITH_KNOTS('',1,1,(
    (#5314,#5315)
    ,(#5316,#5317
    )),.UNSPECIFIED.,.F.,.F.,.F.,(2,2),(2,2),(0.,0.735391052434),(-1.75,
    0.),.PIECEWISE_BEZIER_KNOTS.);
#5314 = CARTESIAN_POINT('',(-201.114,-100.95,180.31));
#5315 = CARTESIAN_POINT('',(-201.114,-145.4,180.31));
#5316 = CARTESIAN_POINT('',(-183.842,-100.95,173.198));
#5317 = CARTESIAN_POINT('',(-183.842,-145.4,173.198));
#5318 = DEFINITIONAL_REPRESENTATION('',(#5319),#5322);
#5319 = B_SPLINE_CURVE_WITH_KNOTS('',1,(#5320,#5321),.UNSPECIFIED.,.F.,
  .F.,(2,2),(0.,1.75),.PIECEWISE_BEZIER_KNOTS.);
#5320 = CARTESIAN_POINT('',(0.735391052434,0.));
#5321 = CARTESIAN_POINT('',(0.735391052434,-1.75));
#5322 = ( GEOMETRIC_REPRESENTATION_CONTEXT(2) 
PARAMETRIC_REPRESENTATION_CONTEXT() REPRESENTATION_CONTEXT('2D SPACE',''
  ) );
#5323 = ORIENTED_EDGE('',*,*,#5324,.T.);
#5324 = EDGE_CURVE('',#5300,#4816,#5325,.T.);
#5325 = SURFACE_CURVE('',#5326,(#5329,#5335),.PCURVE_S1.);
#5326 = B_SPLINE_CURVE_WITH_KNOTS('',1,(#5327,#5328),.UNSPECIFIED.,.F.,
  .F.,(2,2),(0.,0.49),.PIECEWISE_BEZIER_KNOTS.);
#5327 = CARTESIAN_POINT('',(-183.842,-100.95,173.198));
#5328 = CARTESIAN_POINT('',(-196.288,-100.95,173.198));
#5329 = PCURVE('',#4829,#5330);
#5330 = DEFINITIONAL_REPRESENTATION('',(#5331),#5334);
#5331 = B_SPLINE_CURVE_WITH_KNOTS('',1,(#5332,#5333),.UNSPECIFIED.,.F.,
  .F.,(2,2),(0.,0.49),.PIECEWISE_BEZIER_KNOTS.);
#5332 = CARTESIAN_POINT('',(0.,-1.75));
#5333 = CARTESIAN_POINT('',(0.49,-1.75));
#5334 = ( GEOMETRIC_REPRESENTATION_CONTEXT(2) 
PARAMETRIC_REPRESENTATION_CONTEXT() REPRESENTATION_CONTEXT('2D SPACE',''
  ) );
#5335 = PCURVE('',#5336,#5341);
#5336 = B_SPLINE_SURFACE_WITH_KNOTS('',1,1,(
    (#5337,#5338)
    ,(#5339,#5340
    )),.UNSPECIFIED.,.F.,.F.,.F.,(2,2),(2,2),(-0.196152236891,
    8.38477631085E-02),(-0.396152236891,0.283847763109),
  .PIECEWISE_BEZIER_KNOTS.);
#5337 = CARTESIAN_POINT('',(-183.842,-100.95,180.31));
#5338 = CARTESIAN_POINT('',(-201.114,-100.95,180.31));
#5339 = CARTESIAN_POINT('',(-183.842,-100.95,173.198));
#5340 = CARTESIAN_POINT('',(-201.114,-100.95,173.198));
#5341 = DEFINITIONAL_REPRESENTATION('',(#5342),#5345);
#5342 = B_SPLINE_CURVE_WITH_KNOTS('',1,(#5343,#5344),.UNSPECIFIED.,.F.,
  .F.,(2,2),(0.,0.49),.PIECEWISE_BEZIER_KNOTS.);
#5343 = CARTESIAN_POINT('',(8.38477631085E-02,-0.396152236891));
#5344 = CARTESIAN_POINT('',(8.38477631085E-02,9.38477631085E-02));
#5345 = ( GEOMETRIC_REPRESENTATION_CONTEXT(2) 
PARAMETRIC_REPRESENTATION_CONTEXT() REPRESENTATION_CONTEXT('2D SPACE',''
  ) );
#5346 = ORIENTED_EDGE('',*,*,#4813,.F.);
#5347 = ORIENTED_EDGE('',*,*,#5230,.T.);
#5348 = ORIENTED_EDGE('',*,*,#5349,.F.);
#5349 = EDGE_CURVE('',#5275,#5231,#5350,.T.);
#5350 = SURFACE_CURVE('',#5351,(#5354,#5360),.PCURVE_S1.);
#5351 = B_SPLINE_CURVE_WITH_KNOTS('',1,(#5352,#5353),.UNSPECIFIED.,.F.,
  .F.,(2,2),(0.,0.75),.PIECEWISE_BEZIER_KNOTS.);
#5352 = CARTESIAN_POINT('',(-201.114,-145.4,173.198));
#5353 = CARTESIAN_POINT('',(-201.114,-126.35,173.198));
#5354 = PCURVE('',#4829,#5355);
#5355 = DEFINITIONAL_REPRESENTATION('',(#5356),#5359);
#5356 = B_SPLINE_CURVE_WITH_KNOTS('',1,(#5357,#5358),.UNSPECIFIED.,.F.,
  .F.,(2,2),(0.,0.75),.PIECEWISE_BEZIER_KNOTS.);
#5357 = CARTESIAN_POINT('',(0.68,0.));
#5358 = CARTESIAN_POINT('',(0.68,-0.75));
#5359 = ( GEOMETRIC_REPRESENTATION_CONTEXT(2) 
PARAMETRIC_REPRESENTATION_CONTEXT() REPRESENTATION_CONTEXT('2D SPACE',''
  ) );
#5360 = PCURVE('',#5361,#5366);
#5361 = B_SPLINE_SURFACE_WITH_KNOTS('',1,1,(
    (#5362,#5363)
    ,(#5364,#5365
    )),.UNSPECIFIED.,.F.,.F.,.F.,(2,2),(2,2),(0.,0.28),(-1.75,0.),
  .PIECEWISE_BEZIER_KNOTS.);
#5362 = CARTESIAN_POINT('',(-201.114,-100.95,173.198));
#5363 = CARTESIAN_POINT('',(-201.114,-145.4,173.198));
#5364 = CARTESIAN_POINT('',(-201.114,-100.95,180.31));
#5365 = CARTESIAN_POINT('',(-201.114,-145.4,180.31));
#5366 = DEFINITIONAL_REPRESENTATION('',(#5367),#5370);
#5367 = B_SPLINE_CURVE_WITH_KNOTS('',1,(#5368,#5369),.UNSPECIFIED.,.F.,
  .F.,(2,2),(0.,0.75),.PIECEWISE_BEZIER_KNOTS.);
#5368 = CARTESIAN_POINT('',(0.,0.));
#5369 = CARTESIAN_POINT('',(0.,-0.75));
#5370 = ( GEOMETRIC_REPRESENTATION_CONTEXT(2) 
PARAMETRIC_REPRESENTATION_CONTEXT() REPRESENTATION_CONTEXT('2D SPACE',''
  ) );
#5371 = ADVANCED_FACE('',(#5372),#4991,.F.);
#5372 = FACE_BOUND('',#5373,.F.);
#5373 = EDGE_LOOP('',(#5374,#5375,#5395,#5413,#5414,#5415));
#5374 = ORIENTED_EDGE('',*,*,#4979,.F.);
#5375 = ORIENTED_EDGE('',*,*,#5376,.T.);
#5376 = EDGE_CURVE('',#4816,#5377,#5379,.T.);
#5377 = VERTEX_POINT('',#5378);
#5378 = CARTESIAN_POINT('',(-201.114,-100.95,173.198));
#5379 = SURFACE_CURVE('',#5380,(#5383,#5389),.PCURVE_S1.);
#5380 = B_SPLINE_CURVE_WITH_KNOTS('',1,(#5381,#5382),.UNSPECIFIED.,.F.,
  .F.,(2,2),(0.49,0.68),.PIECEWISE_BEZIER_KNOTS.);
#5381 = CARTESIAN_POINT('',(-196.288,-100.95,173.198));
#5382 = CARTESIAN_POINT('',(-201.114,-100.95,173.198));
#5383 = PCURVE('',#4991,#5384);
#5384 = DEFINITIONAL_REPRESENTATION('',(#5385),#5388);
#5385 = B_SPLINE_CURVE_WITH_KNOTS('',1,(#5386,#5387),.UNSPECIFIED.,.F.,
  .F.,(2,2),(0.49,0.68),.PIECEWISE_BEZIER_KNOTS.);
#5386 = CARTESIAN_POINT('',(1.,0.));
#5387 = CARTESIAN_POINT('',(1.,-0.19));
#5388 = ( GEOMETRIC_REPRESENTATION_CONTEXT(2) 
PARAMETRIC_REPRESENTATION_CONTEXT() REPRESENTATION_CONTEXT('2D SPACE',''
  ) );
#5389 = PCURVE('',#5336,#5390);
#5390 = DEFINITIONAL_REPRESENTATION('',(#5391),#5394);
#5391 = B_SPLINE_CURVE_WITH_KNOTS('',1,(#5392,#5393),.UNSPECIFIED.,.F.,
  .F.,(2,2),(0.49,0.68),.PIECEWISE_BEZIER_KNOTS.);
#5392 = CARTESIAN_POINT('',(8.38477631085E-02,9.38477631085E-02));
#5393 = CARTESIAN_POINT('',(8.38477631085E-02,0.283847763109));
#5394 = ( GEOMETRIC_REPRESENTATION_CONTEXT(2) 
PARAMETRIC_REPRESENTATION_CONTEXT() REPRESENTATION_CONTEXT('2D SPACE',''
  ) );
#5395 = ORIENTED_EDGE('',*,*,#5396,.F.);
#5396 = EDGE_CURVE('',#5231,#5377,#5397,.T.);
#5397 = SURFACE_CURVE('',#5398,(#5401,#5407),.PCURVE_S1.);
#5398 = B_SPLINE_CURVE_WITH_KNOTS('',1,(#5399,#5400),.UNSPECIFIED.,.F.,
  .F.,(2,2),(0.75,1.75),.PIECEWISE_BEZIER_KNOTS.);
#5399 = CARTESIAN_POINT('',(-201.114,-126.35,173.198));
#5400 = CARTESIAN_POINT('',(-201.114,-100.95,173.198));
#5401 = PCURVE('',#4991,#5402);
#5402 = DEFINITIONAL_REPRESENTATION('',(#5403),#5406);
#5403 = B_SPLINE_CURVE_WITH_KNOTS('',1,(#5404,#5405),.UNSPECIFIED.,.F.,
  .F.,(2,2),(0.75,1.75),.PIECEWISE_BEZIER_KNOTS.);
#5404 = CARTESIAN_POINT('',(0.,-0.19));
#5405 = CARTESIAN_POINT('',(1.,-0.19));
#5406 = ( GEOMETRIC_REPRESENTATION_CONTEXT(2) 
PARAMETRIC_REPRESENTATION_CONTEXT() REPRESENTATION_CONTEXT('2D SPACE',''
  ) );
#5407 = PCURVE('',#5361,#5408);
#5408 = DEFINITIONAL_REPRESENTATION('',(#5409),#5412);
#5409 = B_SPLINE_CURVE_WITH_KNOTS('',1,(#5410,#5411),.UNSPECIFIED.,.F.,
  .F.,(2,2),(0.75,1.75),.PIECEWISE_BEZIER_KNOTS.);
#5410 = CARTESIAN_POINT('',(0.,-0.75));
#5411 = CARTESIAN_POINT('',(0.,-1.75));
#5412 = ( GEOMETRIC_REPRESENTATION_CONTEXT(2) 
PARAMETRIC_REPRESENTATION_CONTEXT() REPRESENTATION_CONTEXT('2D SPACE',''
  ) );
#5413 = ORIENTED_EDGE('',*,*,#5250,.T.);
#5414 = ORIENTED_EDGE('',*,*,#5100,.T.);
#5415 = ORIENTED_EDGE('',*,*,#5416,.T.);
#5416 = EDGE_CURVE('',#5103,#4955,#5417,.T.);
#5417 = SURFACE_CURVE('',#5418,(#5421,#5427),.PCURVE_S1.);
#5418 = B_SPLINE_CURVE_WITH_KNOTS('',1,(#5419,#5420),.UNSPECIFIED.,.F.,
  .F.,(2,2),(-0.2,-8.881784197001E-16),.PIECEWISE_BEZIER_KNOTS.);
#5419 = CARTESIAN_POINT('',(-201.368,-83.17,173.198));
#5420 = CARTESIAN_POINT('',(-196.288,-83.17,173.198));
#5421 = PCURVE('',#4991,#5422);
#5422 = DEFINITIONAL_REPRESENTATION('',(#5423),#5426);
#5423 = B_SPLINE_CURVE_WITH_KNOTS('',1,(#5424,#5425),.UNSPECIFIED.,.F.,
  .F.,(2,2),(-0.2,-8.881784197001E-16),.PIECEWISE_BEZIER_KNOTS.);
#5424 = CARTESIAN_POINT('',(1.7,-0.2));
#5425 = CARTESIAN_POINT('',(1.7,0.));
#5426 = ( GEOMETRIC_REPRESENTATION_CONTEXT(2) 
PARAMETRIC_REPRESENTATION_CONTEXT() REPRESENTATION_CONTEXT('2D SPACE',''
  ) );
#5427 = PCURVE('',#4968,#5428);
#5428 = DEFINITIONAL_REPRESENTATION('',(#5429),#5432);
#5429 = B_SPLINE_CURVE_WITH_KNOTS('',1,(#5430,#5431),.UNSPECIFIED.,.F.,
  .F.,(2,2),(-0.2,-8.881784197001E-16),.PIECEWISE_BEZIER_KNOTS.);
#5430 = CARTESIAN_POINT('',(1.391102362205,0.2));
#5431 = CARTESIAN_POINT('',(1.391102362205,1.7763568394E-15));
#5432 = ( GEOMETRIC_REPRESENTATION_CONTEXT(2) 
PARAMETRIC_REPRESENTATION_CONTEXT() REPRESENTATION_CONTEXT('2D SPACE',''
  ) );
#5433 = ADVANCED_FACE('',(#5434,#5502),#4968,.T.);
#5434 = FACE_BOUND('',#5435,.T.);
#5435 = EDGE_LOOP('',(#5436,#5456,#5457,#5458,#5459,#5479));
#5436 = ORIENTED_EDGE('',*,*,#5437,.F.);
#5437 = EDGE_CURVE('',#5183,#5438,#5440,.T.);
#5438 = VERTEX_POINT('',#5439);
#5439 = CARTESIAN_POINT('',(-232.45,-83.17,137.864));
#5440 = SURFACE_CURVE('',#5441,(#5444,#5450),.PCURVE_S1.);
#5441 = B_SPLINE_CURVE_WITH_KNOTS('',1,(#5442,#5443),.UNSPECIFIED.,.F.,
  .F.,(2,2),(0.2,1.423700787402),.PIECEWISE_BEZIER_KNOTS.);
#5442 = CARTESIAN_POINT('',(-201.368,-83.17,137.864));
#5443 = CARTESIAN_POINT('',(-232.45,-83.17,137.864));
#5444 = PCURVE('',#4968,#5445);
#5445 = DEFINITIONAL_REPRESENTATION('',(#5446),#5449);
#5446 = B_SPLINE_CURVE_WITH_KNOTS('',1,(#5447,#5448),.UNSPECIFIED.,.F.,
  .F.,(2,2),(0.2,1.423700787402),.PIECEWISE_BEZIER_KNOTS.);
#5447 = CARTESIAN_POINT('',(0.,0.2));
#5448 = CARTESIAN_POINT('',(0.,1.423700787402));
#5449 = ( GEOMETRIC_REPRESENTATION_CONTEXT(2) 
PARAMETRIC_REPRESENTATION_CONTEXT() REPRESENTATION_CONTEXT('2D SPACE',''
  ) );
#5450 = PCURVE('',#5196,#5451);
#5451 = DEFINITIONAL_REPRESENTATION('',(#5452),#5455);
#5452 = B_SPLINE_CURVE_WITH_KNOTS('',1,(#5453,#5454),.UNSPECIFIED.,.F.,
  .F.,(2,2),(0.2,1.423700787402),.PIECEWISE_BEZIER_KNOTS.);
#5453 = CARTESIAN_POINT('',(0.,-0.2));
#5454 = CARTESIAN_POINT('',(0.,-1.423700787402));
#5455 = ( GEOMETRIC_REPRESENTATION_CONTEXT(2) 
PARAMETRIC_REPRESENTATION_CONTEXT() REPRESENTATION_CONTEXT('2D SPACE',''
  ) );
#5456 = ORIENTED_EDGE('',*,*,#5207,.T.);
#5457 = ORIENTED_EDGE('',*,*,#5416,.T.);
#5458 = ORIENTED_EDGE('',*,*,#4954,.T.);
#5459 = ORIENTED_EDGE('',*,*,#5460,.T.);
#5460 = EDGE_CURVE('',#4930,#5461,#5463,.T.);
#5461 = VERTEX_POINT('',#5462);
#5462 = CARTESIAN_POINT('',(-232.45,-83.17,181.928));
#5463 = SURFACE_CURVE('',#5464,(#5467,#5473),.PCURVE_S1.);
#5464 = B_SPLINE_CURVE_WITH_KNOTS('',1,(#5465,#5466),.UNSPECIFIED.,.F.,
  .F.,(2,2),(0.,1.423700787402),.PIECEWISE_BEZIER_KNOTS.);
#5465 = CARTESIAN_POINT('',(-196.288,-83.17,181.928));
#5466 = CARTESIAN_POINT('',(-232.45,-83.17,181.928));
#5467 = PCURVE('',#4968,#5468);
#5468 = DEFINITIONAL_REPRESENTATION('',(#5469),#5472);
#5469 = B_SPLINE_CURVE_WITH_KNOTS('',1,(#5470,#5471),.UNSPECIFIED.,.F.,
  .F.,(2,2),(0.,1.423700787402),.PIECEWISE_BEZIER_KNOTS.);
#5470 = CARTESIAN_POINT('',(1.734803149606,0.));
#5471 = CARTESIAN_POINT('',(1.734803149606,1.423700787402));
#5472 = ( GEOMETRIC_REPRESENTATION_CONTEXT(2) 
PARAMETRIC_REPRESENTATION_CONTEXT() REPRESENTATION_CONTEXT('2D SPACE',''
  ) );
#5473 = PCURVE('',#4943,#5474);
#5474 = DEFINITIONAL_REPRESENTATION('',(#5475),#5478);
#5475 = B_SPLINE_CURVE_WITH_KNOTS('',1,(#5476,#5477),.UNSPECIFIED.,.F.,
  .F.,(2,2),(0.,1.423700787402),.PIECEWISE_BEZIER_KNOTS.);
#5476 = CARTESIAN_POINT('',(0.,0.));
#5477 = CARTESIAN_POINT('',(0.,-1.423700787402));
#5478 = ( GEOMETRIC_REPRESENTATION_CONTEXT(2) 
PARAMETRIC_REPRESENTATION_CONTEXT() REPRESENTATION_CONTEXT('2D SPACE',''
  ) );
#5479 = ORIENTED_EDGE('',*,*,#5480,.F.);
#5480 = EDGE_CURVE('',#5438,#5461,#5481,.T.);
#5481 = SURFACE_CURVE('',#5482,(#5485,#5491),.PCURVE_S1.);
#5482 = B_SPLINE_CURVE_WITH_KNOTS('',1,(#5483,#5484),.UNSPECIFIED.,.F.,
  .F.,(2,2),(0.,1.734803149606),.PIECEWISE_BEZIER_KNOTS.);
#5483 = CARTESIAN_POINT('',(-232.45,-83.17,137.864));
#5484 = CARTESIAN_POINT('',(-232.45,-83.17,181.928));
#5485 = PCURVE('',#4968,#5486);
#5486 = DEFINITIONAL_REPRESENTATION('',(#5487),#5490);
#5487 = B_SPLINE_CURVE_WITH_KNOTS('',1,(#5488,#5489),.UNSPECIFIED.,.F.,
  .F.,(2,2),(0.,1.734803149606),.PIECEWISE_BEZIER_KNOTS.);
#5488 = CARTESIAN_POINT('',(0.,1.423700787402));
#5489 = CARTESIAN_POINT('',(1.734803149606,1.423700787402));
#5490 = ( GEOMETRIC_REPRESENTATION_CONTEXT(2) 
PARAMETRIC_REPRESENTATION_CONTEXT() REPRESENTATION_CONTEXT('2D SPACE',''
  ) );
#5491 = PCURVE('',#5492,#5497);
#5492 = B_SPLINE_SURFACE_WITH_KNOTS('',1,1,(
    (#5493,#5494)
    ,(#5495,#5496
    )),.UNSPECIFIED.,.F.,.F.,.F.,(2,2),(2,2),(0.,0.936692913386),(0.,
    1.734803149606),.PIECEWISE_BEZIER_KNOTS.);
#5493 = CARTESIAN_POINT('',(-232.45,-83.17,137.864));
#5494 = CARTESIAN_POINT('',(-232.45,-83.17,181.928));
#5495 = CARTESIAN_POINT('',(-232.45,-59.378,137.864));
#5496 = CARTESIAN_POINT('',(-232.45,-59.378,181.928));
#5497 = DEFINITIONAL_REPRESENTATION('',(#5498),#5501);
#5498 = B_SPLINE_CURVE_WITH_KNOTS('',1,(#5499,#5500),.UNSPECIFIED.,.F.,
  .F.,(2,2),(0.,1.734803149606),.PIECEWISE_BEZIER_KNOTS.);
#5499 = CARTESIAN_POINT('',(0.,0.));
#5500 = CARTESIAN_POINT('',(0.,1.734803149606));
#5501 = ( GEOMETRIC_REPRESENTATION_CONTEXT(2) 
PARAMETRIC_REPRESENTATION_CONTEXT() REPRESENTATION_CONTEXT('2D SPACE',''
  ) );
#5502 = FACE_BOUND('',#5503,.T.);
#5503 = EDGE_LOOP('',(#5504,#5531,#5556,#5581));
#5504 = ORIENTED_EDGE('',*,*,#5505,.T.);
#5505 = EDGE_CURVE('',#5506,#5508,#5510,.T.);
#5506 = VERTEX_POINT('',#5507);
#5507 = CARTESIAN_POINT('',(-209.91,-83.17,179.896));
#5508 = VERTEX_POINT('',#5509);
#5509 = CARTESIAN_POINT('',(-209.91,-83.17,139.896));
#5510 = SURFACE_CURVE('',#5511,(#5514,#5520),.PCURVE_S1.);
#5511 = B_SPLINE_CURVE_WITH_KNOTS('',1,(#5512,#5513),.UNSPECIFIED.,.F.,
  .F.,(2,2),(-1.614803149606,-4.E-02),.PIECEWISE_BEZIER_KNOTS.);
#5512 = CARTESIAN_POINT('',(-209.91,-83.17,179.896));
#5513 = CARTESIAN_POINT('',(-209.91,-83.17,139.896));
#5514 = PCURVE('',#4968,#5515);
#5515 = DEFINITIONAL_REPRESENTATION('',(#5516),#5519);
#5516 = B_SPLINE_CURVE_WITH_KNOTS('',1,(#5517,#5518),.UNSPECIFIED.,.F.,
  .F.,(2,2),(-1.614803149606,-4.E-02),.PIECEWISE_BEZIER_KNOTS.);
#5517 = CARTESIAN_POINT('',(1.654803149606,0.536299212598));
#5518 = CARTESIAN_POINT('',(8.E-02,0.536299212598));
#5519 = ( GEOMETRIC_REPRESENTATION_CONTEXT(2) 
PARAMETRIC_REPRESENTATION_CONTEXT() REPRESENTATION_CONTEXT('2D SPACE',''
  ) );
#5520 = PCURVE('',#5521,#5526);
#5521 = B_SPLINE_SURFACE_WITH_KNOTS('',1,1,(
    (#5522,#5523)
    ,(#5524,#5525
    )),.UNSPECIFIED.,.F.,.F.,.F.,(2,2),(2,2),(0.6,1.456692913386),(0.,
    1.574803149606),.PIECEWISE_BEZIER_KNOTS.);
#5522 = CARTESIAN_POINT('',(-209.91,-83.17,139.896));
#5523 = CARTESIAN_POINT('',(-209.91,-83.17,179.896));
#5524 = CARTESIAN_POINT('',(-209.91,-61.41,139.896));
#5525 = CARTESIAN_POINT('',(-209.91,-61.41,179.896));
#5526 = DEFINITIONAL_REPRESENTATION('',(#5527),#5530);
#5527 = B_SPLINE_CURVE_WITH_KNOTS('',1,(#5528,#5529),.UNSPECIFIED.,.F.,
  .F.,(2,2),(-1.614803149606,-4.E-02),.PIECEWISE_BEZIER_KNOTS.);
#5528 = CARTESIAN_POINT('',(0.6,1.574803149606));
#5529 = CARTESIAN_POINT('',(0.6,0.));
#5530 = ( GEOMETRIC_REPRESENTATION_CONTEXT(2) 
PARAMETRIC_REPRESENTATION_CONTEXT() REPRESENTATION_CONTEXT('2D SPACE',''
  ) );
#5531 = ORIENTED_EDGE('',*,*,#5532,.T.);
#5532 = EDGE_CURVE('',#5508,#5533,#5535,.T.);
#5533 = VERTEX_POINT('',#5534);
#5534 = CARTESIAN_POINT('',(-229.91,-83.17,139.896));
#5535 = SURFACE_CURVE('',#5536,(#5539,#5545),.PCURVE_S1.);
#5536 = B_SPLINE_CURVE_WITH_KNOTS('',1,(#5537,#5538),.UNSPECIFIED.,.F.,
  .F.,(2,2),(0.268149606299,1.055551181102),.PIECEWISE_BEZIER_KNOTS.);
#5537 = CARTESIAN_POINT('',(-209.91,-83.17,139.896));
#5538 = CARTESIAN_POINT('',(-229.91,-83.17,139.896));
#5539 = PCURVE('',#4968,#5540);
#5540 = DEFINITIONAL_REPRESENTATION('',(#5541),#5544);
#5541 = B_SPLINE_CURVE_WITH_KNOTS('',1,(#5542,#5543),.UNSPECIFIED.,.F.,
  .F.,(2,2),(0.268149606299,1.055551181102),.PIECEWISE_BEZIER_KNOTS.);
#5542 = CARTESIAN_POINT('',(8.E-02,0.536299212598));
#5543 = CARTESIAN_POINT('',(8.E-02,1.323700787402));
#5544 = ( GEOMETRIC_REPRESENTATION_CONTEXT(2) 
PARAMETRIC_REPRESENTATION_CONTEXT() REPRESENTATION_CONTEXT('2D SPACE',''
  ) );
#5545 = PCURVE('',#5546,#5551);
#5546 = B_SPLINE_SURFACE_WITH_KNOTS('',1,1,(
    (#5547,#5548)
    ,(#5549,#5550
    )),.UNSPECIFIED.,.F.,.F.,.F.,(2,2),(2,2),(0.6,1.456692913386),(
    -0.787401574803,0.),.PIECEWISE_BEZIER_KNOTS.);
#5547 = CARTESIAN_POINT('',(-229.91,-83.17,139.896));
#5548 = CARTESIAN_POINT('',(-209.91,-83.17,139.896));
#5549 = CARTESIAN_POINT('',(-229.91,-61.41,139.896));
#5550 = CARTESIAN_POINT('',(-209.91,-61.41,139.896));
#5551 = DEFINITIONAL_REPRESENTATION('',(#5552),#5555);
#5552 = B_SPLINE_CURVE_WITH_KNOTS('',1,(#5553,#5554),.UNSPECIFIED.,.F.,
  .F.,(2,2),(0.268149606299,1.055551181102),.PIECEWISE_BEZIER_KNOTS.);
#5553 = CARTESIAN_POINT('',(0.6,0.));
#5554 = CARTESIAN_POINT('',(0.6,-0.787401574803));
#5555 = ( GEOMETRIC_REPRESENTATION_CONTEXT(2) 
PARAMETRIC_REPRESENTATION_CONTEXT() REPRESENTATION_CONTEXT('2D SPACE',''
  ) );
#5556 = ORIENTED_EDGE('',*,*,#5557,.F.);
#5557 = EDGE_CURVE('',#5558,#5533,#5560,.T.);
#5558 = VERTEX_POINT('',#5559);
#5559 = CARTESIAN_POINT('',(-229.91,-83.17,179.896));
#5560 = SURFACE_CURVE('',#5561,(#5564,#5570),.PCURVE_S1.);
#5561 = B_SPLINE_CURVE_WITH_KNOTS('',1,(#5562,#5563),.UNSPECIFIED.,.F.,
  .F.,(2,2),(-1.614803149606,-4.E-02),.PIECEWISE_BEZIER_KNOTS.);
#5562 = CARTESIAN_POINT('',(-229.91,-83.17,179.896));
#5563 = CARTESIAN_POINT('',(-229.91,-83.17,139.896));
#5564 = PCURVE('',#4968,#5565);
#5565 = DEFINITIONAL_REPRESENTATION('',(#5566),#5569);
#5566 = B_SPLINE_CURVE_WITH_KNOTS('',1,(#5567,#5568),.UNSPECIFIED.,.F.,
  .F.,(2,2),(-1.614803149606,-4.E-02),.PIECEWISE_BEZIER_KNOTS.);
#5567 = CARTESIAN_POINT('',(1.654803149606,1.323700787402));
#5568 = CARTESIAN_POINT('',(8.E-02,1.323700787402));
#5569 = ( GEOMETRIC_REPRESENTATION_CONTEXT(2) 
PARAMETRIC_REPRESENTATION_CONTEXT() REPRESENTATION_CONTEXT('2D SPACE',''
  ) );
#5570 = PCURVE('',#5571,#5576);
#5571 = B_SPLINE_SURFACE_WITH_KNOTS('',1,1,(
    (#5572,#5573)
    ,(#5574,#5575
    )),.UNSPECIFIED.,.F.,.F.,.F.,(2,2),(2,2),(0.6,1.456692913386),(0.,
    1.574803149606),.PIECEWISE_BEZIER_KNOTS.);
#5572 = CARTESIAN_POINT('',(-229.91,-83.17,139.896));
#5573 = CARTESIAN_POINT('',(-229.91,-83.17,179.896));
#5574 = CARTESIAN_POINT('',(-229.91,-61.41,139.896));
#5575 = CARTESIAN_POINT('',(-229.91,-61.41,179.896));
#5576 = DEFINITIONAL_REPRESENTATION('',(#5577),#5580);
#5577 = B_SPLINE_CURVE_WITH_KNOTS('',1,(#5578,#5579),.UNSPECIFIED.,.F.,
  .F.,(2,2),(-1.614803149606,-4.E-02),.PIECEWISE_BEZIER_KNOTS.);
#5578 = CARTESIAN_POINT('',(0.6,1.574803149606));
#5579 = CARTESIAN_POINT('',(0.6,0.));
#5580 = ( GEOMETRIC_REPRESENTATION_CONTEXT(2) 
PARAMETRIC_REPRESENTATION_CONTEXT() REPRESENTATION_CONTEXT('2D SPACE',''
  ) );
#5581 = ORIENTED_EDGE('',*,*,#5582,.F.);
#5582 = EDGE_CURVE('',#5506,#5558,#5583,.T.);
#5583 = SURFACE_CURVE('',#5584,(#5587,#5593),.PCURVE_S1.);
#5584 = B_SPLINE_CURVE_WITH_KNOTS('',1,(#5585,#5586),.UNSPECIFIED.,.F.,
  .F.,(2,2),(0.268149606299,1.055551181102),.PIECEWISE_BEZIER_KNOTS.);
#5585 = CARTESIAN_POINT('',(-209.91,-83.17,179.896));
#5586 = CARTESIAN_POINT('',(-229.91,-83.17,179.896));
#5587 = PCURVE('',#4968,#5588);
#5588 = DEFINITIONAL_REPRESENTATION('',(#5589),#5592);
#5589 = B_SPLINE_CURVE_WITH_KNOTS('',1,(#5590,#5591),.UNSPECIFIED.,.F.,
  .F.,(2,2),(0.268149606299,1.055551181102),.PIECEWISE_BEZIER_KNOTS.);
#5590 = CARTESIAN_POINT('',(1.654803149606,0.536299212598));
#5591 = CARTESIAN_POINT('',(1.654803149606,1.323700787402));
#5592 = ( GEOMETRIC_REPRESENTATION_CONTEXT(2) 
PARAMETRIC_REPRESENTATION_CONTEXT() REPRESENTATION_CONTEXT('2D SPACE',''
  ) );
#5593 = PCURVE('',#5594,#5599);
#5594 = B_SPLINE_SURFACE_WITH_KNOTS('',1,1,(
    (#5595,#5596)
    ,(#5597,#5598
    )),.UNSPECIFIED.,.F.,.F.,.F.,(2,2),(2,2),(0.6,1.456692913386),(
    -0.787401574803,0.),.PIECEWISE_BEZIER_KNOTS.);
#5595 = CARTESIAN_POINT('',(-229.91,-83.17,179.896));
#5596 = CARTESIAN_POINT('',(-209.91,-83.17,179.896));
#5597 = CARTESIAN_POINT('',(-229.91,-61.41,179.896));
#5598 = CARTESIAN_POINT('',(-209.91,-61.41,179.896));
#5599 = DEFINITIONAL_REPRESENTATION('',(#5600),#5603);
#5600 = B_SPLINE_CURVE_WITH_KNOTS('',1,(#5601,#5602),.UNSPECIFIED.,.F.,
  .F.,(2,2),(0.268149606299,1.055551181102),.PIECEWISE_BEZIER_KNOTS.);
#5601 = CARTESIAN_POINT('',(0.6,0.));
#5602 = CARTESIAN_POINT('',(0.6,-0.787401574803));
#5603 = ( GEOMETRIC_REPRESENTATION_CONTEXT(2) 
PARAMETRIC_REPRESENTATION_CONTEXT() REPRESENTATION_CONTEXT('2D SPACE',''
  ) );
#5604 = ADVANCED_FACE('',(#5605),#4943,.F.);
#5605 = FACE_BOUND('',#5606,.F.);
#5606 = EDGE_LOOP('',(#5607,#5608,#5609,#5629));
#5607 = ORIENTED_EDGE('',*,*,#4929,.F.);
#5608 = ORIENTED_EDGE('',*,*,#5460,.T.);
#5609 = ORIENTED_EDGE('',*,*,#5610,.T.);
#5610 = EDGE_CURVE('',#5461,#5611,#5613,.T.);
#5611 = VERTEX_POINT('',#5612);
#5612 = CARTESIAN_POINT('',(-232.45,-59.378,181.928));
#5613 = SURFACE_CURVE('',#5614,(#5617,#5623),.PCURVE_S1.);
#5614 = B_SPLINE_CURVE_WITH_KNOTS('',1,(#5615,#5616),.UNSPECIFIED.,.F.,
  .F.,(2,2),(0.,0.936692913386),.PIECEWISE_BEZIER_KNOTS.);
#5615 = CARTESIAN_POINT('',(-232.45,-83.17,181.928));
#5616 = CARTESIAN_POINT('',(-232.45,-59.378,181.928));
#5617 = PCURVE('',#4943,#5618);
#5618 = DEFINITIONAL_REPRESENTATION('',(#5619),#5622);
#5619 = B_SPLINE_CURVE_WITH_KNOTS('',1,(#5620,#5621),.UNSPECIFIED.,.F.,
  .F.,(2,2),(0.,0.936692913386),.PIECEWISE_BEZIER_KNOTS.);
#5620 = CARTESIAN_POINT('',(0.,-1.423700787402));
#5621 = CARTESIAN_POINT('',(0.936692913386,-1.423700787402));
#5622 = ( GEOMETRIC_REPRESENTATION_CONTEXT(2) 
PARAMETRIC_REPRESENTATION_CONTEXT() REPRESENTATION_CONTEXT('2D SPACE',''
  ) );
#5623 = PCURVE('',#5492,#5624);
#5624 = DEFINITIONAL_REPRESENTATION('',(#5625),#5628);
#5625 = B_SPLINE_CURVE_WITH_KNOTS('',1,(#5626,#5627),.UNSPECIFIED.,.F.,
  .F.,(2,2),(0.,0.936692913386),.PIECEWISE_BEZIER_KNOTS.);
#5626 = CARTESIAN_POINT('',(0.,1.734803149606));
#5627 = CARTESIAN_POINT('',(0.936692913386,1.734803149606));
#5628 = ( GEOMETRIC_REPRESENTATION_CONTEXT(2) 
PARAMETRIC_REPRESENTATION_CONTEXT() REPRESENTATION_CONTEXT('2D SPACE',''
  ) );
#5629 = ORIENTED_EDGE('',*,*,#5630,.F.);
#5630 = EDGE_CURVE('',#4905,#5611,#5631,.T.);
#5631 = SURFACE_CURVE('',#5632,(#5635,#5641),.PCURVE_S1.);
#5632 = B_SPLINE_CURVE_WITH_KNOTS('',1,(#5633,#5634),.UNSPECIFIED.,.F.,
  .F.,(2,2),(0.,1.423700787402),.PIECEWISE_BEZIER_KNOTS.);
#5633 = CARTESIAN_POINT('',(-196.288,-59.378,181.928));
#5634 = CARTESIAN_POINT('',(-232.45,-59.378,181.928));
#5635 = PCURVE('',#4943,#5636);
#5636 = DEFINITIONAL_REPRESENTATION('',(#5637),#5640);
#5637 = B_SPLINE_CURVE_WITH_KNOTS('',1,(#5638,#5639),.UNSPECIFIED.,.F.,
  .F.,(2,2),(0.,1.423700787402),.PIECEWISE_BEZIER_KNOTS.);
#5638 = CARTESIAN_POINT('',(0.936692913386,0.));
#5639 = CARTESIAN_POINT('',(0.936692913386,-1.423700787402));
#5640 = ( GEOMETRIC_REPRESENTATION_CONTEXT(2) 
PARAMETRIC_REPRESENTATION_CONTEXT() REPRESENTATION_CONTEXT('2D SPACE',''
  ) );
#5641 = PCURVE('',#4918,#5642);
#5642 = DEFINITIONAL_REPRESENTATION('',(#5643),#5646);
#5643 = B_SPLINE_CURVE_WITH_KNOTS('',1,(#5644,#5645),.UNSPECIFIED.,.F.,
  .F.,(2,2),(0.,1.423700787402),.PIECEWISE_BEZIER_KNOTS.);
#5644 = CARTESIAN_POINT('',(1.734803149606,0.));
#5645 = CARTESIAN_POINT('',(1.734803149606,1.423700787402));
#5646 = ( GEOMETRIC_REPRESENTATION_CONTEXT(2) 
PARAMETRIC_REPRESENTATION_CONTEXT() REPRESENTATION_CONTEXT('2D SPACE',''
  ) );
#5647 = ADVANCED_FACE('',(#5648),#4893,.F.);
#5648 = FACE_BOUND('',#5649,.F.);
#5649 = EDGE_LOOP('',(#5650,#5651,#5669,#5670));
#5650 = ORIENTED_EDGE('',*,*,#4879,.F.);
#5651 = ORIENTED_EDGE('',*,*,#5652,.F.);
#5652 = EDGE_CURVE('',#5143,#4880,#5653,.T.);
#5653 = SURFACE_CURVE('',#5654,(#5657,#5663),.PCURVE_S1.);
#5654 = B_SPLINE_CURVE_WITH_KNOTS('',1,(#5655,#5656),.UNSPECIFIED.,.F.,
  .F.,(2,2),(-0.2,-8.881784197001E-16),.PIECEWISE_BEZIER_KNOTS.);
#5655 = CARTESIAN_POINT('',(-201.368,-59.378,173.198));
#5656 = CARTESIAN_POINT('',(-196.288,-59.378,173.198));
#5657 = PCURVE('',#4893,#5658);
#5658 = DEFINITIONAL_REPRESENTATION('',(#5659),#5662);
#5659 = B_SPLINE_CURVE_WITH_KNOTS('',1,(#5660,#5661),.UNSPECIFIED.,.F.,
  .F.,(2,2),(-0.2,-8.881784197001E-16),.PIECEWISE_BEZIER_KNOTS.);
#5660 = CARTESIAN_POINT('',(2.636692913386,-0.2));
#5661 = CARTESIAN_POINT('',(2.636692913386,0.));
#5662 = ( GEOMETRIC_REPRESENTATION_CONTEXT(2) 
PARAMETRIC_REPRESENTATION_CONTEXT() REPRESENTATION_CONTEXT('2D SPACE',''
  ) );
#5663 = PCURVE('',#4918,#5664);
#5664 = DEFINITIONAL_REPRESENTATION('',(#5665),#5668);
#5665 = B_SPLINE_CURVE_WITH_KNOTS('',1,(#5666,#5667),.UNSPECIFIED.,.F.,
  .F.,(2,2),(-0.2,-8.881784197001E-16),.PIECEWISE_BEZIER_KNOTS.);
#5666 = CARTESIAN_POINT('',(1.391102362205,0.2));
#5667 = CARTESIAN_POINT('',(1.391102362205,1.7763568394E-15));
#5668 = ( GEOMETRIC_REPRESENTATION_CONTEXT(2) 
PARAMETRIC_REPRESENTATION_CONTEXT() REPRESENTATION_CONTEXT('2D SPACE',''
  ) );
#5669 = ORIENTED_EDGE('',*,*,#5142,.T.);
#5670 = ORIENTED_EDGE('',*,*,#5059,.F.);
#5671 = ADVANCED_FACE('',(#5672),#4918,.F.);
#5672 = FACE_BOUND('',#5673,.F.);
#5673 = EDGE_LOOP('',(#5674,#5694,#5695,#5696,#5697,#5698));
#5674 = ORIENTED_EDGE('',*,*,#5675,.F.);
#5675 = EDGE_CURVE('',#5163,#5676,#5678,.T.);
#5676 = VERTEX_POINT('',#5677);
#5677 = CARTESIAN_POINT('',(-232.45,-59.378,137.864));
#5678 = SURFACE_CURVE('',#5679,(#5682,#5688),.PCURVE_S1.);
#5679 = B_SPLINE_CURVE_WITH_KNOTS('',1,(#5680,#5681),.UNSPECIFIED.,.F.,
  .F.,(2,2),(0.2,1.423700787402),.PIECEWISE_BEZIER_KNOTS.);
#5680 = CARTESIAN_POINT('',(-201.368,-59.378,137.864));
#5681 = CARTESIAN_POINT('',(-232.45,-59.378,137.864));
#5682 = PCURVE('',#4918,#5683);
#5683 = DEFINITIONAL_REPRESENTATION('',(#5684),#5687);
#5684 = B_SPLINE_CURVE_WITH_KNOTS('',1,(#5685,#5686),.UNSPECIFIED.,.F.,
  .F.,(2,2),(0.2,1.423700787402),.PIECEWISE_BEZIER_KNOTS.);
#5685 = CARTESIAN_POINT('',(0.,0.2));
#5686 = CARTESIAN_POINT('',(0.,1.423700787402));
#5687 = ( GEOMETRIC_REPRESENTATION_CONTEXT(2) 
PARAMETRIC_REPRESENTATION_CONTEXT() REPRESENTATION_CONTEXT('2D SPACE',''
  ) );
#5688 = PCURVE('',#5196,#5689);
#5689 = DEFINITIONAL_REPRESENTATION('',(#5690),#5693);
#5690 = B_SPLINE_CURVE_WITH_KNOTS('',1,(#5691,#5692),.UNSPECIFIED.,.F.,
  .F.,(2,2),(0.2,1.423700787402),.PIECEWISE_BEZIER_KNOTS.);
#5691 = CARTESIAN_POINT('',(0.936692913386,-0.2));
#5692 = CARTESIAN_POINT('',(0.936692913386,-1.423700787402));
#5693 = ( GEOMETRIC_REPRESENTATION_CONTEXT(2) 
PARAMETRIC_REPRESENTATION_CONTEXT() REPRESENTATION_CONTEXT('2D SPACE',''
  ) );
#5694 = ORIENTED_EDGE('',*,*,#5162,.T.);
#5695 = ORIENTED_EDGE('',*,*,#5652,.T.);
#5696 = ORIENTED_EDGE('',*,*,#4904,.T.);
#5697 = ORIENTED_EDGE('',*,*,#5630,.T.);
#5698 = ORIENTED_EDGE('',*,*,#5699,.F.);
#5699 = EDGE_CURVE('',#5676,#5611,#5700,.T.);
#5700 = SURFACE_CURVE('',#5701,(#5704,#5710),.PCURVE_S1.);
#5701 = B_SPLINE_CURVE_WITH_KNOTS('',1,(#5702,#5703),.UNSPECIFIED.,.F.,
  .F.,(2,2),(0.,1.734803149606),.PIECEWISE_BEZIER_KNOTS.);
#5702 = CARTESIAN_POINT('',(-232.45,-59.378,137.864));
#5703 = CARTESIAN_POINT('',(-232.45,-59.378,181.928));
#5704 = PCURVE('',#4918,#5705);
#5705 = DEFINITIONAL_REPRESENTATION('',(#5706),#5709);
#5706 = B_SPLINE_CURVE_WITH_KNOTS('',1,(#5707,#5708),.UNSPECIFIED.,.F.,
  .F.,(2,2),(0.,1.734803149606),.PIECEWISE_BEZIER_KNOTS.);
#5707 = CARTESIAN_POINT('',(0.,1.423700787402));
#5708 = CARTESIAN_POINT('',(1.734803149606,1.423700787402));
#5709 = ( GEOMETRIC_REPRESENTATION_CONTEXT(2) 
PARAMETRIC_REPRESENTATION_CONTEXT() REPRESENTATION_CONTEXT('2D SPACE',''
  ) );
#5710 = PCURVE('',#5492,#5711);
#5711 = DEFINITIONAL_REPRESENTATION('',(#5712),#5715);
#5712 = B_SPLINE_CURVE_WITH_KNOTS('',1,(#5713,#5714),.UNSPECIFIED.,.F.,
  .F.,(2,2),(0.,1.734803149606),.PIECEWISE_BEZIER_KNOTS.);
#5713 = CARTESIAN_POINT('',(0.936692913386,0.));
#5714 = CARTESIAN_POINT('',(0.936692913386,1.734803149606));
#5715 = ( GEOMETRIC_REPRESENTATION_CONTEXT(2) 
PARAMETRIC_REPRESENTATION_CONTEXT() REPRESENTATION_CONTEXT('2D SPACE',''
  ) );
#5716 = ADVANCED_FACE('',(#5717),#5028,.T.);
#5717 = FACE_BOUND('',#5718,.T.);
#5718 = EDGE_LOOP('',(#5719,#5720,#5742,#5768,#5794,#5825,#5846,#5916));
#5719 = ORIENTED_EDGE('',*,*,#5004,.F.);
#5720 = ORIENTED_EDGE('',*,*,#5721,.T.);
#5721 = EDGE_CURVE('',#5005,#5722,#5724,.T.);
#5722 = VERTEX_POINT('',#5723);
#5723 = CARTESIAN_POINT('',(-209.91,-63.358,166.762));
#5724 = SEAM_CURVE('',#5725,(#5728,#5735),.PCURVE_S1.);
#5725 = B_SPLINE_CURVE_WITH_KNOTS('',1,(#5726,#5727),.UNSPECIFIED.,.F.,
  .F.,(2,2),(0.1,0.636299212598),.PIECEWISE_BEZIER_KNOTS.);
#5726 = CARTESIAN_POINT('',(-196.288,-63.358,166.762));
#5727 = CARTESIAN_POINT('',(-209.91,-63.358,166.762));
#5728 = PCURVE('',#5028,#5729);
#5729 = DEFINITIONAL_REPRESENTATION('',(#5730),#5734);
#5730 = B_SPLINE_CURVE_WITH_KNOTS('',2,(#5731,#5732,#5733),
  .UNSPECIFIED.,.F.,.F.,(3,3),(0.1,0.636299212598),
  .PIECEWISE_BEZIER_KNOTS.);
#5731 = CARTESIAN_POINT('',(6.28318530718,-0.1));
#5732 = CARTESIAN_POINT('',(6.28318530718,-0.368149606299));
#5733 = CARTESIAN_POINT('',(6.28318530718,-0.636299212598));
#5734 = ( GEOMETRIC_REPRESENTATION_CONTEXT(2) 
PARAMETRIC_REPRESENTATION_CONTEXT() REPRESENTATION_CONTEXT('2D SPACE',''
  ) );
#5735 = PCURVE('',#5028,#5736);
#5736 = DEFINITIONAL_REPRESENTATION('',(#5737),#5741);
#5737 = B_SPLINE_CURVE_WITH_KNOTS('',2,(#5738,#5739,#5740),
  .UNSPECIFIED.,.F.,.F.,(3,3),(0.1,0.636299212598),
  .PIECEWISE_BEZIER_KNOTS.);
#5738 = CARTESIAN_POINT('',(0.,-0.1));
#5739 = CARTESIAN_POINT('',(8.881784197001E-16,-0.368149606299));
#5740 = CARTESIAN_POINT('',(0.,-0.636299212598));
#5741 = ( GEOMETRIC_REPRESENTATION_CONTEXT(2) 
PARAMETRIC_REPRESENTATION_CONTEXT() REPRESENTATION_CONTEXT('2D SPACE',''
  ) );
#5742 = ORIENTED_EDGE('',*,*,#5743,.T.);
#5743 = EDGE_CURVE('',#5722,#5744,#5746,.T.);
#5744 = VERTEX_POINT('',#5745);
#5745 = CARTESIAN_POINT('',(-209.91,-61.41,165.58439718309));
#5746 = SURFACE_CURVE('',#5747,(#5751,#5761),.PCURVE_S1.);
#5747 = ( BOUNDED_CURVE() B_SPLINE_CURVE(2,(#5748,#5749,#5750),
.UNSPECIFIED.,.F.,.F.) B_SPLINE_CURVE_WITH_KNOTS((3,3),(0.,
1.087471194979),.PIECEWISE_BEZIER_KNOTS.) CURVE() 
GEOMETRIC_REPRESENTATION_ITEM() RATIONAL_B_SPLINE_CURVE((1.,
0.855782096189,1.)) REPRESENTATION_ITEM('') );
#5748 = CARTESIAN_POINT('',(-209.91,-63.358,166.762));
#5749 = CARTESIAN_POINT('',(-209.91,-62.02805842033,166.762));
#5750 = CARTESIAN_POINT('',(-209.91,-61.41,165.58439718309));
#5751 = PCURVE('',#5028,#5752);
#5752 = DEFINITIONAL_REPRESENTATION('',(#5753),#5760);
#5753 = B_SPLINE_CURVE_WITH_KNOTS('',5,(#5754,#5755,#5756,#5757,#5758,
    #5759),.UNSPECIFIED.,.F.,.F.,(6,6),(0.,1.087471194979),
  .PIECEWISE_BEZIER_KNOTS.);
#5754 = CARTESIAN_POINT('',(0.,-0.636299212598));
#5755 = CARTESIAN_POINT('',(0.250224869323,-0.636299212598));
#5756 = CARTESIAN_POINT('',(0.481126585034,-0.636299212599));
#5757 = CARTESIAN_POINT('',(0.695678171567,-0.636299212598));
#5758 = CARTESIAN_POINT('',(0.895981310783,-0.636299212598));
#5759 = CARTESIAN_POINT('',(1.083726643487,-0.636299212598));
#5760 = ( GEOMETRIC_REPRESENTATION_CONTEXT(2) 
PARAMETRIC_REPRESENTATION_CONTEXT() REPRESENTATION_CONTEXT('2D SPACE',''
  ) );
#5761 = PCURVE('',#5521,#5762);
#5762 = DEFINITIONAL_REPRESENTATION('',(#5763),#5767);
#5763 = ( BOUNDED_CURVE() B_SPLINE_CURVE(2,(#5764,#5765,#5766),
.UNSPECIFIED.,.F.,.F.) B_SPLINE_CURVE_WITH_KNOTS((3,3),(0.,
1.087471194979),.PIECEWISE_BEZIER_KNOTS.) CURVE() 
GEOMETRIC_REPRESENTATION_ITEM() RATIONAL_B_SPLINE_CURVE((1.,
0.855782096189,1.)) REPRESENTATION_ITEM('') );
#5764 = CARTESIAN_POINT('',(1.38,1.057716535433));
#5765 = CARTESIAN_POINT('',(1.432359904711,1.057716535433));
#5766 = CARTESIAN_POINT('',(1.456692913386,1.011354219807));
#5767 = ( GEOMETRIC_REPRESENTATION_CONTEXT(2) 
PARAMETRIC_REPRESENTATION_CONTEXT() REPRESENTATION_CONTEXT('2D SPACE',''
  ) );
#5768 = ORIENTED_EDGE('',*,*,#5769,.F.);
#5769 = EDGE_CURVE('',#5770,#5744,#5772,.T.);
#5770 = VERTEX_POINT('',#5771);
#5771 = CARTESIAN_POINT('',(-219.148,-61.41,165.58439718309));
#5772 = SURFACE_CURVE('',#5773,(#5776,#5783),.PCURVE_S1.);
#5773 = B_SPLINE_CURVE_WITH_KNOTS('',1,(#5774,#5775),.UNSPECIFIED.,.F.,
  .F.,(2,2),(-1.,-0.636299212598),.PIECEWISE_BEZIER_KNOTS.);
#5774 = CARTESIAN_POINT('',(-219.148,-61.41,165.58439718309));
#5775 = CARTESIAN_POINT('',(-209.91,-61.41,165.58439718309));
#5776 = PCURVE('',#5028,#5777);
#5777 = DEFINITIONAL_REPRESENTATION('',(#5778),#5782);
#5778 = B_SPLINE_CURVE_WITH_KNOTS('',2,(#5779,#5780,#5781),
  .UNSPECIFIED.,.F.,.F.,(3,3),(-1.,-0.636299212598),
  .PIECEWISE_BEZIER_KNOTS.);
#5779 = CARTESIAN_POINT('',(1.083726643488,-1.));
#5780 = CARTESIAN_POINT('',(1.083726643488,-0.818149606299));
#5781 = CARTESIAN_POINT('',(1.083726643488,-0.636299212598));
#5782 = ( GEOMETRIC_REPRESENTATION_CONTEXT(2) 
PARAMETRIC_REPRESENTATION_CONTEXT() REPRESENTATION_CONTEXT('2D SPACE',''
  ) );
#5783 = PCURVE('',#5784,#5789);
#5784 = B_SPLINE_SURFACE_WITH_KNOTS('',1,1,(
    (#5785,#5786)
    ,(#5787,#5788
    )),.UNSPECIFIED.,.F.,.F.,.F.,(2,2),(2,2),(0.,1.574803149606),(0.,
    0.787401574803),.PIECEWISE_BEZIER_KNOTS.);
#5785 = CARTESIAN_POINT('',(-209.91,-61.41,139.896));
#5786 = CARTESIAN_POINT('',(-229.91,-61.41,139.896));
#5787 = CARTESIAN_POINT('',(-209.91,-61.41,179.896));
#5788 = CARTESIAN_POINT('',(-229.91,-61.41,179.896));
#5789 = DEFINITIONAL_REPRESENTATION('',(#5790),#5793);
#5790 = B_SPLINE_CURVE_WITH_KNOTS('',1,(#5791,#5792),.UNSPECIFIED.,.F.,
  .F.,(2,2),(-1.,-0.636299212598),.PIECEWISE_BEZIER_KNOTS.);
#5791 = CARTESIAN_POINT('',(1.011354219807,0.363700787402));
#5792 = CARTESIAN_POINT('',(1.011354219807,0.));
#5793 = ( GEOMETRIC_REPRESENTATION_CONTEXT(2) 
PARAMETRIC_REPRESENTATION_CONTEXT() REPRESENTATION_CONTEXT('2D SPACE',''
  ) );
#5794 = ORIENTED_EDGE('',*,*,#5795,.T.);
#5795 = EDGE_CURVE('',#5770,#5796,#5798,.T.);
#5796 = VERTEX_POINT('',#5797);
#5797 = CARTESIAN_POINT('',(-219.148,-61.41,163.5396028169));
#5798 = SURFACE_CURVE('',#5799,(#5803,#5813),.PCURVE_S1.);
#5799 = ( BOUNDED_CURVE() B_SPLINE_CURVE(2,(#5800,#5801,#5802),
.UNSPECIFIED.,.F.,.F.) B_SPLINE_CURVE_WITH_KNOTS((3,3),(1.087471194979,
2.05412145861),.PIECEWISE_BEZIER_KNOTS.) CURVE() 
GEOMETRIC_REPRESENTATION_ITEM() RATIONAL_B_SPLINE_CURVE((1.,
0.885454545455,1.)) REPRESENTATION_ITEM('') );
#5800 = CARTESIAN_POINT('',(-219.148,-61.41,165.58439718309));
#5801 = CARTESIAN_POINT('',(-219.148,-60.87340041067,164.562));
#5802 = CARTESIAN_POINT('',(-219.148,-61.41,163.5396028169));
#5803 = PCURVE('',#5028,#5804);
#5804 = DEFINITIONAL_REPRESENTATION('',(#5805),#5812);
#5805 = B_SPLINE_CURVE_WITH_KNOTS('',5,(#5806,#5807,#5808,#5809,#5810,
    #5811),.UNSPECIFIED.,.F.,.F.,(6,6),(1.087471194979,2.05412145861),
  .PIECEWISE_BEZIER_KNOTS.);
#5806 = CARTESIAN_POINT('',(1.083726643488,-1.));
#5807 = CARTESIAN_POINT('',(1.252379145519,-1.));
#5808 = CARTESIAN_POINT('',(1.431478740757,-1.));
#5809 = CARTESIAN_POINT('',(1.622326034896,-1.));
#5810 = CARTESIAN_POINT('',(1.826519465845,-1.));
#5811 = CARTESIAN_POINT('',(2.046249462857,-1.));
#5812 = ( GEOMETRIC_REPRESENTATION_CONTEXT(2) 
PARAMETRIC_REPRESENTATION_CONTEXT() REPRESENTATION_CONTEXT('2D SPACE',''
  ) );
#5813 = PCURVE('',#5814,#5819);
#5814 = B_SPLINE_SURFACE_WITH_KNOTS('',1,1,(
    (#5815,#5816)
    ,(#5817,#5818
    )),.UNSPECIFIED.,.F.,.F.,.F.,(2,2),(2,2),(-8.661417322835E-02,
    -7.669291338583E-02),(-4.025185760215E-02,4.025185760215E-02),
  .PIECEWISE_BEZIER_KNOTS.);
#5815 = CARTESIAN_POINT('',(-219.148,-61.158,163.5396028169));
#5816 = CARTESIAN_POINT('',(-219.148,-61.158,165.58439718309));
#5817 = CARTESIAN_POINT('',(-219.148,-61.41,163.5396028169));
#5818 = CARTESIAN_POINT('',(-219.148,-61.41,165.58439718309));
#5819 = DEFINITIONAL_REPRESENTATION('',(#5820),#5824);
#5820 = ( BOUNDED_CURVE() B_SPLINE_CURVE(2,(#5821,#5822,#5823),
.UNSPECIFIED.,.F.,.F.) B_SPLINE_CURVE_WITH_KNOTS((3,3),(1.087471194979,
2.05412145861),.PIECEWISE_BEZIER_KNOTS.) CURVE() 
GEOMETRIC_REPRESENTATION_ITEM() RATIONAL_B_SPLINE_CURVE((1.,
0.885454545455,1.)) REPRESENTATION_ITEM('') );
#5821 = CARTESIAN_POINT('',(-7.669291338583E-02,4.025185760215E-02));
#5822 = CARTESIAN_POINT('',(-9.781888146938E-02,8.881784197001E-16));
#5823 = CARTESIAN_POINT('',(-7.669291338583E-02,-4.025185760215E-02));
#5824 = ( GEOMETRIC_REPRESENTATION_CONTEXT(2) 
PARAMETRIC_REPRESENTATION_CONTEXT() REPRESENTATION_CONTEXT('2D SPACE',''
  ) );
#5825 = ORIENTED_EDGE('',*,*,#5826,.T.);
#5826 = EDGE_CURVE('',#5796,#5827,#5829,.T.);
#5827 = VERTEX_POINT('',#5828);
#5828 = CARTESIAN_POINT('',(-209.91,-61.41,163.5396028169));
#5829 = SURFACE_CURVE('',#5830,(#5833,#5840),.PCURVE_S1.);
#5830 = B_SPLINE_CURVE_WITH_KNOTS('',1,(#5831,#5832),.UNSPECIFIED.,.F.,
  .F.,(2,2),(-1.,-0.636299212598),.PIECEWISE_BEZIER_KNOTS.);
#5831 = CARTESIAN_POINT('',(-219.148,-61.41,163.5396028169));
#5832 = CARTESIAN_POINT('',(-209.91,-61.41,163.5396028169));
#5833 = PCURVE('',#5028,#5834);
#5834 = DEFINITIONAL_REPRESENTATION('',(#5835),#5839);
#5835 = B_SPLINE_CURVE_WITH_KNOTS('',2,(#5836,#5837,#5838),
  .UNSPECIFIED.,.F.,.F.,(3,3),(-1.,-0.636299212598),
  .PIECEWISE_BEZIER_KNOTS.);
#5836 = CARTESIAN_POINT('',(2.046249462857,-1.));
#5837 = CARTESIAN_POINT('',(2.046249462857,-0.818149606299));
#5838 = CARTESIAN_POINT('',(2.046249462857,-0.636299212598));
#5839 = ( GEOMETRIC_REPRESENTATION_CONTEXT(2) 
PARAMETRIC_REPRESENTATION_CONTEXT() REPRESENTATION_CONTEXT('2D SPACE',''
  ) );
#5840 = PCURVE('',#5784,#5841);
#5841 = DEFINITIONAL_REPRESENTATION('',(#5842),#5845);
#5842 = B_SPLINE_CURVE_WITH_KNOTS('',1,(#5843,#5844),.UNSPECIFIED.,.F.,
  .F.,(2,2),(-1.,-0.636299212598),.PIECEWISE_BEZIER_KNOTS.);
#5843 = CARTESIAN_POINT('',(0.930850504603,0.363700787402));
#5844 = CARTESIAN_POINT('',(0.930850504603,0.));
#5845 = ( GEOMETRIC_REPRESENTATION_CONTEXT(2) 
PARAMETRIC_REPRESENTATION_CONTEXT() REPRESENTATION_CONTEXT('2D SPACE',''
  ) );
#5846 = ORIENTED_EDGE('',*,*,#5847,.T.);
#5847 = EDGE_CURVE('',#5827,#5722,#5848,.T.);
#5848 = SURFACE_CURVE('',#5849,(#5855,#5907),.PCURVE_S1.);
#5849 = ( BOUNDED_CURVE() B_SPLINE_CURVE(2,(#5850,#5851,#5852,#5853,
#5854),.UNSPECIFIED.,.F.,.F.) B_SPLINE_CURVE_WITH_KNOTS((3,2,3),(
    2.054121458611,4.168653382895,6.28318530718),
.PIECEWISE_BEZIER_KNOTS.) CURVE() GEOMETRIC_REPRESENTATION_ITEM() 
RATIONAL_B_SPLINE_CURVE((1.,0.491255304654,1.,0.491255304654,1.)) 
REPRESENTATION_ITEM('') );
#5850 = CARTESIAN_POINT('',(-209.91,-61.41,163.5396028169));
#5851 = CARTESIAN_POINT('',(-209.91,-63.22275177469,160.08571961428));
#5852 = CARTESIAN_POINT('',(-209.91,-65.24072061161,163.42385980714));
#5853 = CARTESIAN_POINT('',(-209.91,-67.25868944854,166.762));
#5854 = CARTESIAN_POINT('',(-209.91,-63.358,166.762));
#5855 = PCURVE('',#5028,#5856);
#5856 = DEFINITIONAL_REPRESENTATION('',(#5857),#5906);
#5857 = B_SPLINE_CURVE_WITH_KNOTS('',8,(#5858,#5859,#5860,#5861,#5862,
    #5863,#5864,#5865,#5866,#5867,#5868,#5869,#5870,#5871,#5872,#5873,
    #5874,#5875,#5876,#5877,#5878,#5879,#5880,#5881,#5882,#5883,#5884,
    #5885,#5886,#5887,#5888,#5889,#5890,#5891,#5892,#5893,#5894,#5895,
    #5896,#5897,#5898,#5899,#5900,#5901,#5902,#5903,#5904,#5905),
  .UNSPECIFIED.,.F.,.F.,(9,7,8,8,8,8,9),(2.054121458611,2.087161019928,
    2.103422679013,4.168653382895,4.185173163554,4.217954603298,
    6.28318530718),.UNSPECIFIED.);
#5858 = CARTESIAN_POINT('',(2.046249462858,-0.636299212598));
#5859 = CARTESIAN_POINT('',(2.050271250221,-0.636299212598));
#5860 = CARTESIAN_POINT('',(2.054310780354,-0.636299212598));
#5861 = CARTESIAN_POINT('',(2.058368196345,-0.636299212598));
#5862 = CARTESIAN_POINT('',(2.062443641283,-0.636299212598));
#5863 = CARTESIAN_POINT('',(2.066537258257,-0.636299212598));
#5864 = CARTESIAN_POINT('',(2.070649190357,-0.636299212598));
#5865 = CARTESIAN_POINT('',(2.07477958067,-0.636299212598));
#5866 = CARTESIAN_POINT('',(2.080970654097,-0.636299212598));
#5867 = CARTESIAN_POINT('',(2.083017254418,-0.636299212598));
#5868 = CARTESIAN_POINT('',(2.085068371551,-0.636299212598));
#5869 = CARTESIAN_POINT('',(2.087124003799,-0.636299212598));
#5870 = CARTESIAN_POINT('',(2.089184149464,-0.636299212598));
#5871 = CARTESIAN_POINT('',(2.091248806851,-0.636299212598));
#5872 = CARTESIAN_POINT('',(2.09331797426,-0.636299212598));
#5873 = CARTESIAN_POINT('',(2.095391649996,-0.636299212598));
#5874 = CARTESIAN_POINT('',(2.35853492574,-0.636299212598));
#5875 = CARTESIAN_POINT('',(2.620372080299,-0.636299212598));
#5876 = CARTESIAN_POINT('',(2.880914081843,-0.636299212598));
#5877 = CARTESIAN_POINT('',(3.140171898538,-0.636299212598));
#5878 = CARTESIAN_POINT('',(3.398156498551,-0.636299212598));
#5879 = CARTESIAN_POINT('',(3.654878850052,-0.636299212598));
#5880 = CARTESIAN_POINT('',(3.910349921206,-0.636299212598));
#5881 = CARTESIAN_POINT('',(4.164580680183,-0.636299212598));
#5882 = CARTESIAN_POINT('',(4.166614207075,-0.636299212598));
#5883 = CARTESIAN_POINT('',(4.168652326928,-0.636299212598));
#5884 = CARTESIAN_POINT('',(4.170695039741,-0.636299212598));
#5885 = CARTESIAN_POINT('',(4.172742345513,-0.636299212598));
#5886 = CARTESIAN_POINT('',(4.174794244246,-0.636299212598));
#5887 = CARTESIAN_POINT('',(4.176850735938,-0.636299212598));
#5888 = CARTESIAN_POINT('',(4.17891182059,-0.636299212598));
#5889 = CARTESIAN_POINT('',(4.180977498202,-0.636299212598));
#5890 = CARTESIAN_POINT('',(4.185078304687,-0.636299212601));
#5891 = CARTESIAN_POINT('',(4.189180562811,-0.636299212554));
#5892 = CARTESIAN_POINT('',(4.193374140217,-0.636299212641));
#5893 = CARTESIAN_POINT('',(4.197441085562,-0.636299212318));
#5894 = CARTESIAN_POINT('',(4.20160856258,-0.636299212591));
#5895 = CARTESIAN_POINT('',(4.205723470848,-0.636299212571));
#5896 = CARTESIAN_POINT('',(4.209856012327,-0.636299212607));
#5897 = CARTESIAN_POINT('',(4.213984896276,-0.636299212598));
#5898 = CARTESIAN_POINT('',(4.474124726136,-0.636299212598));
#5899 = CARTESIAN_POINT('',(4.733836467342,-0.636299212598));
#5900 = CARTESIAN_POINT('',(4.993121338721,-0.636299212598));
#5901 = CARTESIAN_POINT('',(5.251980559101,-0.636299212598));
#5902 = CARTESIAN_POINT('',(5.510415347309,-0.636299212598));
#5903 = CARTESIAN_POINT('',(5.768426922173,-0.636299212598));
#5904 = CARTESIAN_POINT('',(6.026016502521,-0.636299212598));
#5905 = CARTESIAN_POINT('',(6.28318530718,-0.636299212598));
#5906 = ( GEOMETRIC_REPRESENTATION_CONTEXT(2) 
PARAMETRIC_REPRESENTATION_CONTEXT() REPRESENTATION_CONTEXT('2D SPACE',''
  ) );
#5907 = PCURVE('',#5521,#5908);
#5908 = DEFINITIONAL_REPRESENTATION('',(#5909),#5915);
#5909 = ( BOUNDED_CURVE() B_SPLINE_CURVE(2,(#5910,#5911,#5912,#5913,
#5914),.UNSPECIFIED.,.F.,.F.) B_SPLINE_CURVE_WITH_KNOTS((3,2,3),(
    2.054121458611,4.168653382895,6.28318530718),
.PIECEWISE_BEZIER_KNOTS.) CURVE() GEOMETRIC_REPRESENTATION_ITEM() 
RATIONAL_B_SPLINE_CURVE((1.,0.491255304654,1.,0.491255304654,1.)) 
REPRESENTATION_ITEM('') );
#5910 = CARTESIAN_POINT('',(1.456692913386,0.930850504603));
#5911 = CARTESIAN_POINT('',(1.38532473328,0.794870850956));
#5912 = CARTESIAN_POINT('',(1.305877141275,0.926293693195));
#5913 = CARTESIAN_POINT('',(1.22642954927,1.057716535433));
#5914 = CARTESIAN_POINT('',(1.38,1.057716535433));
#5915 = ( GEOMETRIC_REPRESENTATION_CONTEXT(2) 
PARAMETRIC_REPRESENTATION_CONTEXT() REPRESENTATION_CONTEXT('2D SPACE',''
  ) );
#5916 = ORIENTED_EDGE('',*,*,#5721,.F.);
#5917 = ADVANCED_FACE('',(#5918),#5196,.T.);
#5918 = FACE_BOUND('',#5919,.T.);
#5919 = EDGE_LOOP('',(#5920,#5921,#5922,#5923));
#5920 = ORIENTED_EDGE('',*,*,#5675,.F.);
#5921 = ORIENTED_EDGE('',*,*,#5182,.T.);
#5922 = ORIENTED_EDGE('',*,*,#5437,.T.);
#5923 = ORIENTED_EDGE('',*,*,#5924,.T.);
#5924 = EDGE_CURVE('',#5438,#5676,#5925,.T.);
#5925 = SURFACE_CURVE('',#5926,(#5929,#5935),.PCURVE_S1.);
#5926 = B_SPLINE_CURVE_WITH_KNOTS('',1,(#5927,#5928),.UNSPECIFIED.,.F.,
  .F.,(2,2),(0.,0.936692913386),.PIECEWISE_BEZIER_KNOTS.);
#5927 = CARTESIAN_POINT('',(-232.45,-83.17,137.864));
#5928 = CARTESIAN_POINT('',(-232.45,-59.378,137.864));
#5929 = PCURVE('',#5196,#5930);
#5930 = DEFINITIONAL_REPRESENTATION('',(#5931),#5934);
#5931 = B_SPLINE_CURVE_WITH_KNOTS('',1,(#5932,#5933),.UNSPECIFIED.,.F.,
  .F.,(2,2),(0.,0.936692913386),.PIECEWISE_BEZIER_KNOTS.);
#5932 = CARTESIAN_POINT('',(0.,-1.423700787402));
#5933 = CARTESIAN_POINT('',(0.936692913386,-1.423700787402));
#5934 = ( GEOMETRIC_REPRESENTATION_CONTEXT(2) 
PARAMETRIC_REPRESENTATION_CONTEXT() REPRESENTATION_CONTEXT('2D SPACE',''
  ) );
#5935 = PCURVE('',#5492,#5936);
#5936 = DEFINITIONAL_REPRESENTATION('',(#5937),#5940);
#5937 = B_SPLINE_CURVE_WITH_KNOTS('',1,(#5938,#5939),.UNSPECIFIED.,.F.,
  .F.,(2,2),(0.,0.936692913386),.PIECEWISE_BEZIER_KNOTS.);
#5938 = CARTESIAN_POINT('',(0.,0.));
#5939 = CARTESIAN_POINT('',(0.936692913386,0.));
#5940 = ( GEOMETRIC_REPRESENTATION_CONTEXT(2) 
PARAMETRIC_REPRESENTATION_CONTEXT() REPRESENTATION_CONTEXT('2D SPACE',''
  ) );
#5941 = ADVANCED_FACE('',(#5942),#5288,.F.);
#5942 = FACE_BOUND('',#5943,.F.);
#5943 = EDGE_LOOP('',(#5944,#5945,#5965));
#5944 = ORIENTED_EDGE('',*,*,#5272,.T.);
#5945 = ORIENTED_EDGE('',*,*,#5946,.T.);
#5946 = EDGE_CURVE('',#5275,#5947,#5949,.T.);
#5947 = VERTEX_POINT('',#5948);
#5948 = CARTESIAN_POINT('',(-201.114,-145.4,180.31));
#5949 = SURFACE_CURVE('',#5950,(#5953,#5959),.PCURVE_S1.);
#5950 = B_SPLINE_CURVE_WITH_KNOTS('',1,(#5951,#5952),.UNSPECIFIED.,.F.,
  .F.,(2,2),(0.,0.28),.PIECEWISE_BEZIER_KNOTS.);
#5951 = CARTESIAN_POINT('',(-201.114,-145.4,173.198));
#5952 = CARTESIAN_POINT('',(-201.114,-145.4,180.31));
#5953 = PCURVE('',#5288,#5954);
#5954 = DEFINITIONAL_REPRESENTATION('',(#5955),#5958);
#5955 = B_SPLINE_CURVE_WITH_KNOTS('',1,(#5956,#5957),.UNSPECIFIED.,.F.,
  .F.,(2,2),(0.,0.28),.PIECEWISE_BEZIER_KNOTS.);
#5956 = CARTESIAN_POINT('',(8.38477631085E-02,0.283847763109));
#5957 = CARTESIAN_POINT('',(-0.196152236891,0.283847763109));
#5958 = ( GEOMETRIC_REPRESENTATION_CONTEXT(2) 
PARAMETRIC_REPRESENTATION_CONTEXT() REPRESENTATION_CONTEXT('2D SPACE',''
  ) );
#5959 = PCURVE('',#5361,#5960);
#5960 = DEFINITIONAL_REPRESENTATION('',(#5961),#5964);
#5961 = B_SPLINE_CURVE_WITH_KNOTS('',1,(#5962,#5963),.UNSPECIFIED.,.F.,
  .F.,(2,2),(0.,0.28),.PIECEWISE_BEZIER_KNOTS.);
#5962 = CARTESIAN_POINT('',(0.,0.));
#5963 = CARTESIAN_POINT('',(0.28,0.));
#5964 = ( GEOMETRIC_REPRESENTATION_CONTEXT(2) 
PARAMETRIC_REPRESENTATION_CONTEXT() REPRESENTATION_CONTEXT('2D SPACE',''
  ) );
#5965 = ORIENTED_EDGE('',*,*,#5966,.T.);
#5966 = EDGE_CURVE('',#5947,#5273,#5967,.T.);
#5967 = SURFACE_CURVE('',#5968,(#5971,#5977),.PCURVE_S1.);
#5968 = B_SPLINE_CURVE_WITH_KNOTS('',1,(#5969,#5970),.UNSPECIFIED.,.F.,
  .F.,(2,2),(0.,0.735391052434),.PIECEWISE_BEZIER_KNOTS.);
#5969 = CARTESIAN_POINT('',(-201.114,-145.4,180.31));
#5970 = CARTESIAN_POINT('',(-183.842,-145.4,173.198));
#5971 = PCURVE('',#5288,#5972);
#5972 = DEFINITIONAL_REPRESENTATION('',(#5973),#5976);
#5973 = B_SPLINE_CURVE_WITH_KNOTS('',1,(#5974,#5975),.UNSPECIFIED.,.F.,
  .F.,(2,2),(0.,0.735391052434),.PIECEWISE_BEZIER_KNOTS.);
#5974 = CARTESIAN_POINT('',(-0.196152236891,0.283847763109));
#5975 = CARTESIAN_POINT('',(8.38477631085E-02,-0.396152236891));
#5976 = ( GEOMETRIC_REPRESENTATION_CONTEXT(2) 
PARAMETRIC_REPRESENTATION_CONTEXT() REPRESENTATION_CONTEXT('2D SPACE',''
  ) );
#5977 = PCURVE('',#5313,#5978);
#5978 = DEFINITIONAL_REPRESENTATION('',(#5979),#5982);
#5979 = B_SPLINE_CURVE_WITH_KNOTS('',1,(#5980,#5981),.UNSPECIFIED.,.F.,
  .F.,(2,2),(0.,0.735391052434),.PIECEWISE_BEZIER_KNOTS.);
#5980 = CARTESIAN_POINT('',(0.,0.));
#5981 = CARTESIAN_POINT('',(0.735391052434,0.));
#5982 = ( GEOMETRIC_REPRESENTATION_CONTEXT(2) 
PARAMETRIC_REPRESENTATION_CONTEXT() REPRESENTATION_CONTEXT('2D SPACE',''
  ) );
#5983 = ADVANCED_FACE('',(#5984),#5361,.F.);
#5984 = FACE_BOUND('',#5985,.F.);
#5985 = EDGE_LOOP('',(#5986,#5987,#5988,#6008,#6026));
#5986 = ORIENTED_EDGE('',*,*,#5349,.T.);
#5987 = ORIENTED_EDGE('',*,*,#5396,.T.);
#5988 = ORIENTED_EDGE('',*,*,#5989,.T.);
#5989 = EDGE_CURVE('',#5377,#5990,#5992,.T.);
#5990 = VERTEX_POINT('',#5991);
#5991 = CARTESIAN_POINT('',(-201.114,-100.95,180.31));
#5992 = SURFACE_CURVE('',#5993,(#5996,#6002),.PCURVE_S1.);
#5993 = B_SPLINE_CURVE_WITH_KNOTS('',1,(#5994,#5995),.UNSPECIFIED.,.F.,
  .F.,(2,2),(0.,0.28),.PIECEWISE_BEZIER_KNOTS.);
#5994 = CARTESIAN_POINT('',(-201.114,-100.95,173.198));
#5995 = CARTESIAN_POINT('',(-201.114,-100.95,180.31));
#5996 = PCURVE('',#5361,#5997);
#5997 = DEFINITIONAL_REPRESENTATION('',(#5998),#6001);
#5998 = B_SPLINE_CURVE_WITH_KNOTS('',1,(#5999,#6000),.UNSPECIFIED.,.F.,
  .F.,(2,2),(0.,0.28),.PIECEWISE_BEZIER_KNOTS.);
#5999 = CARTESIAN_POINT('',(0.,-1.75));
#6000 = CARTESIAN_POINT('',(0.28,-1.75));
#6001 = ( GEOMETRIC_REPRESENTATION_CONTEXT(2) 
PARAMETRIC_REPRESENTATION_CONTEXT() REPRESENTATION_CONTEXT('2D SPACE',''
  ) );
#6002 = PCURVE('',#5336,#6003);
#6003 = DEFINITIONAL_REPRESENTATION('',(#6004),#6007);
#6004 = B_SPLINE_CURVE_WITH_KNOTS('',1,(#6005,#6006),.UNSPECIFIED.,.F.,
  .F.,(2,2),(0.,0.28),.PIECEWISE_BEZIER_KNOTS.);
#6005 = CARTESIAN_POINT('',(8.38477631085E-02,0.283847763109));
#6006 = CARTESIAN_POINT('',(-0.196152236891,0.283847763109));
#6007 = ( GEOMETRIC_REPRESENTATION_CONTEXT(2) 
PARAMETRIC_REPRESENTATION_CONTEXT() REPRESENTATION_CONTEXT('2D SPACE',''
  ) );
#6008 = ORIENTED_EDGE('',*,*,#6009,.F.);
#6009 = EDGE_CURVE('',#5947,#5990,#6010,.T.);
#6010 = SURFACE_CURVE('',#6011,(#6014,#6020),.PCURVE_S1.);
#6011 = B_SPLINE_CURVE_WITH_KNOTS('',1,(#6012,#6013),.UNSPECIFIED.,.F.,
  .F.,(2,2),(0.,1.75),.PIECEWISE_BEZIER_KNOTS.);
#6012 = CARTESIAN_POINT('',(-201.114,-145.4,180.31));
#6013 = CARTESIAN_POINT('',(-201.114,-100.95,180.31));
#6014 = PCURVE('',#5361,#6015);
#6015 = DEFINITIONAL_REPRESENTATION('',(#6016),#6019);
#6016 = B_SPLINE_CURVE_WITH_KNOTS('',1,(#6017,#6018),.UNSPECIFIED.,.F.,
  .F.,(2,2),(0.,1.75),.PIECEWISE_BEZIER_KNOTS.);
#6017 = CARTESIAN_POINT('',(0.28,0.));
#6018 = CARTESIAN_POINT('',(0.28,-1.75));
#6019 = ( GEOMETRIC_REPRESENTATION_CONTEXT(2) 
PARAMETRIC_REPRESENTATION_CONTEXT() REPRESENTATION_CONTEXT('2D SPACE',''
  ) );
#6020 = PCURVE('',#5313,#6021);
#6021 = DEFINITIONAL_REPRESENTATION('',(#6022),#6025);
#6022 = B_SPLINE_CURVE_WITH_KNOTS('',1,(#6023,#6024),.UNSPECIFIED.,.F.,
  .F.,(2,2),(0.,1.75),.PIECEWISE_BEZIER_KNOTS.);
#6023 = CARTESIAN_POINT('',(0.,0.));
#6024 = CARTESIAN_POINT('',(0.,-1.75));
#6025 = ( GEOMETRIC_REPRESENTATION_CONTEXT(2) 
PARAMETRIC_REPRESENTATION_CONTEXT() REPRESENTATION_CONTEXT('2D SPACE',''
  ) );
#6026 = ORIENTED_EDGE('',*,*,#5946,.F.);
#6027 = ADVANCED_FACE('',(#6028),#5336,.T.);
#6028 = FACE_BOUND('',#6029,.T.);
#6029 = EDGE_LOOP('',(#6030,#6031,#6032,#6033));
#6030 = ORIENTED_EDGE('',*,*,#5324,.T.);
#6031 = ORIENTED_EDGE('',*,*,#5376,.T.);
#6032 = ORIENTED_EDGE('',*,*,#5989,.T.);
#6033 = ORIENTED_EDGE('',*,*,#6034,.T.);
#6034 = EDGE_CURVE('',#5990,#5300,#6035,.T.);
#6035 = SURFACE_CURVE('',#6036,(#6039,#6045),.PCURVE_S1.);
#6036 = B_SPLINE_CURVE_WITH_KNOTS('',1,(#6037,#6038),.UNSPECIFIED.,.F.,
  .F.,(2,2),(0.,0.735391052434),.PIECEWISE_BEZIER_KNOTS.);
#6037 = CARTESIAN_POINT('',(-201.114,-100.95,180.31));
#6038 = CARTESIAN_POINT('',(-183.842,-100.95,173.198));
#6039 = PCURVE('',#5336,#6040);
#6040 = DEFINITIONAL_REPRESENTATION('',(#6041),#6044);
#6041 = B_SPLINE_CURVE_WITH_KNOTS('',1,(#6042,#6043),.UNSPECIFIED.,.F.,
  .F.,(2,2),(0.,0.735391052434),.PIECEWISE_BEZIER_KNOTS.);
#6042 = CARTESIAN_POINT('',(-0.196152236891,0.283847763109));
#6043 = CARTESIAN_POINT('',(8.38477631085E-02,-0.396152236891));
#6044 = ( GEOMETRIC_REPRESENTATION_CONTEXT(2) 
PARAMETRIC_REPRESENTATION_CONTEXT() REPRESENTATION_CONTEXT('2D SPACE',''
  ) );
#6045 = PCURVE('',#5313,#6046);
#6046 = DEFINITIONAL_REPRESENTATION('',(#6047),#6050);
#6047 = B_SPLINE_CURVE_WITH_KNOTS('',1,(#6048,#6049),.UNSPECIFIED.,.F.,
  .F.,(2,2),(0.,0.735391052434),.PIECEWISE_BEZIER_KNOTS.);
#6048 = CARTESIAN_POINT('',(0.,-1.75));
#6049 = CARTESIAN_POINT('',(0.735391052434,-1.75));
#6050 = ( GEOMETRIC_REPRESENTATION_CONTEXT(2) 
PARAMETRIC_REPRESENTATION_CONTEXT() REPRESENTATION_CONTEXT('2D SPACE',''
  ) );
#6051 = ADVANCED_FACE('',(#6052),#5313,.F.);
#6052 = FACE_BOUND('',#6053,.F.);
#6053 = EDGE_LOOP('',(#6054,#6055,#6056,#6057));
#6054 = ORIENTED_EDGE('',*,*,#6009,.T.);
#6055 = ORIENTED_EDGE('',*,*,#6034,.T.);
#6056 = ORIENTED_EDGE('',*,*,#5299,.F.);
#6057 = ORIENTED_EDGE('',*,*,#5966,.F.);
#6058 = ADVANCED_FACE('',(#6059),#5492,.F.);
#6059 = FACE_BOUND('',#6060,.F.);
#6060 = EDGE_LOOP('',(#6061,#6062,#6063,#6064));
#6061 = ORIENTED_EDGE('',*,*,#5480,.F.);
#6062 = ORIENTED_EDGE('',*,*,#5924,.T.);
#6063 = ORIENTED_EDGE('',*,*,#5699,.T.);
#6064 = ORIENTED_EDGE('',*,*,#5610,.F.);
#6065 = ADVANCED_FACE('',(#6066),#5521,.F.);
#6066 = FACE_BOUND('',#6067,.F.);
#6067 = EDGE_LOOP('',(#6068,#6088,#6089,#6109,#6127,#6128,#6129));
#6068 = ORIENTED_EDGE('',*,*,#6069,.F.);
#6069 = EDGE_CURVE('',#5506,#6070,#6072,.T.);
#6070 = VERTEX_POINT('',#6071);
#6071 = CARTESIAN_POINT('',(-209.91,-61.41,179.896));
#6072 = SURFACE_CURVE('',#6073,(#6076,#6082),.PCURVE_S1.);
#6073 = B_SPLINE_CURVE_WITH_KNOTS('',1,(#6074,#6075),.UNSPECIFIED.,.F.,
  .F.,(2,2),(0.6,1.456692913386),.PIECEWISE_BEZIER_KNOTS.);
#6074 = CARTESIAN_POINT('',(-209.91,-83.17,179.896));
#6075 = CARTESIAN_POINT('',(-209.91,-61.41,179.896));
#6076 = PCURVE('',#5521,#6077);
#6077 = DEFINITIONAL_REPRESENTATION('',(#6078),#6081);
#6078 = B_SPLINE_CURVE_WITH_KNOTS('',1,(#6079,#6080),.UNSPECIFIED.,.F.,
  .F.,(2,2),(0.6,1.456692913386),.PIECEWISE_BEZIER_KNOTS.);
#6079 = CARTESIAN_POINT('',(0.6,1.574803149606));
#6080 = CARTESIAN_POINT('',(1.456692913386,1.574803149606));
#6081 = ( GEOMETRIC_REPRESENTATION_CONTEXT(2) 
PARAMETRIC_REPRESENTATION_CONTEXT() REPRESENTATION_CONTEXT('2D SPACE',''
  ) );
#6082 = PCURVE('',#5594,#6083);
#6083 = DEFINITIONAL_REPRESENTATION('',(#6084),#6087);
#6084 = B_SPLINE_CURVE_WITH_KNOTS('',1,(#6085,#6086),.UNSPECIFIED.,.F.,
  .F.,(2,2),(0.6,1.456692913386),.PIECEWISE_BEZIER_KNOTS.);
#6085 = CARTESIAN_POINT('',(0.6,0.));
#6086 = CARTESIAN_POINT('',(1.456692913386,0.));
#6087 = ( GEOMETRIC_REPRESENTATION_CONTEXT(2) 
PARAMETRIC_REPRESENTATION_CONTEXT() REPRESENTATION_CONTEXT('2D SPACE',''
  ) );
#6088 = ORIENTED_EDGE('',*,*,#5505,.T.);
#6089 = ORIENTED_EDGE('',*,*,#6090,.T.);
#6090 = EDGE_CURVE('',#5508,#6091,#6093,.T.);
#6091 = VERTEX_POINT('',#6092);
#6092 = CARTESIAN_POINT('',(-209.91,-61.41,139.896));
#6093 = SURFACE_CURVE('',#6094,(#6097,#6103),.PCURVE_S1.);
#6094 = B_SPLINE_CURVE_WITH_KNOTS('',1,(#6095,#6096),.UNSPECIFIED.,.F.,
  .F.,(2,2),(0.6,1.456692913386),.PIECEWISE_BEZIER_KNOTS.);
#6095 = CARTESIAN_POINT('',(-209.91,-83.17,139.896));
#6096 = CARTESIAN_POINT('',(-209.91,-61.41,139.896));
#6097 = PCURVE('',#5521,#6098);
#6098 = DEFINITIONAL_REPRESENTATION('',(#6099),#6102);
#6099 = B_SPLINE_CURVE_WITH_KNOTS('',1,(#6100,#6101),.UNSPECIFIED.,.F.,
  .F.,(2,2),(0.6,1.456692913386),.PIECEWISE_BEZIER_KNOTS.);
#6100 = CARTESIAN_POINT('',(0.6,0.));
#6101 = CARTESIAN_POINT('',(1.456692913386,0.));
#6102 = ( GEOMETRIC_REPRESENTATION_CONTEXT(2) 
PARAMETRIC_REPRESENTATION_CONTEXT() REPRESENTATION_CONTEXT('2D SPACE',''
  ) );
#6103 = PCURVE('',#5546,#6104);
#6104 = DEFINITIONAL_REPRESENTATION('',(#6105),#6108);
#6105 = B_SPLINE_CURVE_WITH_KNOTS('',1,(#6106,#6107),.UNSPECIFIED.,.F.,
  .F.,(2,2),(0.6,1.456692913386),.PIECEWISE_BEZIER_KNOTS.);
#6106 = CARTESIAN_POINT('',(0.6,0.));
#6107 = CARTESIAN_POINT('',(1.456692913386,0.));
#6108 = ( GEOMETRIC_REPRESENTATION_CONTEXT(2) 
PARAMETRIC_REPRESENTATION_CONTEXT() REPRESENTATION_CONTEXT('2D SPACE',''
  ) );
#6109 = ORIENTED_EDGE('',*,*,#6110,.T.);
#6110 = EDGE_CURVE('',#6091,#5827,#6111,.T.);
#6111 = SURFACE_CURVE('',#6112,(#6115,#6121),.PCURVE_S1.);
#6112 = B_SPLINE_CURVE_WITH_KNOTS('',1,(#6113,#6114),.UNSPECIFIED.,.F.,
  .F.,(2,2),(0.,0.930850504603),.PIECEWISE_BEZIER_KNOTS.);
#6113 = CARTESIAN_POINT('',(-209.91,-61.41,139.896));
#6114 = CARTESIAN_POINT('',(-209.91,-61.41,163.5396028169));
#6115 = PCURVE('',#5521,#6116);
#6116 = DEFINITIONAL_REPRESENTATION('',(#6117),#6120);
#6117 = B_SPLINE_CURVE_WITH_KNOTS('',1,(#6118,#6119),.UNSPECIFIED.,.F.,
  .F.,(2,2),(0.,0.930850504603),.PIECEWISE_BEZIER_KNOTS.);
#6118 = CARTESIAN_POINT('',(1.456692913386,0.));
#6119 = CARTESIAN_POINT('',(1.456692913386,0.930850504603));
#6120 = ( GEOMETRIC_REPRESENTATION_CONTEXT(2) 
PARAMETRIC_REPRESENTATION_CONTEXT() REPRESENTATION_CONTEXT('2D SPACE',''
  ) );
#6121 = PCURVE('',#5784,#6122);
#6122 = DEFINITIONAL_REPRESENTATION('',(#6123),#6126);
#6123 = B_SPLINE_CURVE_WITH_KNOTS('',1,(#6124,#6125),.UNSPECIFIED.,.F.,
  .F.,(2,2),(0.,0.930850504603),.PIECEWISE_BEZIER_KNOTS.);
#6124 = CARTESIAN_POINT('',(0.,0.));
#6125 = CARTESIAN_POINT('',(0.930850504603,0.));
#6126 = ( GEOMETRIC_REPRESENTATION_CONTEXT(2) 
PARAMETRIC_REPRESENTATION_CONTEXT() REPRESENTATION_CONTEXT('2D SPACE',''
  ) );
#6127 = ORIENTED_EDGE('',*,*,#5847,.T.);
#6128 = ORIENTED_EDGE('',*,*,#5743,.T.);
#6129 = ORIENTED_EDGE('',*,*,#6130,.T.);
#6130 = EDGE_CURVE('',#5744,#6070,#6131,.T.);
#6131 = SURFACE_CURVE('',#6132,(#6135,#6141),.PCURVE_S1.);
#6132 = B_SPLINE_CURVE_WITH_KNOTS('',1,(#6133,#6134),.UNSPECIFIED.,.F.,
  .F.,(2,2),(1.011354219807,1.574803149606),.PIECEWISE_BEZIER_KNOTS.);
#6133 = CARTESIAN_POINT('',(-209.91,-61.41,165.58439718309));
#6134 = CARTESIAN_POINT('',(-209.91,-61.41,179.896));
#6135 = PCURVE('',#5521,#6136);
#6136 = DEFINITIONAL_REPRESENTATION('',(#6137),#6140);
#6137 = B_SPLINE_CURVE_WITH_KNOTS('',1,(#6138,#6139),.UNSPECIFIED.,.F.,
  .F.,(2,2),(1.011354219807,1.574803149606),.PIECEWISE_BEZIER_KNOTS.);
#6138 = CARTESIAN_POINT('',(1.456692913386,1.011354219807));
#6139 = CARTESIAN_POINT('',(1.456692913386,1.574803149606));
#6140 = ( GEOMETRIC_REPRESENTATION_CONTEXT(2) 
PARAMETRIC_REPRESENTATION_CONTEXT() REPRESENTATION_CONTEXT('2D SPACE',''
  ) );
#6141 = PCURVE('',#5784,#6142);
#6142 = DEFINITIONAL_REPRESENTATION('',(#6143),#6146);
#6143 = B_SPLINE_CURVE_WITH_KNOTS('',1,(#6144,#6145),.UNSPECIFIED.,.F.,
  .F.,(2,2),(1.011354219807,1.574803149606),.PIECEWISE_BEZIER_KNOTS.);
#6144 = CARTESIAN_POINT('',(1.011354219807,0.));
#6145 = CARTESIAN_POINT('',(1.574803149606,0.));
#6146 = ( GEOMETRIC_REPRESENTATION_CONTEXT(2) 
PARAMETRIC_REPRESENTATION_CONTEXT() REPRESENTATION_CONTEXT('2D SPACE',''
  ) );
#6147 = ADVANCED_FACE('',(#6148),#5594,.T.);
#6148 = FACE_BOUND('',#6149,.T.);
#6149 = EDGE_LOOP('',(#6150,#6151,#6152,#6172));
#6150 = ORIENTED_EDGE('',*,*,#6069,.F.);
#6151 = ORIENTED_EDGE('',*,*,#5582,.T.);
#6152 = ORIENTED_EDGE('',*,*,#6153,.T.);
#6153 = EDGE_CURVE('',#5558,#6154,#6156,.T.);
#6154 = VERTEX_POINT('',#6155);
#6155 = CARTESIAN_POINT('',(-229.91,-61.41,179.896));
#6156 = SURFACE_CURVE('',#6157,(#6160,#6166),.PCURVE_S1.);
#6157 = B_SPLINE_CURVE_WITH_KNOTS('',1,(#6158,#6159),.UNSPECIFIED.,.F.,
  .F.,(2,2),(0.6,1.456692913386),.PIECEWISE_BEZIER_KNOTS.);
#6158 = CARTESIAN_POINT('',(-229.91,-83.17,179.896));
#6159 = CARTESIAN_POINT('',(-229.91,-61.41,179.896));
#6160 = PCURVE('',#5594,#6161);
#6161 = DEFINITIONAL_REPRESENTATION('',(#6162),#6165);
#6162 = B_SPLINE_CURVE_WITH_KNOTS('',1,(#6163,#6164),.UNSPECIFIED.,.F.,
  .F.,(2,2),(0.6,1.456692913386),.PIECEWISE_BEZIER_KNOTS.);
#6163 = CARTESIAN_POINT('',(0.6,-0.787401574803));
#6164 = CARTESIAN_POINT('',(1.456692913386,-0.787401574803));
#6165 = ( GEOMETRIC_REPRESENTATION_CONTEXT(2) 
PARAMETRIC_REPRESENTATION_CONTEXT() REPRESENTATION_CONTEXT('2D SPACE',''
  ) );
#6166 = PCURVE('',#5571,#6167);
#6167 = DEFINITIONAL_REPRESENTATION('',(#6168),#6171);
#6168 = B_SPLINE_CURVE_WITH_KNOTS('',1,(#6169,#6170),.UNSPECIFIED.,.F.,
  .F.,(2,2),(0.6,1.456692913386),.PIECEWISE_BEZIER_KNOTS.);
#6169 = CARTESIAN_POINT('',(0.6,1.574803149606));
#6170 = CARTESIAN_POINT('',(1.456692913386,1.574803149606));
#6171 = ( GEOMETRIC_REPRESENTATION_CONTEXT(2) 
PARAMETRIC_REPRESENTATION_CONTEXT() REPRESENTATION_CONTEXT('2D SPACE',''
  ) );
#6172 = ORIENTED_EDGE('',*,*,#6173,.F.);
#6173 = EDGE_CURVE('',#6070,#6154,#6174,.T.);
#6174 = SURFACE_CURVE('',#6175,(#6178,#6184),.PCURVE_S1.);
#6175 = B_SPLINE_CURVE_WITH_KNOTS('',1,(#6176,#6177),.UNSPECIFIED.,.F.,
  .F.,(2,2),(0.,0.787401574803),.PIECEWISE_BEZIER_KNOTS.);
#6176 = CARTESIAN_POINT('',(-209.91,-61.41,179.896));
#6177 = CARTESIAN_POINT('',(-229.91,-61.41,179.896));
#6178 = PCURVE('',#5594,#6179);
#6179 = DEFINITIONAL_REPRESENTATION('',(#6180),#6183);
#6180 = B_SPLINE_CURVE_WITH_KNOTS('',1,(#6181,#6182),.UNSPECIFIED.,.F.,
  .F.,(2,2),(0.,0.787401574803),.PIECEWISE_BEZIER_KNOTS.);
#6181 = CARTESIAN_POINT('',(1.456692913386,0.));
#6182 = CARTESIAN_POINT('',(1.456692913386,-0.787401574803));
#6183 = ( GEOMETRIC_REPRESENTATION_CONTEXT(2) 
PARAMETRIC_REPRESENTATION_CONTEXT() REPRESENTATION_CONTEXT('2D SPACE',''
  ) );
#6184 = PCURVE('',#5784,#6185);
#6185 = DEFINITIONAL_REPRESENTATION('',(#6186),#6189);
#6186 = B_SPLINE_CURVE_WITH_KNOTS('',1,(#6187,#6188),.UNSPECIFIED.,.F.,
  .F.,(2,2),(0.,0.787401574803),.PIECEWISE_BEZIER_KNOTS.);
#6187 = CARTESIAN_POINT('',(1.574803149606,0.));
#6188 = CARTESIAN_POINT('',(1.574803149606,0.787401574803));
#6189 = ( GEOMETRIC_REPRESENTATION_CONTEXT(2) 
PARAMETRIC_REPRESENTATION_CONTEXT() REPRESENTATION_CONTEXT('2D SPACE',''
  ) );
#6190 = ADVANCED_FACE('',(#6191),#5546,.F.);
#6191 = FACE_BOUND('',#6192,.F.);
#6192 = EDGE_LOOP('',(#6193,#6194,#6195,#6215));
#6193 = ORIENTED_EDGE('',*,*,#6090,.F.);
#6194 = ORIENTED_EDGE('',*,*,#5532,.T.);
#6195 = ORIENTED_EDGE('',*,*,#6196,.T.);
#6196 = EDGE_CURVE('',#5533,#6197,#6199,.T.);
#6197 = VERTEX_POINT('',#6198);
#6198 = CARTESIAN_POINT('',(-229.91,-61.41,139.896));
#6199 = SURFACE_CURVE('',#6200,(#6203,#6209),.PCURVE_S1.);
#6200 = B_SPLINE_CURVE_WITH_KNOTS('',1,(#6201,#6202),.UNSPECIFIED.,.F.,
  .F.,(2,2),(0.6,1.456692913386),.PIECEWISE_BEZIER_KNOTS.);
#6201 = CARTESIAN_POINT('',(-229.91,-83.17,139.896));
#6202 = CARTESIAN_POINT('',(-229.91,-61.41,139.896));
#6203 = PCURVE('',#5546,#6204);
#6204 = DEFINITIONAL_REPRESENTATION('',(#6205),#6208);
#6205 = B_SPLINE_CURVE_WITH_KNOTS('',1,(#6206,#6207),.UNSPECIFIED.,.F.,
  .F.,(2,2),(0.6,1.456692913386),.PIECEWISE_BEZIER_KNOTS.);
#6206 = CARTESIAN_POINT('',(0.6,-0.787401574803));
#6207 = CARTESIAN_POINT('',(1.456692913386,-0.787401574803));
#6208 = ( GEOMETRIC_REPRESENTATION_CONTEXT(2) 
PARAMETRIC_REPRESENTATION_CONTEXT() REPRESENTATION_CONTEXT('2D SPACE',''
  ) );
#6209 = PCURVE('',#5571,#6210);
#6210 = DEFINITIONAL_REPRESENTATION('',(#6211),#6214);
#6211 = B_SPLINE_CURVE_WITH_KNOTS('',1,(#6212,#6213),.UNSPECIFIED.,.F.,
  .F.,(2,2),(0.6,1.456692913386),.PIECEWISE_BEZIER_KNOTS.);
#6212 = CARTESIAN_POINT('',(0.6,0.));
#6213 = CARTESIAN_POINT('',(1.456692913386,0.));
#6214 = ( GEOMETRIC_REPRESENTATION_CONTEXT(2) 
PARAMETRIC_REPRESENTATION_CONTEXT() REPRESENTATION_CONTEXT('2D SPACE',''
  ) );
#6215 = ORIENTED_EDGE('',*,*,#6216,.F.);
#6216 = EDGE_CURVE('',#6091,#6197,#6217,.T.);
#6217 = SURFACE_CURVE('',#6218,(#6221,#6227),.PCURVE_S1.);
#6218 = B_SPLINE_CURVE_WITH_KNOTS('',1,(#6219,#6220),.UNSPECIFIED.,.F.,
  .F.,(2,2),(0.,0.787401574803),.PIECEWISE_BEZIER_KNOTS.);
#6219 = CARTESIAN_POINT('',(-209.91,-61.41,139.896));
#6220 = CARTESIAN_POINT('',(-229.91,-61.41,139.896));
#6221 = PCURVE('',#5546,#6222);
#6222 = DEFINITIONAL_REPRESENTATION('',(#6223),#6226);
#6223 = B_SPLINE_CURVE_WITH_KNOTS('',1,(#6224,#6225),.UNSPECIFIED.,.F.,
  .F.,(2,2),(0.,0.787401574803),.PIECEWISE_BEZIER_KNOTS.);
#6224 = CARTESIAN_POINT('',(1.456692913386,0.));
#6225 = CARTESIAN_POINT('',(1.456692913386,-0.787401574803));
#6226 = ( GEOMETRIC_REPRESENTATION_CONTEXT(2) 
PARAMETRIC_REPRESENTATION_CONTEXT() REPRESENTATION_CONTEXT('2D SPACE',''
  ) );
#6227 = PCURVE('',#5784,#6228);
#6228 = DEFINITIONAL_REPRESENTATION('',(#6229),#6232);
#6229 = B_SPLINE_CURVE_WITH_KNOTS('',1,(#6230,#6231),.UNSPECIFIED.,.F.,
  .F.,(2,2),(0.,0.787401574803),.PIECEWISE_BEZIER_KNOTS.);
#6230 = CARTESIAN_POINT('',(0.,0.));
#6231 = CARTESIAN_POINT('',(0.,0.787401574803));
#6232 = ( GEOMETRIC_REPRESENTATION_CONTEXT(2) 
PARAMETRIC_REPRESENTATION_CONTEXT() REPRESENTATION_CONTEXT('2D SPACE',''
  ) );
#6233 = ADVANCED_FACE('',(#6234),#5571,.T.);
#6234 = FACE_BOUND('',#6235,.T.);
#6235 = EDGE_LOOP('',(#6236,#6237,#6238,#6239));
#6236 = ORIENTED_EDGE('',*,*,#6153,.F.);
#6237 = ORIENTED_EDGE('',*,*,#5557,.T.);
#6238 = ORIENTED_EDGE('',*,*,#6196,.T.);
#6239 = ORIENTED_EDGE('',*,*,#6240,.T.);
#6240 = EDGE_CURVE('',#6197,#6154,#6241,.T.);
#6241 = SURFACE_CURVE('',#6242,(#6245,#6251),.PCURVE_S1.);
#6242 = B_SPLINE_CURVE_WITH_KNOTS('',1,(#6243,#6244),.UNSPECIFIED.,.F.,
  .F.,(2,2),(0.,1.574803149606),.PIECEWISE_BEZIER_KNOTS.);
#6243 = CARTESIAN_POINT('',(-229.91,-61.41,139.896));
#6244 = CARTESIAN_POINT('',(-229.91,-61.41,179.896));
#6245 = PCURVE('',#5571,#6246);
#6246 = DEFINITIONAL_REPRESENTATION('',(#6247),#6250);
#6247 = B_SPLINE_CURVE_WITH_KNOTS('',1,(#6248,#6249),.UNSPECIFIED.,.F.,
  .F.,(2,2),(0.,1.574803149606),.PIECEWISE_BEZIER_KNOTS.);
#6248 = CARTESIAN_POINT('',(1.456692913386,0.));
#6249 = CARTESIAN_POINT('',(1.456692913386,1.574803149606));
#6250 = ( GEOMETRIC_REPRESENTATION_CONTEXT(2) 
PARAMETRIC_REPRESENTATION_CONTEXT() REPRESENTATION_CONTEXT('2D SPACE',''
  ) );
#6251 = PCURVE('',#5784,#6252);
#6252 = DEFINITIONAL_REPRESENTATION('',(#6253),#6256);
#6253 = B_SPLINE_CURVE_WITH_KNOTS('',1,(#6254,#6255),.UNSPECIFIED.,.F.,
  .F.,(2,2),(0.,1.574803149606),.PIECEWISE_BEZIER_KNOTS.);
#6254 = CARTESIAN_POINT('',(0.,0.787401574803));
#6255 = CARTESIAN_POINT('',(1.574803149606,0.787401574803));
#6256 = ( GEOMETRIC_REPRESENTATION_CONTEXT(2) 
PARAMETRIC_REPRESENTATION_CONTEXT() REPRESENTATION_CONTEXT('2D SPACE',''
  ) );
#6257 = ADVANCED_FACE('',(#6258),#5784,.T.);
#6258 = FACE_BOUND('',#6259,.T.);
#6259 = EDGE_LOOP('',(#6260,#6261,#6262,#6263,#6264,#6282,#6283,#6284));
#6260 = ORIENTED_EDGE('',*,*,#6240,.F.);
#6261 = ORIENTED_EDGE('',*,*,#6216,.F.);
#6262 = ORIENTED_EDGE('',*,*,#6110,.T.);
#6263 = ORIENTED_EDGE('',*,*,#5826,.F.);
#6264 = ORIENTED_EDGE('',*,*,#6265,.T.);
#6265 = EDGE_CURVE('',#5796,#5770,#6266,.T.);
#6266 = SURFACE_CURVE('',#6267,(#6270,#6276),.PCURVE_S1.);
#6267 = B_SPLINE_CURVE_WITH_KNOTS('',1,(#6268,#6269),.UNSPECIFIED.,.F.,
  .F.,(2,2),(0.4452993235,0.525803038705),.PIECEWISE_BEZIER_KNOTS.);
#6268 = CARTESIAN_POINT('',(-219.148,-61.41,163.5396028169));
#6269 = CARTESIAN_POINT('',(-219.148,-61.41,165.58439718309));
#6270 = PCURVE('',#5784,#6271);
#6271 = DEFINITIONAL_REPRESENTATION('',(#6272),#6275);
#6272 = B_SPLINE_CURVE_WITH_KNOTS('',1,(#6273,#6274),.UNSPECIFIED.,.F.,
  .F.,(2,2),(0.4452993235,0.525803038705),.PIECEWISE_BEZIER_KNOTS.);
#6273 = CARTESIAN_POINT('',(0.930850504603,0.363700787402));
#6274 = CARTESIAN_POINT('',(1.011354219807,0.363700787402));
#6275 = ( GEOMETRIC_REPRESENTATION_CONTEXT(2) 
PARAMETRIC_REPRESENTATION_CONTEXT() REPRESENTATION_CONTEXT('2D SPACE',''
  ) );
#6276 = PCURVE('',#5814,#6277);
#6277 = DEFINITIONAL_REPRESENTATION('',(#6278),#6281);
#6278 = B_SPLINE_CURVE_WITH_KNOTS('',1,(#6279,#6280),.UNSPECIFIED.,.F.,
  .F.,(2,2),(0.4452993235,0.525803038705),.PIECEWISE_BEZIER_KNOTS.);
#6279 = CARTESIAN_POINT('',(-7.669291338583E-02,-4.025185760215E-02));
#6280 = CARTESIAN_POINT('',(-7.669291338583E-02,4.025185760215E-02));
#6281 = ( GEOMETRIC_REPRESENTATION_CONTEXT(2) 
PARAMETRIC_REPRESENTATION_CONTEXT() REPRESENTATION_CONTEXT('2D SPACE',''
  ) );
#6282 = ORIENTED_EDGE('',*,*,#5769,.T.);
#6283 = ORIENTED_EDGE('',*,*,#6130,.T.);
#6284 = ORIENTED_EDGE('',*,*,#6173,.T.);
#6285 = ADVANCED_FACE('',(#6286),#5814,.F.);
#6286 = FACE_BOUND('',#6287,.F.);
#6287 = EDGE_LOOP('',(#6288,#6289));
#6288 = ORIENTED_EDGE('',*,*,#6265,.T.);
#6289 = ORIENTED_EDGE('',*,*,#5795,.T.);
#6290 = MANIFOLD_SOLID_BREP('',#6291);
#6291 = CLOSED_SHELL('',(#6292,#6400,#6488,#6529,#6570,#6577));
#6292 = ADVANCED_FACE('',(#6293),#6306,.T.);
#6293 = FACE_BOUND('',#6294,.T.);
#6294 = EDGE_LOOP('',(#6295,#6327,#6352,#6377));
#6295 = ORIENTED_EDGE('',*,*,#6296,.F.);
#6296 = EDGE_CURVE('',#6297,#6299,#6301,.T.);
#6297 = VERTEX_POINT('',#6298);
#6298 = CARTESIAN_POINT('',(-196.288,-150.48,173.198));
#6299 = VERTEX_POINT('',#6300);
#6300 = CARTESIAN_POINT('',(-196.288,-145.908,173.198));
#6301 = SURFACE_CURVE('',#6302,(#6305,#6316),.PCURVE_S1.);
#6302 = B_SPLINE_CURVE_WITH_KNOTS('',1,(#6303,#6304),.UNSPECIFIED.,.F.,
  .F.,(2,2),(0.,0.18),.PIECEWISE_BEZIER_KNOTS.);
#6303 = CARTESIAN_POINT('',(-196.288,-150.48,173.198));
#6304 = CARTESIAN_POINT('',(-196.288,-145.908,173.198));
#6305 = PCURVE('',#6306,#6311);
#6306 = B_SPLINE_SURFACE_WITH_KNOTS('',1,1,(
    (#6307,#6308)
    ,(#6309,#6310
    )),.UNSPECIFIED.,.F.,.F.,.F.,(2,2),(2,2),(0.,0.18),(-0.68,0.),
  .PIECEWISE_BEZIER_KNOTS.);
#6307 = CARTESIAN_POINT('',(-213.56,-150.48,173.198));
#6308 = CARTESIAN_POINT('',(-196.288,-150.48,173.198));
#6309 = CARTESIAN_POINT('',(-213.56,-145.908,173.198));
#6310 = CARTESIAN_POINT('',(-196.288,-145.908,173.198));
#6311 = DEFINITIONAL_REPRESENTATION('',(#6312),#6315);
#6312 = B_SPLINE_CURVE_WITH_KNOTS('',1,(#6313,#6314),.UNSPECIFIED.,.F.,
  .F.,(2,2),(0.,0.18),.PIECEWISE_BEZIER_KNOTS.);
#6313 = CARTESIAN_POINT('',(0.,0.));
#6314 = CARTESIAN_POINT('',(0.18,0.));
#6315 = ( GEOMETRIC_REPRESENTATION_CONTEXT(2) 
PARAMETRIC_REPRESENTATION_CONTEXT() REPRESENTATION_CONTEXT('2D SPACE',''
  ) );
#6316 = PCURVE('',#6317,#6322);
#6317 = B_SPLINE_SURFACE_WITH_KNOTS('',1,1,(
    (#6318,#6319)
    ,(#6320,#6321
    )),.UNSPECIFIED.,.F.,.F.,.F.,(2,2),(2,2),(0.,0.18),(0.,0.79),
  .PIECEWISE_BEZIER_KNOTS.);
#6318 = CARTESIAN_POINT('',(-196.288,-150.48,173.198));
#6319 = CARTESIAN_POINT('',(-196.288,-150.48,193.264));
#6320 = CARTESIAN_POINT('',(-196.288,-145.908,173.198));
#6321 = CARTESIAN_POINT('',(-196.288,-145.908,193.264));
#6322 = DEFINITIONAL_REPRESENTATION('',(#6323),#6326);
#6323 = B_SPLINE_CURVE_WITH_KNOTS('',1,(#6324,#6325),.UNSPECIFIED.,.F.,
  .F.,(2,2),(0.,0.18),.PIECEWISE_BEZIER_KNOTS.);
#6324 = CARTESIAN_POINT('',(0.,0.));
#6325 = CARTESIAN_POINT('',(0.18,0.));
#6326 = ( GEOMETRIC_REPRESENTATION_CONTEXT(2) 
PARAMETRIC_REPRESENTATION_CONTEXT() REPRESENTATION_CONTEXT('2D SPACE',''
  ) );
#6327 = ORIENTED_EDGE('',*,*,#6328,.T.);
#6328 = EDGE_CURVE('',#6297,#6329,#6331,.T.);
#6329 = VERTEX_POINT('',#6330);
#6330 = CARTESIAN_POINT('',(-213.56,-150.48,173.198));
#6331 = SURFACE_CURVE('',#6332,(#6335,#6341),.PCURVE_S1.);
#6332 = B_SPLINE_CURVE_WITH_KNOTS('',1,(#6333,#6334),.UNSPECIFIED.,.F.,
  .F.,(2,2),(0.,0.68),.PIECEWISE_BEZIER_KNOTS.);
#6333 = CARTESIAN_POINT('',(-196.288,-150.48,173.198));
#6334 = CARTESIAN_POINT('',(-213.56,-150.48,173.198));
#6335 = PCURVE('',#6306,#6336);
#6336 = DEFINITIONAL_REPRESENTATION('',(#6337),#6340);
#6337 = B_SPLINE_CURVE_WITH_KNOTS('',1,(#6338,#6339),.UNSPECIFIED.,.F.,
  .F.,(2,2),(0.,0.68),.PIECEWISE_BEZIER_KNOTS.);
#6338 = CARTESIAN_POINT('',(0.,0.));
#6339 = CARTESIAN_POINT('',(0.,-0.68));
#6340 = ( GEOMETRIC_REPRESENTATION_CONTEXT(2) 
PARAMETRIC_REPRESENTATION_CONTEXT() REPRESENTATION_CONTEXT('2D SPACE',''
  ) );
#6341 = PCURVE('',#6342,#6347);
#6342 = B_SPLINE_SURFACE_WITH_KNOTS('',1,1,(
    (#6343,#6344)
    ,(#6345,#6346
    )),.UNSPECIFIED.,.F.,.F.,.F.,(2,2),(2,2),(0.,0.79),(0.,0.68),
  .PIECEWISE_BEZIER_KNOTS.);
#6343 = CARTESIAN_POINT('',(-196.288,-150.48,173.198));
#6344 = CARTESIAN_POINT('',(-213.56,-150.48,173.198));
#6345 = CARTESIAN_POINT('',(-196.288,-150.48,193.264));
#6346 = CARTESIAN_POINT('',(-213.56,-150.48,193.264));
#6347 = DEFINITIONAL_REPRESENTATION('',(#6348),#6351);
#6348 = B_SPLINE_CURVE_WITH_KNOTS('',1,(#6349,#6350),.UNSPECIFIED.,.F.,
  .F.,(2,2),(0.,0.68),.PIECEWISE_BEZIER_KNOTS.);
#6349 = CARTESIAN_POINT('',(0.,0.));
#6350 = CARTESIAN_POINT('',(0.,0.68));
#6351 = ( GEOMETRIC_REPRESENTATION_CONTEXT(2) 
PARAMETRIC_REPRESENTATION_CONTEXT() REPRESENTATION_CONTEXT('2D SPACE',''
  ) );
#6352 = ORIENTED_EDGE('',*,*,#6353,.T.);
#6353 = EDGE_CURVE('',#6329,#6354,#6356,.T.);
#6354 = VERTEX_POINT('',#6355);
#6355 = CARTESIAN_POINT('',(-213.56,-145.908,173.198));
#6356 = SURFACE_CURVE('',#6357,(#6360,#6366),.PCURVE_S1.);
#6357 = B_SPLINE_CURVE_WITH_KNOTS('',1,(#6358,#6359),.UNSPECIFIED.,.F.,
  .F.,(2,2),(0.,0.18),.PIECEWISE_BEZIER_KNOTS.);
#6358 = CARTESIAN_POINT('',(-213.56,-150.48,173.198));
#6359 = CARTESIAN_POINT('',(-213.56,-145.908,173.198));
#6360 = PCURVE('',#6306,#6361);
#6361 = DEFINITIONAL_REPRESENTATION('',(#6362),#6365);
#6362 = B_SPLINE_CURVE_WITH_KNOTS('',1,(#6363,#6364),.UNSPECIFIED.,.F.,
  .F.,(2,2),(0.,0.18),.PIECEWISE_BEZIER_KNOTS.);
#6363 = CARTESIAN_POINT('',(0.,-0.68));
#6364 = CARTESIAN_POINT('',(0.18,-0.68));
#6365 = ( GEOMETRIC_REPRESENTATION_CONTEXT(2) 
PARAMETRIC_REPRESENTATION_CONTEXT() REPRESENTATION_CONTEXT('2D SPACE',''
  ) );
#6366 = PCURVE('',#6367,#6372);
#6367 = B_SPLINE_SURFACE_WITH_KNOTS('',1,1,(
    (#6368,#6369)
    ,(#6370,#6371
    )),.UNSPECIFIED.,.F.,.F.,.F.,(2,2),(2,2),(0.,0.18),(0.,0.79),
  .PIECEWISE_BEZIER_KNOTS.);
#6368 = CARTESIAN_POINT('',(-213.56,-150.48,173.198));
#6369 = CARTESIAN_POINT('',(-213.56,-150.48,193.264));
#6370 = CARTESIAN_POINT('',(-213.56,-145.908,173.198));
#6371 = CARTESIAN_POINT('',(-213.56,-145.908,193.264));
#6372 = DEFINITIONAL_REPRESENTATION('',(#6373),#6376);
#6373 = B_SPLINE_CURVE_WITH_KNOTS('',1,(#6374,#6375),.UNSPECIFIED.,.F.,
  .F.,(2,2),(0.,0.18),.PIECEWISE_BEZIER_KNOTS.);
#6374 = CARTESIAN_POINT('',(0.,0.));
#6375 = CARTESIAN_POINT('',(0.18,0.));
#6376 = ( GEOMETRIC_REPRESENTATION_CONTEXT(2) 
PARAMETRIC_REPRESENTATION_CONTEXT() REPRESENTATION_CONTEXT('2D SPACE',''
  ) );
#6377 = ORIENTED_EDGE('',*,*,#6378,.F.);
#6378 = EDGE_CURVE('',#6299,#6354,#6379,.T.);
#6379 = SURFACE_CURVE('',#6380,(#6383,#6389),.PCURVE_S1.);
#6380 = B_SPLINE_CURVE_WITH_KNOTS('',1,(#6381,#6382),.UNSPECIFIED.,.F.,
  .F.,(2,2),(0.,0.68),.PIECEWISE_BEZIER_KNOTS.);
#6381 = CARTESIAN_POINT('',(-196.288,-145.908,173.198));
#6382 = CARTESIAN_POINT('',(-213.56,-145.908,173.198));
#6383 = PCURVE('',#6306,#6384);
#6384 = DEFINITIONAL_REPRESENTATION('',(#6385),#6388);
#6385 = B_SPLINE_CURVE_WITH_KNOTS('',1,(#6386,#6387),.UNSPECIFIED.,.F.,
  .F.,(2,2),(0.,0.68),.PIECEWISE_BEZIER_KNOTS.);
#6386 = CARTESIAN_POINT('',(0.18,0.));
#6387 = CARTESIAN_POINT('',(0.18,-0.68));
#6388 = ( GEOMETRIC_REPRESENTATION_CONTEXT(2) 
PARAMETRIC_REPRESENTATION_CONTEXT() REPRESENTATION_CONTEXT('2D SPACE',''
  ) );
#6389 = PCURVE('',#6390,#6395);
#6390 = B_SPLINE_SURFACE_WITH_KNOTS('',1,1,(
    (#6391,#6392)
    ,(#6393,#6394
    )),.UNSPECIFIED.,.F.,.F.,.F.,(2,2),(2,2),(0.,0.79),(0.,0.68),
  .PIECEWISE_BEZIER_KNOTS.);
#6391 = CARTESIAN_POINT('',(-196.288,-145.908,173.198));
#6392 = CARTESIAN_POINT('',(-213.56,-145.908,173.198));
#6393 = CARTESIAN_POINT('',(-196.288,-145.908,193.264));
#6394 = CARTESIAN_POINT('',(-213.56,-145.908,193.264));
#6395 = DEFINITIONAL_REPRESENTATION('',(#6396),#6399);
#6396 = B_SPLINE_CURVE_WITH_KNOTS('',1,(#6397,#6398),.UNSPECIFIED.,.F.,
  .F.,(2,2),(0.,0.68),.PIECEWISE_BEZIER_KNOTS.);
#6397 = CARTESIAN_POINT('',(0.,0.));
#6398 = CARTESIAN_POINT('',(0.,0.68));
#6399 = ( GEOMETRIC_REPRESENTATION_CONTEXT(2) 
PARAMETRIC_REPRESENTATION_CONTEXT() REPRESENTATION_CONTEXT('2D SPACE',''
  ) );
#6400 = ADVANCED_FACE('',(#6401),#6414,.F.);
#6401 = FACE_BOUND('',#6402,.F.);
#6402 = EDGE_LOOP('',(#6403,#6430,#6450,#6470));
#6403 = ORIENTED_EDGE('',*,*,#6404,.F.);
#6404 = EDGE_CURVE('',#6405,#6407,#6409,.T.);
#6405 = VERTEX_POINT('',#6406);
#6406 = CARTESIAN_POINT('',(-196.288,-150.48,193.264));
#6407 = VERTEX_POINT('',#6408);
#6408 = CARTESIAN_POINT('',(-196.288,-145.908,193.264));
#6409 = SURFACE_CURVE('',#6410,(#6413,#6424),.PCURVE_S1.);
#6410 = B_SPLINE_CURVE_WITH_KNOTS('',1,(#6411,#6412),.UNSPECIFIED.,.F.,
  .F.,(2,2),(0.,0.18),.PIECEWISE_BEZIER_KNOTS.);
#6411 = CARTESIAN_POINT('',(-196.288,-150.48,193.264));
#6412 = CARTESIAN_POINT('',(-196.288,-145.908,193.264));
#6413 = PCURVE('',#6414,#6419);
#6414 = B_SPLINE_SURFACE_WITH_KNOTS('',1,1,(
    (#6415,#6416)
    ,(#6417,#6418
    )),.UNSPECIFIED.,.F.,.F.,.F.,(2,2),(2,2),(0.,0.18),(-0.68,0.),
  .PIECEWISE_BEZIER_KNOTS.);
#6415 = CARTESIAN_POINT('',(-213.56,-150.48,193.264));
#6416 = CARTESIAN_POINT('',(-196.288,-150.48,193.264));
#6417 = CARTESIAN_POINT('',(-213.56,-145.908,193.264));
#6418 = CARTESIAN_POINT('',(-196.288,-145.908,193.264));
#6419 = DEFINITIONAL_REPRESENTATION('',(#6420),#6423);
#6420 = B_SPLINE_CURVE_WITH_KNOTS('',1,(#6421,#6422),.UNSPECIFIED.,.F.,
  .F.,(2,2),(0.,0.18),.PIECEWISE_BEZIER_KNOTS.);
#6421 = CARTESIAN_POINT('',(0.,0.));
#6422 = CARTESIAN_POINT('',(0.18,0.));
#6423 = ( GEOMETRIC_REPRESENTATION_CONTEXT(2) 
PARAMETRIC_REPRESENTATION_CONTEXT() REPRESENTATION_CONTEXT('2D SPACE',''
  ) );
#6424 = PCURVE('',#6317,#6425);
#6425 = DEFINITIONAL_REPRESENTATION('',(#6426),#6429);
#6426 = B_SPLINE_CURVE_WITH_KNOTS('',1,(#6427,#6428),.UNSPECIFIED.,.F.,
  .F.,(2,2),(0.,0.18),.PIECEWISE_BEZIER_KNOTS.);
#6427 = CARTESIAN_POINT('',(0.,0.79));
#6428 = CARTESIAN_POINT('',(0.18,0.79));
#6429 = ( GEOMETRIC_REPRESENTATION_CONTEXT(2) 
PARAMETRIC_REPRESENTATION_CONTEXT() REPRESENTATION_CONTEXT('2D SPACE',''
  ) );
#6430 = ORIENTED_EDGE('',*,*,#6431,.T.);
#6431 = EDGE_CURVE('',#6405,#6432,#6434,.T.);
#6432 = VERTEX_POINT('',#6433);
#6433 = CARTESIAN_POINT('',(-213.56,-150.48,193.264));
#6434 = SURFACE_CURVE('',#6435,(#6438,#6444),.PCURVE_S1.);
#6435 = B_SPLINE_CURVE_WITH_KNOTS('',1,(#6436,#6437),.UNSPECIFIED.,.F.,
  .F.,(2,2),(0.,0.68),.PIECEWISE_BEZIER_KNOTS.);
#6436 = CARTESIAN_POINT('',(-196.288,-150.48,193.264));
#6437 = CARTESIAN_POINT('',(-213.56,-150.48,193.264));
#6438 = PCURVE('',#6414,#6439);
#6439 = DEFINITIONAL_REPRESENTATION('',(#6440),#6443);
#6440 = B_SPLINE_CURVE_WITH_KNOTS('',1,(#6441,#6442),.UNSPECIFIED.,.F.,
  .F.,(2,2),(0.,0.68),.PIECEWISE_BEZIER_KNOTS.);
#6441 = CARTESIAN_POINT('',(0.,0.));
#6442 = CARTESIAN_POINT('',(0.,-0.68));
#6443 = ( GEOMETRIC_REPRESENTATION_CONTEXT(2) 
PARAMETRIC_REPRESENTATION_CONTEXT() REPRESENTATION_CONTEXT('2D SPACE',''
  ) );
#6444 = PCURVE('',#6342,#6445);
#6445 = DEFINITIONAL_REPRESENTATION('',(#6446),#6449);
#6446 = B_SPLINE_CURVE_WITH_KNOTS('',1,(#6447,#6448),.UNSPECIFIED.,.F.,
  .F.,(2,2),(0.,0.68),.PIECEWISE_BEZIER_KNOTS.);
#6447 = CARTESIAN_POINT('',(0.79,0.));
#6448 = CARTESIAN_POINT('',(0.79,0.68));
#6449 = ( GEOMETRIC_REPRESENTATION_CONTEXT(2) 
PARAMETRIC_REPRESENTATION_CONTEXT() REPRESENTATION_CONTEXT('2D SPACE',''
  ) );
#6450 = ORIENTED_EDGE('',*,*,#6451,.T.);
#6451 = EDGE_CURVE('',#6432,#6452,#6454,.T.);
#6452 = VERTEX_POINT('',#6453);
#6453 = CARTESIAN_POINT('',(-213.56,-145.908,193.264));
#6454 = SURFACE_CURVE('',#6455,(#6458,#6464),.PCURVE_S1.);
#6455 = B_SPLINE_CURVE_WITH_KNOTS('',1,(#6456,#6457),.UNSPECIFIED.,.F.,
  .F.,(2,2),(0.,0.18),.PIECEWISE_BEZIER_KNOTS.);
#6456 = CARTESIAN_POINT('',(-213.56,-150.48,193.264));
#6457 = CARTESIAN_POINT('',(-213.56,-145.908,193.264));
#6458 = PCURVE('',#6414,#6459);
#6459 = DEFINITIONAL_REPRESENTATION('',(#6460),#6463);
#6460 = B_SPLINE_CURVE_WITH_KNOTS('',1,(#6461,#6462),.UNSPECIFIED.,.F.,
  .F.,(2,2),(0.,0.18),.PIECEWISE_BEZIER_KNOTS.);
#6461 = CARTESIAN_POINT('',(0.,-0.68));
#6462 = CARTESIAN_POINT('',(0.18,-0.68));
#6463 = ( GEOMETRIC_REPRESENTATION_CONTEXT(2) 
PARAMETRIC_REPRESENTATION_CONTEXT() REPRESENTATION_CONTEXT('2D SPACE',''
  ) );
#6464 = PCURVE('',#6367,#6465);
#6465 = DEFINITIONAL_REPRESENTATION('',(#6466),#6469);
#6466 = B_SPLINE_CURVE_WITH_KNOTS('',1,(#6467,#6468),.UNSPECIFIED.,.F.,
  .F.,(2,2),(0.,0.18),.PIECEWISE_BEZIER_KNOTS.);
#6467 = CARTESIAN_POINT('',(0.,0.79));
#6468 = CARTESIAN_POINT('',(0.18,0.79));
#6469 = ( GEOMETRIC_REPRESENTATION_CONTEXT(2) 
PARAMETRIC_REPRESENTATION_CONTEXT() REPRESENTATION_CONTEXT('2D SPACE',''
  ) );
#6470 = ORIENTED_EDGE('',*,*,#6471,.F.);
#6471 = EDGE_CURVE('',#6407,#6452,#6472,.T.);
#6472 = SURFACE_CURVE('',#6473,(#6476,#6482),.PCURVE_S1.);
#6473 = B_SPLINE_CURVE_WITH_KNOTS('',1,(#6474,#6475),.UNSPECIFIED.,.F.,
  .F.,(2,2),(0.,0.68),.PIECEWISE_BEZIER_KNOTS.);
#6474 = CARTESIAN_POINT('',(-196.288,-145.908,193.264));
#6475 = CARTESIAN_POINT('',(-213.56,-145.908,193.264));
#6476 = PCURVE('',#6414,#6477);
#6477 = DEFINITIONAL_REPRESENTATION('',(#6478),#6481);
#6478 = B_SPLINE_CURVE_WITH_KNOTS('',1,(#6479,#6480),.UNSPECIFIED.,.F.,
  .F.,(2,2),(0.,0.68),.PIECEWISE_BEZIER_KNOTS.);
#6479 = CARTESIAN_POINT('',(0.18,0.));
#6480 = CARTESIAN_POINT('',(0.18,-0.68));
#6481 = ( GEOMETRIC_REPRESENTATION_CONTEXT(2) 
PARAMETRIC_REPRESENTATION_CONTEXT() REPRESENTATION_CONTEXT('2D SPACE',''
  ) );
#6482 = PCURVE('',#6390,#6483);
#6483 = DEFINITIONAL_REPRESENTATION('',(#6484),#6487);
#6484 = B_SPLINE_CURVE_WITH_KNOTS('',1,(#6485,#6486),.UNSPECIFIED.,.F.,
  .F.,(2,2),(0.,0.68),.PIECEWISE_BEZIER_KNOTS.);
#6485 = CARTESIAN_POINT('',(0.79,0.));
#6486 = CARTESIAN_POINT('',(0.79,0.68));
#6487 = ( GEOMETRIC_REPRESENTATION_CONTEXT(2) 
PARAMETRIC_REPRESENTATION_CONTEXT() REPRESENTATION_CONTEXT('2D SPACE',''
  ) );
#6488 = ADVANCED_FACE('',(#6489),#6317,.T.);
#6489 = FACE_BOUND('',#6490,.T.);
#6490 = EDGE_LOOP('',(#6491,#6509,#6510,#6528));
#6491 = ORIENTED_EDGE('',*,*,#6492,.F.);
#6492 = EDGE_CURVE('',#6297,#6405,#6493,.T.);
#6493 = SURFACE_CURVE('',#6494,(#6497,#6503),.PCURVE_S1.);
#6494 = B_SPLINE_CURVE_WITH_KNOTS('',1,(#6495,#6496),.UNSPECIFIED.,.F.,
  .F.,(2,2),(0.,0.79),.PIECEWISE_BEZIER_KNOTS.);
#6495 = CARTESIAN_POINT('',(-196.288,-150.48,173.198));
#6496 = CARTESIAN_POINT('',(-196.288,-150.48,193.264));
#6497 = PCURVE('',#6317,#6498);
#6498 = DEFINITIONAL_REPRESENTATION('',(#6499),#6502);
#6499 = B_SPLINE_CURVE_WITH_KNOTS('',1,(#6500,#6501),.UNSPECIFIED.,.F.,
  .F.,(2,2),(0.,0.79),.PIECEWISE_BEZIER_KNOTS.);
#6500 = CARTESIAN_POINT('',(0.,0.));
#6501 = CARTESIAN_POINT('',(0.,0.79));
#6502 = ( GEOMETRIC_REPRESENTATION_CONTEXT(2) 
PARAMETRIC_REPRESENTATION_CONTEXT() REPRESENTATION_CONTEXT('2D SPACE',''
  ) );
#6503 = PCURVE('',#6342,#6504);
#6504 = DEFINITIONAL_REPRESENTATION('',(#6505),#6508);
#6505 = B_SPLINE_CURVE_WITH_KNOTS('',1,(#6506,#6507),.UNSPECIFIED.,.F.,
  .F.,(2,2),(0.,0.79),.PIECEWISE_BEZIER_KNOTS.);
#6506 = CARTESIAN_POINT('',(0.,0.));
#6507 = CARTESIAN_POINT('',(0.79,0.));
#6508 = ( GEOMETRIC_REPRESENTATION_CONTEXT(2) 
PARAMETRIC_REPRESENTATION_CONTEXT() REPRESENTATION_CONTEXT('2D SPACE',''
  ) );
#6509 = ORIENTED_EDGE('',*,*,#6296,.T.);
#6510 = ORIENTED_EDGE('',*,*,#6511,.T.);
#6511 = EDGE_CURVE('',#6299,#6407,#6512,.T.);
#6512 = SURFACE_CURVE('',#6513,(#6516,#6522),.PCURVE_S1.);
#6513 = B_SPLINE_CURVE_WITH_KNOTS('',1,(#6514,#6515),.UNSPECIFIED.,.F.,
  .F.,(2,2),(0.,0.79),.PIECEWISE_BEZIER_KNOTS.);
#6514 = CARTESIAN_POINT('',(-196.288,-145.908,173.198));
#6515 = CARTESIAN_POINT('',(-196.288,-145.908,193.264));
#6516 = PCURVE('',#6317,#6517);
#6517 = DEFINITIONAL_REPRESENTATION('',(#6518),#6521);
#6518 = B_SPLINE_CURVE_WITH_KNOTS('',1,(#6519,#6520),.UNSPECIFIED.,.F.,
  .F.,(2,2),(0.,0.79),.PIECEWISE_BEZIER_KNOTS.);
#6519 = CARTESIAN_POINT('',(0.18,0.));
#6520 = CARTESIAN_POINT('',(0.18,0.79));
#6521 = ( GEOMETRIC_REPRESENTATION_CONTEXT(2) 
PARAMETRIC_REPRESENTATION_CONTEXT() REPRESENTATION_CONTEXT('2D SPACE',''
  ) );
#6522 = PCURVE('',#6390,#6523);
#6523 = DEFINITIONAL_REPRESENTATION('',(#6524),#6527);
#6524 = B_SPLINE_CURVE_WITH_KNOTS('',1,(#6525,#6526),.UNSPECIFIED.,.F.,
  .F.,(2,2),(0.,0.79),.PIECEWISE_BEZIER_KNOTS.);
#6525 = CARTESIAN_POINT('',(0.,0.));
#6526 = CARTESIAN_POINT('',(0.79,0.));
#6527 = ( GEOMETRIC_REPRESENTATION_CONTEXT(2) 
PARAMETRIC_REPRESENTATION_CONTEXT() REPRESENTATION_CONTEXT('2D SPACE',''
  ) );
#6528 = ORIENTED_EDGE('',*,*,#6404,.F.);
#6529 = ADVANCED_FACE('',(#6530),#6367,.F.);
#6530 = FACE_BOUND('',#6531,.F.);
#6531 = EDGE_LOOP('',(#6532,#6550,#6551,#6569));
#6532 = ORIENTED_EDGE('',*,*,#6533,.F.);
#6533 = EDGE_CURVE('',#6329,#6432,#6534,.T.);
#6534 = SURFACE_CURVE('',#6535,(#6538,#6544),.PCURVE_S1.);
#6535 = B_SPLINE_CURVE_WITH_KNOTS('',1,(#6536,#6537),.UNSPECIFIED.,.F.,
  .F.,(2,2),(0.,0.79),.PIECEWISE_BEZIER_KNOTS.);
#6536 = CARTESIAN_POINT('',(-213.56,-150.48,173.198));
#6537 = CARTESIAN_POINT('',(-213.56,-150.48,193.264));
#6538 = PCURVE('',#6367,#6539);
#6539 = DEFINITIONAL_REPRESENTATION('',(#6540),#6543);
#6540 = B_SPLINE_CURVE_WITH_KNOTS('',1,(#6541,#6542),.UNSPECIFIED.,.F.,
  .F.,(2,2),(0.,0.79),.PIECEWISE_BEZIER_KNOTS.);
#6541 = CARTESIAN_POINT('',(0.,0.));
#6542 = CARTESIAN_POINT('',(0.,0.79));
#6543 = ( GEOMETRIC_REPRESENTATION_CONTEXT(2) 
PARAMETRIC_REPRESENTATION_CONTEXT() REPRESENTATION_CONTEXT('2D SPACE',''
  ) );
#6544 = PCURVE('',#6342,#6545);
#6545 = DEFINITIONAL_REPRESENTATION('',(#6546),#6549);
#6546 = B_SPLINE_CURVE_WITH_KNOTS('',1,(#6547,#6548),.UNSPECIFIED.,.F.,
  .F.,(2,2),(0.,0.79),.PIECEWISE_BEZIER_KNOTS.);
#6547 = CARTESIAN_POINT('',(0.,0.68));
#6548 = CARTESIAN_POINT('',(0.79,0.68));
#6549 = ( GEOMETRIC_REPRESENTATION_CONTEXT(2) 
PARAMETRIC_REPRESENTATION_CONTEXT() REPRESENTATION_CONTEXT('2D SPACE',''
  ) );
#6550 = ORIENTED_EDGE('',*,*,#6353,.T.);
#6551 = ORIENTED_EDGE('',*,*,#6552,.T.);
#6552 = EDGE_CURVE('',#6354,#6452,#6553,.T.);
#6553 = SURFACE_CURVE('',#6554,(#6557,#6563),.PCURVE_S1.);
#6554 = B_SPLINE_CURVE_WITH_KNOTS('',1,(#6555,#6556),.UNSPECIFIED.,.F.,
  .F.,(2,2),(0.,0.79),.PIECEWISE_BEZIER_KNOTS.);
#6555 = CARTESIAN_POINT('',(-213.56,-145.908,173.198));
#6556 = CARTESIAN_POINT('',(-213.56,-145.908,193.264));
#6557 = PCURVE('',#6367,#6558);
#6558 = DEFINITIONAL_REPRESENTATION('',(#6559),#6562);
#6559 = B_SPLINE_CURVE_WITH_KNOTS('',1,(#6560,#6561),.UNSPECIFIED.,.F.,
  .F.,(2,2),(0.,0.79),.PIECEWISE_BEZIER_KNOTS.);
#6560 = CARTESIAN_POINT('',(0.18,0.));
#6561 = CARTESIAN_POINT('',(0.18,0.79));
#6562 = ( GEOMETRIC_REPRESENTATION_CONTEXT(2) 
PARAMETRIC_REPRESENTATION_CONTEXT() REPRESENTATION_CONTEXT('2D SPACE',''
  ) );
#6563 = PCURVE('',#6390,#6564);
#6564 = DEFINITIONAL_REPRESENTATION('',(#6565),#6568);
#6565 = B_SPLINE_CURVE_WITH_KNOTS('',1,(#6566,#6567),.UNSPECIFIED.,.F.,
  .F.,(2,2),(0.,0.79),.PIECEWISE_BEZIER_KNOTS.);
#6566 = CARTESIAN_POINT('',(0.,0.68));
#6567 = CARTESIAN_POINT('',(0.79,0.68));
#6568 = ( GEOMETRIC_REPRESENTATION_CONTEXT(2) 
PARAMETRIC_REPRESENTATION_CONTEXT() REPRESENTATION_CONTEXT('2D SPACE',''
  ) );
#6569 = ORIENTED_EDGE('',*,*,#6451,.F.);
#6570 = ADVANCED_FACE('',(#6571),#6342,.T.);
#6571 = FACE_BOUND('',#6572,.T.);
#6572 = EDGE_LOOP('',(#6573,#6574,#6575,#6576));
#6573 = ORIENTED_EDGE('',*,*,#6328,.F.);
#6574 = ORIENTED_EDGE('',*,*,#6492,.T.);
#6575 = ORIENTED_EDGE('',*,*,#6431,.T.);
#6576 = ORIENTED_EDGE('',*,*,#6533,.F.);
#6577 = ADVANCED_FACE('',(#6578),#6390,.F.);
#6578 = FACE_BOUND('',#6579,.F.);
#6579 = EDGE_LOOP('',(#6580,#6581,#6582,#6583));
#6580 = ORIENTED_EDGE('',*,*,#6378,.F.);
#6581 = ORIENTED_EDGE('',*,*,#6511,.T.);
#6582 = ORIENTED_EDGE('',*,*,#6471,.T.);
#6583 = ORIENTED_EDGE('',*,*,#6552,.F.);
#6584 = ( GEOMETRIC_REPRESENTATION_CONTEXT(3) 
GLOBAL_UNCERTAINTY_ASSIGNED_CONTEXT((#6588)) 
GLOBAL_UNIT_ASSIGNED_CONTEXT((#6585,#6586,#6587)) REPRESENTATION_CONTEXT
('Context #1','3D Context with UNIT and UNCERTAINTY') );
#6585 = ( LENGTH_UNIT() NAMED_UNIT(*) SI_UNIT(.MILLI.,.METRE.) );
#6586 = ( NAMED_UNIT(*) PLANE_ANGLE_UNIT() SI_UNIT($,.RADIAN.) );
#6587 = ( NAMED_UNIT(*) SI_UNIT($,.STERADIAN.) SOLID_ANGLE_UNIT() );
#6588 = UNCERTAINTY_MEASURE_WITH_UNIT(LENGTH_MEASURE(2.E-06),#6585,
  'distance_accuracy_value','confusion accuracy');
#6589 = CONTEXT_DEPENDENT_SHAPE_REPRESENTATION(#6590,#6592);
#6590 = ( REPRESENTATION_RELATIONSHIP('','',#4698,#10) 
REPRESENTATION_RELATIONSHIP_WITH_TRANSFORMATION(#6591) 
SHAPE_REPRESENTATION_RELATIONSHIP() );
#6591 = ITEM_DEFINED_TRANSFORMATION('','',#11,#51);
#6592 = PRODUCT_DEFINITION_SHAPE('Placement','Placement of an item',
  #6593);
#6593 = NEXT_ASSEMBLY_USAGE_OCCURRENCE('10',
'flap_bracket_R (print, PETG: on the upright''s web, cradles the servo; 
two M4 through the web, nuts inside the channel)','',#5,#4693,$);
#6594 = PRODUCT_RELATED_PRODUCT_CATEGORY('part',$,(#4695));
#6595 = MECHANICAL_DESIGN_GEOMETRIC_PRESENTATION_REPRESENTATION('',(
    #6596),#1344);
#6596 = STYLED_ITEM('color',(#6597),#1050);
#6597 = PRESENTATION_STYLE_ASSIGNMENT((#6598));
#6598 = SURFACE_STYLE_USAGE(.BOTH.,#6599);
#6599 = SURFACE_SIDE_STYLE('',(#6600));
#6600 = SURFACE_STYLE_FILL_AREA(#6601);
#6601 = FILL_AREA_STYLE('',(#6602));
#6602 = FILL_AREA_STYLE_COLOUR('',#6603);
#6603 = COLOUR_RGB('',0.180000002302,0.369999997777,0.620000000292);
#6604 = MECHANICAL_DESIGN_GEOMETRIC_PRESENTATION_REPRESENTATION('',(
    #6605),#1031);
#6605 = STYLED_ITEM('color',(#6606),#737);
#6606 = PRESENTATION_STYLE_ASSIGNMENT((#6607));
#6607 = SURFACE_STYLE_USAGE(.BOTH.,#6608);
#6608 = SURFACE_SIDE_STYLE('',(#6609));
#6609 = SURFACE_STYLE_FILL_AREA(#6610);
#6610 = FILL_AREA_STYLE('',(#6611));
#6611 = FILL_AREA_STYLE_COLOUR('',#6612);
#6612 = COLOUR_RGB('',0.130000001093,0.149999997808,0.170000001676);
#6613 = MECHANICAL_DESIGN_GEOMETRIC_PRESENTATION_REPRESENTATION('',(
    #6614),#4680);
#6614 = STYLED_ITEM('color',(#6615),#4386);
#6615 = PRESENTATION_STYLE_ASSIGNMENT((#6616));
#6616 = SURFACE_STYLE_USAGE(.BOTH.,#6617);
#6617 = SURFACE_SIDE_STYLE('',(#6618));
#6618 = SURFACE_STYLE_FILL_AREA(#6619);
#6619 = FILL_AREA_STYLE('',(#6620));
#6620 = FILL_AREA_STYLE_COLOUR('',#6603);
#6621 = MECHANICAL_DESIGN_GEOMETRIC_PRESENTATION_REPRESENTATION('',(
    #6622),#4367);
#6622 = STYLED_ITEM('color',(#6623),#4073);
#6623 = PRESENTATION_STYLE_ASSIGNMENT((#6624));
#6624 = SURFACE_STYLE_USAGE(.BOTH.,#6625);
#6625 = SURFACE_SIDE_STYLE('',(#6626));
#6626 = SURFACE_STYLE_FILL_AREA(#6627);
#6627 = FILL_AREA_STYLE('',(#6628));
#6628 = FILL_AREA_STYLE_COLOUR('',#6612);
#6629 = MECHANICAL_DESIGN_GEOMETRIC_PRESENTATION_REPRESENTATION('',(
    #6630,#6637),#3386);
#6630 = STYLED_ITEM('color',(#6631),#1363);
#6631 = PRESENTATION_STYLE_ASSIGNMENT((#6632));
#6632 = SURFACE_STYLE_USAGE(.BOTH.,#6633);
#6633 = SURFACE_SIDE_STYLE('',(#6634));
#6634 = SURFACE_STYLE_FILL_AREA(#6635);
#6635 = FILL_AREA_STYLE('',(#6636));
#6636 = FILL_AREA_STYLE_COLOUR('',#6603);
#6637 = STYLED_ITEM('color',(#6638),#3092);
#6638 = PRESENTATION_STYLE_ASSIGNMENT((#6639));
#6639 = SURFACE_STYLE_USAGE(.BOTH.,#6640);
#6640 = SURFACE_SIDE_STYLE('',(#6641));
#6641 = SURFACE_STYLE_FILL_AREA(#6642);
#6642 = FILL_AREA_STYLE('',(#6643));
#6643 = FILL_AREA_STYLE_COLOUR('',#6603);
#6644 = MECHANICAL_DESIGN_GEOMETRIC_PRESENTATION_REPRESENTATION('',(
    #6645),#4054);
#6645 = STYLED_ITEM('color',(#6646),#3760);
#6646 = PRESENTATION_STYLE_ASSIGNMENT((#6647));
#6647 = SURFACE_STYLE_USAGE(.BOTH.,#6648);
#6648 = SURFACE_SIDE_STYLE('',(#6649));
#6649 = SURFACE_STYLE_FILL_AREA(#6650);
#6650 = FILL_AREA_STYLE('',(#6651));
#6651 = FILL_AREA_STYLE_COLOUR('',#6652);
#6652 = COLOUR_RGB('',0.950000001282,0.850000012718,0.299999996101);
#6653 = MECHANICAL_DESIGN_GEOMETRIC_PRESENTATION_REPRESENTATION('',(
    #6654),#3741);
#6654 = STYLED_ITEM('color',(#6655),#3405);
#6655 = PRESENTATION_STYLE_ASSIGNMENT((#6656));
#6656 = SURFACE_STYLE_USAGE(.BOTH.,#6657);
#6657 = SURFACE_SIDE_STYLE('',(#6658));
#6658 = SURFACE_STYLE_FILL_AREA(#6659);
#6659 = FILL_AREA_STYLE('',(#6660));
#6660 = FILL_AREA_STYLE_COLOUR('',#6603);
#6661 = MECHANICAL_DESIGN_GEOMETRIC_PRESENTATION_REPRESENTATION('',(
    #6662),#405);
#6662 = STYLED_ITEM('color',(#6663),#69);
#6663 = PRESENTATION_STYLE_ASSIGNMENT((#6664));
#6664 = SURFACE_STYLE_USAGE(.BOTH.,#6665);
#6665 = SURFACE_SIDE_STYLE('',(#6666));
#6666 = SURFACE_STYLE_FILL_AREA(#6667);
#6667 = FILL_AREA_STYLE('',(#6668));
#6668 = FILL_AREA_STYLE_COLOUR('',#6603);
#6669 = MECHANICAL_DESIGN_GEOMETRIC_PRESENTATION_REPRESENTATION('',(
    #6670,#6677),#6584);
#6670 = STYLED_ITEM('color',(#6671),#4699);
#6671 = PRESENTATION_STYLE_ASSIGNMENT((#6672));
#6672 = SURFACE_STYLE_USAGE(.BOTH.,#6673);
#6673 = SURFACE_SIDE_STYLE('',(#6674));
#6674 = SURFACE_STYLE_FILL_AREA(#6675);
#6675 = FILL_AREA_STYLE('',(#6676));
#6676 = FILL_AREA_STYLE_COLOUR('',#6603);
#6677 = STYLED_ITEM('color',(#6678),#6290);
#6678 = PRESENTATION_STYLE_ASSIGNMENT((#6679));
#6679 = SURFACE_STYLE_USAGE(.BOTH.,#6680);
#6680 = SURFACE_SIDE_STYLE('',(#6681));
#6681 = SURFACE_STYLE_FILL_AREA(#6682);
#6682 = FILL_AREA_STYLE('',(#6683));
#6683 = FILL_AREA_STYLE_COLOUR('',#6603);
#6684 = MECHANICAL_DESIGN_GEOMETRIC_PRESENTATION_REPRESENTATION('',(
    #6685),#718);
#6685 = STYLED_ITEM('color',(#6686),#424);
#6686 = PRESENTATION_STYLE_ASSIGNMENT((#6687));
#6687 = SURFACE_STYLE_USAGE(.BOTH.,#6688);
#6688 = SURFACE_SIDE_STYLE('',(#6689));
#6689 = SURFACE_STYLE_FILL_AREA(#6690);
#6690 = FILL_AREA_STYLE('',(#6691));
#6691 = FILL_AREA_STYLE_COLOUR('',#6652);
ENDSEC;
END-ISO-10303-21;
